"analysis_id","spec","subset","term","metric","estimator","rho","k_es","k_study","k_cluster","est_z","se_z","t_stat","df","p","ci_lb_z","ci_ub_z","pi_lb_z","pi_ub_z","est_r","ci_lb_r","ci_ub_r","pi_lb_r","pi_ub_r","sigma2_cluster","sigma2_study","sigma2_esid","pct_cluster","pct_study","pct_esid","pct_sampling","typical_v","value","ms_input","ms_label","note"
"C1","levels","classified","lvl::performance","Fisher_z","3LMA-RVE_CR2",0.6,2212,98,97,-0.0558797665954556,0.0146074596264529,-3.82542673568386,109.559008849088,0.000217465097773484,-0.0848296187976713,-0.0269299143932399,-0.409755241684181,0.29799570849327,-0.0558216767260757,-0.0846267230031056,-0.0269234062410693,-0.388264838870333,0.289477342099845,0.0197900052092366,1.74400101331539e-09,0.0118795005894252,,,,,,,FALSE,,"rma.mv mods=~ 0 + CER_measure (cell means, NCE excluded); random ~1|cluster_id/study/esid; V blocks within cluster_id, rho=0.6; CR2/Satterthwaite on cluster_id [D31.1/A.2]; domain = M_A classified [A.14]"
"C1","levels","classified","lvl::disclosure","Fisher_z","3LMA-RVE_CR2",0.6,501,34,34,-0.0685677824250173,0.0172825568700528,-3.9674559117946,54.9962459031264,0.000212172416809731,-0.103202853503219,-0.0339327113468159,-0.426884558367227,0.289748993517192,-0.0684605260533435,-0.102838009135074,-0.0339196936408755,-0.402714405071012,0.281903769958987,0.0197900052092366,1.74400101331539e-09,0.0118795005894252,,,,,,,FALSE,,"rma.mv mods=~ 0 + CER_measure (cell means, NCE excluded); random ~1|cluster_id/study/esid; V blocks within cluster_id, rho=0.6; CR2/Satterthwaite on cluster_id [D31.1/A.2]; domain = M_A classified [A.14]"
"C1","levels","classified","pair::performance - disclosure","Fisher_z","3LMA-RVE_CR2",0.6,2713,115,114,0.0126880158295617,0.0152473058674352,0.832148048965193,8.72571632711961,0.427511586795499,-0.0219697686306437,0.0473458002897671,,,,,,,,0.0197900052092366,1.74400101331539e-09,0.0118795005894252,,,,,,,FALSE,,"pairwise contrast (z scale); rma.mv mods=~ 0 + CER_measure (cell means, NCE excluded); random ~1|cluster_id/study/esid; V blocks within cluster_id, rho=0.6; CR2/Satterthwaite on cluster_id [D31.1/A.2]; domain = M_A classified [A.14]"
"C1","levels","classified","levels_HTZ","F_test","3LMA-RVE_CR2",0.6,2713,115,114,,,0.692470375396578,8.72571632711961,0.427511586795499,,,,,,,,,,0.0197900052092366,1.74400101331539e-09,0.0118795005894252,,,,,,,FALSE,,"H0: all level means equal; rma.mv mods=~ 0 + CER_measure (cell means, NCE excluded); random ~1|cluster_id/study/esid; V blocks within cluster_id, rho=0.6; CR2/Satterthwaite on cluster_id [D31.1/A.2]; domain = M_A classified [A.14]; HTZ; num_df = 1"
"C1","paris_mid","defined_classified","cell_pre::performance","Fisher_z","3LMA-RVE_CR2",0.6,1650,74,73,-0.0633987941257972,0.0189285077050628,-3.34938153147911,67.1978585771463,0.00133122428272733,-0.101178208861748,-0.0256193793898464,,,-0.0633139886159933,-0.100834361996655,-0.0256137757456014,,,0.02058390453916,1.78268969126447e-09,0.0118440715575858,,,,,,,FALSE,,"rma.mv mods=~ 0 + cell(CER_measure x pp_mid_lag0), nonempty cells; random ~1|cluster_id/study/esid; V blocks within cluster_id, rho=0.6; CR2/Satterthwaite on cluster_id [D31.1/A.2]; domain = M_B period+classified [A.14]"
"C1","paris_mid","defined_classified","cell_post::performance","Fisher_z","3LMA-RVE_CR2",0.6,556,24,24,-0.0418050322452938,0.00986474810328302,-4.23782055128006,19.2070972736066,0.000435966816347642,-0.0624371298016803,-0.0211729346889072,,,-0.0417806955871087,-0.0623561212520917,-0.0211697713621888,,,0.02058390453916,1.78268969126447e-09,0.0118440715575858,,,,,,,FALSE,,"rma.mv mods=~ 0 + cell(CER_measure x pp_mid_lag0), nonempty cells; random ~1|cluster_id/study/esid; V blocks within cluster_id, rho=0.6; CR2/Satterthwaite on cluster_id [D31.1/A.2]; domain = M_B period+classified [A.14]"
"C1","paris_mid","defined_classified","cell_pre::disclosure","Fisher_z","3LMA-RVE_CR2",0.6,344,22,22,-0.049720855729203,0.0243449796213046,-2.0423453419403,31.5225718734784,0.0495574553773001,-0.0993394288530443,-0.000102282605361756,,,-0.049679923510366,-0.0990139424334229,-0.000102282605005072,,,0.02058390453916,1.78268969126447e-09,0.0118440715575858,,,,,,,FALSE,,"rma.mv mods=~ 0 + cell(CER_measure x pp_mid_lag0), nonempty cells; random ~1|cluster_id/study/esid; V blocks within cluster_id, rho=0.6; CR2/Satterthwaite on cluster_id [D31.1/A.2]; domain = M_B period+classified [A.14]"
"C1","paris_mid","defined_classified","cell_post::disclosure","Fisher_z","3LMA-RVE_CR2",0.6,155,11,11,-0.0861733342618757,0.0160271059021026,-5.37672458073486,16.786462245618,5.24163186203148e-05,-0.120020368501718,-0.0523263000220333,,,-0.0859606627133496,-0.119447376473772,-0.0522785950719067,,,0.02058390453916,1.78268969126447e-09,0.0118440715575858,,,,,,,FALSE,,"rma.mv mods=~ 0 + cell(CER_measure x pp_mid_lag0), nonempty cells; random ~1|cluster_id/study/esid; V blocks within cluster_id, rho=0.6; CR2/Satterthwaite on cluster_id [D31.1/A.2]; domain = M_B period+classified [A.14]"
"C1","paris_mid","defined_classified","diff::performance","Fisher_z","3LMA-RVE_CR2",0.6,2705,113,112,0.0215937618805034,0.0179511124551028,1.20292053957721,14.3484924088468,0.248481095440161,-0.0168200011516822,0.060007524912689,,,,,,,,0.02058390453916,1.78268969126447e-09,0.0118440715575858,,,,,,,FALSE,,"post minus pre within level (z scale); rma.mv mods=~ 0 + cell(CER_measure x pp_mid_lag0), nonempty cells; random ~1|cluster_id/study/esid; V blocks within cluster_id, rho=0.6; CR2/Satterthwaite on cluster_id [D31.1/A.2]; domain = M_B period+classified [A.14]"
"C1","paris_mid","defined_classified","diff::disclosure","Fisher_z","3LMA-RVE_CR2",0.6,2705,113,112,-0.0364524785326727,0.0278905936732154,-1.30698109046276,22.0751794042213,0.204670766265667,-0.0942826106427491,0.0213776535774037,,,,,,,,0.02058390453916,1.78268969126447e-09,0.0118440715575858,,,,,,,FALSE,,"post minus pre within level (z scale); rma.mv mods=~ 0 + cell(CER_measure x pp_mid_lag0), nonempty cells; random ~1|cluster_id/study/esid; V blocks within cluster_id, rho=0.6; CR2/Satterthwaite on cluster_id [D31.1/A.2]; domain = M_B period+classified [A.14]"
"C1","paris_mid","defined_classified","interaction_HTZ","F_test","3LMA-RVE_CR2",0.6,2705,113,112,,,4.5435596686911,6.0016344199222,0.0770303896047842,,,,,,,,,,0.02058390453916,1.78268969126447e-09,0.0118440715575858,,,,,,,TRUE,"c1_paris_mid_interaction_htz","H0: Paris shift equal across levels {performance, disclosure}; rma.mv mods=~ 0 + cell(CER_measure x pp_mid_lag0), nonempty cells; random ~1|cluster_id/study/esid; V blocks within cluster_id, rho=0.6; CR2/Satterthwaite on cluster_id [D31.1/A.2]; domain = M_B period+classified [A.14]; HTZ; num_df = 1"
"C2","levels","classified","lvl::loan (interest rate)","Fisher_z","3LMA-RVE_CR2",0.6,1352,68,67,-0.0383298305858285,0.00952331776088738,-4.02484003455714,64.6563660980428,0.000152056565447252,-0.057351125986662,-0.0193085351849951,-0.392852841571125,0.316193180399468,-0.0383110705225393,-0.0572883297536418,-0.0193061360097676,-0.373817029098701,0.306060730340419,0.0195702235993876,2.06470228235303e-09,0.011844497509772,,,,,,,FALSE,,"rma.mv mods=~ 0 + COD_instrument (cell means, NCE excluded); random ~1|cluster_id/study/esid; V blocks within cluster_id, rho=0.6; CR2/Satterthwaite on cluster_id [D31.1/A.2]; domain = M_A classified [A.14]"
"C2","levels","classified","lvl::bond (yield)","Fisher_z","3LMA-RVE_CR2",0.6,654,25,25,-0.0914901896113241,0.0147341194068212,-6.20941008316847,19.7564838436641,4.84561524061229e-06,-0.122249328231577,-0.0607310509910716,-0.462779167574699,0.279798788352051,-0.0912357699220068,-0.121643945669211,-0.0606564969990252,-0.432346599596827,0.27271884436788,0.0195702235993876,2.06470228235303e-09,0.011844497509772,,,,,,,FALSE,,"rma.mv mods=~ 0 + COD_instrument (cell means, NCE excluded); random ~1|cluster_id/study/esid; V blocks within cluster_id, rho=0.6; CR2/Satterthwaite on cluster_id [D31.1/A.2]; domain = M_A classified [A.14]"
"C2","levels","classified","lvl::rating","Fisher_z","3LMA-RVE_CR2",0.6,398,24,24,-0.0582434391828093,0.016569228874566,-3.51515689859373,25.9719860967899,0.00163390803786495,-0.0923037649450606,-0.0241831134205579,-0.424177273677875,0.307690395312256,-0.0581776687217885,-0.0920425130223056,-0.0241784002429952,-0.400443714711991,0.298334507806965,0.0195702235993876,2.06470228235303e-09,0.011844497509772,,,,,,,FALSE,,"rma.mv mods=~ 0 + COD_instrument (cell means, NCE excluded); random ~1|cluster_id/study/esid; V blocks within cluster_id, rho=0.6; CR2/Satterthwaite on cluster_id [D31.1/A.2]; domain = M_A classified [A.14]"
"C2","levels","classified","lvl::derivativ (CDS spread)","Fisher_z","3LMA-RVE_CR2",0.6,309,11,11,-0.122431821383148,0.0803108640621715,-1.52447396517076,6.66143046400205,0.173363926370717,-0.314311101152986,0.0694474583866899,-0.587343255352781,0.342479612586484,-0.121823734430923,-0.304353970293696,0.0693360261601994,-0.527982159250411,0.329689289531048,0.0195702235993876,2.06470228235303e-09,0.011844497509772,,,,,,,FALSE,,"rma.mv mods=~ 0 + COD_instrument (cell means, NCE excluded); random ~1|cluster_id/study/esid; V blocks within cluster_id, rho=0.6; CR2/Satterthwaite on cluster_id [D31.1/A.2]; domain = M_A classified [A.14]"
"C2","levels","classified","pair::loan (interest rate) - bond (yield)","Fisher_z","3LMA-RVE_CR2",0.6,2713,115,114,0.0531603590254956,0.0153593363350178,3.4611104194844,7.69784783383943,0.0090785142890313,0.0174982109053224,0.0888225071456687,,,,,,,,0.0195702235993876,2.06470228235303e-09,0.011844497509772,,,,,,,FALSE,,"pairwise contrast (z scale); rma.mv mods=~ 0 + COD_instrument (cell means, NCE excluded); random ~1|cluster_id/study/esid; V blocks within cluster_id, rho=0.6; CR2/Satterthwaite on cluster_id [D31.1/A.2]; domain = M_A classified [A.14]"
"C2","levels","classified","pair::loan (interest rate) - rating","Fisher_z","3LMA-RVE_CR2",0.6,2713,115,114,0.0199136085969807,0.0159278236681899,1.25024039767285,6.6077537424226,0.253666920885688,-0.0182077116550535,0.0580349288490149,,,,,,,,0.0195702235993876,2.06470228235303e-09,0.011844497509772,,,,,,,FALSE,,"pairwise contrast (z scale); rma.mv mods=~ 0 + COD_instrument (cell means, NCE excluded); random ~1|cluster_id/study/esid; V blocks within cluster_id, rho=0.6; CR2/Satterthwaite on cluster_id [D31.1/A.2]; domain = M_A classified [A.14]"
"C2","levels","classified","pair::loan (interest rate) - derivativ (CDS spread)","Fisher_z","3LMA-RVE_CR2",0.6,2713,115,114,0.0841019907973197,0.0764542038530235,1.10003095394203,6.73494495424996,0.309075871722272,-0.0981358301216557,0.266339811716295,,,,,,,,0.0195702235993876,2.06470228235303e-09,0.011844497509772,,,,,,,FALSE,,"pairwise contrast (z scale); rma.mv mods=~ 0 + COD_instrument (cell means, NCE excluded); random ~1|cluster_id/study/esid; V blocks within cluster_id, rho=0.6; CR2/Satterthwaite on cluster_id [D31.1/A.2]; domain = M_A classified [A.14]"
"C2","levels","classified","pair::bond (yield) - rating","Fisher_z","3LMA-RVE_CR2",0.6,2713,115,114,-0.0332467504285149,0.0126367568722093,,2.11345223342672,,-0.0849149246676009,0.0184214238105712,,,,,,,,0.0195702235993876,2.06470228235303e-09,0.011844497509772,,,,,,,FALSE,,"descriptive [DEC-048 double rule]; pairwise contrast (z scale); rma.mv mods=~ 0 + COD_instrument (cell means, NCE excluded); random ~1|cluster_id/study/esid; V blocks within cluster_id, rho=0.6; CR2/Satterthwaite on cluster_id [D31.1/A.2]; domain = M_A classified [A.14]"
"C2","levels","classified","pair::bond (yield) - derivativ (CDS spread)","Fisher_z","3LMA-RVE_CR2",0.6,2713,115,114,0.0309416317718241,0.0732552793803321,0.422380912796457,5.99321120763596,0.687480682125331,-0.148356809407935,0.210240072951583,,,,,,,,0.0195702235993876,2.06470228235303e-09,0.011844497509772,,,,,,,FALSE,,"pairwise contrast (z scale); rma.mv mods=~ 0 + COD_instrument (cell means, NCE excluded); random ~1|cluster_id/study/esid; V blocks within cluster_id, rho=0.6; CR2/Satterthwaite on cluster_id [D31.1/A.2]; domain = M_A classified [A.14]"
"C2","levels","classified","pair::rating - derivativ (CDS spread)","Fisher_z","3LMA-RVE_CR2",0.6,2713,115,114,0.064188382200339,0.0702006843317012,,4.54050505111154,,-0.121901852013519,0.250278616414197,,,,,,,,0.0195702235993876,2.06470228235303e-09,0.011844497509772,,,,,,,FALSE,,"descriptive [DEC-048 double rule]; pairwise contrast (z scale); rma.mv mods=~ 0 + COD_instrument (cell means, NCE excluded); random ~1|cluster_id/study/esid; V blocks within cluster_id, rho=0.6; CR2/Satterthwaite on cluster_id [D31.1/A.2]; domain = M_A classified [A.14]"
"C2","levels","classified","levels_HTZ","F_test","3LMA-RVE_CR2",0.6,2713,115,114,,,3.42899848614618,4.7796082448743,0.113392236844695,,,,,,,,,,0.0195702235993876,2.06470228235303e-09,0.011844497509772,,,,,,,FALSE,,"H0: all level means equal; rma.mv mods=~ 0 + COD_instrument (cell means, NCE excluded); random ~1|cluster_id/study/esid; V blocks within cluster_id, rho=0.6; CR2/Satterthwaite on cluster_id [D31.1/A.2]; domain = M_A classified [A.14]; HTZ; num_df = 3"
"C2","paris_mid","defined_classified","cell_pre::loan (interest rate)","Fisher_z","3LMA-RVE_CR2",0.6,969,45,44,-0.038474214674798,0.0112340024872049,-3.42480026318481,39.201243618382,0.00145568497153203,-0.0611934004612741,-0.0157550288883219,,,-0.0384552418949897,-0.0611171324370299,-0.0157537254417369,,,0.0212979678675645,2.14857631322125e-09,0.0118072642461282,,,,,,,FALSE,,"rma.mv mods=~ 0 + cell(COD_instrument x pp_mid_lag0), nonempty cells; random ~1|cluster_id/study/esid; V blocks within cluster_id, rho=0.6; CR2/Satterthwaite on cluster_id [D31.1/A.2]; domain = M_B period+classified [A.14]"
"C2","paris_mid","defined_classified","cell_post::loan (interest rate)","Fisher_z","3LMA-RVE_CR2",0.6,377,23,23,-0.0221899111329678,0.025599319978225,-0.866816429180258,14.9725110190936,0.399721295430868,-0.0767622964705469,0.0323824742046113,,,-0.0221862698040888,-0.076611878324481,0.0323711599302873,,,0.0212979678675645,2.14857631322125e-09,0.0118072642461282,,,,,,,FALSE,,"rma.mv mods=~ 0 + cell(COD_instrument x pp_mid_lag0), nonempty cells; random ~1|cluster_id/study/esid; V blocks within cluster_id, rho=0.6; CR2/Satterthwaite on cluster_id [D31.1/A.2]; domain = M_B period+classified [A.14]"
"C2","paris_mid","defined_classified","cell_pre::bond (yield)","Fisher_z","3LMA-RVE_CR2",0.6,333,17,17,-0.0874819953008043,0.0175223187402041,-4.99260380991024,15.8630138776562,0.000136229930585979,-0.124653738866507,-0.0503102517351015,,,-0.0872595068948039,-0.124012080439702,-0.0502678475478769,,,0.0212979678675645,2.14857631322125e-09,0.0118072642461282,,,,,,,FALSE,,"rma.mv mods=~ 0 + cell(COD_instrument x pp_mid_lag0), nonempty cells; random ~1|cluster_id/study/esid; V blocks within cluster_id, rho=0.6; CR2/Satterthwaite on cluster_id [D31.1/A.2]; domain = M_B period+classified [A.14]"
"C2","paris_mid","defined_classified","cell_post::bond (yield)","Fisher_z","3LMA-RVE_CR2",0.6,321,8,8,-0.138218871327186,0.0643087387087846,-2.14930154287577,6.24893820343275,0.0733638960463674,-0.29406956921658,0.0176318265622083,,,-0.137345347201957,-0.285876127654108,0.0176299996542877,,,0.0212979678675645,2.14857631322125e-09,0.0118072642461282,,,,,,,FALSE,,"rma.mv mods=~ 0 + cell(COD_instrument x pp_mid_lag0), nonempty cells; random ~1|cluster_id/study/esid; V blocks within cluster_id, rho=0.6; CR2/Satterthwaite on cluster_id [D31.1/A.2]; domain = M_B period+classified [A.14]"
"C2","paris_mid","defined_classified","cell_pre::rating","Fisher_z","3LMA-RVE_CR2",0.6,383,20,20,-0.0624396325333174,0.0183915104661589,-3.39502471252748,22.3930917488644,0.00255578413390918,-0.100542508390109,-0.0243367566765262,,,-0.0623586142520036,-0.100205084800959,-0.0243319531082445,,,0.0212979678675645,2.14857631322125e-09,0.0118072642461282,,,,,,,FALSE,,"rma.mv mods=~ 0 + cell(COD_instrument x pp_mid_lag0), nonempty cells; random ~1|cluster_id/study/esid; V blocks within cluster_id, rho=0.6; CR2/Satterthwaite on cluster_id [D31.1/A.2]; domain = M_B period+classified [A.14]"
"C2","paris_mid","defined_classified","cell_post::rating","Fisher_z","3LMA-RVE_CR2",0.6,13,3,3,-0.0098691869577765,0.121066642086924,,3.0024522331636,,-0.39497931393992,0.375240940024367,,,-0.0098688665478563,-0.375644894234705,0.358567378716889,,,0.0212979678675645,2.14857631322125e-09,0.0118072642461282,,,,,,,FALSE,,"descriptive [DEC-048 double rule]; rma.mv mods=~ 0 + cell(COD_instrument x pp_mid_lag0), nonempty cells; random ~1|cluster_id/study/esid; V blocks within cluster_id, rho=0.6; CR2/Satterthwaite on cluster_id [D31.1/A.2]; domain = M_B period+classified [A.14]"
"C2","paris_mid","defined_classified","cell_pre::derivativ (CDS spread)","Fisher_z","3LMA-RVE_CR2",0.6,309,11,11,-0.123930489234772,0.079948155711478,-1.55013568645687,6.94433629336494,0.16538376647478,-0.313285459307941,0.0654244808383963,,,-0.123299889907836,-0.303423044756748,0.06533129354964,,,0.0212979678675645,2.14857631322125e-09,0.0118072642461282,,,,,,,FALSE,,"rma.mv mods=~ 0 + cell(COD_instrument x pp_mid_lag0), nonempty cells; random ~1|cluster_id/study/esid; V blocks within cluster_id, rho=0.6; CR2/Satterthwaite on cluster_id [D31.1/A.2]; domain = M_B period+classified [A.14]"
"C2","paris_mid","defined_classified","cell_post::derivativ (CDS spread)","Fisher_z","not_estimable",0.6,0,0,0,,,,,,,,,,,,,,,,,,,,,,,,FALSE,,"0 clusters in cell (empty by design; ex-ante pin) [DEC-048]; rma.mv mods=~ 0 + cell(COD_instrument x pp_mid_lag0), nonempty cells; random ~1|cluster_id/study/esid; V blocks within cluster_id, rho=0.6; CR2/Satterthwaite on cluster_id [D31.1/A.2]; domain = M_B period+classified [A.14]"
"C2","paris_mid","defined_classified","diff::loan (interest rate)","Fisher_z","3LMA-RVE_CR2",0.6,2705,113,112,0.0162843035418302,0.0250682602369679,0.649598471848313,10.2966239126935,0.530175744928288,-0.0393539189338767,0.071922526017537,,,,,,,,0.0212979678675645,2.14857631322125e-09,0.0118072642461282,,,,,,,FALSE,,"post minus pre within level (z scale); rma.mv mods=~ 0 + cell(COD_instrument x pp_mid_lag0), nonempty cells; random ~1|cluster_id/study/esid; V blocks within cluster_id, rho=0.6; CR2/Satterthwaite on cluster_id [D31.1/A.2]; domain = M_B period+classified [A.14]"
"C2","paris_mid","defined_classified","diff::bond (yield)","Fisher_z","3LMA-RVE_CR2",0.6,2705,113,112,-0.0507368760263814,0.0676266582022994,-0.750249640823687,9.12712201142565,0.472001074498158,-0.20339482216872,0.101921070115957,,,,,,,,0.0212979678675645,2.14857631322125e-09,0.0118072642461282,,,,,,,FALSE,,"post minus pre within level (z scale); rma.mv mods=~ 0 + cell(COD_instrument x pp_mid_lag0), nonempty cells; random ~1|cluster_id/study/esid; V blocks within cluster_id, rho=0.6; CR2/Satterthwaite on cluster_id [D31.1/A.2]; domain = M_B period+classified [A.14]"
"C2","paris_mid","defined_classified","diff::rating","Fisher_z","3LMA-RVE_CR2",0.6,2705,113,112,0.0525704455755408,0.122603139394052,,4.15451387933039,,-0.28289520260058,0.388036093751662,,,,,,,,0.0212979678675645,2.14857631322125e-09,0.0118072642461282,,,,,,,FALSE,,"descriptive [DEC-048 double rule]; post minus pre within level (z scale); rma.mv mods=~ 0 + cell(COD_instrument x pp_mid_lag0), nonempty cells; random ~1|cluster_id/study/esid; V blocks within cluster_id, rho=0.6; CR2/Satterthwaite on cluster_id [D31.1/A.2]; domain = M_B period+classified [A.14]"
"C2","paris_mid","defined_classified","diff::derivativ (CDS spread)","Fisher_z","not_estimable",0.6,2705,113,112,,,,,,,,,,,,,,,,,,,,,,,,FALSE,,"diff not estimable: one period cell empty [DEC-048]; rma.mv mods=~ 0 + cell(COD_instrument x pp_mid_lag0), nonempty cells; random ~1|cluster_id/study/esid; V blocks within cluster_id, rho=0.6; CR2/Satterthwaite on cluster_id [D31.1/A.2]; domain = M_B period+classified [A.14]"
"C2","paris_mid","defined_classified","interaction_HTZ","F_test","3LMA-RVE_CR2",0.6,2705,113,112,,,0.388816458362449,3.09162672417754,0.70692717610632,,,,,,,,,,0.0212979678675645,2.14857631322125e-09,0.0118072642461282,,,,,,,TRUE,"c2_paris_mid_interaction_htz","H0: Paris shift equal across levels {loan (interest rate), bond (yield), rating}; rma.mv mods=~ 0 + cell(COD_instrument x pp_mid_lag0), nonempty cells; random ~1|cluster_id/study/esid; V blocks within cluster_id, rho=0.6; CR2/Satterthwaite on cluster_id [D31.1/A.2]; domain = M_B period+classified [A.14]; HTZ; num_df = 2"
"C3","levels","classified","lvl::non-sensitive","Fisher_z","3LMA-RVE_CR2",0.6,1961,78,77,-0.0616876568351082,0.0190335168143243,-3.24100151521567,69.5954273277114,0.00182880629319714,-0.0996526892338581,-0.0237226244363583,-0.451932587648293,0.328557273978076,-0.061609527698973,-0.0993241220533638,-0.0237181753668094,-0.4234862984863,0.317223828251966,0.024325640406504,2.50807421036095e-09,0.0135897150707095,,,,,,,FALSE,,"rma.mv mods=~ 0 + industry (cell means, NCE excluded); random ~1|cluster_id/study/esid; V blocks within cluster_id, rho=0.6; CR2/Satterthwaite on cluster_id [D31.1/A.2]; domain = M_A classified [A.14]"
"C3","levels","classified","lvl::sensitive","Fisher_z","3LMA-RVE_CR2",0.6,299,17,17,-0.0458452852715588,0.0154312913416634,-2.97092992780065,8.84634056884792,0.0159734983769988,-0.0808459391975389,-0.0108446313455786,-0.488883288888035,0.397192718344918,-0.0458131931947942,-0.0806702603542761,-0.0108442062342339,-0.453329663681273,0.377544384724862,0.024325640406504,2.50807421036095e-09,0.0135897150707095,,,,,,,FALSE,,"rma.mv mods=~ 0 + industry (cell means, NCE excluded); random ~1|cluster_id/study/esid; V blocks within cluster_id, rho=0.6; CR2/Satterthwaite on cluster_id [D31.1/A.2]; domain = M_A classified [A.14]"
"C3","levels","classified","pair::non-sensitive - sensitive","Fisher_z","3LMA-RVE_CR2",0.6,2260,94,93,-0.0158423715635494,0.0195981413136352,-0.808360921069961,6.78444649466885,0.446297057948712,-0.0624847654350725,0.0308000223079736,,,,,,,,0.024325640406504,2.50807421036095e-09,0.0135897150707095,,,,,,,FALSE,,"pairwise contrast (z scale); rma.mv mods=~ 0 + industry (cell means, NCE excluded); random ~1|cluster_id/study/esid; V blocks within cluster_id, rho=0.6; CR2/Satterthwaite on cluster_id [D31.1/A.2]; domain = M_A classified [A.14]"
"C3","levels","classified","levels_HTZ","F_test","3LMA-RVE_CR2",0.6,2260,94,93,,,0.653447378713076,6.78444649466885,0.446297057948712,,,,,,,,,,0.024325640406504,2.50807421036095e-09,0.0135897150707095,,,,,,,FALSE,,"H0: all level means equal; rma.mv mods=~ 0 + industry (cell means, NCE excluded); random ~1|cluster_id/study/esid; V blocks within cluster_id, rho=0.6; CR2/Satterthwaite on cluster_id [D31.1/A.2]; domain = M_A classified [A.14]; HTZ; num_df = 1"
"C3","paris_mid","defined_classified","cell_pre::non-sensitive","Fisher_z","3LMA-RVE_CR2",0.6,1477,60,59,-0.064007057615122,0.0256956091887638,-2.49097256830599,58.4443773088787,0.0156005033848275,-0.115434082400449,-0.0125800328297953,,,-0.0639197903779967,-0.114924079778119,-0.0125793692447693,,,0.0252134329596303,2.56851092663998e-09,0.0136200219334466,,,,,,,FALSE,,"rma.mv mods=~ 0 + cell(industry x pp_mid_lag0), nonempty cells; random ~1|cluster_id/study/esid; V blocks within cluster_id, rho=0.6; CR2/Satterthwaite on cluster_id [D31.1/A.2]; domain = M_B period+classified [A.14]"
"C3","paris_mid","defined_classified","cell_post::non-sensitive","Fisher_z","3LMA-RVE_CR2",0.6,478,17,17,-0.0449475327164343,0.00989100095944899,-4.54428554811688,15.8761843762306,0.000337987891896939,-0.0659288160940368,-0.0239662493388317,,,-0.0449172882795206,-0.0658334596242966,-0.0239616618058808,,,0.0252134329596303,2.56851092663998e-09,0.0136200219334466,,,,,,,FALSE,,"rma.mv mods=~ 0 + cell(industry x pp_mid_lag0), nonempty cells; random ~1|cluster_id/study/esid; V blocks within cluster_id, rho=0.6; CR2/Satterthwaite on cluster_id [D31.1/A.2]; domain = M_B period+classified [A.14]"
"C3","paris_mid","defined_classified","cell_pre::sensitive","Fisher_z","3LMA-RVE_CR2",0.6,277,14,14,-0.0620556282454542,0.0190841108700566,-3.25169082636283,12.895442494284,0.0063674190644284,-0.103318350229107,-0.0207929062618017,,,-0.0619760940609575,-0.102952283049514,-0.0207899102105867,,,0.0252134329596303,2.56851092663998e-09,0.0136200219334466,,,,,,,FALSE,,"rma.mv mods=~ 0 + cell(industry x pp_mid_lag0), nonempty cells; random ~1|cluster_id/study/esid; V blocks within cluster_id, rho=0.6; CR2/Satterthwaite on cluster_id [D31.1/A.2]; domain = M_B period+classified [A.14]"
"C3","paris_mid","defined_classified","cell_post::sensitive","Fisher_z","3LMA-RVE_CR2",0.6,22,3,3,-0.0227898974789109,0.0214979341890602,,1.53885067585601,,-0.147659916467844,0.102080121510022,,,-0.0227859527637984,-0.146596028826473,0.101727022962231,,,0.0252134329596303,2.56851092663998e-09,0.0136200219334466,,,,,,,FALSE,,"descriptive [DEC-048 double rule]; rma.mv mods=~ 0 + cell(industry x pp_mid_lag0), nonempty cells; random ~1|cluster_id/study/esid; V blocks within cluster_id, rho=0.6; CR2/Satterthwaite on cluster_id [D31.1/A.2]; domain = M_B period+classified [A.14]"
"C3","paris_mid","defined_classified","diff::non-sensitive","Fisher_z","3LMA-RVE_CR2",0.6,2254,93,92,0.0190595248986877,0.0275335473842638,0.692229178924498,25.7714433378161,0.494983781066147,-0.0375609310649649,0.0756799808623403,,,,,,,,0.0252134329596303,2.56851092663998e-09,0.0136200219334466,,,,,,,FALSE,,"post minus pre within level (z scale); rma.mv mods=~ 0 + cell(industry x pp_mid_lag0), nonempty cells; random ~1|cluster_id/study/esid; V blocks within cluster_id, rho=0.6; CR2/Satterthwaite on cluster_id [D31.1/A.2]; domain = M_B period+classified [A.14]"
"C3","paris_mid","defined_classified","diff::sensitive","Fisher_z","3LMA-RVE_CR2",0.6,2254,93,92,0.0392657307665433,0.0287465556562482,,3.82125579958202,,-0.0420416508234171,0.120573112356504,,,,,,,,0.0252134329596303,2.56851092663998e-09,0.0136200219334466,,,,,,,FALSE,,"descriptive [DEC-048 double rule]; post minus pre within level (z scale); rma.mv mods=~ 0 + cell(industry x pp_mid_lag0), nonempty cells; random ~1|cluster_id/study/esid; V blocks within cluster_id, rho=0.6; CR2/Satterthwaite on cluster_id [D31.1/A.2]; domain = M_B period+classified [A.14]"
"C3","paris_mid","defined_classified","interaction_HTZ","F_test","3LMA-RVE_CR2",0.6,2254,93,92,,,0.158115137530645,8.78553079477031,0.700385921297717,,,,,,,,,,0.0252134329596303,2.56851092663998e-09,0.0136200219334466,,,,,,,TRUE,"c3_paris_mid_interaction_htz","H0: Paris shift equal across levels {non-sensitive, sensitive}; rma.mv mods=~ 0 + cell(industry x pp_mid_lag0), nonempty cells; random ~1|cluster_id/study/esid; V blocks within cluster_id, rho=0.6; CR2/Satterthwaite on cluster_id [D31.1/A.2]; domain = M_B period+classified [A.14]; HTZ; num_df = 1"
"C4","levels","classified","lvl::without ETS/CT","Fisher_z","3LMA-RVE_CR2",0.6,1273,57,56,-0.0632410889712843,0.0149608409528289,-4.22710789926059,48.4878220283241,0.000104151714974784,-0.0933140594749272,-0.0331681184676414,-0.466850594523256,0.340368416580687,-0.0631569140809292,-0.0930441550309932,-0.0331559608022883,-0.435651145690883,0.327806262171143,0.0320853151790253,1.25270592164372e-09,0.00800729225043942,,,,,,,FALSE,,"rma.mv mods=~ 0 + regulation3 (cell means, NCE excluded); random ~1|cluster_id/study/esid; V blocks within cluster_id, rho=0.6; CR2/Satterthwaite on cluster_id [D31.1/A.2]; domain = M_A classified [A.14]"
"C4","levels","classified","lvl::with ETS/CT","Fisher_z","3LMA-RVE_CR2",0.6,531,30,30,-0.0682057300378718,0.0357474573004079,-1.90798829311683,16.3505696091899,0.0741115637926473,-0.143855115594515,0.0074436555187711,-0.498638747914352,0.362227287838609,-0.0681001616327678,-0.142870934863972,0.00744351804244446,-0.46104593044118,0.347174379469767,0.0320853151790253,1.25270592164372e-09,0.00800729225043942,,,,,,,FALSE,,"rma.mv mods=~ 0 + regulation3 (cell means, NCE excluded); random ~1|cluster_id/study/esid; V blocks within cluster_id, rho=0.6; CR2/Satterthwaite on cluster_id [D31.1/A.2]; domain = M_A classified [A.14]"
"C4","levels","classified","pair::without ETS/CT - with ETS/CT","Fisher_z","3LMA-RVE_CR2",0.6,1804,85,84,0.00496464106658752,0.0276987447772356,,3.91784486973557,,-0.0725795893790415,0.0825088715122166,,,,,,,,0.0320853151790253,1.25270592164372e-09,0.00800729225043942,,,,,,,FALSE,,"descriptive [DEC-048 double rule]; pairwise contrast (z scale); rma.mv mods=~ 0 + regulation3 (cell means, NCE excluded); random ~1|cluster_id/study/esid; V blocks within cluster_id, rho=0.6; CR2/Satterthwaite on cluster_id [D31.1/A.2]; domain = M_A classified [A.14]"
"C4","levels","classified","levels_HTZ","F_test","3LMA-RVE_CR2",0.6,1804,85,84,,,0.0321259170385836,3.91784486973557,0.866637971062899,,,,,,,,,,0.0320853151790253,1.25270592164372e-09,0.00800729225043942,,,,,,,FALSE,,"H0: all level means equal; rma.mv mods=~ 0 + regulation3 (cell means, NCE excluded); random ~1|cluster_id/study/esid; V blocks within cluster_id, rho=0.6; CR2/Satterthwaite on cluster_id [D31.1/A.2]; domain = M_A classified [A.14]; HTZ; num_df = 1"
"C4","paris_mid","defined_classified","cell_pre::without ETS/CT","Fisher_z","3LMA-RVE_CR2",0.6,1177,49,48,-0.062742595624611,0.0185547677063219,-3.38148106285554,42.9712843793513,0.00154551235201715,-0.100162574059367,-0.025322617189855,,,-0.0626603935314431,-0.0998289511114359,-0.0253172059954734,,,0.0331953292692031,9.71720082378989e-10,0.00800077898534752,,,,,,,FALSE,,"rma.mv mods=~ 0 + cell(regulation3 x pp_mid_lag0), nonempty cells; random ~1|cluster_id/study/esid; V blocks within cluster_id, rho=0.6; CR2/Satterthwaite on cluster_id [D31.1/A.2]; domain = M_B period+classified [A.14]"
"C4","paris_mid","defined_classified","cell_post::without ETS/CT","Fisher_z","3LMA-RVE_CR2",0.6,88,6,6,-0.0765285025921274,0.0215897859687144,,4.99373111731851,,-0.132047775887287,-0.0210092292969678,,,-0.0763794525123182,-0.131285602586848,-0.0210061387707058,,,0.0331953292692031,9.71720082378989e-10,0.00800077898534752,,,,,,,FALSE,,"descriptive [DEC-048 double rule]; rma.mv mods=~ 0 + cell(regulation3 x pp_mid_lag0), nonempty cells; random ~1|cluster_id/study/esid; V blocks within cluster_id, rho=0.6; CR2/Satterthwaite on cluster_id [D31.1/A.2]; domain = M_B period+classified [A.14]"
"C4","paris_mid","defined_classified","cell_pre::with ETS/CT","Fisher_z","3LMA-RVE_CR2",0.6,288,16,16,-0.0894077935819044,0.0674443798473102,-1.325652245366,5.97280833585601,0.233400277989861,-0.254620537523391,0.0758049503595825,,,-0.0891703182581532,-0.249257095797323,0.075660081723666,,,0.0331953292692031,9.71720082378989e-10,0.00800077898534752,,,,,,,FALSE,,"rma.mv mods=~ 0 + cell(regulation3 x pp_mid_lag0), nonempty cells; random ~1|cluster_id/study/esid; V blocks within cluster_id, rho=0.6; CR2/Satterthwaite on cluster_id [D31.1/A.2]; domain = M_B period+classified [A.14]"
"C4","paris_mid","defined_classified","cell_post::with ETS/CT","Fisher_z","3LMA-RVE_CR2",0.6,243,14,14,-0.0419965297445612,0.0174580770625215,-2.40556446131849,5.41313891593815,0.0573738261663109,-0.0858630581884552,0.00186999869933286,,,-0.0419718572714601,-0.0856526711381911,0.00186999651960612,,,0.0331953292692031,9.71720082378989e-10,0.00800077898534752,,,,,,,FALSE,,"rma.mv mods=~ 0 + cell(regulation3 x pp_mid_lag0), nonempty cells; random ~1|cluster_id/study/esid; V blocks within cluster_id, rho=0.6; CR2/Satterthwaite on cluster_id [D31.1/A.2]; domain = M_B period+classified [A.14]"
"C4","paris_mid","defined_classified","diff::without ETS/CT","Fisher_z","3LMA-RVE_CR2",0.6,1796,83,82,-0.0137859069675165,0.0284674948460602,-0.484268357369157,5.99535176140472,0.64537731034302,-0.0834564507475675,0.0558846368125345,,,,,,,,0.0331953292692031,9.71720082378989e-10,0.00800077898534752,,,,,,,FALSE,,"post minus pre within level (z scale); rma.mv mods=~ 0 + cell(regulation3 x pp_mid_lag0), nonempty cells; random ~1|cluster_id/study/esid; V blocks within cluster_id, rho=0.6; CR2/Satterthwaite on cluster_id [D31.1/A.2]; domain = M_B period+classified [A.14]"
"C4","paris_mid","defined_classified","diff::with ETS/CT","Fisher_z","3LMA-RVE_CR2",0.6,1796,83,82,0.0474112638373433,0.0659033004613845,0.719406516903103,5.85481682222158,0.49958477487199,-0.114822598010268,0.209645125684954,,,,,,,,0.0331953292692031,9.71720082378989e-10,0.00800077898534752,,,,,,,FALSE,,"post minus pre within level (z scale); rma.mv mods=~ 0 + cell(regulation3 x pp_mid_lag0), nonempty cells; random ~1|cluster_id/study/esid; V blocks within cluster_id, rho=0.6; CR2/Satterthwaite on cluster_id [D31.1/A.2]; domain = M_B period+classified [A.14]"
"C4","paris_mid","defined_classified","interaction_HTZ","F_test","3LMA-RVE_CR2",0.6,1796,83,82,,,0.836632918039118,9.49382966223924,0.383004806741953,,,,,,,,,,0.0331953292692031,9.71720082378989e-10,0.00800077898534752,,,,,,,TRUE,"c4_paris_mid_interaction_htz","H0: Paris shift equal across levels {without ETS/CT, with ETS/CT}; rma.mv mods=~ 0 + cell(regulation3 x pp_mid_lag0), nonempty cells; random ~1|cluster_id/study/esid; V blocks within cluster_id, rho=0.6; CR2/Satterthwaite on cluster_id [D31.1/A.2]; domain = M_B period+classified [A.14]; HTZ; num_df = 1"
"C5","levels","classified","lvl::1_US","Fisher_z","3LMA-RVE_CR2",0.6,932,32,32,-0.0520051049688259,0.0239233465935076,-2.17382232730513,22.2361723715712,0.0406360774670523,-0.101588554495007,-0.00242165544264442,-0.457460821364897,0.353450611427245,-0.0519582724936006,-0.101240518584242,-0.00242165070879129,-0.428012452772862,0.339432164278782,0.0148096263590862,0.014809642059622,0.00807829782791276,,,,,,,FALSE,,"rma.mv mods=~ 0 + country_region (cell means, NCE excluded); random ~1|cluster_id/study/esid; V blocks within cluster_id, rho=0.6; CR2/Satterthwaite on cluster_id [D31.1/A.2]; domain = M_A classified [A.14]"
"C5","levels","classified","lvl::2_Europe","Fisher_z","3LMA-RVE_CR2",0.6,333,23,23,-0.0717737996456607,0.0392854853652773,-1.82698009145888,14.4244242485967,0.0884647677790457,-0.155800785440971,0.0122531861496491,-0.495471618027125,0.351924018735803,-0.0716508060215398,-0.15455227640409,0.0122525729530211,-0.458548377735987,0.338080757519146,0.0148096263590862,0.014809642059622,0.00807829782791276,,,,,,,FALSE,,"rma.mv mods=~ 0 + country_region (cell means, NCE excluded); random ~1|cluster_id/study/esid; V blocks within cluster_id, rho=0.6; CR2/Satterthwaite on cluster_id [D31.1/A.2]; domain = M_A classified [A.14]"
"C5","levels","classified","lvl::3_AsiaPac","Fisher_z","3LMA-RVE_CR2",0.6,662,39,39,-0.0736411793038227,0.0217801144816709,-3.38111993698636,23.4153800787522,0.00252895972244645,-0.118652593321225,-0.0286297652864206,-0.477411704128293,0.330129345520647,-0.0735083481581379,-0.118098896796188,-0.0286219455927229,-0.444168338103036,0.318636994822109,0.0148096263590862,0.014809642059622,0.00807829782791276,,,,,,,FALSE,,"rma.mv mods=~ 0 + country_region (cell means, NCE excluded); random ~1|cluster_id/study/esid; V blocks within cluster_id, rho=0.6; CR2/Satterthwaite on cluster_id [D31.1/A.2]; domain = M_A classified [A.14]"
"C5","levels","classified","pair::1_US - 2_Europe","Fisher_z","3LMA-RVE_CR2",0.6,1927,91,91,0.0197686946768348,0.0212893140277825,,1.82056939063588,,-0.0810511419481404,0.12058853130181,,,,,,,,0.0148096263590862,0.014809642059622,0.00807829782791276,,,,,,,FALSE,,"descriptive [DEC-048 double rule]; pairwise contrast (z scale); rma.mv mods=~ 0 + country_region (cell means, NCE excluded); random ~1|cluster_id/study/esid; V blocks within cluster_id, rho=0.6; CR2/Satterthwaite on cluster_id [D31.1/A.2]; domain = M_A classified [A.14]"
"C5","levels","classified","pair::1_US - 3_AsiaPac","Fisher_z","3LMA-RVE_CR2",0.6,1927,91,91,0.0216360743349968,0.0336482721960198,0.643006993314685,13.3140373020373,0.531138284051994,-0.0508826882720711,0.0941548369420647,,,,,,,,0.0148096263590862,0.014809642059622,0.00807829782791276,,,,,,,FALSE,,"pairwise contrast (z scale); rma.mv mods=~ 0 + country_region (cell means, NCE excluded); random ~1|cluster_id/study/esid; V blocks within cluster_id, rho=0.6; CR2/Satterthwaite on cluster_id [D31.1/A.2]; domain = M_A classified [A.14]"
"C5","levels","classified","pair::2_Europe - 3_AsiaPac","Fisher_z","3LMA-RVE_CR2",0.6,1927,91,91,0.00186737965816197,0.0457419057805936,0.0408242644527991,6.64214690857619,0.968635839059566,-0.10748764112681,0.111222400443134,,,,,,,,0.0148096263590862,0.014809642059622,0.00807829782791276,,,,,,,FALSE,,"pairwise contrast (z scale); rma.mv mods=~ 0 + country_region (cell means, NCE excluded); random ~1|cluster_id/study/esid; V blocks within cluster_id, rho=0.6; CR2/Satterthwaite on cluster_id [D31.1/A.2]; domain = M_A classified [A.14]"
"C5","levels","classified","levels_HTZ","F_test","3LMA-RVE_CR2",0.6,1927,91,91,,,0.744790458158785,3.29851742188632,0.54085009809843,,,,,,,,,,0.0148096263590862,0.014809642059622,0.00807829782791276,,,,,,,FALSE,,"H0: all level means equal; rma.mv mods=~ 0 + country_region (cell means, NCE excluded); random ~1|cluster_id/study/esid; V blocks within cluster_id, rho=0.6; CR2/Satterthwaite on cluster_id [D31.1/A.2]; domain = M_A classified [A.14]; HTZ; num_df = 2"
"C5","paris_mid","defined_classified","cell_pre::1_US","Fisher_z","3LMA-RVE_CR2",0.6,925,30,30,-0.0717148977646054,0.0354186662121923,-2.02477691663947,33.9878534355515,0.0508039166851297,-0.14369523523175,0.000265439702538839,,,-0.0715922062859552,-0.142714314419574,0.000265439696304701,,,0.0151512564953304,0.0151512597050134,0.00807342922523646,,,,,,,FALSE,,"rma.mv mods=~ 0 + cell(country_region x pp_mid_lag0), nonempty cells; random ~1|cluster_id/study/esid; V blocks within cluster_id, rho=0.6; CR2/Satterthwaite on cluster_id [D31.1/A.2]; domain = M_B period+classified [A.14]"
"C5","paris_mid","defined_classified","cell_post::1_US","Fisher_z","3LMA-RVE_CR2",0.6,1,1,1,-0.0344896132774179,0.0253186625744521,,2.46819628451197,,-0.125834944359481,0.0568557178046455,,,-0.0344759442653547,-0.125174949295792,0.0567945335037717,,,0.0151512564953304,0.0151512597050134,0.00807342922523646,,,,,,,FALSE,,"descriptive [DEC-048 double rule]; rma.mv mods=~ 0 + cell(country_region x pp_mid_lag0), nonempty cells; random ~1|cluster_id/study/esid; V blocks within cluster_id, rho=0.6; CR2/Satterthwaite on cluster_id [D31.1/A.2]; domain = M_B period+classified [A.14]"
"C5","paris_mid","defined_classified","cell_pre::2_Europe","Fisher_z","3LMA-RVE_CR2",0.6,144,13,13,-0.105305840101668,0.0679406995105425,-1.54996696914089,10.2817285838398,0.151360109814612,-0.25612677858625,0.0455150983829151,,,-0.104918302305023,-0.250669224219637,0.0454836943461359,,,0.0151512564953304,0.0151512597050134,0.00807342922523646,,,,,,,FALSE,,"rma.mv mods=~ 0 + cell(country_region x pp_mid_lag0), nonempty cells; random ~1|cluster_id/study/esid; V blocks within cluster_id, rho=0.6; CR2/Satterthwaite on cluster_id [D31.1/A.2]; domain = M_B period+classified [A.14]"
"C5","paris_mid","defined_classified","cell_post::2_Europe","Fisher_z","3LMA-RVE_CR2",0.6,189,10,10,-0.0167635423609925,0.0320366448703252,-0.52326148474181,6.11775652727478,0.619197075226524,-0.0947900777152815,0.0612629929932966,,,-0.016761972260972,-0.0945071930758013,0.061186464724795,,,0.0151512564953304,0.0151512597050134,0.00807342922523646,,,,,,,FALSE,,"rma.mv mods=~ 0 + cell(country_region x pp_mid_lag0), nonempty cells; random ~1|cluster_id/study/esid; V blocks within cluster_id, rho=0.6; CR2/Satterthwaite on cluster_id [D31.1/A.2]; domain = M_B period+classified [A.14]"
"C5","paris_mid","defined_classified","cell_pre::3_AsiaPac","Fisher_z","3LMA-RVE_CR2",0.6,483,24,24,-0.0622955813964906,0.0192539869650471,-3.23546398517768,17.5845440673873,0.00469822921902245,-0.102815320427051,-0.0217758423659304,,,-0.0622151219839884,-0.102454559212972,-0.0217724010759451,,,0.0151512564953304,0.0151512597050134,0.00807342922523646,,,,,,,FALSE,,"rma.mv mods=~ 0 + cell(country_region x pp_mid_lag0), nonempty cells; random ~1|cluster_id/study/esid; V blocks within cluster_id, rho=0.6; CR2/Satterthwaite on cluster_id [D31.1/A.2]; domain = M_B period+classified [A.14]"
"C5","paris_mid","defined_classified","cell_post::3_AsiaPac","Fisher_z","3LMA-RVE_CR2",0.6,177,15,15,-0.0613683588323553,0.0232864721473879,-2.63536522165893,11.1891058445218,0.0228928321631606,-0.112516051618456,-0.0102206660462547,,,-0.061291435419837,-0.112043631227789,-0.0102203101706702,,,0.0151512564953304,0.0151512597050134,0.00807342922523646,,,,,,,FALSE,,"rma.mv mods=~ 0 + cell(country_region x pp_mid_lag0), nonempty cells; random ~1|cluster_id/study/esid; V blocks within cluster_id, rho=0.6; CR2/Satterthwaite on cluster_id [D31.1/A.2]; domain = M_B period+classified [A.14]"
"C5","paris_mid","defined_classified","diff::1_US","Fisher_z","3LMA-RVE_CR2",0.6,1919,89,89,0.0372252844871875,0.0435375308304187,,4.0846497080757,,-0.0826727023722664,0.157123271346641,,,,,,,,0.0151512564953304,0.0151512597050134,0.00807342922523646,,,,,,,FALSE,,"descriptive [DEC-048 double rule]; post minus pre within level (z scale); rma.mv mods=~ 0 + cell(country_region x pp_mid_lag0), nonempty cells; random ~1|cluster_id/study/esid; V blocks within cluster_id, rho=0.6; CR2/Satterthwaite on cluster_id [D31.1/A.2]; domain = M_B period+classified [A.14]"
"C5","paris_mid","defined_classified","diff::2_Europe","Fisher_z","3LMA-RVE_CR2",0.6,1919,89,89,0.0885422977406751,0.0751151467051031,1.17875424098266,12.711284450202,0.260090777993986,-0.0741095847985687,0.251194180279919,,,,,,,,0.0151512564953304,0.0151512597050134,0.00807342922523646,,,,,,,FALSE,,"post minus pre within level (z scale); rma.mv mods=~ 0 + cell(country_region x pp_mid_lag0), nonempty cells; random ~1|cluster_id/study/esid; V blocks within cluster_id, rho=0.6; CR2/Satterthwaite on cluster_id [D31.1/A.2]; domain = M_B period+classified [A.14]"
"C5","paris_mid","defined_classified","diff::3_AsiaPac","Fisher_z","3LMA-RVE_CR2",0.6,1919,89,89,0.000927222564135279,0.0329260223792738,,2.87329710428501,,-0.106521219852023,0.108375664980294,,,,,,,,0.0151512564953304,0.0151512597050134,0.00807342922523646,,,,,,,FALSE,,"descriptive [DEC-048 double rule]; post minus pre within level (z scale); rma.mv mods=~ 0 + cell(country_region x pp_mid_lag0), nonempty cells; random ~1|cluster_id/study/esid; V blocks within cluster_id, rho=0.6; CR2/Satterthwaite on cluster_id [D31.1/A.2]; domain = M_B period+classified [A.14]"
"C5","paris_mid","defined_classified","interaction_HTZ","F_test","3LMA-RVE_CR2",0.6,1919,89,89,,,0.460620685132967,3.36290186914728,0.665573144547939,,,,,,,,,,0.0151512564953304,0.0151512597050134,0.00807342922523646,,,,,,,TRUE,"c5_paris_mid_interaction_htz","H0: Paris shift equal across levels {1_US, 2_Europe, 3_AsiaPac}; rma.mv mods=~ 0 + cell(country_region x pp_mid_lag0), nonempty cells; random ~1|cluster_id/study/esid; V blocks within cluster_id, rho=0.6; CR2/Satterthwaite on cluster_id [D31.1/A.2]; domain = M_B period+classified [A.14]; HTZ; num_df = 2; touches <3-cluster cell [DEC-048]"
"C6","levels","classified","lvl::1_developed","Fisher_z","3LMA-RVE_CR2",0.6,1131,47,47,-0.028932796191827,0.00697622934188295,-4.1473401710182,37.8147959718531,0.000183124676378882,-0.0430577059547868,-0.0148078864288673,-0.186001324961342,0.128135732577688,-0.0289247256150528,-0.0430311164980958,-0.0148068041980917,-0.183885600958704,0.127439030944394,0.0014498916077976,1.02743856224e-09,0.00451938836222666,,,,,,,FALSE,,"rma.mv mods=~ 0 + country_econ (cell means, NCE excluded); random ~1|cluster_id/study/esid; V blocks within cluster_id, rho=0.6; CR2/Satterthwaite on cluster_id [D31.1/A.2]; domain = M_A classified [A.14]"
"C6","levels","classified","lvl::2_developing","Fisher_z","3LMA-RVE_CR2",0.6,491,35,34,-0.0507053803906019,0.00983139371140531,-5.15749667636432,28.340855804546,1.74389388950788e-05,-0.070833171239598,-0.0305775895416059,-0.210157384108506,0.108746623327302,-0.0506619699212923,-0.0707149438512464,-0.0305680632012917,-0.207117137360895,0.108319968475049,0.0014498916077976,1.02743856224e-09,0.00451938836222666,,,,,,,FALSE,,"rma.mv mods=~ 0 + country_econ (cell means, NCE excluded); random ~1|cluster_id/study/esid; V blocks within cluster_id, rho=0.6; CR2/Satterthwaite on cluster_id [D31.1/A.2]; domain = M_A classified [A.14]"
"C6","levels","classified","pair::1_developed - 2_developing","Fisher_z","3LMA-RVE_CR2",0.6,1622,80,79,0.0217725841987749,0.0123295009405548,1.76589338885238,39.2708947961824,0.0851876474168526,-0.00316068629670932,0.0467058546942591,,,,,,,,0.0014498916077976,1.02743856224e-09,0.00451938836222666,,,,,,,FALSE,,"pairwise contrast (z scale); rma.mv mods=~ 0 + country_econ (cell means, NCE excluded); random ~1|cluster_id/study/esid; V blocks within cluster_id, rho=0.6; CR2/Satterthwaite on cluster_id [D31.1/A.2]; domain = M_A classified [A.14]"
"C6","levels","classified","levels_HTZ","F_test","3LMA-RVE_CR2",0.6,1622,80,79,,,3.11837946079253,39.2708947961824,0.0851876474168526,,,,,,,,,,0.0014498916077976,1.02743856224e-09,0.00451938836222666,,,,,,,FALSE,,"H0: all level means equal; rma.mv mods=~ 0 + country_econ (cell means, NCE excluded); random ~1|cluster_id/study/esid; V blocks within cluster_id, rho=0.6; CR2/Satterthwaite on cluster_id [D31.1/A.2]; domain = M_A classified [A.14]; HTZ; num_df = 1"
"C6","paris_mid","defined_classified","cell_pre::1_developed","Fisher_z","3LMA-RVE_CR2",0.6,1105,43,43,-0.025500104945457,0.00709751526212723,-3.59282143168147,36.1567644792844,0.000966636314051882,-0.0398923663660837,-0.0111078435248303,,,-0.0254945791894724,-0.0398712182455335,-0.0111073867032923,,,0.00154363269640791,7.23762028731697e-10,0.00450147839929607,,,,,,,FALSE,,"rma.mv mods=~ 0 + cell(country_econ x pp_mid_lag0), nonempty cells; random ~1|cluster_id/study/esid; V blocks within cluster_id, rho=0.6; CR2/Satterthwaite on cluster_id [D31.1/A.2]; domain = M_B period+classified [A.14]"
"C6","paris_mid","defined_classified","cell_post::1_developed","Fisher_z","3LMA-RVE_CR2",0.6,20,3,3,-0.0651779602310442,0.0131733602945203,,1.52860931164094,,-0.142393088444965,0.0120371679828764,,,-0.0650858211876152,-0.141438452566746,0.0120365866477849,,,0.00154363269640791,7.23762028731697e-10,0.00450147839929607,,,,,,,FALSE,,"descriptive [DEC-048 double rule]; rma.mv mods=~ 0 + cell(country_econ x pp_mid_lag0), nonempty cells; random ~1|cluster_id/study/esid; V blocks within cluster_id, rho=0.6; CR2/Satterthwaite on cluster_id [D31.1/A.2]; domain = M_B period+classified [A.14]"
"C6","paris_mid","defined_classified","cell_pre::2_developing","Fisher_z","3LMA-RVE_CR2",0.6,295,18,17,-0.0528832237808535,0.014364327108008,-3.68156638199722,13.7059029304032,0.00254741705909525,-0.0837537768545172,-0.0220126707071899,,,-0.0528339805018375,-0.0835584890528964,-0.0220091159266985,,,0.00154363269640791,7.23762028731697e-10,0.00450147839929607,,,,,,,FALSE,,"rma.mv mods=~ 0 + cell(country_econ x pp_mid_lag0), nonempty cells; random ~1|cluster_id/study/esid; V blocks within cluster_id, rho=0.6; CR2/Satterthwaite on cluster_id [D31.1/A.2]; domain = M_B period+classified [A.14]"
"C6","paris_mid","defined_classified","cell_post::2_developing","Fisher_z","3LMA-RVE_CR2",0.6,194,17,17,-0.0533675357276578,0.0120244456706644,-4.43825330408841,14.2760312716932,0.000536924901051421,-0.0791107031436254,-0.0276243683116902,,,-0.0533169281305029,-0.0789460770562497,-0.0276173436846964,,,0.00154363269640791,7.23762028731697e-10,0.00450147839929607,,,,,,,FALSE,,"rma.mv mods=~ 0 + cell(country_econ x pp_mid_lag0), nonempty cells; random ~1|cluster_id/study/esid; V blocks within cluster_id, rho=0.6; CR2/Satterthwaite on cluster_id [D31.1/A.2]; domain = M_B period+classified [A.14]"
"C6","paris_mid","defined_classified","diff::1_developed","Fisher_z","3LMA-RVE_CR2",0.6,1614,78,77,-0.0396778552855872,0.0149636942078276,,1.78951779807511,,-0.111891730720547,0.0325360201493725,,,,,,,,0.00154363269640791,7.23762028731697e-10,0.00450147839929607,,,,,,,FALSE,,"descriptive [DEC-048 double rule]; post minus pre within level (z scale); rma.mv mods=~ 0 + cell(country_econ x pp_mid_lag0), nonempty cells; random ~1|cluster_id/study/esid; V blocks within cluster_id, rho=0.6; CR2/Satterthwaite on cluster_id [D31.1/A.2]; domain = M_B period+classified [A.14]"
"C6","paris_mid","defined_classified","diff::2_developing","Fisher_z","3LMA-RVE_CR2",0.6,1614,78,77,-0.000484311946804275,0.0179212894287401,-0.027024391784421,14.5118690955024,0.978808404042994,-0.0387948490768032,0.0378262251831946,,,,,,,,0.00154363269640791,7.23762028731697e-10,0.00450147839929607,,,,,,,FALSE,,"post minus pre within level (z scale); rma.mv mods=~ 0 + cell(country_econ x pp_mid_lag0), nonempty cells; random ~1|cluster_id/study/esid; V blocks within cluster_id, rho=0.6; CR2/Satterthwaite on cluster_id [D31.1/A.2]; domain = M_B period+classified [A.14]"
"C6","paris_mid","defined_classified","interaction_HTZ","F_test","3LMA-RVE_CR2",0.6,1614,78,77,,,3.49283875642585,2.20325082246956,0.190734705682579,,,,,,,,,,0.00154363269640791,7.23762028731697e-10,0.00450147839929607,,,,,,,TRUE,"c6_paris_mid_interaction_htz","H0: Paris shift equal across levels {1_developed, 2_developing}; rma.mv mods=~ 0 + cell(country_econ x pp_mid_lag0), nonempty cells; random ~1|cluster_id/study/esid; V blocks within cluster_id, rho=0.6; CR2/Satterthwaite on cluster_id [D31.1/A.2]; domain = M_B period+classified [A.14]; HTZ; num_df = 1"
"C7","levels","classified","lvl::1_western","Fisher_z","3LMA-RVE_CR2",0.6,1330,57,57,-0.0607894588064418,0.0280083155609956,-2.1704075232249,40.1562210895922,0.0359465561431211,-0.117389516984867,-0.00418940062801704,-0.451206900950989,0.329627983338106,-0.0607146897135082,-0.116853251878997,-0.00418937611869057,-0.422890573936837,0.318186463772832,0.0288071235690487,1.8412393690889e-09,0.00773330861455995,,,,,,,FALSE,,"rma.mv mods=~ 0 + country_culture (cell means, NCE excluded); random ~1|cluster_id/study/esid; V blocks within cluster_id, rho=0.6; CR2/Satterthwaite on cluster_id [D31.1/A.2]; domain = M_A classified [A.14]"
"C7","levels","classified","lvl::2_non_western","Fisher_z","3LMA-RVE_CR2",0.6,626,40,39,-0.0660635010328443,0.0184342372656675,-3.58373932594885,20.7732087455619,0.00177278155372338,-0.10442509652062,-0.027701905545069,-0.465703037816821,0.333576035751132,-0.0659675596427528,-0.104047173544961,-0.0276948216129927,-0.434720921333106,0.321730334709823,0.0288071235690487,1.8412393690889e-09,0.00773330861455995,,,,,,,FALSE,,"rma.mv mods=~ 0 + country_culture (cell means, NCE excluded); random ~1|cluster_id/study/esid; V blocks within cluster_id, rho=0.6; CR2/Satterthwaite on cluster_id [D31.1/A.2]; domain = M_A classified [A.14]"
"C7","levels","classified","pair::1_western - 2_non_western","Fisher_z","3LMA-RVE_CR2",0.6,1956,96,95,0.0052740422264025,0.0339523183132473,0.155336733643449,9.25854974403985,0.879889872264899,-0.0712057291471724,0.0817538135999774,,,,,,,,0.0288071235690487,1.8412393690889e-09,0.00773330861455995,,,,,,,FALSE,,"pairwise contrast (z scale); rma.mv mods=~ 0 + country_culture (cell means, NCE excluded); random ~1|cluster_id/study/esid; V blocks within cluster_id, rho=0.6; CR2/Satterthwaite on cluster_id [D31.1/A.2]; domain = M_A classified [A.14]"
"C7","levels","classified","levels_HTZ","F_test","3LMA-RVE_CR2",0.6,1956,96,95,,,0.0241295008190159,9.25854974403985,0.879889872264899,,,,,,,,,,0.0288071235690487,1.8412393690889e-09,0.00773330861455995,,,,,,,FALSE,,"H0: all level means equal; rma.mv mods=~ 0 + country_culture (cell means, NCE excluded); random ~1|cluster_id/study/esid; V blocks within cluster_id, rho=0.6; CR2/Satterthwaite on cluster_id [D31.1/A.2]; domain = M_A classified [A.14]; HTZ; num_df = 1"
"C7","paris_mid","defined_classified","cell_pre::1_western","Fisher_z","3LMA-RVE_CR2",0.6,1133,47,47,-0.0636267699589405,0.0331905839411697,-1.91701267057305,33.734623450328,0.0637379553228626,-0.131097701982946,0.00384416206506459,,,-0.0635410472899582,-0.13035178787559,0.00384414312936983,,,0.0302329052328479,1.70146558867632e-09,0.00772260274257301,,,,,,,FALSE,,"rma.mv mods=~ 0 + cell(country_culture x pp_mid_lag0), nonempty cells; random ~1|cluster_id/study/esid; V blocks within cluster_id, rho=0.6; CR2/Satterthwaite on cluster_id [D31.1/A.2]; domain = M_B period+classified [A.14]"
"C7","paris_mid","defined_classified","cell_post::1_western","Fisher_z","3LMA-RVE_CR2",0.6,191,9,9,-0.051250270203412,0.0173704907935394,-2.95042154033285,7.99115139663525,0.0184363012936789,-0.0913144156106497,-0.0111861247961742,,,-0.0512054461441786,-0.091061456264436,-0.0111856582485426,,,0.0302329052328479,1.70146558867632e-09,0.00772260274257301,,,,,,,FALSE,,"rma.mv mods=~ 0 + cell(country_culture x pp_mid_lag0), nonempty cells; random ~1|cluster_id/study/esid; V blocks within cluster_id, rho=0.6; CR2/Satterthwaite on cluster_id [D31.1/A.2]; domain = M_B period+classified [A.14]"
"C7","paris_mid","defined_classified","cell_pre::2_non_western","Fisher_z","3LMA-RVE_CR2",0.6,399,24,23,-0.0748378430584957,0.0222579035194593,-3.36230422569078,12.8308852647562,0.00518397131966906,-0.122987625124726,-0.0266880609922659,,,-0.0746984405131583,-0.122371252347928,-0.0266817265833335,,,0.0302329052328479,1.70146558867632e-09,0.00772260274257301,,,,,,,FALSE,,"rma.mv mods=~ 0 + cell(country_culture x pp_mid_lag0), nonempty cells; random ~1|cluster_id/study/esid; V blocks within cluster_id, rho=0.6; CR2/Satterthwaite on cluster_id [D31.1/A.2]; domain = M_B period+classified [A.14]"
"C7","paris_mid","defined_classified","cell_post::2_non_western","Fisher_z","3LMA-RVE_CR2",0.6,225,16,16,-0.0518821696991334,0.0163994819999029,-3.16364685783615,8.5513768841567,0.0122405080967441,-0.0892791834071078,-0.014485155991159,,,-0.0518356683250771,-0.0890427292447974,-0.014484142985604,,,0.0302329052328479,1.70146558867632e-09,0.00772260274257301,,,,,,,FALSE,,"rma.mv mods=~ 0 + cell(country_culture x pp_mid_lag0), nonempty cells; random ~1|cluster_id/study/esid; V blocks within cluster_id, rho=0.6; CR2/Satterthwaite on cluster_id [D31.1/A.2]; domain = M_B period+classified [A.14]"
"C7","paris_mid","defined_classified","diff::1_western","Fisher_z","3LMA-RVE_CR2",0.6,1948,94,93,0.0123764997555285,0.0374612975317762,0.330380968385579,10.9057473380687,0.747371924594275,-0.0701622836589263,0.0949152831699834,,,,,,,,0.0302329052328479,1.70146558867632e-09,0.00772260274257301,,,,,,,FALSE,,"post minus pre within level (z scale); rma.mv mods=~ 0 + cell(country_culture x pp_mid_lag0), nonempty cells; random ~1|cluster_id/study/esid; V blocks within cluster_id, rho=0.6; CR2/Satterthwaite on cluster_id [D31.1/A.2]; domain = M_B period+classified [A.14]"
"C7","paris_mid","defined_classified","diff::2_non_western","Fisher_z","3LMA-RVE_CR2",0.6,1948,94,93,0.0229556733593623,0.0176515372615324,,2.71037364838175,,-0.036772813448288,0.0826841601670126,,,,,,,,0.0302329052328479,1.70146558867632e-09,0.00772260274257301,,,,,,,FALSE,,"descriptive [DEC-048 double rule]; post minus pre within level (z scale); rma.mv mods=~ 0 + cell(country_culture x pp_mid_lag0), nonempty cells; random ~1|cluster_id/study/esid; V blocks within cluster_id, rho=0.6; CR2/Satterthwaite on cluster_id [D31.1/A.2]; domain = M_B period+classified [A.14]"
"C7","paris_mid","defined_classified","interaction_HTZ","F_test","3LMA-RVE_CR2",0.6,1948,94,93,,,0.067668186649652,13.146307808171,0.798792417009754,,,,,,,,,,0.0302329052328479,1.70146558867632e-09,0.00772260274257301,,,,,,,TRUE,"c7_paris_mid_interaction_htz","H0: Paris shift equal across levels {1_western, 2_non_western}; rma.mv mods=~ 0 + cell(country_culture x pp_mid_lag0), nonempty cells; random ~1|cluster_id/study/esid; V blocks within cluster_id, rho=0.6; CR2/Satterthwaite on cluster_id [D31.1/A.2]; domain = M_B period+classified [A.14]; HTZ; num_df = 1"
"C8","levels","classified","lvl::1_common law","Fisher_z","3LMA-RVE_CR2",0.6,1047,47,46,-0.0638016110142217,0.0343432777832623,-1.85776126020552,30.7431324825181,0.0728038810475316,-0.133868915597137,0.00626569356869403,-0.487208517202014,0.35960529517357,-0.0637151804943304,-0.133074923511737,0.00626561157520267,-0.451998060873703,0.344866319999898,0.0332438781497048,1.61865309241763e-09,0.00864603141304574,,,,,,,FALSE,,"rma.mv mods=~ 0 + country_legal (cell means, NCE excluded); random ~1|cluster_id/study/esid; V blocks within cluster_id, rho=0.6; CR2/Satterthwaite on cluster_id [D31.1/A.2]; domain = M_A classified [A.14]"
"C8","levels","classified","lvl::2_civil law","Fisher_z","3LMA-RVE_CR2",0.6,616,37,37,-0.0674769006027344,0.0199102456799733,-3.38905414264205,20.4526046047648,0.00284575199678819,-0.108950104225184,-0.0260036969802843,-0.495819193935858,0.360865392730389,-0.0673746763605068,-0.108521057452705,-0.0259978373989799,-0.458822826282269,0.345976067807733,0.0332438781497048,1.61865309241763e-09,0.00864603141304574,,,,,,,FALSE,,"rma.mv mods=~ 0 + country_legal (cell means, NCE excluded); random ~1|cluster_id/study/esid; V blocks within cluster_id, rho=0.6; CR2/Satterthwaite on cluster_id [D31.1/A.2]; domain = M_A classified [A.14]"
"C8","levels","classified","pair::1_common law - 2_civil law","Fisher_z","3LMA-RVE_CR2",0.6,1663,83,82,0.00367528958851265,0.039805183210461,0.0923319349914905,7.51693663477162,0.928847297558198,-0.0891526001800624,0.0965031793570877,,,,,,,,0.0332438781497048,1.61865309241763e-09,0.00864603141304574,,,,,,,FALSE,,"pairwise contrast (z scale); rma.mv mods=~ 0 + country_legal (cell means, NCE excluded); random ~1|cluster_id/study/esid; V blocks within cluster_id, rho=0.6; CR2/Satterthwaite on cluster_id [D31.1/A.2]; domain = M_A classified [A.14]"
"C8","levels","classified","levels_HTZ","F_test","3LMA-RVE_CR2",0.6,1663,83,82,,,0.00852518621927282,7.51693663477162,0.928847297558198,,,,,,,,,,0.0332438781497048,1.61865309241763e-09,0.00864603141304574,,,,,,,FALSE,,"H0: all level means equal; rma.mv mods=~ 0 + country_legal (cell means, NCE excluded); random ~1|cluster_id/study/esid; V blocks within cluster_id, rho=0.6; CR2/Satterthwaite on cluster_id [D31.1/A.2]; domain = M_A classified [A.14]; HTZ; num_df = 1"
"C8","paris_mid","defined_classified","cell_pre::1_common law","Fisher_z","3LMA-RVE_CR2",0.6,1033,43,42,-0.064281917806233,0.036662262813025,-1.75335379962951,29.3614528654025,0.0899771426905035,-0.139224589624179,0.0106607540117125,,,-0.0641935227458411,-0.138331957272249,0.0106603501592179,,,0.0351134472983785,7.78088864890215e-10,0.00863589706874971,,,,,,,FALSE,,"rma.mv mods=~ 0 + cell(country_legal x pp_mid_lag0), nonempty cells; random ~1|cluster_id/study/esid; V blocks within cluster_id, rho=0.6; CR2/Satterthwaite on cluster_id [D31.1/A.2]; domain = M_B period+classified [A.14]"
"C8","paris_mid","defined_classified","cell_post::1_common law","Fisher_z","3LMA-RVE_CR2",0.6,6,2,2,-0.0860807887080551,0.0517603363898333,,1.00000395533028,,-0.743752072928231,0.57159049551212,,,-0.0858688002698949,-0.631406725941599,0.516526387932212,,,0.0351134472983785,7.78088864890215e-10,0.00863589706874971,,,,,,,FALSE,,"descriptive [DEC-048 double rule]; rma.mv mods=~ 0 + cell(country_legal x pp_mid_lag0), nonempty cells; random ~1|cluster_id/study/esid; V blocks within cluster_id, rho=0.6; CR2/Satterthwaite on cluster_id [D31.1/A.2]; domain = M_B period+classified [A.14]"
"C8","paris_mid","defined_classified","cell_pre::2_civil law","Fisher_z","3LMA-RVE_CR2",0.6,429,23,23,-0.0749641506905211,0.023045140524758,-3.2529266033325,13.2143837107099,0.00617413316000459,-0.124668168916665,-0.0252601324643774,,,-0.0748240421809394,-0.124026288544749,-0.0252547612215603,,,0.0351134472983785,7.78088864890215e-10,0.00863589706874971,,,,,,,FALSE,,"rma.mv mods=~ 0 + cell(country_legal x pp_mid_lag0), nonempty cells; random ~1|cluster_id/study/esid; V blocks within cluster_id, rho=0.6; CR2/Satterthwaite on cluster_id [D31.1/A.2]; domain = M_B period+classified [A.14]"
"C8","paris_mid","defined_classified","cell_post::2_civil law","Fisher_z","3LMA-RVE_CR2",0.6,187,15,15,-0.0531274054173965,0.0178930814583842,-2.9691590876038,7.94892687739095,0.0180227833259554,-0.09443511710829,-0.011819693726503,,,-0.0530774773763439,-0.0941553910514629,-0.0118191433331932,,,0.0351134472983785,7.78088864890215e-10,0.00863589706874971,,,,,,,FALSE,,"rma.mv mods=~ 0 + cell(country_legal x pp_mid_lag0), nonempty cells; random ~1|cluster_id/study/esid; V blocks within cluster_id, rho=0.6; CR2/Satterthwaite on cluster_id [D31.1/A.2]; domain = M_B period+classified [A.14]"
"C8","paris_mid","defined_classified","diff::1_common law","Fisher_z","3LMA-RVE_CR2",0.6,1655,81,80,-0.0217988709018221,0.0634291253113269,,1.07704818715476,,-0.703489224930894,0.65989148312725,,,,,,,,0.0351134472983785,7.78088864890215e-10,0.00863589706874971,,,,,,,FALSE,,"descriptive [DEC-048 double rule]; post minus pre within level (z scale); rma.mv mods=~ 0 + cell(country_legal x pp_mid_lag0), nonempty cells; random ~1|cluster_id/study/esid; V blocks within cluster_id, rho=0.6; CR2/Satterthwaite on cluster_id [D31.1/A.2]; domain = M_B period+classified [A.14]"
"C8","paris_mid","defined_classified","diff::2_civil law","Fisher_z","3LMA-RVE_CR2",0.6,1655,81,80,0.0218367452731245,0.0188509964448665,,2.53756338806319,,-0.0448407138189731,0.0885142043652222,,,,,,,,0.0351134472983785,7.78088864890215e-10,0.00863589706874971,,,,,,,FALSE,,"descriptive [DEC-048 double rule]; post minus pre within level (z scale); rma.mv mods=~ 0 + cell(country_legal x pp_mid_lag0), nonempty cells; random ~1|cluster_id/study/esid; V blocks within cluster_id, rho=0.6; CR2/Satterthwaite on cluster_id [D31.1/A.2]; domain = M_B period+classified [A.14]"
"C8","paris_mid","defined_classified","interaction_HTZ","F_test","3LMA-RVE_CR2",0.6,1655,81,80,,,0.442489653427964,1.21422097526166,0.60963824939466,,,,,,,,,,0.0351134472983785,7.78088864890215e-10,0.00863589706874971,,,,,,,TRUE,"c8_paris_mid_interaction_htz","H0: Paris shift equal across levels {1_common law, 2_civil law}; rma.mv mods=~ 0 + cell(country_legal x pp_mid_lag0), nonempty cells; random ~1|cluster_id/study/esid; V blocks within cluster_id, rho=0.6; CR2/Satterthwaite on cluster_id [D31.1/A.2]; domain = M_B period+classified [A.14]; HTZ; num_df = 1; touches <3-cluster cell [DEC-048]"
"C_family","multiplicity","defined_classified","interaction_HTZ_holm","p_holm","derived",,,,,,,,,,,,,,,,,,,,,,,,,,,0.616243116838274,TRUE,"c_family_multiplicity_interaction_htz_holm","Holm over the panel interaction-HTZ p-values [DEC-048]; m_effective = 8 of 8 (ne panels excluded per DEC-049, disclosed); adjusted: C1=0.6162; C2=1; C3=1; C4=1; C5=1; C6=1; C7=1; C8=1; n significant at .05 = 0"
"C3","m_pre","pre_classified","mpre_int::non-sensitive","Fisher_z","3LMA-RVE_CR2",0.6,1754,74,73,-0.0821184279711039,0.0362559541383749,-2.26496391896596,44.2311658305328,0.0284650135916632,-0.155176717848553,-0.00906013809365526,,,-0.0819343377218748,-0.153943056862859,-0.00905989019798737,,,0.0329529414511872,1.42916297400561e-09,0.0162013033949211,,,,,,,FALSE,,"rma.mv mods=~ 0 + industry + industry:ts_knot (ts_knot = sample_mid - 2015.5), pre domain, NCE excluded [DEC-031c]; random ~1|cluster_id/study/esid; V blocks within cluster_id, rho=0.6; CR2/Satterthwaite on cluster_id [D31.1/A.2]"
"C3","m_pre","pre_classified","mpre_int::sensitive","Fisher_z","3LMA-RVE_CR2",0.6,1754,74,73,-0.0545336713626111,0.0323659783370962,-1.68490724410167,8.22679063602839,0.129455657525726,-0.128813124889562,0.0197457821643394,,,-0.0544796759770786,-0.128105364302514,0.0197432162979169,,,0.0329529414511872,1.42916297400561e-09,0.0162013033949211,,,,,,,FALSE,,"rma.mv mods=~ 0 + industry + industry:ts_knot (ts_knot = sample_mid - 2015.5), pre domain, NCE excluded [DEC-031c]; random ~1|cluster_id/study/esid; V blocks within cluster_id, rho=0.6; CR2/Satterthwaite on cluster_id [D31.1/A.2]"
"C3","m_pre","pre_classified","mpre_slope::non-sensitive","Fisher_z","3LMA-RVE_CR2",0.6,1754,74,73,-0.00342603873126604,0.00211174974512238,-1.62236966722943,13.158338440737,0.128428677457538,-0.0079826224318547,0.00113054496932263,,,,,,,,0.0329529414511872,1.42916297400561e-09,0.0162013033949211,,,,,,,FALSE,,"rma.mv mods=~ 0 + industry + industry:ts_knot (ts_knot = sample_mid - 2015.5), pre domain, NCE excluded [DEC-031c]; random ~1|cluster_id/study/esid; V blocks within cluster_id, rho=0.6; CR2/Satterthwaite on cluster_id [D31.1/A.2]"
"C3","m_pre","pre_classified","mpre_slope::sensitive","Fisher_z","3LMA-RVE_CR2",0.6,1754,74,73,0.00171753383402127,0.00381959652485968,,2.59717209698937,,-0.0115775610516724,0.015012628719715,,,,,,,,0.0329529414511872,1.42916297400561e-09,0.0162013033949211,,,,,,,FALSE,,"descriptive [DEC-048 double rule]; rma.mv mods=~ 0 + industry + industry:ts_knot (ts_knot = sample_mid - 2015.5), pre domain, NCE excluded [DEC-031c]; random ~1|cluster_id/study/esid; V blocks within cluster_id, rho=0.6; CR2/Satterthwaite on cluster_id [D31.1/A.2]"
"C3","m_pre","pre_classified","mpre_slope_HTZ","F_test","3LMA-RVE_CR2",0.6,1754,74,73,,,1.3888713382109,3.59693558628401,0.310635913078586,,,,,,,,,,0.0329529414511872,1.42916297400561e-09,0.0162013033949211,,,,,,,FALSE,,"H0: pre-trend slopes equal across exposure levels; rma.mv mods=~ 0 + industry + industry:ts_knot (ts_knot = sample_mid - 2015.5), pre domain, NCE excluded [DEC-031c]; random ~1|cluster_id/study/esid; V blocks within cluster_id, rho=0.6; CR2/Satterthwaite on cluster_id [D31.1/A.2]; HTZ; num_df = 1"
"C4","m_pre","pre_classified","mpre_int::without ETS/CT","Fisher_z","3LMA-RVE_CR2",0.6,1465,64,63,-0.0843911971826848,0.0368634057719204,-2.2892946382878,33.9219944586251,0.0284105717483651,-0.159312997162249,-0.0094693972031204,,,-0.0841914251018026,-0.15797871997745,-0.00946911417462026,,,0.0435808553879091,1.11663588018183e-09,0.00864003453784788,,,,,,,FALSE,,"rma.mv mods=~ 0 + regulation3 + regulation3:ts_knot (ts_knot = sample_mid - 2015.5), pre domain, NCE excluded [DEC-031c]; random ~1|cluster_id/study/esid; V blocks within cluster_id, rho=0.6; CR2/Satterthwaite on cluster_id [D31.1/A.2]"
"C4","m_pre","pre_classified","mpre_int::with ETS/CT","Fisher_z","3LMA-RVE_CR2",0.6,1465,64,63,0.0464138746821144,0.0702763602116653,0.660447902286353,6.59579502619602,0.531344804353291,-0.121850190994338,0.214677940358567,,,0.0463805743814239,-0.121250695492817,0.211439696420203,,,0.0435808553879091,1.11663588018183e-09,0.00864003453784788,,,,,,,FALSE,,"rma.mv mods=~ 0 + regulation3 + regulation3:ts_knot (ts_knot = sample_mid - 2015.5), pre domain, NCE excluded [DEC-031c]; random ~1|cluster_id/study/esid; V blocks within cluster_id, rho=0.6; CR2/Satterthwaite on cluster_id [D31.1/A.2]"
"C4","m_pre","pre_classified","mpre_slope::without ETS/CT","Fisher_z","3LMA-RVE_CR2",0.6,1465,64,63,-0.00374549256817829,0.00276853760310669,-1.35287762173623,16.5336776661055,0.19430668799347,-0.00959917121170738,0.0021081860753508,,,,,,,,0.0435808553879091,1.11663588018183e-09,0.00864003453784788,,,,,,,FALSE,,"rma.mv mods=~ 0 + regulation3 + regulation3:ts_knot (ts_knot = sample_mid - 2015.5), pre domain, NCE excluded [DEC-031c]; random ~1|cluster_id/study/esid; V blocks within cluster_id, rho=0.6; CR2/Satterthwaite on cluster_id [D31.1/A.2]"
"C4","m_pre","pre_classified","mpre_slope::with ETS/CT","Fisher_z","3LMA-RVE_CR2",0.6,1465,64,63,0.0463454958812814,0.042046831709441,1.1022351505946,6.89312839010359,0.307349891518315,-0.0533928054643889,0.146083797226952,,,,,,,,0.0435808553879091,1.11663588018183e-09,0.00864003453784788,,,,,,,FALSE,,"rma.mv mods=~ 0 + regulation3 + regulation3:ts_knot (ts_knot = sample_mid - 2015.5), pre domain, NCE excluded [DEC-031c]; random ~1|cluster_id/study/esid; V blocks within cluster_id, rho=0.6; CR2/Satterthwaite on cluster_id [D31.1/A.2]"
"C4","m_pre","pre_classified","mpre_slope_HTZ","F_test","3LMA-RVE_CR2",0.6,1465,64,63,,,1.41856092773253,7.18962453198669,0.271472380233421,,,,,,,,,,0.0435808553879091,1.11663588018183e-09,0.00864003453784788,,,,,,,FALSE,,"H0: pre-trend slopes equal across exposure levels; rma.mv mods=~ 0 + regulation3 + regulation3:ts_knot (ts_knot = sample_mid - 2015.5), pre domain, NCE excluded [DEC-031c]; random ~1|cluster_id/study/esid; V blocks within cluster_id, rho=0.6; CR2/Satterthwaite on cluster_id [D31.1/A.2]; HTZ; num_df = 1"
"C4","paris_mid_anywith","defined_classified","cell_pre::without ETS/CT","Fisher_z","3LMA-RVE_CR2",0.6,811,32,31,-0.0420158719059788,0.00879275325328683,-4.77846593616997,29.9070290496042,4.38219323727517e-05,-0.0599754108401284,-0.0240563329718292,,,-0.0419911653433371,-0.0599036026421305,-0.0240516935217664,,,0.0337182052474544,1.55351339123506e-09,0.00799168682624241,,,,,,,FALSE,,"rma.mv mods=~ 0 + cell(regulation3_any x pp_mid_lag0); any-with coding sensitivity, appendix, descriptive framing [DEC-048 Q11b]; random ~1|cluster_id/study/esid; V blocks within cluster_id, rho=0.6; CR2/Satterthwaite on cluster_id [D31.1/A.2]"
"C4","paris_mid_anywith","defined_classified","cell_pre::with ETS/CT","Fisher_z","3LMA-RVE_CR2",0.6,654,32,32,-0.0897377643314537,0.0429205181067052,-2.09078940073267,28.6432315433681,0.0455338329719102,-0.177567597743592,-0.00190793091931533,,,-0.0894976556528919,-0.175724588127124,-0.00190792860423508,,,0.0337182052474544,1.55351339123506e-09,0.00799168682624241,,,,,,,FALSE,,"rma.mv mods=~ 0 + cell(regulation3_any x pp_mid_lag0); any-with coding sensitivity, appendix, descriptive framing [DEC-048 Q11b]; random ~1|cluster_id/study/esid; V blocks within cluster_id, rho=0.6; CR2/Satterthwaite on cluster_id [D31.1/A.2]"
"C4","paris_mid_anywith","defined_classified","cell_post::without ETS/CT","Fisher_z","3LMA-RVE_CR2",0.6,88,6,6,-0.0765493142911848,0.0215991674946515,,4.99391403236423,,-0.132092099853497,-0.0210065287288729,,,-0.0764001427667615,-0.131329162335683,-0.0210034393941047,,,0.0337182052474544,1.55351339123506e-09,0.00799168682624241,,,,,,,FALSE,,"descriptive [DEC-048 double rule]; rma.mv mods=~ 0 + cell(regulation3_any x pp_mid_lag0); any-with coding sensitivity, appendix, descriptive framing [DEC-048 Q11b]; random ~1|cluster_id/study/esid; V blocks within cluster_id, rho=0.6; CR2/Satterthwaite on cluster_id [D31.1/A.2]"
"C4","paris_mid_anywith","defined_classified","cell_post::with ETS/CT","Fisher_z","3LMA-RVE_CR2",0.6,243,14,14,-0.0563146195317455,0.0246131814710616,-2.2879861995068,7.51267776010576,0.053483877629436,-0.113720000675497,0.0010907616120057,,,-0.056255164084811,-0.113232305258598,0.00109076117942407,,,0.0337182052474544,1.55351339123506e-09,0.00799168682624241,,,,,,,FALSE,,"rma.mv mods=~ 0 + cell(regulation3_any x pp_mid_lag0); any-with coding sensitivity, appendix, descriptive framing [DEC-048 Q11b]; random ~1|cluster_id/study/esid; V blocks within cluster_id, rho=0.6; CR2/Satterthwaite on cluster_id [D31.1/A.2]"
"C4","paris_mid_anywith","defined_classified","diff::without ETS/CT","Fisher_z","3LMA-RVE_CR2",0.6,1796,83,82,-0.034533442385206,0.0233203033049571,-1.48083161413537,7.08831372988101,0.181676098036639,-0.0895382270935605,0.0204713423231485,,,,,,,,0.0337182052474544,1.55351339123506e-09,0.00799168682624241,,,,,,,FALSE,,"post minus pre within level (z scale); rma.mv mods=~ 0 + cell(regulation3_any x pp_mid_lag0); any-with coding sensitivity, appendix, descriptive framing [DEC-048 Q11b]; random ~1|cluster_id/study/esid; V blocks within cluster_id, rho=0.6; CR2/Satterthwaite on cluster_id [D31.1/A.2]"
"C4","paris_mid_anywith","defined_classified","diff::with ETS/CT","Fisher_z","3LMA-RVE_CR2",0.6,1796,83,82,0.0334231447997081,0.0208819585437064,,2.40940404645425,,-0.0432695907777682,0.110115880377184,,,,,,,,0.0337182052474544,1.55351339123506e-09,0.00799168682624241,,,,,,,FALSE,,"descriptive [DEC-048 double rule]; post minus pre within level (z scale); rma.mv mods=~ 0 + cell(regulation3_any x pp_mid_lag0); any-with coding sensitivity, appendix, descriptive framing [DEC-048 Q11b]; random ~1|cluster_id/study/esid; V blocks within cluster_id, rho=0.6; CR2/Satterthwaite on cluster_id [D31.1/A.2]"
"C4","paris_mid_anywith","defined_classified","interaction_HTZ","F_test","3LMA-RVE_CR2",0.6,1796,83,82,,,4.71286045777938,9.16156909561294,0.0575069074153643,,,,,,,,,,0.0337182052474544,1.55351339123506e-09,0.00799168682624241,,,,,,,FALSE,,"H0: Paris shift equal across any-with exposure levels; rma.mv mods=~ 0 + cell(regulation3_any x pp_mid_lag0); any-with coding sensitivity, appendix, descriptive framing [DEC-048 Q11b]; random ~1|cluster_id/study/esid; V blocks within cluster_id, rho=0.6; CR2/Satterthwaite on cluster_id [D31.1/A.2]; HTZ; num_df = 1"
"C1","design","nce","nce_excluded","count","descriptive",,0,0,0,,,,,,,,,,,,,,,,,,,,,,,0,FALSE,,"99_NCE rows excluded from C1 analyses [DEC-048 NCE regime]: 0 ES / 0 studies / 0 clusters"
"C2","design","nce","nce_excluded","count","descriptive",,0,0,0,,,,,,,,,,,,,,,,,,,,,,,0,FALSE,,"99_NCE rows excluded from C2 analyses [DEC-048 NCE regime]: 0 ES / 0 studies / 0 clusters"
"C3","design","nce","nce_excluded","count","descriptive",,453,21,21,,,,,,,,,,,,,,,,,,,,,,,453,FALSE,,"99_NCE rows excluded from C3 analyses [DEC-048 NCE regime]: 453 ES / 21 studies / 21 clusters"
"C4","design","nce","nce_excluded","count","descriptive",,909,30,30,,,,,,,,,,,,,,,,,,,,,,,909,FALSE,,"99_NCE rows excluded from C4 analyses [DEC-048 NCE regime]: 909 ES / 30 studies / 30 clusters"
"C5","design","nce","nce_excluded","count","descriptive",,786,30,29,,,,,,,,,,,,,,,,,,,,,,,786,FALSE,,"99_NCE rows excluded from C5 analyses [DEC-048 NCE regime]: 786 ES / 30 studies / 29 clusters"
"C6","design","nce","nce_excluded","count","descriptive",,1091,43,43,,,,,,,,,,,,,,,,,,,,,,,1091,FALSE,,"99_NCE rows excluded from C6 analyses [DEC-048 NCE regime]: 1091 ES / 43 studies / 43 clusters"
"C7","design","nce","nce_excluded","count","descriptive",,757,25,25,,,,,,,,,,,,,,,,,,,,,,,757,FALSE,,"99_NCE rows excluded from C7 analyses [DEC-048 NCE regime]: 757 ES / 25 studies / 25 clusters"
"C8","design","nce","nce_excluded","count","descriptive",,1050,36,36,,,,,,,,,,,,,,,,,,,,,,,1050,FALSE,,"99_NCE rows excluded from C8 analyses [DEC-048 NCE regime]: 1050 ES / 36 studies / 36 clusters"
"C2","design","defined","end_coding_absence","count","descriptive",,299,10,10,,,,,,,,,,,,,,,,,,,,,,,10,FALSE,,"coding-robustness of the empty/thin post cell for level 'derivativ (CDS spread)': under the maximally inclusive end coding an end-'post' cell of 299/10/10 (ES/studies/clusters) emerges, of which 299/10/10 are majority-pre windows — the absence is coding-robust, not coding-dependent [DEC-048; design facts frozen 2026-07-28]"
"C5","design","defined","end_coding_absence","count","descriptive",,551,16,16,,,,,,,,,,,,,,,,,,,,,,,15,FALSE,,"coding-robustness of the empty/thin post cell for level '1_US': under the maximally inclusive end coding an end-'post' cell of 551/16/16 (ES/studies/clusters) emerges, of which 550/15/15 are majority-pre windows — the absence is coding-robust, not coding-dependent [DEC-048; design facts frozen 2026-07-28]"
"C8","design","defined","end_coding_absence","count","descriptive",,612,25,24,,,,,,,,,,,,,,,,,,,,,,,22,FALSE,,"coding-robustness of the empty/thin post cell for level '1_common law': under the maximally inclusive end coding an end-'post' cell of 612/25/24 (ES/studies/clusters) emerges, of which 606/23/22 are majority-pre windows — the absence is coding-robust, not coding-dependent [DEC-048; design facts frozen 2026-07-28]"
"C9","design_rule","cc_v1","rule::CER_measure","design_df","descriptive",,,,,,,,,,,,,,,,,,,,,,,,,,,6.90564484941297,FALSE,,"design-df (synthetic-outcome FE, CR2/HTZ; df design-only) = 6.906; verdict = admitted [DEC-043 mechanical rule: identifiability + design-df >= 5]"
"C9","design_rule","cc_v1","rule::COD_instrument","design_df","descriptive",,,,,,,,,,,,,,,,,,,,,,,,,,,1.36793516230993,FALSE,,"design-df (synthetic-outcome FE, CR2/HTZ; df design-only) = 1.368; structurally zero cols dropped: pp:factor_COD_instrumentderivativ (CDS spread); verdict = excluded_df [DEC-043 mechanical rule: identifiability + design-df >= 5]"
"C9","design_rule","cc_v1","rule::regulation3","design_df","descriptive",,,,,,,,,,,,,,,,,,,,,,,,,,,3.09047632622618,FALSE,,"design-df (synthetic-outcome FE, CR2/HTZ; df design-only) = 3.090; verdict = excluded_df [DEC-043 mechanical rule: identifiability + design-df >= 5]"
"C9","design_rule","cc_v1","rule::country_region","design_df","descriptive",,,,,,,,,,,,,,,,,,,,,,,,,,,9.57608553913991,FALSE,,"design-df (synthetic-outcome FE, CR2/HTZ; df design-only) = 9.576; verdict = admitted [DEC-043 mechanical rule: identifiability + design-df >= 5]"
"C9","unified_cc_v1","cc_v1","intercept","Fisher_z","3LMA-RVE_CR2",0.6,1754,78,78,-0.00788376651183543,0.0233340760260945,-0.337864953513437,25.068769365155,0.738277981105305,-0.0559345119109802,0.0401669788873093,,,,,,,,0.0160894857778336,0.0160895212823115,0.00803336593782286,,,,,,,FALSE,,"rma.mv mods=~ pp_mid_lag0 + mains(CER_measure, COD_instrument, regulation3, country_region) + admitted pp interactions {CER_measure, country_region}; reference coding, refs per DEC-043; complete case, NCE excluded; random ~1|cluster_id/study/esid; V blocks within cluster_id, rho=0.6; CR2/Satterthwaite on cluster_id [D31.1/A.2]; dropped on domain: pp:factor_country_region3_AsiaPac"
"C9","unified_cc_v1","cc_v1","pp_mid_lag0","Fisher_z","3LMA-RVE_CR2",0.6,1754,78,78,0.00775918163361079,0.0250121606775111,0.310216367696183,5.13268459652055,0.768598649894326,-0.0560399024959608,0.0715582657631824,,,,,,,,0.0160894857778336,0.0160895212823115,0.00803336593782286,,,,,,,TRUE,"c9_unified_cc_v1_pp_mid_lag0","rma.mv mods=~ pp_mid_lag0 + mains(CER_measure, COD_instrument, regulation3, country_region) + admitted pp interactions {CER_measure, country_region}; reference coding, refs per DEC-043; complete case, NCE excluded; random ~1|cluster_id/study/esid; V blocks within cluster_id, rho=0.6; CR2/Satterthwaite on cluster_id [D31.1/A.2]; dropped on domain: pp:factor_country_region3_AsiaPac"
"C9","unified_cc_v1","cc_v1","CER_measuredisclosure","Fisher_z","3LMA-RVE_CR2",0.6,1754,78,78,0.00784031710273253,0.0335823181940052,,4.03256341011887,,-0.0851029587803377,0.100783592985803,,,,,,,,0.0160894857778336,0.0160895212823115,0.00803336593782286,,,,,,,FALSE,,"descriptive [DEC-048 double rule]; rma.mv mods=~ pp_mid_lag0 + mains(CER_measure, COD_instrument, regulation3, country_region) + admitted pp interactions {CER_measure, country_region}; reference coding, refs per DEC-043; complete case, NCE excluded; random ~1|cluster_id/study/esid; V blocks within cluster_id, rho=0.6; CR2/Satterthwaite on cluster_id [D31.1/A.2]; dropped on domain: pp:factor_country_region3_AsiaPac"
"C9","unified_cc_v1","cc_v1","COD_instrumentbond (yield)","Fisher_z","3LMA-RVE_CR2",0.6,1754,78,78,-0.0520265174191857,0.0201945999009786,,3.49162143936156,,-0.111466815709624,0.00741378087125257,,,,,,,,0.0160894857778336,0.0160895212823115,0.00803336593782286,,,,,,,FALSE,,"descriptive [DEC-048 double rule]; rma.mv mods=~ pp_mid_lag0 + mains(CER_measure, COD_instrument, regulation3, country_region) + admitted pp interactions {CER_measure, country_region}; reference coding, refs per DEC-043; complete case, NCE excluded; random ~1|cluster_id/study/esid; V blocks within cluster_id, rho=0.6; CR2/Satterthwaite on cluster_id [D31.1/A.2]; dropped on domain: pp:factor_country_region3_AsiaPac"
"C9","unified_cc_v1","cc_v1","COD_instrumentderivativ (CDS spread)","Fisher_z","3LMA-RVE_CR2",0.6,1754,78,78,-0.0655335774938058,0.0763140131056236,,3.10715949572698,,-0.303728469191584,0.172661314203972,,,,,,,,0.0160894857778336,0.0160895212823115,0.00803336593782286,,,,,,,FALSE,,"descriptive [DEC-048 double rule]; rma.mv mods=~ pp_mid_lag0 + mains(CER_measure, COD_instrument, regulation3, country_region) + admitted pp interactions {CER_measure, country_region}; reference coding, refs per DEC-043; complete case, NCE excluded; random ~1|cluster_id/study/esid; V blocks within cluster_id, rho=0.6; CR2/Satterthwaite on cluster_id [D31.1/A.2]; dropped on domain: pp:factor_country_region3_AsiaPac"
"C9","unified_cc_v1","cc_v1","COD_instrumentrating","Fisher_z","3LMA-RVE_CR2",0.6,1754,78,78,-0.025299735067844,0.0216728170905353,,2.94333295549433,,-0.0950296561546858,0.0444301860189979,,,,,,,,0.0160894857778336,0.0160895212823115,0.00803336593782286,,,,,,,FALSE,,"descriptive [DEC-048 double rule]; rma.mv mods=~ pp_mid_lag0 + mains(CER_measure, COD_instrument, regulation3, country_region) + admitted pp interactions {CER_measure, country_region}; reference coding, refs per DEC-043; complete case, NCE excluded; random ~1|cluster_id/study/esid; V blocks within cluster_id, rho=0.6; CR2/Satterthwaite on cluster_id [D31.1/A.2]; dropped on domain: pp:factor_country_region3_AsiaPac"
"C9","unified_cc_v1","cc_v1","regulation3with ETS/CT","Fisher_z","3LMA-RVE_CR2",0.6,1754,78,78,0.0175457567449031,0.0213928849549637,,2.26478701106062,,-0.0649192226529332,0.100010736142739,,,,,,,,0.0160894857778336,0.0160895212823115,0.00803336593782286,,,,,,,FALSE,,"descriptive [DEC-048 double rule]; rma.mv mods=~ pp_mid_lag0 + mains(CER_measure, COD_instrument, regulation3, country_region) + admitted pp interactions {CER_measure, country_region}; reference coding, refs per DEC-043; complete case, NCE excluded; random ~1|cluster_id/study/esid; V blocks within cluster_id, rho=0.6; CR2/Satterthwaite on cluster_id [D31.1/A.2]; dropped on domain: pp:factor_country_region3_AsiaPac"
"C9","unified_cc_v1","cc_v1","country_region2_Europe","Fisher_z","3LMA-RVE_CR2",0.6,1754,78,78,-0.233055895530102,0.183376604327662,-1.27091400991193,14.5014027387614,0.223768997001276,-0.625087612240829,0.158975821180625,,,,,,,,0.0160894857778336,0.0160895212823115,0.00803336593782286,,,,,,,FALSE,,"rma.mv mods=~ pp_mid_lag0 + mains(CER_measure, COD_instrument, regulation3, country_region) + admitted pp interactions {CER_measure, country_region}; reference coding, refs per DEC-043; complete case, NCE excluded; random ~1|cluster_id/study/esid; V blocks within cluster_id, rho=0.6; CR2/Satterthwaite on cluster_id [D31.1/A.2]; dropped on domain: pp:factor_country_region3_AsiaPac"
"C9","unified_cc_v1","cc_v1","country_region3_AsiaPac","Fisher_z","3LMA-RVE_CR2",0.6,1754,78,78,-0.0302511933675853,0.0244429970164456,-1.23762210285555,45.9313814910487,0.222145710667823,-0.0794543780934284,0.0189519913582577,,,,,,,,0.0160894857778336,0.0160895212823115,0.00803336593782286,,,,,,,FALSE,,"rma.mv mods=~ pp_mid_lag0 + mains(CER_measure, COD_instrument, regulation3, country_region) + admitted pp interactions {CER_measure, country_region}; reference coding, refs per DEC-043; complete case, NCE excluded; random ~1|cluster_id/study/esid; V blocks within cluster_id, rho=0.6; CR2/Satterthwaite on cluster_id [D31.1/A.2]; dropped on domain: pp:factor_country_region3_AsiaPac"
"C9","unified_cc_v1","cc_v1","pp:CER_measuredisclosure","Fisher_z","3LMA-RVE_CR2",0.6,1754,78,78,-0.0417498100892893,0.0360515841056434,,3.3705303353947,,-0.149666498546973,0.0661668783683948,,,,,,,,0.0160894857778336,0.0160895212823115,0.00803336593782286,,,,,,,FALSE,,"descriptive [DEC-048 double rule]; rma.mv mods=~ pp_mid_lag0 + mains(CER_measure, COD_instrument, regulation3, country_region) + admitted pp interactions {CER_measure, country_region}; reference coding, refs per DEC-043; complete case, NCE excluded; random ~1|cluster_id/study/esid; V blocks within cluster_id, rho=0.6; CR2/Satterthwaite on cluster_id [D31.1/A.2]; dropped on domain: pp:factor_country_region3_AsiaPac"
"C9","unified_cc_v1","cc_v1","pp:country_region2_Europe","Fisher_z","3LMA-RVE_CR2",0.6,1754,78,78,0.167874908735216,0.174893045844673,0.959871834379907,12.2993414534062,0.355610210490759,-0.212158243121392,0.547908060591823,,,,,,,,0.0160894857778336,0.0160895212823115,0.00803336593782286,,,,,,,FALSE,,"rma.mv mods=~ pp_mid_lag0 + mains(CER_measure, COD_instrument, regulation3, country_region) + admitted pp interactions {CER_measure, country_region}; reference coding, refs per DEC-043; complete case, NCE excluded; random ~1|cluster_id/study/esid; V blocks within cluster_id, rho=0.6; CR2/Satterthwaite on cluster_id [D31.1/A.2]; dropped on domain: pp:factor_country_region3_AsiaPac"
"C9","unified_cc_v1","cc_v1","pp:country_region3_AsiaPac","Fisher_z","not_estimable",0.6,1754,78,78,,,,,,,,,,,,,,,,,,,,,,,,FALSE,,"coefficient not estimable [DEC-049/#27]: dropped by rma.mv (rank deficiency on the variant domain); rma.mv mods=~ pp_mid_lag0 + mains(CER_measure, COD_instrument, regulation3, country_region) + admitted pp interactions {CER_measure, country_region}; reference coding, refs per DEC-043; complete case, NCE excluded; random ~1|cluster_id/study/esid; V blocks within cluster_id, rho=0.6; CR2/Satterthwaite on cluster_id [D31.1/A.2]; dropped on domain: pp:factor_country_region3_AsiaPac"
"C9","unified_cc_v1","cc_v1","block_HTZ::CER_measure","F_test","3LMA-RVE_CR2",0.6,1754,78,78,,,1.34109734862095,3.3705303353947,0.322263139948212,,,,,,,,,,0.0160894857778336,0.0160895212823115,0.00803336593782286,,,,,,,FALSE,,"H0: all pp x CER_measure interaction coefficients = 0; q_planned = 1, q_eff = 1; rma.mv mods=~ pp_mid_lag0 + mains(CER_measure, COD_instrument, regulation3, country_region) + admitted pp interactions {CER_measure, country_region}; reference coding, refs per DEC-043; complete case, NCE excluded; random ~1|cluster_id/study/esid; V blocks within cluster_id, rho=0.6; CR2/Satterthwaite on cluster_id [D31.1/A.2]; dropped on domain: pp:factor_country_region3_AsiaPac; HTZ; num_df = 1"
"C9","unified_cc_v1","cc_v1","pp:COD_instrument::coef1","Fisher_z","not_estimable",0.6,1754,78,78,,,,,,,,,,,,,,,,,,,,,,,,FALSE,,"interaction block excluded by the mechanical rule (verdict = excluded_df) [DEC-043]; rma.mv mods=~ pp_mid_lag0 + mains(CER_measure, COD_instrument, regulation3, country_region) + admitted pp interactions {CER_measure, country_region}; reference coding, refs per DEC-043; complete case, NCE excluded; random ~1|cluster_id/study/esid; V blocks within cluster_id, rho=0.6; CR2/Satterthwaite on cluster_id [D31.1/A.2]; dropped on domain: pp:factor_country_region3_AsiaPac"
"C9","unified_cc_v1","cc_v1","pp:COD_instrument::coef2","Fisher_z","not_estimable",0.6,1754,78,78,,,,,,,,,,,,,,,,,,,,,,,,FALSE,,"interaction block excluded by the mechanical rule (verdict = excluded_df) [DEC-043]; rma.mv mods=~ pp_mid_lag0 + mains(CER_measure, COD_instrument, regulation3, country_region) + admitted pp interactions {CER_measure, country_region}; reference coding, refs per DEC-043; complete case, NCE excluded; random ~1|cluster_id/study/esid; V blocks within cluster_id, rho=0.6; CR2/Satterthwaite on cluster_id [D31.1/A.2]; dropped on domain: pp:factor_country_region3_AsiaPac"
"C9","unified_cc_v1","cc_v1","pp:COD_instrument::coef3","Fisher_z","not_estimable",0.6,1754,78,78,,,,,,,,,,,,,,,,,,,,,,,,FALSE,,"interaction block excluded by the mechanical rule (verdict = excluded_df) [DEC-043]; rma.mv mods=~ pp_mid_lag0 + mains(CER_measure, COD_instrument, regulation3, country_region) + admitted pp interactions {CER_measure, country_region}; reference coding, refs per DEC-043; complete case, NCE excluded; random ~1|cluster_id/study/esid; V blocks within cluster_id, rho=0.6; CR2/Satterthwaite on cluster_id [D31.1/A.2]; dropped on domain: pp:factor_country_region3_AsiaPac"
"C9","unified_cc_v1","cc_v1","block_HTZ::COD_instrument","F_test","not_estimable",0.6,1754,78,78,,,,,,,,,,,,,,,,,,,,,,,,FALSE,,"block excluded by the mechanical rule (verdict = excluded_df) [DEC-043]"
"C9","unified_cc_v1","cc_v1","pp:regulation3::coef1","Fisher_z","not_estimable",0.6,1754,78,78,,,,,,,,,,,,,,,,,,,,,,,,FALSE,,"interaction block excluded by the mechanical rule (verdict = excluded_df) [DEC-043]; rma.mv mods=~ pp_mid_lag0 + mains(CER_measure, COD_instrument, regulation3, country_region) + admitted pp interactions {CER_measure, country_region}; reference coding, refs per DEC-043; complete case, NCE excluded; random ~1|cluster_id/study/esid; V blocks within cluster_id, rho=0.6; CR2/Satterthwaite on cluster_id [D31.1/A.2]; dropped on domain: pp:factor_country_region3_AsiaPac"
"C9","unified_cc_v1","cc_v1","block_HTZ::regulation3","F_test","not_estimable",0.6,1754,78,78,,,,,,,,,,,,,,,,,,,,,,,,FALSE,,"block excluded by the mechanical rule (verdict = excluded_df) [DEC-043]"
"C9","unified_cc_v1","cc_v1","block_HTZ::country_region","F_test","3LMA-RVE_CR2",0.6,1754,78,78,,,0.921353938435848,12.2993414534062,0.355610210490759,,,,,,,,,,0.0160894857778336,0.0160895212823115,0.00803336593782286,,,,,,,FALSE,,"H0: all pp x country_region interaction coefficients = 0; q_planned = 2, q_eff = 1; dropped: pp:factor_country_region3_AsiaPac; rma.mv mods=~ pp_mid_lag0 + mains(CER_measure, COD_instrument, regulation3, country_region) + admitted pp interactions {CER_measure, country_region}; reference coding, refs per DEC-043; complete case, NCE excluded; random ~1|cluster_id/study/esid; V blocks within cluster_id, rho=0.6; CR2/Satterthwaite on cluster_id [D31.1/A.2]; dropped on domain: pp:factor_country_region3_AsiaPac; HTZ; num_df = 1"
"C9","design_rule","cc_v2","rule::CER_measure","design_df","descriptive",,,,,,,,,,,,,,,,,,,,,,,,,,,3.41057560954315,FALSE,,"design-df (synthetic-outcome FE, CR2/HTZ; df design-only) = 3.411; verdict = excluded_df [DEC-043 mechanical rule: identifiability + design-df >= 5]"
"C9","design_rule","cc_v2","rule::COD_instrument","design_df","descriptive",,,,,,,,,,,,,,,,,,,,,,,,,,,3.57534309660616,FALSE,,"design-df (synthetic-outcome FE, CR2/HTZ; df design-only) = 3.575; structurally zero cols dropped: pp:factor_COD_instrumentderivativ (CDS spread) | pp:factor_COD_instrumentrating; verdict = excluded_df [DEC-043 mechanical rule: identifiability + design-df >= 5]"
"C9","design_rule","cc_v2","rule::industry","design_df","descriptive",,,,,,,,,,,,,,,,,,,,,,,,,,,4.28708941062511,FALSE,,"design-df (synthetic-outcome FE, CR2/HTZ; df design-only) = 4.287; verdict = excluded_df [DEC-043 mechanical rule: identifiability + design-df >= 5]"
"C9","design_rule","cc_v2","rule::regulation3","design_df","descriptive",,,,,,,,,,,,,,,,,,,,,,,,,,,4.04949711948466,FALSE,,"design-df (synthetic-outcome FE, CR2/HTZ; df design-only) = 4.049; verdict = excluded_df [DEC-043 mechanical rule: identifiability + design-df >= 5]"
"C9","design_rule","cc_v2","rule::country_region","design_df","descriptive",,,,,,,,,,,,,,,,,,,,,,,,,,,,FALSE,,"only post level(s): 3_AsiaPac; verdict = excluded_structural [DEC-043 mechanical rule: identifiability + design-df >= 5]"
"C9","design_rule","cc_v2","rule::country_econ","design_df","descriptive",,,,,,,,,,,,,,,,,,,,,,,,,,,,FALSE,,"only post level(s): 2_developing; verdict = excluded_structural [DEC-043 mechanical rule: identifiability + design-df >= 5]"
"C9","design_rule","cc_v2","rule::country_culture","design_df","descriptive",,,,,,,,,,,,,,,,,,,,,,,,,,,,FALSE,,"only post level(s): 2_non_western; verdict = excluded_structural [DEC-043 mechanical rule: identifiability + design-df >= 5]"
"C9","design_rule","cc_v2","rule::country_legal","design_df","descriptive",,,,,,,,,,,,,,,,,,,,,,,,,,,,FALSE,,"only post level(s): 2_civil law; verdict = excluded_structural [DEC-043 mechanical rule: identifiability + design-df >= 5]"
"C9","unified_cc_v2","cc_v2","intercept","Fisher_z","3LMA-RVE_CR2",0.6,1324,57,57,-0.0270096386324328,0.0124223158445449,-2.17428368191859,12.4440117192527,0.0496340664407556,-0.0539688181138425,-5.04591510230301e-05,,,,,,,,0.000719917503503403,0.000719917632115039,0.00452279200917046,,,,,,,FALSE,,"rma.mv mods=~ pp_mid_lag0 + mains(CER_measure, COD_instrument, industry, regulation3, country_region, country_econ, country_culture, country_legal) + admitted pp interactions {}; reference coding, refs per DEC-043; complete case, NCE excluded; random ~1|cluster_id/study/esid; V blocks within cluster_id, rho=0.6; CR2/Satterthwaite on cluster_id [D31.1/A.2]"
"C9","unified_cc_v2","cc_v2","pp_mid_lag0","Fisher_z","3LMA-RVE_CR2",0.6,1324,57,57,0.0129584788139343,0.0157107308763932,0.824817057582321,12.0452390178528,0.425508665478132,-0.0212580098560614,0.0471749674839301,,,,,,,,0.000719917503503403,0.000719917632115039,0.00452279200917046,,,,,,,FALSE,,"rma.mv mods=~ pp_mid_lag0 + mains(CER_measure, COD_instrument, industry, regulation3, country_region, country_econ, country_culture, country_legal) + admitted pp interactions {}; reference coding, refs per DEC-043; complete case, NCE excluded; random ~1|cluster_id/study/esid; V blocks within cluster_id, rho=0.6; CR2/Satterthwaite on cluster_id [D31.1/A.2]"
"C9","unified_cc_v2","cc_v2","CER_measuredisclosure","Fisher_z","3LMA-RVE_CR2",0.6,1324,57,57,-0.00390062549298106,0.0197744514646207,-0.197255812630749,7.98848819105764,0.848553813716044,-0.0495120328986278,0.0417107819126657,,,,,,,,0.000719917503503403,0.000719917632115039,0.00452279200917046,,,,,,,FALSE,,"rma.mv mods=~ pp_mid_lag0 + mains(CER_measure, COD_instrument, industry, regulation3, country_region, country_econ, country_culture, country_legal) + admitted pp interactions {}; reference coding, refs per DEC-043; complete case, NCE excluded; random ~1|cluster_id/study/esid; V blocks within cluster_id, rho=0.6; CR2/Satterthwaite on cluster_id [D31.1/A.2]"
"C9","unified_cc_v2","cc_v2","COD_instrumentbond (yield)","Fisher_z","3LMA-RVE_CR2",0.6,1324,57,57,-0.0402247450306225,0.0127672456920161,-3.15062042361859,6.30902564417242,0.0185124619212801,-0.0710978680840935,-0.00935162197715145,,,,,,,,0.000719917503503403,0.000719917632115039,0.00452279200917046,,,,,,,FALSE,,"rma.mv mods=~ pp_mid_lag0 + mains(CER_measure, COD_instrument, industry, regulation3, country_region, country_econ, country_culture, country_legal) + admitted pp interactions {}; reference coding, refs per DEC-043; complete case, NCE excluded; random ~1|cluster_id/study/esid; V blocks within cluster_id, rho=0.6; CR2/Satterthwaite on cluster_id [D31.1/A.2]"
"C9","unified_cc_v2","cc_v2","COD_instrumentderivativ (CDS spread)","Fisher_z","3LMA-RVE_CR2",0.6,1324,57,57,0.0073684061905174,0.015015730907281,0.490712455891477,7.66399189236977,0.637369565975686,-0.0275239660499929,0.0422607784310277,,,,,,,,0.000719917503503403,0.000719917632115039,0.00452279200917046,,,,,,,FALSE,,"rma.mv mods=~ pp_mid_lag0 + mains(CER_measure, COD_instrument, industry, regulation3, country_region, country_econ, country_culture, country_legal) + admitted pp interactions {}; reference coding, refs per DEC-043; complete case, NCE excluded; random ~1|cluster_id/study/esid; V blocks within cluster_id, rho=0.6; CR2/Satterthwaite on cluster_id [D31.1/A.2]"
"C9","unified_cc_v2","cc_v2","COD_instrumentrating","Fisher_z","3LMA-RVE_CR2",0.6,1324,57,57,-0.0148068584136792,0.011024714402735,,4.30518492115973,,-0.0445793308173466,0.0149656139899882,,,,,,,,0.000719917503503403,0.000719917632115039,0.00452279200917046,,,,,,,FALSE,,"descriptive [DEC-048 double rule]; rma.mv mods=~ pp_mid_lag0 + mains(CER_measure, COD_instrument, industry, regulation3, country_region, country_econ, country_culture, country_legal) + admitted pp interactions {}; reference coding, refs per DEC-043; complete case, NCE excluded; random ~1|cluster_id/study/esid; V blocks within cluster_id, rho=0.6; CR2/Satterthwaite on cluster_id [D31.1/A.2]"
"C9","unified_cc_v2","cc_v2","industrysensitive","Fisher_z","3LMA-RVE_CR2",0.6,1324,57,57,0.00512537655734204,0.0167331225774413,0.306301261681535,13.6524604335097,0.763996562647239,-0.0308495018973564,0.0411002550120405,,,,,,,,0.000719917503503403,0.000719917632115039,0.00452279200917046,,,,,,,FALSE,,"rma.mv mods=~ pp_mid_lag0 + mains(CER_measure, COD_instrument, industry, regulation3, country_region, country_econ, country_culture, country_legal) + admitted pp interactions {}; reference coding, refs per DEC-043; complete case, NCE excluded; random ~1|cluster_id/study/esid; V blocks within cluster_id, rho=0.6; CR2/Satterthwaite on cluster_id [D31.1/A.2]"
"C9","unified_cc_v2","cc_v2","regulation3with ETS/CT","Fisher_z","3LMA-RVE_CR2",0.6,1324,57,57,0.0174408799975921,0.00819529730824665,2.12815708101791,8.57671418247266,0.0636952155109292,-0.00123858424288829,0.0361203442380725,,,,,,,,0.000719917503503403,0.000719917632115039,0.00452279200917046,,,,,,,FALSE,,"rma.mv mods=~ pp_mid_lag0 + mains(CER_measure, COD_instrument, industry, regulation3, country_region, country_econ, country_culture, country_legal) + admitted pp interactions {}; reference coding, refs per DEC-043; complete case, NCE excluded; random ~1|cluster_id/study/esid; V blocks within cluster_id, rho=0.6; CR2/Satterthwaite on cluster_id [D31.1/A.2]"
"C9","unified_cc_v2","cc_v2","country_region2_Europe","Fisher_z","3LMA-RVE_CR2",0.6,1324,57,57,-0.0303155137404522,0.0333030972839866,,2.57114438623399,,-0.147038579184813,0.0864075517039082,,,,,,,,0.000719917503503403,0.000719917632115039,0.00452279200917046,,,,,,,FALSE,,"descriptive [DEC-048 double rule]; rma.mv mods=~ pp_mid_lag0 + mains(CER_measure, COD_instrument, industry, regulation3, country_region, country_econ, country_culture, country_legal) + admitted pp interactions {}; reference coding, refs per DEC-043; complete case, NCE excluded; random ~1|cluster_id/study/esid; V blocks within cluster_id, rho=0.6; CR2/Satterthwaite on cluster_id [D31.1/A.2]"
"C9","unified_cc_v2","cc_v2","country_region3_AsiaPac","Fisher_z","3LMA-RVE_CR2",0.6,1324,57,57,-0.0541986906753808,0.0189050898497884,,1.30578772507258,,-0.194940070123174,0.0865426887724122,,,,,,,,0.000719917503503403,0.000719917632115039,0.00452279200917046,,,,,,,FALSE,,"descriptive [DEC-048 double rule]; rma.mv mods=~ pp_mid_lag0 + mains(CER_measure, COD_instrument, industry, regulation3, country_region, country_econ, country_culture, country_legal) + admitted pp interactions {}; reference coding, refs per DEC-043; complete case, NCE excluded; random ~1|cluster_id/study/esid; V blocks within cluster_id, rho=0.6; CR2/Satterthwaite on cluster_id [D31.1/A.2]"
"C9","unified_cc_v2","cc_v2","country_econ2_developing","Fisher_z","3LMA-RVE_CR2",0.6,1324,57,57,-0.07419735311961,0.0337482802043512,-2.19855212385144,10.218931040907,0.0520128486234344,-0.149175409650636,0.00078070341141645,,,,,,,,0.000719917503503403,0.000719917632115039,0.00452279200917046,,,,,,,FALSE,,"rma.mv mods=~ pp_mid_lag0 + mains(CER_measure, COD_instrument, industry, regulation3, country_region, country_econ, country_culture, country_legal) + admitted pp interactions {}; reference coding, refs per DEC-043; complete case, NCE excluded; random ~1|cluster_id/study/esid; V blocks within cluster_id, rho=0.6; CR2/Satterthwaite on cluster_id [D31.1/A.2]"
"C9","unified_cc_v2","cc_v2","country_culture2_non_western","Fisher_z","3LMA-RVE_CR2",0.6,1324,57,57,0.0337865608754332,0.100139235721844,,3.89907566529475,,-0.24710585574485,0.314678977495716,,,,,,,,0.000719917503503403,0.000719917632115039,0.00452279200917046,,,,,,,FALSE,,"descriptive [DEC-048 double rule]; rma.mv mods=~ pp_mid_lag0 + mains(CER_measure, COD_instrument, industry, regulation3, country_region, country_econ, country_culture, country_legal) + admitted pp interactions {}; reference coding, refs per DEC-043; complete case, NCE excluded; random ~1|cluster_id/study/esid; V blocks within cluster_id, rho=0.6; CR2/Satterthwaite on cluster_id [D31.1/A.2]"
"C9","unified_cc_v2","cc_v2","country_legal2_civil law","Fisher_z","3LMA-RVE_CR2",0.6,1324,57,57,0.0695974208755598,0.0947401704430342,,2.01811478980842,,-0.334550278597786,0.473745120348906,,,,,,,,0.000719917503503403,0.000719917632115039,0.00452279200917046,,,,,,,FALSE,,"descriptive [DEC-048 double rule]; rma.mv mods=~ pp_mid_lag0 + mains(CER_measure, COD_instrument, industry, regulation3, country_region, country_econ, country_culture, country_legal) + admitted pp interactions {}; reference coding, refs per DEC-043; complete case, NCE excluded; random ~1|cluster_id/study/esid; V blocks within cluster_id, rho=0.6; CR2/Satterthwaite on cluster_id [D31.1/A.2]"
"C9","unified_cc_v2","cc_v2","pp:CER_measure::coef1","Fisher_z","not_estimable",0.6,1324,57,57,,,,,,,,,,,,,,,,,,,,,,,,FALSE,,"interaction block excluded by the mechanical rule (verdict = excluded_df) [DEC-043]; rma.mv mods=~ pp_mid_lag0 + mains(CER_measure, COD_instrument, industry, regulation3, country_region, country_econ, country_culture, country_legal) + admitted pp interactions {}; reference coding, refs per DEC-043; complete case, NCE excluded; random ~1|cluster_id/study/esid; V blocks within cluster_id, rho=0.6; CR2/Satterthwaite on cluster_id [D31.1/A.2]"
"C9","unified_cc_v2","cc_v2","block_HTZ::CER_measure","F_test","not_estimable",0.6,1324,57,57,,,,,,,,,,,,,,,,,,,,,,,,FALSE,,"block excluded by the mechanical rule (verdict = excluded_df) [DEC-043]"
"C9","unified_cc_v2","cc_v2","pp:COD_instrument::coef1","Fisher_z","not_estimable",0.6,1324,57,57,,,,,,,,,,,,,,,,,,,,,,,,FALSE,,"interaction block excluded by the mechanical rule (verdict = excluded_df) [DEC-043]; rma.mv mods=~ pp_mid_lag0 + mains(CER_measure, COD_instrument, industry, regulation3, country_region, country_econ, country_culture, country_legal) + admitted pp interactions {}; reference coding, refs per DEC-043; complete case, NCE excluded; random ~1|cluster_id/study/esid; V blocks within cluster_id, rho=0.6; CR2/Satterthwaite on cluster_id [D31.1/A.2]"
"C9","unified_cc_v2","cc_v2","pp:COD_instrument::coef2","Fisher_z","not_estimable",0.6,1324,57,57,,,,,,,,,,,,,,,,,,,,,,,,FALSE,,"interaction block excluded by the mechanical rule (verdict = excluded_df) [DEC-043]; rma.mv mods=~ pp_mid_lag0 + mains(CER_measure, COD_instrument, industry, regulation3, country_region, country_econ, country_culture, country_legal) + admitted pp interactions {}; reference coding, refs per DEC-043; complete case, NCE excluded; random ~1|cluster_id/study/esid; V blocks within cluster_id, rho=0.6; CR2/Satterthwaite on cluster_id [D31.1/A.2]"
"C9","unified_cc_v2","cc_v2","pp:COD_instrument::coef3","Fisher_z","not_estimable",0.6,1324,57,57,,,,,,,,,,,,,,,,,,,,,,,,FALSE,,"interaction block excluded by the mechanical rule (verdict = excluded_df) [DEC-043]; rma.mv mods=~ pp_mid_lag0 + mains(CER_measure, COD_instrument, industry, regulation3, country_region, country_econ, country_culture, country_legal) + admitted pp interactions {}; reference coding, refs per DEC-043; complete case, NCE excluded; random ~1|cluster_id/study/esid; V blocks within cluster_id, rho=0.6; CR2/Satterthwaite on cluster_id [D31.1/A.2]"
"C9","unified_cc_v2","cc_v2","block_HTZ::COD_instrument","F_test","not_estimable",0.6,1324,57,57,,,,,,,,,,,,,,,,,,,,,,,,FALSE,,"block excluded by the mechanical rule (verdict = excluded_df) [DEC-043]"
"C9","unified_cc_v2","cc_v2","pp:industry::coef1","Fisher_z","not_estimable",0.6,1324,57,57,,,,,,,,,,,,,,,,,,,,,,,,FALSE,,"interaction block excluded by the mechanical rule (verdict = excluded_df) [DEC-043]; rma.mv mods=~ pp_mid_lag0 + mains(CER_measure, COD_instrument, industry, regulation3, country_region, country_econ, country_culture, country_legal) + admitted pp interactions {}; reference coding, refs per DEC-043; complete case, NCE excluded; random ~1|cluster_id/study/esid; V blocks within cluster_id, rho=0.6; CR2/Satterthwaite on cluster_id [D31.1/A.2]"
"C9","unified_cc_v2","cc_v2","block_HTZ::industry","F_test","not_estimable",0.6,1324,57,57,,,,,,,,,,,,,,,,,,,,,,,,FALSE,,"block excluded by the mechanical rule (verdict = excluded_df) [DEC-043]"
"C9","unified_cc_v2","cc_v2","pp:regulation3::coef1","Fisher_z","not_estimable",0.6,1324,57,57,,,,,,,,,,,,,,,,,,,,,,,,FALSE,,"interaction block excluded by the mechanical rule (verdict = excluded_df) [DEC-043]; rma.mv mods=~ pp_mid_lag0 + mains(CER_measure, COD_instrument, industry, regulation3, country_region, country_econ, country_culture, country_legal) + admitted pp interactions {}; reference coding, refs per DEC-043; complete case, NCE excluded; random ~1|cluster_id/study/esid; V blocks within cluster_id, rho=0.6; CR2/Satterthwaite on cluster_id [D31.1/A.2]"
"C9","unified_cc_v2","cc_v2","block_HTZ::regulation3","F_test","not_estimable",0.6,1324,57,57,,,,,,,,,,,,,,,,,,,,,,,,FALSE,,"block excluded by the mechanical rule (verdict = excluded_df) [DEC-043]"
"C9","unified_cc_v2","cc_v2","pp:country_region::coef1","Fisher_z","not_estimable",0.6,1324,57,57,,,,,,,,,,,,,,,,,,,,,,,,FALSE,,"interaction block excluded by the mechanical rule (verdict = excluded_structural) [DEC-043]; rma.mv mods=~ pp_mid_lag0 + mains(CER_measure, COD_instrument, industry, regulation3, country_region, country_econ, country_culture, country_legal) + admitted pp interactions {}; reference coding, refs per DEC-043; complete case, NCE excluded; random ~1|cluster_id/study/esid; V blocks within cluster_id, rho=0.6; CR2/Satterthwaite on cluster_id [D31.1/A.2]"
"C9","unified_cc_v2","cc_v2","pp:country_region::coef2","Fisher_z","not_estimable",0.6,1324,57,57,,,,,,,,,,,,,,,,,,,,,,,,FALSE,,"interaction block excluded by the mechanical rule (verdict = excluded_structural) [DEC-043]; rma.mv mods=~ pp_mid_lag0 + mains(CER_measure, COD_instrument, industry, regulation3, country_region, country_econ, country_culture, country_legal) + admitted pp interactions {}; reference coding, refs per DEC-043; complete case, NCE excluded; random ~1|cluster_id/study/esid; V blocks within cluster_id, rho=0.6; CR2/Satterthwaite on cluster_id [D31.1/A.2]"
"C9","unified_cc_v2","cc_v2","block_HTZ::country_region","F_test","not_estimable",0.6,1324,57,57,,,,,,,,,,,,,,,,,,,,,,,,FALSE,,"block excluded by the mechanical rule (verdict = excluded_structural) [DEC-043]"
"C9","unified_cc_v2","cc_v2","pp:country_econ::coef1","Fisher_z","not_estimable",0.6,1324,57,57,,,,,,,,,,,,,,,,,,,,,,,,FALSE,,"interaction block excluded by the mechanical rule (verdict = excluded_structural) [DEC-043]; rma.mv mods=~ pp_mid_lag0 + mains(CER_measure, COD_instrument, industry, regulation3, country_region, country_econ, country_culture, country_legal) + admitted pp interactions {}; reference coding, refs per DEC-043; complete case, NCE excluded; random ~1|cluster_id/study/esid; V blocks within cluster_id, rho=0.6; CR2/Satterthwaite on cluster_id [D31.1/A.2]"
"C9","unified_cc_v2","cc_v2","block_HTZ::country_econ","F_test","not_estimable",0.6,1324,57,57,,,,,,,,,,,,,,,,,,,,,,,,FALSE,,"block excluded by the mechanical rule (verdict = excluded_structural) [DEC-043]"
"C9","unified_cc_v2","cc_v2","pp:country_culture::coef1","Fisher_z","not_estimable",0.6,1324,57,57,,,,,,,,,,,,,,,,,,,,,,,,FALSE,,"interaction block excluded by the mechanical rule (verdict = excluded_structural) [DEC-043]; rma.mv mods=~ pp_mid_lag0 + mains(CER_measure, COD_instrument, industry, regulation3, country_region, country_econ, country_culture, country_legal) + admitted pp interactions {}; reference coding, refs per DEC-043; complete case, NCE excluded; random ~1|cluster_id/study/esid; V blocks within cluster_id, rho=0.6; CR2/Satterthwaite on cluster_id [D31.1/A.2]"
"C9","unified_cc_v2","cc_v2","block_HTZ::country_culture","F_test","not_estimable",0.6,1324,57,57,,,,,,,,,,,,,,,,,,,,,,,,FALSE,,"block excluded by the mechanical rule (verdict = excluded_structural) [DEC-043]"
"C9","unified_cc_v2","cc_v2","pp:country_legal::coef1","Fisher_z","not_estimable",0.6,1324,57,57,,,,,,,,,,,,,,,,,,,,,,,,FALSE,,"interaction block excluded by the mechanical rule (verdict = excluded_structural) [DEC-043]; rma.mv mods=~ pp_mid_lag0 + mains(CER_measure, COD_instrument, industry, regulation3, country_region, country_econ, country_culture, country_legal) + admitted pp interactions {}; reference coding, refs per DEC-043; complete case, NCE excluded; random ~1|cluster_id/study/esid; V blocks within cluster_id, rho=0.6; CR2/Satterthwaite on cluster_id [D31.1/A.2]"
"C9","unified_cc_v2","cc_v2","block_HTZ::country_legal","F_test","not_estimable",0.6,1324,57,57,,,,,,,,,,,,,,,,,,,,,,,,FALSE,,"block excluded by the mechanical rule (verdict = excluded_structural) [DEC-043]"
