"cluster_id","study","esid","zi","vi","rstudent_t","flag_rstudent","mad_center","mad_scale","flag_mad","flag_both","hatvalue"
"Al-Fakir Al Rabab'a et al (2023)","Al-Fakir Al Rabab'a et al (2023)",1,-0.309519604203112,1.70494262868054e-05,-1.40650207448961,FALSE,-0.0282100828468845,0.0418242688287909,TRUE,FALSE,0.000351086320372273
"Al-Fakir Al Rabab'a et al (2023)","Al-Fakir Al Rabab'a et al (2023)",2,-0.0801713250375897,1.70494262868054e-05,-0.120682798571544,FALSE,-0.0282100828468845,0.0418242688287909,FALSE,FALSE,0.000351086320372271
"Al-Fakir Al Rabab'a et al (2023)","Al-Fakir Al Rabab'a et al (2023)",3,-0.120581028408444,1.70494262868054e-05,-0.347235950474098,FALSE,-0.0282100828468845,0.0418242688287909,FALSE,FALSE,0.000351086320372281
"Al-Fakir Al Rabab'a et al (2023)","Al-Fakir Al Rabab'a et al (2023)",4,-0.151140435936467,1.70494262868054e-05,-0.518564357223593,FALSE,-0.0282100828468845,0.0418242688287909,FALSE,FALSE,0.000351086320372274
"Al-Fakir Al Rabab'a et al (2023)","Al-Fakir Al Rabab'a et al (2023)",5,-0.0399579844116374,0.000273000273000273,0.104323524045807,FALSE,-0.0282100828468845,0.0418242688287909,FALSE,FALSE,0.000252770185265997
"Al-Fakir Al Rabab'a et al (2023)","Al-Fakir Al Rabab'a et al (2023)",6,-0.0394628960852313,0.000273000273000273,0.107087809342884,FALSE,-0.0282100828468845,0.0418242688287909,FALSE,FALSE,0.000252770185265986
"Al-Fakir Al Rabab'a et al (2023)","Al-Fakir Al Rabab'a et al (2023)",7,-0.0404530629492479,0.000273000273000273,0.101559293403672,FALSE,-0.0282100828468845,0.0418242688287909,FALSE,FALSE,0.000252770185265992
"Al-Fakir Al Rabab'a et al (2023)","Al-Fakir Al Rabab'a et al (2023)",8,-0.0303846871581149,0.000273000273000273,0.157775248578589,FALSE,-0.0282100828468845,0.0418242688287909,FALSE,FALSE,0.000252770185265999
"Al-Fakir Al Rabab'a et al (2023)","Al-Fakir Al Rabab'a et al (2023)",9,-0.0506822903731672,0.000273000273000273,0.0444452362542061,FALSE,-0.0282100828468845,0.0418242688287909,FALSE,FALSE,0.000252770185265993
"Al-Fakir Al Rabab'a et al (2023)","Al-Fakir Al Rabab'a et al (2023)",10,-0.0515070114807454,0.000273000273000273,0.0398404732043151,FALSE,-0.0282100828468845,0.0418242688287909,FALSE,FALSE,0.000252770185265991
"Al-Fakir Al Rabab'a et al (2023)","Al-Fakir Al Rabab'a et al (2023)",11,-0.0493626651885932,0.000273000273000273,0.0518132558596161,FALSE,-0.0282100828468845,0.0418242688287909,FALSE,FALSE,0.000252770185265987
"Al-Fakir Al Rabab'a et al (2023)","Al-Fakir Al Rabab'a et al (2023)",12,-0.0419382386218419,0.000273000273000273,0.0932669361486968,FALSE,-0.0282100828468845,0.0418242688287909,FALSE,FALSE,0.00025277018526599
"Al-Fakir Al Rabab'a et al (2023)","Al-Fakir Al Rabab'a et al (2023)",13,-0.0396279266075556,0.000273000273000273,0.106166374879378,FALSE,-0.0282100828468845,0.0418242688287909,FALSE,FALSE,0.00025277018526599
"Al-Fakir Al Rabab'a et al (2023)","Al-Fakir Al Rabab'a et al (2023)",14,-0.0317053272391674,0.000273000273000273,0.150401562381454,FALSE,-0.0282100828468845,0.0418242688287909,FALSE,FALSE,0.000252770185265987
"Al-Fakir Al Rabab'a et al (2023)","Al-Fakir Al Rabab'a et al (2023)",15,-0.0485378556841123,0.000273000273000273,0.0564185124664042,FALSE,-0.0282100828468845,0.0418242688287909,FALSE,FALSE,0.000252770185265987
"Al-Fakir Al Rabab'a et al (2023)","Al-Fakir Al Rabab'a et al (2023)",16,-0.0462282153106678,0.000273000273000273,0.0693142011452161,FALSE,-0.0282100828468845,0.0418242688287909,FALSE,FALSE,0.000252770185265994
"Al-Fakir Al Rabab'a et al (2023)","Al-Fakir Al Rabab'a et al (2023)",17,-0.0495276230809138,0.000273000273000273,0.0508922269198132,FALSE,-0.0282100828468845,0.0418242688287909,FALSE,FALSE,0.000252770185265989
"Al-Fakir Al Rabab'a et al (2023)","Al-Fakir Al Rabab'a et al (2023)",18,-0.0386377274497259,0.000273000273000273,0.111695071128461,FALSE,-0.0282100828468845,0.0418242688287909,FALSE,FALSE,0.000252770185265993
"Al-Fakir Al Rabab'a et al (2023)","Al-Fakir Al Rabab'a et al (2023)",19,-0.0511771272066497,0.000273000273000273,0.0416823551473598,FALSE,-0.0282100828468845,0.0418242688287909,FALSE,FALSE,0.000252770185265985
"Al-Fakir Al Rabab'a et al (2023)","Al-Fakir Al Rabab'a et al (2023)",20,-0.0506822903731672,0.000273000273000273,0.0444452362542061,FALSE,-0.0282100828468845,0.0418242688287909,FALSE,FALSE,0.00025277018526599
"Al-Fakir Al Rabab'a et al (2023)","Al-Fakir Al Rabab'a et al (2023)",21,-0.0364921673271724,0.000273000273000273,0.123674631106822,FALSE,-0.0282100828468845,0.0418242688287909,FALSE,FALSE,0.000252770185265992
"Al-Fakir Al Rabab'a et al (2023)","Al-Fakir Al Rabab'a et al (2023)",22,-0.040288037865143,0.000273000273000273,0.102480697503324,FALSE,-0.0282100828468845,0.0418242688287909,FALSE,FALSE,0.000252770185265993
"Al-Fakir Al Rabab'a et al (2023)","Al-Fakir Al Rabab'a et al (2023)",23,-0.0383076526012335,0.000273000273000273,0.113538017128108,FALSE,-0.0282100828468845,0.0418242688287909,FALSE,FALSE,0.000252770185265991
"Al-Fakir Al Rabab'a et al (2023)","Al-Fakir Al Rabab'a et al (2023)",24,-0.040783109809801,0.000273000273000273,0.0997165036724019,FALSE,-0.0282100828468845,0.0418242688287909,FALSE,FALSE,0.000252770185265993
"Al-Fakir Al Rabab'a et al (2023)","Al-Fakir Al Rabab'a et al (2023)",25,-0.0401609400211195,0.00044762757385855,0.10290442522498,FALSE,-0.0282100828468845,0.0418242688287909,FALSE,FALSE,0.000215869147752353
"Al-Fakir Al Rabab'a et al (2023)","Al-Fakir Al Rabab'a et al (2023)",26,-0.0454418507793329,0.00044762757385855,0.07349990470957,FALSE,-0.0282100828468845,0.0418242688287909,FALSE,FALSE,0.000215869147752349
"Al-Fakir Al Rabab'a et al (2023)","Al-Fakir Al Rabab'a et al (2023)",27,0.0291732284616509,0.00044762757385855,0.488962450613814,FALSE,-0.0282100828468845,0.0418242688287909,FALSE,FALSE,0.000215869147752354
"Al-Fakir Al Rabab'a et al (2023)","Al-Fakir Al Rabab'a et al (2023)",28,0.0236779691538278,0.00044762757385855,0.458364420756356,FALSE,-0.0282100828468845,0.0418242688287909,FALSE,FALSE,0.000215869147752354
"Al-Fakir Al Rabab'a et al (2023)","Al-Fakir Al Rabab'a et al (2023)",29,0.11569192598994,0.00280112044817927,0.936934146601061,FALSE,-0.0282100828468845,0.0418242688287909,TRUE,FALSE,-2.50875129204492e-05
"Al-Fakir Al Rabab'a et al (2023)","Al-Fakir Al Rabab'a et al (2023)",30,0.258015591860341,0.00280112044817927,1.70180652449115,FALSE,-0.0282100828468845,0.0418242688287909,TRUE,FALSE,-2.50875129204542e-05
"Al-Fakir Al Rabab'a et al (2023)","Al-Fakir Al Rabab'a et al (2023)",31,-0.0616254012701722,0.00280112044817927,-0.0160003138284245,FALSE,-0.0282100828468845,0.0418242688287909,FALSE,FALSE,-2.50875129204547e-05
"Al-Fakir Al Rabab'a et al (2023)","Al-Fakir Al Rabab'a et al (2023)",32,0.0121217675052726,0.00280112044817927,0.380329924006372,FALSE,-0.0282100828468845,0.0418242688287909,FALSE,FALSE,-2.50875129204565e-05
"Al-Fakir Al Rabab'a et al (2023)","Al-Fakir Al Rabab'a et al (2023)",33,-0.135988930073491,0.00293255131964809,-0.414849752026082,FALSE,-0.0282100828468845,0.0418242688287909,FALSE,FALSE,-3.36573839188125e-05
"Al-Fakir Al Rabab'a et al (2023)","Al-Fakir Al Rabab'a et al (2023)",34,0.0721852523009717,0.00293255131964809,0.701787400358427,FALSE,-0.0282100828468845,0.0418242688287909,FALSE,FALSE,-3.3657383918809e-05
"Al-Fakir Al Rabab'a et al (2023)","Al-Fakir Al Rabab'a et al (2023)",35,0.108696931663451,0.00293255131964809,0.897634441557597,FALSE,-0.0282100828468845,0.0418242688287909,TRUE,FALSE,-3.36573839188118e-05
"Al-Fakir Al Rabab'a et al (2023)","Al-Fakir Al Rabab'a et al (2023)",36,0.13545469419359,0.00293255131964809,1.0411619021439,FALSE,-0.0282100828468845,0.0418242688287909,TRUE,FALSE,-3.36573839188132e-05
"Al-Fakir Al Rabab'a et al (2023)","Al-Fakir Al Rabab'a et al (2023)",37,0.0617970813323355,0.0028169014084507,0.647145949926408,FALSE,-0.0282100828468845,0.0418242688287909,FALSE,FALSE,-2.61307907608678e-05
"Al-Fakir Al Rabab'a et al (2023)","Al-Fakir Al Rabab'a et al (2023)",38,0.116538163286374,0.0028169014084507,0.941266795662781,FALSE,-0.0282100828468845,0.0418242688287909,TRUE,FALSE,-2.61307907608712e-05
"Al-Fakir Al Rabab'a et al (2023)","Al-Fakir Al Rabab'a et al (2023)",39,-0.142219517737662,0.0028169014084507,-0.449024102267794,FALSE,-0.0282100828468845,0.0418242688287909,FALSE,FALSE,-2.61307907608724e-05
"Al-Fakir Al Rabab'a et al (2023)","Al-Fakir Al Rabab'a et al (2023)",40,-0.150063333147322,0.0028169014084507,-0.491168494372179,FALSE,-0.0282100828468845,0.0418242688287909,FALSE,FALSE,-2.61307907608661e-05
"Al-Fakir Al Rabab'a et al (2023)","Al-Fakir Al Rabab'a et al (2023)",41,0.104039177890776,0.000701262272089762,0.90224351915649,FALSE,-0.0282100828468845,0.0418242688287909,TRUE,FALSE,0.000173697529688655
"Al-Fakir Al Rabab'a et al (2023)","Al-Fakir Al Rabab'a et al (2023)",42,0.0734747289736466,0.000701262272089762,0.732730531839055,FALSE,-0.0282100828468845,0.0418242688287909,FALSE,FALSE,0.000173697529688649
"Al-Fakir Al Rabab'a et al (2023)","Al-Fakir Al Rabab'a et al (2023)",43,-0.123225963110398,0.000701262272089762,-0.358187940565882,FALSE,-0.0282100828468845,0.0418242688287909,FALSE,FALSE,0.000173697529688648
"Al-Fakir Al Rabab'a et al (2023)","Al-Fakir Al Rabab'a et al (2023)",44,-0.113243513521393,0.000701262272089762,-0.302824441123575,FALSE,-0.0282100828468845,0.0418242688287909,FALSE,FALSE,0.000173697529688653
"Al-Fakir Al Rabab'a et al (2023)","Al-Fakir Al Rabab'a et al (2023)",45,0.129991721247825,0.00138504155124654,1.03527013553167,FALSE,-0.0282100828468845,0.0418242688287909,TRUE,FALSE,9.02696291344613e-05
"Al-Fakir Al Rabab'a et al (2023)","Al-Fakir Al Rabab'a et al (2023)",46,0.0989995171868265,0.00138504155124654,0.865178120295479,FALSE,-0.0282100828468845,0.0418242688287909,TRUE,FALSE,9.02696291344705e-05
"Al-Fakir Al Rabab'a et al (2023)","Al-Fakir Al Rabab'a et al (2023)",47,-0.106388318266146,0.00138504155124654,-0.262035380507419,FALSE,-0.0282100828468845,0.0418242688287909,FALSE,FALSE,9.02696291344671e-05
"Al-Fakir Al Rabab'a et al (2023)","Al-Fakir Al Rabab'a et al (2023)",48,-0.083465956569044,0.00138504155124654,-0.13623243059914,FALSE,-0.0282100828468845,0.0418242688287909,FALSE,FALSE,9.02696291344692e-05
"Al-Fakir Al Rabab'a et al (2023)","Al-Fakir Al Rabab'a et al (2023)",49,-0.0759375542380884,0.000278086763070078,-0.0965578069250639,FALSE,-0.0282100828468845,0.0418242688287909,FALSE,FALSE,0.000251549147326936
"Al-Fakir Al Rabab'a et al (2023)","Al-Fakir Al Rabab'a et al (2023)",50,-0.0659613263520468,0.000278086763070078,-0.0408608363451614,FALSE,-0.0282100828468845,0.0418242688287909,FALSE,FALSE,0.000251549147326937
"Al-Fakir Al Rabab'a et al (2023)","Al-Fakir Al Rabab'a et al (2023)",51,-0.0368301231563343,0.000278086763070078,0.121777766730349,FALSE,-0.0282100828468845,0.0418242688287909,FALSE,FALSE,0.000251549147326928
"Al-Fakir Al Rabab'a et al (2023)","Al-Fakir Al Rabab'a et al (2023)",52,-0.0446580263065961,0.000278086763070078,0.0780748264564522,FALSE,-0.0282100828468845,0.0418242688287909,FALSE,FALSE,0.000251549147326927
"Al-Fakir Al Rabab'a et al (2023)","Al-Fakir Al Rabab'a et al (2023)",53,-0.0636948918236262,0.00115340253748558,-0.0278254953582152,FALSE,-0.0282100828468845,0.0418242688287909,FALSE,FALSE,0.000115262346920194
"Al-Fakir Al Rabab'a et al (2023)","Al-Fakir Al Rabab'a et al (2023)",54,-0.0816160122673796,0.00115340253748558,-0.126527894556432,FALSE,-0.0282100828468845,0.0418242688287909,FALSE,FALSE,0.000115262346920191
"Al-Fakir Al Rabab'a et al (2023)","Al-Fakir Al Rabab'a et al (2023)",55,-0.0724892933191526,0.00115340253748558,-0.0762615588200508,FALSE,-0.0282100828468845,0.0418242688287909,FALSE,FALSE,0.000115262346920182
"Al-Fakir Al Rabab'a et al (2023)","Al-Fakir Al Rabab'a et al (2023)",56,-0.0836432777533598,0.00115340253748558,-0.137693266046792,FALSE,-0.0282100828468845,0.0418242688287909,FALSE,FALSE,0.00011526234692019
"Ali et al (2023)","Ali et al (2023)",57,-0.21317134656486,2.03861129798381e-05,-0.866564269879593,FALSE,-0.0282100828468845,0.0418242688287909,TRUE,FALSE,0.00106681789011146
"Ali et al (2023)","Ali et al (2023)",58,-0.214272037748021,0.000326477309826967,-0.868499140445353,FALSE,-0.0282100828468845,0.0418242688287909,TRUE,FALSE,0.00093391270552892
"Ali et al (2023)","Ali et al (2023)",59,-0.0491384405517654,0.000326583932070542,0.0534558613654203,FALSE,-0.0282100828468845,0.0418242688287909,FALSE,FALSE,0.000933882827157607
"Ali et al (2023)","Ali et al (2023)",60,-0.205736335199904,0.000326583932070542,-0.820842201838887,FALSE,-0.0282100828468845,0.0418242688287909,TRUE,FALSE,0.000933882827157611
"Ali et al (2023)","Ali et al (2023)",61,-0.120933118440868,0.000967117988394584,-0.343975670788946,FALSE,-0.0282100828468845,0.0418242688287909,FALSE,FALSE,0.000799541128987868
"Ali et al (2023)","Ali et al (2023)",62,-0.0491384405517654,0.000326583932070542,0.0534558613654203,FALSE,-0.0282100828468845,0.0418242688287909,FALSE,FALSE,0.000933882827157604
"Ali et al (2023)","Ali et al (2023)",63,-0.105347441266745,0.000500751126690035,-0.259667327326489,FALSE,-0.0282100828468845,0.0418242688287909,FALSE,FALSE,0.000889953613012903
"Ali et al (2023)","Ali et al (2023)",64,-0.084836152532654,0.00133333333333333,-0.143663952963158,FALSE,-0.0282100828468845,0.0418242688287909,FALSE,FALSE,0.000742923128721171
"Ali et al (2023)","Ali et al (2023)",65,-0.0507304630364421,0.000432900432900433,0.0444803727147184,FALSE,-0.0282100828468845,0.0418242688287909,FALSE,FALSE,0.000906053810613231
"Ali et al (2023)","Ali et al (2023)",66,-0.172354043007803,0.000342465753424658,-0.634308448795882,FALSE,-0.0282100828468845,0.0418242688287909,TRUE,FALSE,0.000929481951072655
"Ali et al (2026)","Ali et al (2026)",67,0.0370168982157009,1.49385279574551e-05,0.536600454727067,FALSE,-0.0282100828468845,0.0418242688287909,FALSE,FALSE,0.00104834426933543
"Ali et al (2026)","Ali et al (2026)",68,-0.0415407209677327,0.000122174709835064,0.0956460262338213,FALSE,-0.0282100828468845,0.0418242688287909,FALSE,FALSE,0.00100922457819044
"Ali et al (2026)","Ali et al (2026)",69,-0.0371555560913643,0.000134934556739981,0.120185453184744,FALSE,-0.0282100828468845,0.0418242688287909,FALSE,FALSE,0.00100602612739359
"Ali et al (2026)","Ali et al (2026)",70,-0.0351929271867634,0.000119545726240287,0.131208197349203,FALSE,-0.0282100828468845,0.0418242688287909,FALSE,FALSE,0.00100990161679615
"Ali et al (2026)","Ali et al (2026)",71,-0.0284962428097862,0.000132117849121416,0.168687674917642,FALSE,-0.0282100828468845,0.0418242688287909,FALSE,FALSE,0.00100672028684349
"Ali et al (2026)","Ali et al (2026)",72,-0.0285698191956489,0.000128617363344051,0.168284821678874,FALSE,-0.0282100828468845,0.0418242688287909,FALSE,FALSE,0.00100759211615031
"Ali et al (2026)","Ali et al (2026)",73,-0.0253244076758331,0.000143802128271498,0.186417584879737,FALSE,-0.0282100828468845,0.0418242688287909,FALSE,FALSE,0.00100388136417353
"Ali et al (2026)","Ali et al (2026)",74,-0.0558333774692596,0.0001478633742422,0.0155813475832854,FALSE,-0.0282100828468845,0.0418242688287909,FALSE,FALSE,0.00100291854443374
"Ali et al (2026)","Ali et al (2026)",75,-0.0502800009444105,0.000159540523292916,0.0466673930711789,FALSE,-0.0282100828468845,0.0418242688287909,FALSE,FALSE,0.00100021287287467
"Almutairi (2026)","Almutairi (2026)",76,-0.224707214119978,0.00202020202020202,-0.903101962987277,FALSE,-0.0282100828468845,0.0418242688287909,TRUE,FALSE,0.000436295558757757
"Almutairi (2026)","Almutairi (2026)",77,-0.154431730480306,0.00202020202020202,-0.520908600184338,FALSE,-0.0282100828468845,0.0418242688287909,TRUE,FALSE,0.000436295558757751
"Almutairi (2026)","Almutairi (2026)",78,0.0997631219830033,0.00202020202020202,0.861530629523135,FALSE,-0.0282100828468845,0.0418242688287909,TRUE,FALSE,0.000436295558757756
"Almutairi (2026)","Almutairi (2026)",79,-0.13181064847087,0.00033500837520938,-0.408342846064563,FALSE,-0.0282100828468845,0.0418242688287909,FALSE,FALSE,0.000851366918901892
"Almutairi (2026)","Almutairi (2026)",80,0.0810193732406617,0.00033500837520938,0.779614944341039,FALSE,-0.0282100828468845,0.0418242688287909,FALSE,FALSE,0.000851366918901891
"Almutairi (2026)","Almutairi (2026)",81,-0.144682568587569,0.00202020202020202,-0.467887763111196,FALSE,-0.0282100828468845,0.0418242688287909,FALSE,FALSE,0.000436295558757757
"Almutairi (2026)","Almutairi (2026)",82,0.0841454811037342,0.00202020202020202,0.776594057370868,FALSE,-0.0282100828468845,0.0418242688287909,FALSE,FALSE,0.000436295558757758
"Almutairi (2026)","Almutairi (2026)",83,-0.106449199247615,0.00202020202020202,-0.259955505053072,FALSE,-0.0282100828468845,0.0418242688287909,FALSE,FALSE,0.000436295558757757
"Almutairi (2026)","Almutairi (2026)",84,-0.101992322946325,0.00202020202020202,-0.235716774090783,FALSE,-0.0282100828468845,0.0418242688287909,FALSE,FALSE,0.000436295558757758
"Almutairi (2026)","Almutairi (2026)",85,-0.0886099193480117,0.00202020202020202,-0.162936544503888,FALSE,-0.0282100828468845,0.0418242688287909,FALSE,FALSE,0.000436295558757758
"Almutairi (2026)","Almutairi (2026)",86,-0.0832523898111095,0.00202020202020202,-0.133799609061031,FALSE,-0.0282100828468845,0.0418242688287909,FALSE,FALSE,0.000436295558757751
"Almutairi (2026)","Almutairi (2026)",87,-0.0796793690718746,0.00202020202020202,-0.114367728397005,FALSE,-0.0282100828468845,0.0418242688287909,FALSE,FALSE,0.000436295558757755
"Almutairi (2026)","Almutairi (2026)",88,0.0823592322634702,0.00202020202020202,0.766879539366784,FALSE,-0.0282100828468845,0.0418242688287909,FALSE,FALSE,0.000436295558757754
"Almutairi (2026)","Almutairi (2026)",89,-0.0939649133698911,0.00033500837520938,-0.197098513684743,FALSE,-0.0282100828468845,0.0418242688287909,FALSE,FALSE,0.000851366918901894
"Almutairi (2026)","Almutairi (2026)",90,-0.0993172221389884,0.00033500837520938,-0.226973607657733,FALSE,-0.0282100828468845,0.0418242688287909,FALSE,FALSE,0.000851366918901892
"Almutairi (2026)","Almutairi (2026)",91,-0.0970874293942832,0.00033500837520938,-0.214527526786431,FALSE,-0.0282100828468845,0.0418242688287909,FALSE,FALSE,0.000851366918901894
"Altavilla et al (2024)","Altavilla et al (2024)",92,-0.0490178096457391,3.25873013803981e-06,0.0539584139375262,FALSE,-0.0282100828468845,0.0418242688287909,FALSE,FALSE,0.000117918244981291
"Altavilla et al (2024)","Altavilla et al (2024)",93,-0.0761289875227934,3.25873013803981e-06,-0.098033701434183,FALSE,-0.0282100828468845,0.0418242688287909,FALSE,FALSE,0.000117918244981304
"Altavilla et al (2024)","Altavilla et al (2024)",94,-0.00584192942772942,3.25961178023697e-06,0.296013306770295,FALSE,-0.0282100828468845,0.0418242688287909,FALSE,FALSE,0.000117918020532561
"Altavilla et al (2024)","Altavilla et al (2024)",95,-0.0473925820183118,3.25961178023697e-06,0.0630698499406954,FALSE,-0.0282100828468845,0.0418242688287909,FALSE,FALSE,0.000117918020532555
"Altavilla et al (2024)","Altavilla et al (2024)",96,-0.00882280464849075,3.25961178023697e-06,0.279301767119069,FALSE,-0.0282100828468845,0.0418242688287909,FALSE,FALSE,0.000117918020532549
"Altavilla et al (2024)","Altavilla et al (2024)",97,-0.0472707890209194,3.25961178023697e-06,0.0637526522569377,FALSE,-0.0282100828468845,0.0418242688287909,FALSE,FALSE,0.000117918020532562
"Altavilla et al (2024)","Altavilla et al (2024)",98,-0.00509608214649144,3.27441568052181e-06,0.300194644865812,FALSE,-0.0282100828468845,0.0418242688287909,FALSE,FALSE,0.000117914256206791
"Altavilla et al (2024)","Altavilla et al (2024)",99,-0.0431962376512852,3.27441568052181e-06,0.0865955970148363,FALSE,-0.0282100828468845,0.0418242688287909,FALSE,FALSE,0.000117914256206786
"Altavilla et al (2024)","Altavilla et al (2024)",100,-0.0137703626154951,3.27441568052181e-06,0.251564448363376,FALSE,-0.0282100828468845,0.0418242688287909,FALSE,FALSE,0.000117914256206788
"Altavilla et al (2024)","Altavilla et al (2024)",101,-0.0435716933520189,3.27441568052181e-06,0.0844906979895075,FALSE,-0.0282100828468845,0.0418242688287909,FALSE,FALSE,0.000117914256206783
"Altavilla et al (2024)","Altavilla et al (2024)",102,-0.00356767980453545,3.25880447499031e-06,0.30876332872124,FALSE,-0.0282100828468845,0.0418242688287909,FALSE,FALSE,0.000117918226055396
"Altavilla et al (2024)","Altavilla et al (2024)",103,-0.0183165182692409,3.25880447499031e-06,0.226077612702891,FALSE,-0.0282100828468845,0.0418242688287909,FALSE,FALSE,0.000117918226055409
"Altavilla et al (2024)","Altavilla et al (2024)",104,-0.00773267567081786,3.25880447499031e-06,0.285413309244035,FALSE,-0.0282100828468845,0.0418242688287909,FALSE,FALSE,0.000117918226055412
"Altavilla et al (2024)","Altavilla et al (2024)",105,-0.018210817107998,3.25880447499031e-06,0.22667020012747,FALSE,-0.0282100828468845,0.0418242688287909,FALSE,FALSE,0.000117918226055412
"Altavilla et al (2024)","Altavilla et al (2024)",106,-0.0102374541724614,3.25873013803981e-06,0.271370888230611,FALSE,-0.0282100828468845,0.0418242688287909,FALSE,FALSE,0.000117918244981294
"Altavilla et al (2024)","Altavilla et al (2024)",107,-0.0616887791091197,3.25873013803981e-06,-0.017078243388216,FALSE,-0.0282100828468845,0.0418242688287909,FALSE,FALSE,0.000117918244981299
"Altavilla et al (2024)","Altavilla et al (2024)",108,-0.00623038747349315,3.25961178023697e-06,0.293835512815887,FALSE,-0.0282100828468845,0.0418242688287909,FALSE,FALSE,0.00011791802053256
"Altavilla et al (2024)","Altavilla et al (2024)",109,-0.0399522742216566,3.25961178023697e-06,0.104782095356112,FALSE,-0.0282100828468845,0.0418242688287909,FALSE,FALSE,0.000117918020532563
"Altavilla et al (2024)","Altavilla et al (2024)",110,-0.0121878263875918,3.27441568052181e-06,0.260436544211575,FALSE,-0.0282100828468845,0.0418242688287909,FALSE,FALSE,0.000117914256206795
"Altavilla et al (2024)","Altavilla et al (2024)",111,-0.0409898599420789,3.27441568052181e-06,0.098965105003506,FALSE,-0.0282100828468845,0.0418242688287909,FALSE,FALSE,0.000117914256206793
"Altavilla et al (2024)","Altavilla et al (2024)",112,-0.00742835883341827,3.25880447499031e-06,0.287119386346787,FALSE,-0.0282100828468845,0.0418242688287909,FALSE,FALSE,0.00011791822605541
"Altavilla et al (2024)","Altavilla et al (2024)",113,-0.0126361133139475,3.25880447499031e-06,0.257923398533863,FALSE,-0.0282100828468845,0.0418242688287909,FALSE,FALSE,0.000117918226055409
"Altavilla et al (2024)","Altavilla et al (2024)",114,-0.0120501617521398,3.25873013803981e-06,0.261208391387608,FALSE,-0.0282100828468845,0.0418242688287909,FALSE,FALSE,0.000117918244981297
"Altavilla et al (2024)","Altavilla et al (2024)",115,-0.0737166336624573,3.25873013803981e-06,-0.0845094359846939,FALSE,-0.0282100828468845,0.0418242688287909,FALSE,FALSE,0.000117918244981296
"Altavilla et al (2024)","Altavilla et al (2024)",116,-0.00867003866593833,3.25961178023697e-06,0.280158211815916,FALSE,-0.0282100828468845,0.0418242688287909,FALSE,FALSE,0.00011791802053257
"Altavilla et al (2024)","Altavilla et al (2024)",117,-0.0477563183507936,3.25961178023697e-06,0.0610306521572645,FALSE,-0.0282100828468845,0.0418242688287909,FALSE,FALSE,0.000117918020532572
"Altavilla et al (2024)","Altavilla et al (2024)",118,-0.0136936950233787,3.27441568052181e-06,0.251994266154409,FALSE,-0.0282100828468845,0.0418242688287909,FALSE,FALSE,0.000117914256206802
"Altavilla et al (2024)","Altavilla et al (2024)",119,-0.0436836317441816,3.27441568052181e-06,0.0838631432284536,FALSE,-0.0282100828468845,0.0418242688287909,FALSE,FALSE,0.000117914256206797
"Altavilla et al (2024)","Altavilla et al (2024)",120,-0.00768777135669985,3.25880447499031e-06,0.285665054177987,FALSE,-0.0282100828468845,0.0418242688287909,FALSE,FALSE,0.000117918226055414
"Altavilla et al (2024)","Altavilla et al (2024)",121,-0.0185288595379828,3.25880447499031e-06,0.224887173883712,FALSE,-0.0282100828468845,0.0418242688287909,FALSE,FALSE,0.000117918226055404
"Altavilla et al (2024)","Altavilla et al (2024)",122,-0.0173887598882185,3.25873013803981e-06,0.23127886093704,FALSE,-0.0282100828468845,0.0418242688287909,FALSE,FALSE,0.000117918244981294
"Altavilla et al (2024)","Altavilla et al (2024)",123,-0.0235636252942923,3.25873013803981e-06,0.196661004809178,FALSE,-0.0282100828468845,0.0418242688287909,FALSE,FALSE,0.000117918244981298
"Altavilla et al (2024)","Altavilla et al (2024)",124,-0.00315157990033579,3.25961178023697e-06,0.31109608597875,FALSE,-0.0282100828468845,0.0418242688287909,FALSE,FALSE,0.000117918020532567
"Altavilla et al (2024)","Altavilla et al (2024)",125,-0.0149773288103409,3.25961178023697e-06,0.244797949633237,FALSE,-0.0282100828468845,0.0418242688287909,FALSE,FALSE,0.000117918020532566
"Altavilla et al (2024)","Altavilla et al (2024)",126,-0.00506456308666304,3.25961178023697e-06,0.300371418891789,FALSE,-0.0282100828468845,0.0418242688287909,FALSE,FALSE,0.000117918020532572
"Altavilla et al (2024)","Altavilla et al (2024)",127,-0.0153489389710517,3.25961178023697e-06,0.242714609179312,FALSE,-0.0282100828468845,0.0418242688287909,FALSE,FALSE,0.000117918020532567
"Altavilla et al (2024)","Altavilla et al (2024)",128,-0.00294244200757361,3.27441568052181e-06,0.312268492780386,FALSE,-0.0282100828468845,0.0418242688287909,FALSE,FALSE,0.0001179142562068
"Altavilla et al (2024)","Altavilla et al (2024)",129,-0.0125689422724151,3.27441568052181e-06,0.258299912771609,FALSE,-0.0282100828468845,0.0418242688287909,FALSE,FALSE,0.000117914256206795
"Altavilla et al (2024)","Altavilla et al (2024)",130,-0.00850751068406358,3.27441568052181e-06,0.281069319055912,FALSE,-0.0282100828468845,0.0418242688287909,FALSE,FALSE,0.0001179142562068
"Altavilla et al (2024)","Altavilla et al (2024)",131,-0.0145279827484091,3.27441568052181e-06,0.247317039478055,FALSE,-0.0282100828468845,0.0418242688287909,FALSE,FALSE,0.000117914256206795
"Altavilla et al (2024)","Altavilla et al (2024)",132,-0.002632919080402,3.25880447499031e-06,0.314003833589862,FALSE,-0.0282100828468845,0.0418242688287909,FALSE,FALSE,0.00011791822605542
"Altavilla et al (2024)","Altavilla et al (2024)",133,-0.00827077481461854,3.25880447499031e-06,0.282396589446033,FALSE,-0.0282100828468845,0.0418242688287909,FALSE,FALSE,0.000117918226055414
"Altavilla et al (2024)","Altavilla et al (2024)",134,-0.00579953203865036,3.25880447499031e-06,0.29625100102394,FALSE,-0.0282100828468845,0.0418242688287909,FALSE,FALSE,0.000117918226055417
"Altavilla et al (2024)","Altavilla et al (2024)",135,-0.00819885665215836,3.25880447499031e-06,0.282799780841204,FALSE,-0.0282100828468845,0.0418242688287909,FALSE,FALSE,0.000117918226055419
"Altavilla et al (2024)","Altavilla et al (2024)",136,-0.0647566105013498,3.43172076774457e-06,-0.0342771781789855,FALSE,-0.0282100828468845,0.0418242688287909,FALSE,FALSE,0.00011787476290908
"Altavilla et al (2024)","Altavilla et al (2024)",137,-0.065485612238121,3.43172076774457e-06,-0.0383641348784186,FALSE,-0.0282100828468845,0.0418242688287909,FALSE,FALSE,0.000117874762909082
"Altavilla et al (2024)","Altavilla et al (2024)",138,-0.00401022700086049,3.43175609823059e-06,0.306281460252522,FALSE,-0.0282100828468845,0.0418242688287909,FALSE,FALSE,0.000117874754140234
"Altavilla et al (2024)","Altavilla et al (2024)",139,-0.0503390325083856,3.43175609823059e-06,0.0465511847424261,FALSE,-0.0282100828468845,0.0418242688287909,FALSE,FALSE,0.000117874754140237
"Altavilla et al (2024)","Altavilla et al (2024)",140,-0.00513873506445246,3.43175609823059e-06,0.299954776301552,FALSE,-0.0282100828468845,0.0418242688287909,FALSE,FALSE,0.000117874754140233
"Altavilla et al (2024)","Altavilla et al (2024)",141,-0.0497818954876428,3.43175609823059e-06,0.0496746270653864,FALSE,-0.0282100828468845,0.0418242688287909,FALSE,FALSE,0.000117874754140228
"Altavilla et al (2024)","Altavilla et al (2024)",142,-0.00634904208308437,3.44991754697063e-06,0.293169423913481,FALSE,-0.0282100828468845,0.0418242688287909,FALSE,FALSE,0.000117870252426064
"Altavilla et al (2024)","Altavilla et al (2024)",143,-0.0449372397612589,3.44991754697063e-06,0.0768348951225125,FALSE,-0.0282100828468845,0.0418242688287909,FALSE,FALSE,0.000117870252426068
"Altavilla et al (2024)","Altavilla et al (2024)",144,-0.00890929347965074,3.44991754697063e-06,0.278816051307642,FALSE,-0.0282100828468845,0.0418242688287909,FALSE,FALSE,0.000117870252426071
"Altavilla et al (2024)","Altavilla et al (2024)",145,-0.0419899058555366,3.44991754697063e-06,0.0933583434836343,FALSE,-0.0282100828468845,0.0418242688287909,FALSE,FALSE,0.000117870252426066
"Altavilla et al (2024)","Altavilla et al (2024)",146,-0.000491796299885645,3.43181498399058e-06,0.326006617231105,FALSE,-0.0282100828468845,0.0418242688287909,FALSE,FALSE,0.000117874739525167
"Altavilla et al (2024)","Altavilla et al (2024)",147,-0.0143448215663922,3.43181498399058e-06,0.248343270932405,FALSE,-0.0282100828468845,0.0418242688287909,FALSE,FALSE,0.000117874739525171
"Altavilla et al (2024)","Altavilla et al (2024)",148,-0.0042663652405671,3.43181498399058e-06,0.30484548822651,FALSE,-0.0282100828468845,0.0418242688287909,FALSE,FALSE,0.00011787473952517
"Altavilla et al (2024)","Altavilla et al (2024)",149,-0.0143448215663922,3.43181498399058e-06,0.248343270932405,FALSE,-0.0282100828468845,0.0418242688287909,FALSE,FALSE,0.00011787473952517
"Altavilla et al (2024)","Altavilla et al (2024)",150,-0.000122715981220032,3.25873013803981e-06,0.328076666972114,FALSE,-0.0282100828468845,0.0418242688287909,FALSE,FALSE,0.000117918244981293
"Altavilla et al (2024)","Altavilla et al (2024)",151,-0.0647772944599436,3.25873013803981e-06,-0.0343932410492739,FALSE,-0.0282100828468845,0.0418242688287909,FALSE,FALSE,0.0001179182449813
"Altavilla et al (2024)","Altavilla et al (2024)",152,-0.00117005768667642,3.25961178023697e-06,0.322205000170366,FALSE,-0.0282100828468845,0.0418242688287909,FALSE,FALSE,0.000117918020532564
"Altavilla et al (2024)","Altavilla et al (2024)",153,-0.0394998771006982,3.25961178023697e-06,0.107318347921245,FALSE,-0.0282100828468845,0.0418242688287909,FALSE,FALSE,0.000117918020532566
"Altavilla et al (2024)","Altavilla et al (2024)",154,-0.0201044875309816,3.27441568052181e-06,0.216053752068532,FALSE,-0.0282100828468845,0.0418242688287909,FALSE,FALSE,0.000117914256206798
"Altavilla et al (2024)","Altavilla et al (2024)",155,-0.0447948718923005,3.27441568052181e-06,0.077633251659058,FALSE,-0.0282100828468845,0.0418242688287909,FALSE,FALSE,0.000117914256206793
"Altavilla et al (2024)","Altavilla et al (2024)",156,-0.00136859843173686,3.25880447499031e-06,0.321091934687575,FALSE,-0.0282100828468845,0.0418242688287909,FALSE,FALSE,0.000117918226055417
"Altavilla et al (2024)","Altavilla et al (2024)",157,-0.0143289783188347,3.25880447499031e-06,0.248432769465922,FALSE,-0.0282100828468845,0.0418242688287909,FALSE,FALSE,0.00011791822605542
"Altavilla et al (2024)","Altavilla et al (2024)",158,-0.00489254200870159,3.25873013803981e-06,0.301335816716192,FALSE,-0.0282100828468845,0.0418242688287909,FALSE,FALSE,0.000117918244981298
"Altavilla et al (2024)","Altavilla et al (2024)",159,-0.0711485002506478,3.25873013803981e-06,-0.0701118309972674,FALSE,-0.0282100828468845,0.0418242688287909,FALSE,FALSE,0.000117918244981298
"Altavilla et al (2024)","Altavilla et al (2024)",160,-0.0023792474758316,3.25961178023697e-06,0.3154259766921,FALSE,-0.0282100828468845,0.0418242688287909,FALSE,FALSE,0.000117918020532566
"Altavilla et al (2024)","Altavilla et al (2024)",161,-0.045808839494527,3.25961178023697e-06,0.0719487106857633,FALSE,-0.0282100828468845,0.0418242688287909,FALSE,FALSE,0.000117918020532566
"Altavilla et al (2024)","Altavilla et al (2024)",162,-0.0117395804675888,3.27441568052181e-06,0.262949523501218,FALSE,-0.0282100828468845,0.0418242688287909,FALSE,FALSE,0.000117914256206792
"Altavilla et al (2024)","Altavilla et al (2024)",163,-0.043370750589013,3.27441568052181e-06,0.0856172336238618,FALSE,-0.0282100828468845,0.0418242688287909,FALSE,FALSE,0.000117914256206791
"Altavilla et al (2024)","Altavilla et al (2024)",164,-0.00451749290939717,3.25880447499031e-06,0.303438436401954,FALSE,-0.0282100828468845,0.0418242688287909,FALSE,FALSE,0.000117918226055412
"Altavilla et al (2024)","Altavilla et al (2024)",165,-0.0185288595379828,3.25880447499031e-06,0.224887173883712,FALSE,-0.0282100828468845,0.0418242688287909,FALSE,FALSE,0.000117918226055405
"Altavilla et al (2024)","Altavilla et al (2024)",166,-0.000835845107351579,4.93897891549901e-06,0.32407008081611,FALSE,-0.0282100828468845,0.0418242688287909,FALSE,FALSE,0.000117534100418794
"Altavilla et al (2024)","Altavilla et al (2024)",167,-0.0491932482620612,4.93897891549901e-06,0.0529735184120456,FALSE,-0.0282100828468845,0.0418242688287909,FALSE,FALSE,0.0001175341004188
"Altavilla et al (2024)","Altavilla et al (2024)",168,-0.0132938236538497,4.87778704557316e-06,0.254229620323057,FALSE,-0.0282100828468845,0.0418242688287909,FALSE,FALSE,0.000117546838084152
"Altavilla et al (2024)","Altavilla et al (2024)",169,-0.0169880683293891,4.87778704557316e-06,0.233519285554708,FALSE,-0.0282100828468845,0.0418242688287909,FALSE,FALSE,0.000117546838084161
"Altavilla et al (2024)","Altavilla et al (2024)",170,-0.000820414790698966,4.93897891549901e-06,0.324156584754048,FALSE,-0.0282100828468845,0.0418242688287909,FALSE,FALSE,0.000117534100418796
"Altavilla et al (2024)","Altavilla et al (2024)",171,-0.0492217352524645,4.93897891549901e-06,0.0528138174217573,FALSE,-0.0282100828468845,0.0418242688287909,FALSE,FALSE,0.000117534100418791
"Altavilla et al (2024)","Altavilla et al (2024)",172,-0.0132938236538497,4.87778704557316e-06,0.254229620323057,FALSE,-0.0282100828468845,0.0418242688287909,FALSE,FALSE,0.000117546838084157
"Altavilla et al (2024)","Altavilla et al (2024)",173,-0.0174453936143537,4.87778704557316e-06,0.230955470598877,FALSE,-0.0282100828468845,0.0418242688287909,FALSE,FALSE,0.000117546838084166
"Apergis et al (2022)","Apergis et al (2022)",174,-0.0863629386914037,0.000689179875947622,-0.153929310529985,FALSE,-0.0282100828468845,0.0418242688287909,FALSE,FALSE,0.00366395008058923
"Apergis et al (2022)","Apergis et al (2022)",175,-0.0863629386914037,0.000689179875947622,-0.153929310529985,FALSE,-0.0282100828468845,0.0418242688287909,FALSE,FALSE,0.00366395008058923
"Atif, Ali (2021)","Atif, Ali (2021)",176,-0.0578109010171924,0.000491883915395967,0.00440638746242333,FALSE,-0.0282100828468845,0.0418242688287909,FALSE,FALSE,0.00366031352496842
"Atif, Ali (2021)","Atif, Ali (2021)",177,-0.038251541254623,0.000211774671749259,0.114370431087217,FALSE,-0.0282100828468845,0.0418242688287909,FALSE,FALSE,0.00374646271803458
"Attig et al (2025)","Attig et al (2025)",178,0.0509118321191164,0.00022456770716371,0.61211298611471,FALSE,-0.0282100828468845,0.0418242688287909,FALSE,FALSE,0.000582543639607039
"Attig et al (2025)","Attig et al (2025)",179,0.0465726350882923,0.00022456770716371,0.587858366014862,FALSE,-0.0282100828468845,0.0418242688287909,FALSE,FALSE,0.000582543639607039
"Attig et al (2025)","Attig et al (2025)",180,0.0858826728002594,0.00022456770716371,0.807587966685567,FALSE,-0.0282100828468845,0.0418242688287909,FALSE,FALSE,0.000582543639607043
"Attig et al (2025)","Attig et al (2025)",181,0.0899118407551459,0.00022456770716371,0.830109630802234,FALSE,-0.0282100828468845,0.0418242688287909,FALSE,FALSE,0.00058254363960704
"Attig et al (2025)","Attig et al (2025)",182,0.0825986154602252,0.00022456770716371,0.789231214825069,FALSE,-0.0282100828468845,0.0418242688287909,FALSE,FALSE,0.000582543639607042
"Attig et al (2025)","Attig et al (2025)",183,0.101394222499782,0.00022456770716371,0.894292198470677,FALSE,-0.0282100828468845,0.0418242688287909,TRUE,FALSE,0.000582543639607037
"Attig et al (2025)","Attig et al (2025)",184,0.0316036738793981,0.00022456770716371,0.504187017414646,FALSE,-0.0282100828468845,0.0418242688287909,FALSE,FALSE,0.000582543639607034
"Attig et al (2025)","Attig et al (2025)",185,0.0619797370598307,0.00022456770716371,0.673978770897311,FALSE,-0.0282100828468845,0.0418242688287909,FALSE,FALSE,0.00058254363960704
"Attig et al (2025)","Attig et al (2025)",186,-0.0675109317137844,0.00022456770716371,-0.0498295639786227,FALSE,-0.0282100828468845,0.0418242688287909,FALSE,FALSE,0.000582543639607042
"Attig et al (2025)","Attig et al (2025)",187,-0.0384904777602074,0.00022456770716371,0.112384799823955,FALSE,-0.0282100828468845,0.0418242688287909,FALSE,FALSE,0.000582543639607037
"Attig et al (2025)","Attig et al (2025)",188,-0.0958782848331818,0.00022456770716371,-0.208393318576918,FALSE,-0.0282100828468845,0.0418242688287909,FALSE,FALSE,0.000582543639607041
"Attig et al (2025)","Attig et al (2025)",189,0.112118985148609,0.00022456770716371,0.954239935773343,FALSE,-0.0282100828468845,0.0418242688287909,TRUE,FALSE,0.000582543639607041
"Attig et al (2025)","Attig et al (2025)",190,0.128924591079071,0.00022456770716371,1.04817749714601,FALSE,-0.0282100828468845,0.0418242688287909,TRUE,FALSE,0.000582543639607043
"Attig et al (2025)","Attig et al (2025)",191,-0.0527070864629722,0.00022456770716371,0.0329188431632417,FALSE,-0.0282100828468845,0.0418242688287909,FALSE,FALSE,0.000582543639607042
"Attig et al (2025)","Attig et al (2025)",192,-0.0307052776606195,0.00022456770716371,0.155901392750123,FALSE,-0.0282100828468845,0.0418242688287909,FALSE,FALSE,0.000582543639607043
"Attig et al (2025)","Attig et al (2025)",193,-0.0940886992894729,0.00022456770716371,-0.198390150435324,FALSE,-0.0282100828468845,0.0418242688287909,FALSE,FALSE,0.000582543639607045
"Azmi et al (2021)","Azmi et al (2021)",194,-0.0165804967652528,0.00403225806451613,0.221292005930603,FALSE,-0.0282100828468845,0.0418242688287909,FALSE,FALSE,0.00240190302518836
"Bannier et al (2022)","Bannier et al (2022)",195,-0.0257154415112745,4.80699899053021e-05,0.184385762786058,FALSE,-0.0282100828468845,0.0418242688287909,FALSE,FALSE,0.000740304446598706
"Bannier et al (2022)","Bannier et al (2022)",196,-0.0193609780511792,4.80699899053021e-05,0.220009660196176,FALSE,-0.0282100828468845,0.0418242688287909,FALSE,FALSE,0.000740304446598707
"Bannier et al (2022)","Bannier et al (2022)",197,0.0204718339679988,9.09504320145521e-05,0.443015998669779,FALSE,-0.0282100828468845,0.0418242688287909,FALSE,FALSE,0.000725275924783952
"Bannier et al (2022)","Bannier et al (2022)",198,-0.0294556039385205,8.99199712256092e-05,0.163312150043391,FALSE,-0.0282100828468845,0.0418242688287909,FALSE,FALSE,0.000725591589513943
"Bannier et al (2022)","Bannier et al (2022)",199,-0.0317966210189735,8.99199712256092e-05,0.150196948873331,FALSE,-0.0282100828468845,0.0418242688287909,FALSE,FALSE,0.000725591589513937
"Bannier et al (2022)","Bannier et al (2022)",200,0.0138649702903014,0.000137703112090333,0.405703329027521,FALSE,-0.0282100828468845,0.0418242688287909,FALSE,FALSE,0.000712370533713388
"Bannier et al (2022)","Bannier et al (2022)",201,-0.0376921385407247,0.000103316458311809,0.117144172774103,FALSE,-0.0282100828468845,0.0418242688287909,FALSE,FALSE,0.00072161013306293
"Bannier et al (2022)","Bannier et al (2022)",202,-0.0283797056545132,0.000103316458311809,0.169304520839121,FALSE,-0.0282100828468845,0.0418242688287909,FALSE,FALSE,0.000721610133062931
"Bannier et al (2022)","Bannier et al (2022)",203,0.0352841782198382,0.000268096514745308,0.524532762443506,FALSE,-0.0282100828468845,0.0418242688287909,FALSE,FALSE,0.000684539305924124
"Bannier et al (2022)","Bannier et al (2022)",204,0.00174775681002537,0.000149745432764301,0.337806260680599,FALSE,-0.0282100828468845,0.0418242688287909,FALSE,FALSE,0.000709394310440435
"Bannier et al (2022)","Bannier et al (2022)",205,-0.014153151205909,0.000167084377610693,0.248741295375327,FALSE,-0.0282100828468845,0.0418242688287909,FALSE,FALSE,0.000705296460542138
"Bannier et al (2022)","Bannier et al (2022)",206,0.0236886190223083,0.000289100896212778,0.459602578477373,FALSE,-0.0282100828468845,0.0418242688287909,FALSE,FALSE,0.000680707158442306
"Bannier et al (2022)","Bannier et al (2022)",207,0.0349054234640868,0.000314465408805031,0.52203751077281,FALSE,-0.0282100828468845,0.0418242688287909,FALSE,FALSE,0.000676245003762641
"Bauer, Hann (2010)","Bauer, Hann (2010)",208,-0.0447359734745185,0.000472589792060492,0.077406346744408,FALSE,-0.0282100828468845,0.0418242688287909,FALSE,FALSE,6.56198191970284e-05
"Bauer, Hann (2010)","Bauer, Hann (2010)",209,-0.0631740433017488,0.000472589792060492,-0.0252027702677454,FALSE,-0.0282100828468845,0.0418242688287909,FALSE,FALSE,6.56198191970317e-05
"Bauer, Hann (2010)","Bauer, Hann (2010)",210,-0.105138172299325,0.000484261501210654,-0.258688377956633,FALSE,-0.0282100828468845,0.0418242688287909,FALSE,FALSE,6.33997159416331e-05
"Bauer, Hann (2010)","Bauer, Hann (2010)",211,-0.0667998332458573,0.000484261501210654,-0.0453719266770002,FALSE,-0.0282100828468845,0.0418242688287909,FALSE,FALSE,6.33997159416284e-05
"Bauer, Hann (2010)","Bauer, Hann (2010)",212,-0.0407492219214117,0.000446627958910228,0.0996327339028841,FALSE,-0.0282100828468845,0.0418242688287909,FALSE,FALSE,7.06637025404257e-05
"Bauer, Hann (2010)","Bauer, Hann (2010)",213,-0.0460241078303427,0.000446627958910228,0.0702656778067362,FALSE,-0.0282100828468845,0.0418242688287909,FALSE,FALSE,7.06637025404169e-05
"Bauer, Hann (2010)","Bauer, Hann (2010)",214,-0.0184701111408004,0.000155836060464391,0.224687107862249,FALSE,-0.0282100828468845,0.0418242688287909,FALSE,FALSE,0.000143288439039933
"Bauer, Hann (2010)","Bauer, Hann (2010)",215,-0.0260813181061611,0.000155836060464391,0.182117600793515,FALSE,-0.0282100828468845,0.0418242688287909,FALSE,FALSE,0.000143288439039938
"Bauer, Hann (2010)","Bauer, Hann (2010)",216,-0.088166322913129,0.000648508430609598,-0.163831703916814,FALSE,-0.0282100828468845,0.0418242688287909,FALSE,FALSE,3.475041721475e-05
"Bauer, Hann (2010)","Bauer, Hann (2010)",217,0.000763232702871926,0.000648508430609598,0.329709526264154,FALSE,-0.0282100828468845,0.0418242688287909,FALSE,FALSE,3.47504172147557e-05
"Bauer, Hann (2010)","Bauer, Hann (2010)",218,-0.0368812225274461,0.000648508430609598,0.120790336067272,FALSE,-0.0282100828468845,0.0418242688287909,FALSE,FALSE,3.47504172147525e-05
"Bauer, Hann (2010)","Bauer, Hann (2010)",219,-0.0666064026795564,0.000648508430609598,-0.0441784628657995,FALSE,-0.0282100828468845,0.0418242688287909,FALSE,FALSE,3.47504172147524e-05
"Bauer, Hann (2010)","Bauer, Hann (2010)",220,-0.0508602550360696,0.000648508430609598,0.0432095042138354,FALSE,-0.0282100828468845,0.0418242688287909,FALSE,FALSE,3.47504172147511e-05
"Bauer, Hann (2010)","Bauer, Hann (2010)",221,-0.0109394516116799,0.000648508430609598,0.264761971168262,FALSE,-0.0282100828468845,0.0418242688287909,FALSE,FALSE,3.47504172147607e-05
"Bauer, Hann (2010)","Bauer, Hann (2010)",222,-0.0546711102562874,0.000648508430609598,0.0220600206658769,FALSE,-0.0282100828468845,0.0418242688287909,FALSE,FALSE,3.47504172147533e-05
"Bauer, Hann (2010)","Bauer, Hann (2010)",223,-0.062544303040589,0.000648508430609598,-0.0216346230923225,FALSE,-0.0282100828468845,0.0418242688287909,FALSE,FALSE,3.47504172147558e-05
"Bauer, Hann (2010)","Bauer, Hann (2010)",224,-0.0561952333721893,0.000648508430609598,0.0136014424984841,FALSE,-0.0282100828468845,0.0418242688287909,FALSE,FALSE,3.47504172147474e-05
"Bauer, Hann (2010)","Bauer, Hann (2010)",225,-0.0726974743921864,0.000648508430609598,-0.0779826914526672,FALSE,-0.0282100828468845,0.0418242688287909,FALSE,FALSE,3.47504172147449e-05
"Bauer, Hann (2010)","Bauer, Hann (2010)",226,-0.102854975969763,0.000648508430609598,-0.245350787747346,FALSE,-0.0282100828468845,0.0418242688287909,FALSE,FALSE,3.47504172147626e-05
"Bauer, Hann (2010)","Bauer, Hann (2010)",227,-0.00366616966281945,0.000598444045481747,0.305364242596086,FALSE,-0.0282100828468845,0.0418242688287909,FALSE,FALSE,4.30248386493412e-05
"Bauer, Hann (2010)","Bauer, Hann (2010)",228,-0.0166192413217115,0.000598444045481747,0.23342120453694,FALSE,-0.0282100828468845,0.0418242688287909,FALSE,FALSE,4.30248386493472e-05
"Bauer, Hann (2010)","Bauer, Hann (2010)",229,0.000977647277737415,0.000598444045481747,0.331156603488712,FALSE,-0.0282100828468845,0.0418242688287909,FALSE,FALSE,4.30248386493421e-05
"Bauer, Hann (2010)","Bauer, Hann (2010)",230,-0.0508157939126979,0.000598444045481747,0.043489121295815,FALSE,-0.0282100828468845,0.0418242688287909,FALSE,FALSE,4.30248386493406e-05
"Bauer, Hann (2010)","Bauer, Hann (2010)",231,-0.0459332754948354,0.000598444045481747,0.0706072611170855,FALSE,-0.0282100828468845,0.0418242688287909,FALSE,FALSE,4.30248386493486e-05
"Bauer, Hann (2010)","Bauer, Hann (2010)",232,-0.0334781705912955,0.000598444045481747,0.139784527305596,FALSE,-0.0282100828468845,0.0418242688287909,FALSE,FALSE,4.30248386493471e-05
"Bauer, Hann (2010)","Bauer, Hann (2010)",233,-0.047642287358005,0.000598444045481747,0.0611151878271845,FALSE,-0.0282100828468845,0.0418242688287909,FALSE,FALSE,4.30248386493432e-05
"Bauer, Hann (2010)","Bauer, Hann (2010)",234,-0.0388517105887902,0.000598444045481747,0.109939190019384,FALSE,-0.0282100828468845,0.0418242688287909,FALSE,FALSE,4.30248386493441e-05
"Bauer, Hann (2010)","Bauer, Hann (2010)",235,-0.0327453368044728,0.000598444045481747,0.143854781095957,FALSE,-0.0282100828468845,0.0418242688287909,FALSE,FALSE,4.30248386493379e-05
"Bauer, Hann (2010)","Bauer, Hann (2010)",236,-0.0422706621074335,0.000598444045481747,0.0909498903609301,FALSE,-0.0282100828468845,0.0418242688287909,FALSE,FALSE,4.30248386493324e-05
"Bauer, Hann (2010)","Bauer, Hann (2010)",237,-0.0180854915876556,0.000598444045481747,0.225277460607705,FALSE,-0.0282100828468845,0.0418242688287909,FALSE,FALSE,4.30248386493304e-05
"Bauer, Hann (2010)","Bauer, Hann (2010)",238,-0.056061384247282,0.00018910741301059,0.0144333141640326,FALSE,-0.0282100828468845,0.0418242688287909,FALSE,FALSE,0.000132594045925015
"Bauer, Hann (2010)","Bauer, Hann (2010)",239,-0.0116853079319465,0.00018910741301059,0.262497132790884,FALSE,-0.0282100828468845,0.0418242688287909,FALSE,FALSE,0.00013259404592502
"Bauer, Hann (2010)","Bauer, Hann (2010)",240,0.023643899390259,0.00018910741301059,0.459988637337837,FALSE,-0.0282100828468845,0.0418242688287909,FALSE,FALSE,0.000132594045925017
"Bauer, Hann (2010)","Bauer, Hann (2010)",241,-0.00577401617904189,0.00018910741301059,0.295541460433168,FALSE,-0.0282100828468845,0.0418242688287909,FALSE,FALSE,0.000132594045925015
"Bauer, Hann (2010)","Bauer, Hann (2010)",242,0.00989820682085713,0.00018910741301059,0.38314973512831,FALSE,-0.0282100828468845,0.0418242688287909,FALSE,FALSE,0.00013259404592502
"Bauer, Hann (2010)","Bauer, Hann (2010)",243,-0.0261177251154598,0.00018910741301059,0.181819415970732,FALSE,-0.0282100828468845,0.0418242688287909,FALSE,FALSE,0.000132594045925019
"Bauer, Hann (2010)","Bauer, Hann (2010)",244,-0.042742436949739,0.00018910741301059,0.0888866953787327,FALSE,-0.0282100828468845,0.0418242688287909,FALSE,FALSE,0.000132594045925022
"Bauer, Hann (2010)","Bauer, Hann (2010)",245,-0.0320267448049366,0.00018910741301059,0.148787789242473,FALSE,-0.0282100828468845,0.0418242688287909,FALSE,FALSE,0.000132594045925024
"Bauer, Hann (2010)","Bauer, Hann (2010)",246,0.000137477339154308,0.00018910741301059,0.328586915950488,FALSE,-0.0282100828468845,0.0418242688287909,FALSE,FALSE,0.000132594045925025
"Bauer, Hann (2010)","Bauer, Hann (2010)",247,-0.0277668544266116,0.00018910741301059,0.172600725444179,FALSE,-0.0282100828468845,0.0418242688287909,FALSE,FALSE,0.000132594045925027
"Bauer, Hann (2010)","Bauer, Hann (2010)",248,0.00811107409807912,0.00018910741301059,0.373159600704188,FALSE,-0.0282100828468845,0.0418242688287909,FALSE,FALSE,0.000132594045925015
"Bauer, Hann (2010)","Bauer, Hann (2010)",249,-0.0931029299712256,0.000484261501210654,-0.191723682899289,FALSE,-0.0282100828468845,0.0418242688287909,FALSE,FALSE,6.33997159416238e-05
"Bauer, Hann (2010)","Bauer, Hann (2010)",250,-0.0663610067600602,0.000484261501210654,-0.0429302739870603,FALSE,-0.0282100828468845,0.0418242688287909,FALSE,FALSE,6.33997159416297e-05
"Bauer, Hann (2010)","Bauer, Hann (2010)",251,-0.024111011067158,0.000472589792060492,0.192185670223412,FALSE,-0.0282100828468845,0.0418242688287909,FALSE,FALSE,6.56198191970338e-05
"Bauer, Hann (2010)","Bauer, Hann (2010)",252,-0.0560179374987165,0.000472589792060492,0.0146214469401896,FALSE,-0.0282100828468845,0.0418242688287909,FALSE,FALSE,6.56198191970296e-05
"Bauer, Hann (2010)","Bauer, Hann (2010)",253,-0.0255517299811596,0.000446627958910228,0.184242260257661,FALSE,-0.0282100828468845,0.0418242688287909,FALSE,FALSE,7.06637025404163e-05
"Bauer, Hann (2010)","Bauer, Hann (2010)",254,-0.0363174358221791,0.000446627958910228,0.124305971055167,FALSE,-0.0282100828468845,0.0418242688287909,FALSE,FALSE,7.06637025404215e-05
"Bauer, Hann (2010)","Bauer, Hann (2010)",255,-0.000374415423476465,0.000155836060464391,0.325896397040444,FALSE,-0.0282100828468845,0.0418242688287909,FALSE,FALSE,0.000143288439039954
"Bauer, Hann (2010)","Bauer, Hann (2010)",256,-0.0148512662060713,0.000155836060464391,0.244927320187405,FALSE,-0.0282100828468845,0.0418242688287909,FALSE,FALSE,0.000143288439039952
"Bauer, Hann (2010)","Bauer, Hann (2010)",257,-0.101857265414397,0.000484261501210654,-0.2404332466455,FALSE,-0.0282100828468845,0.0418242688287909,FALSE,FALSE,6.33997159416301e-05
"Bauer, Hann (2010)","Bauer, Hann (2010)",258,-0.0727226997203039,0.000484261501210654,-0.0783270543357663,FALSE,-0.0282100828468845,0.0418242688287909,FALSE,FALSE,6.33997159416358e-05
"Bauer, Hann (2010)","Bauer, Hann (2010)",259,-0.026934176285008,0.000472589792060492,0.176474563101169,FALSE,-0.0282100828468845,0.0418242688287909,FALSE,FALSE,6.56198191970301e-05
"Bauer, Hann (2010)","Bauer, Hann (2010)",260,-0.0501607931542881,0.000472589792060492,0.0472168549750883,FALSE,-0.0282100828468845,0.0418242688287909,FALSE,FALSE,6.56198191970329e-05
"Bauer, Hann (2010)","Bauer, Hann (2010)",261,-0.0371616431862766,0.000446627958910228,0.11960598598511,FALSE,-0.0282100828468845,0.0418242688287909,FALSE,FALSE,7.06637025404217e-05
"Bauer, Hann (2010)","Bauer, Hann (2010)",262,-0.0358953224005441,0.000446627958910228,0.126656017813734,FALSE,-0.0282100828468845,0.0418242688287909,FALSE,FALSE,7.06637025404169e-05
"Bauer, Hann (2010)","Bauer, Hann (2010)",263,-0.0159743790404772,0.000155836060464391,0.238645746192529,FALSE,-0.0282100828468845,0.0418242688287909,FALSE,FALSE,0.000143288439039951
"Bauer, Hann (2010)","Bauer, Hann (2010)",264,-0.0225878102772103,0.000155836060464391,0.201656802249477,FALSE,-0.0282100828468845,0.0418242688287909,FALSE,FALSE,0.000143288439039952
"Bauer, Hann (2010)","Bauer, Hann (2010)",265,-0.0858826728002594,0.0009000900090009,-0.150565928909733,FALSE,-0.0282100828468845,0.0418242688287909,FALSE,FALSE,-2.3377659469453e-06
"Bauer, Hann (2010)","Bauer, Hann (2010)",266,0.00868860268667758,0.0009000900090009,0.372244604171713,FALSE,-0.0282100828468845,0.0418242688287909,FALSE,FALSE,-2.33776594694596e-06
"Bauer, Hann (2010)","Bauer, Hann (2010)",267,-0.0370191827815096,0.000838926174496644,0.119674097304694,FALSE,-0.0282100828468845,0.0418242688287909,FALSE,FALSE,6.09090390151723e-06
"Bauer, Hann (2010)","Bauer, Hann (2010)",268,-0.0410659932806504,0.000838926174496644,0.0972813220785126,FALSE,-0.0282100828468845,0.0418242688287909,FALSE,FALSE,6.09090390150349e-06
"Bauer, Hann (2010)","Bauer, Hann (2010)",269,-0.01473051863388,0.000431034482758621,0.24454697703817,FALSE,-0.0282100828468845,0.0418242688287909,FALSE,FALSE,7.37673393397257e-05
"Bauer, Hann (2010)","Bauer, Hann (2010)",270,-0.0180497448143855,0.000431034482758621,0.226063208994193,FALSE,-0.0282100828468845,0.0418242688287909,FALSE,FALSE,7.37673393397242e-05
"Bauer, Hann (2010)","Bauer, Hann (2010)",271,-0.0550117810121476,0.0010515247108307,0.0200501745837809,FALSE,-0.0282100828468845,0.0418242688287909,FALSE,FALSE,-2.19117238540124e-05
"Bauer, Hann (2010)","Bauer, Hann (2010)",272,-0.12882440148469,0.0010515247108307,-0.387052985434641,FALSE,-0.0282100828468845,0.0418242688287909,FALSE,FALSE,-2.19117238540085e-05
"Bauer, Hann (2010)","Bauer, Hann (2010)",273,-0.0302821259669944,0.000957854406130268,0.156667274070428,FALSE,-0.0282100828468845,0.0418242688287909,FALSE,FALSE,-1.00087250657918e-05
"Bauer, Hann (2010)","Bauer, Hann (2010)",274,-0.072254465861529,0.000957854406130268,-0.0751585960635657,FALSE,-0.0282100828468845,0.0418242688287909,FALSE,FALSE,-1.00087250657888e-05
"Bauer, Hann (2010)","Bauer, Hann (2010)",275,-0.0120294914797089,0.000244259892525647,0.260347565939757,FALSE,-0.0282100828468845,0.0418242688287909,FALSE,FALSE,0.000116784875958428
"Bauer, Hann (2010)","Bauer, Hann (2010)",276,-0.0602686466228626,0.000244259892525647,-0.00907465755130405,FALSE,-0.0282100828468845,0.0418242688287909,FALSE,FALSE,0.000116784875958423
"Bauer, Hann (2010)","Bauer, Hann (2010)",277,-0.118250187569018,0.000484261501210654,-0.331644291945359,FALSE,-0.0282100828468845,0.0418242688287909,FALSE,FALSE,6.33997159416402e-05
"Bauer, Hann (2010)","Bauer, Hann (2010)",278,-0.05382854831212,0.000446627958910228,0.0268157444083005,FALSE,-0.0282100828468845,0.0418242688287909,FALSE,FALSE,7.06637025404176e-05
"Bauer, Hann (2010)","Bauer, Hann (2010)",279,-0.0355619699911335,0.000155836060464391,0.129092281777714,FALSE,-0.0282100828468845,0.0418242688287909,FALSE,FALSE,0.000143288439039938
"Bauer, Hann (2010)","Bauer, Hann (2010)",280,-0.0278302118025394,0.000466200466200466,0.171505069418617,FALSE,-0.0282100828468845,0.0418242688287909,FALSE,FALSE,6.68473686756264e-05
"Bauer, Hann (2010)","Bauer, Hann (2010)",281,-0.0653305928910048,0.000466200466200466,-0.0372080167571552,FALSE,-0.0282100828468845,0.0418242688287909,FALSE,FALSE,6.68473686756344e-05
"Bauer, Hann (2010)","Bauer, Hann (2010)",282,-0.0764294428180174,0.000478468899521531,-0.0989606958408523,FALSE,-0.0282100828468845,0.0418242688287909,FALSE,FALSE,6.44979789101518e-05
"Bauer, Hann (2010)","Bauer, Hann (2010)",283,-0.0664002756861987,0.000478468899521531,-0.0431528389994623,FALSE,-0.0282100828468845,0.0418242688287909,FALSE,FALSE,6.44979789101508e-05
"Bauer, Hann (2010)","Bauer, Hann (2010)",284,-0.0816844178869057,0.000466200466200466,-0.12822728607127,FALSE,-0.0282100828468845,0.0418242688287909,FALSE,FALSE,6.68473686756254e-05
"Bauer, Hann (2010)","Bauer, Hann (2010)",285,-0.0923291616033912,0.000478468899521531,-0.187435563008769,FALSE,-0.0282100828468845,0.0418242688287909,FALSE,FALSE,6.44979789101525e-05
"Bauer, Hann (2010)","Bauer, Hann (2010)",286,-0.0717990412159134,0.00104166666666667,-0.0725486834120518,FALSE,-0.0282100828468845,0.0418242688287909,FALSE,FALSE,-2.06881832142223e-05
"Bauer, Hann (2010)","Bauer, Hann (2010)",287,0.0103116731411117,0.00104166666666667,0.380389930793614,FALSE,-0.0282100828468845,0.0418242688287909,FALSE,FALSE,-2.06881832142305e-05
"Bauer, Hann (2010)","Bauer, Hann (2010)",288,-0.0151449593557079,0.00104166666666667,0.239966212211437,FALSE,-0.0282100828468845,0.0418242688287909,FALSE,FALSE,-2.06881832142338e-05
"Bauer, Hann (2010)","Bauer, Hann (2010)",289,-0.0756554987342039,0.00104166666666667,-0.0938216504999096,FALSE,-0.0282100828468845,0.0418242688287909,FALSE,FALSE,-2.06881832142342e-05
"Bauer, Hann (2010)","Bauer, Hann (2010)",290,-0.0955614018321494,0.00104166666666667,-0.203626469935442,FALSE,-0.0282100828468845,0.0418242688287909,FALSE,FALSE,-2.06881832142293e-05
"Bauer, Hann (2010)","Bauer, Hann (2010)",291,-0.0318968951497986,0.00104166666666667,0.147559287691865,FALSE,-0.0282100828468845,0.0418242688287909,FALSE,FALSE,-2.06881832142278e-05
"Bauer, Hann (2010)","Bauer, Hann (2010)",292,-0.0878599396506572,0.00104166666666667,-0.161143711928064,FALSE,-0.0282100828468845,0.0418242688287909,FALSE,FALSE,-2.0688183214229e-05
"Bauer, Hann (2010)","Bauer, Hann (2010)",293,-0.0917113487911675,0.00104166666666667,-0.182388831185665,FALSE,-0.0282100828468845,0.0418242688287909,FALSE,FALSE,-2.06881832142325e-05
"Bauer, Hann (2010)","Bauer, Hann (2010)",294,-0.0257767850804886,0.00104166666666667,0.18131900096785,FALSE,-0.0282100828468845,0.0418242688287909,FALSE,FALSE,-2.06881832142241e-05
"Bauer, Hann (2010)","Bauer, Hann (2010)",295,-0.0994100431977664,0.00104166666666667,-0.224856321610311,FALSE,-0.0282100828468845,0.0418242688287909,FALSE,FALSE,-2.06881832142193e-05
"Bauer, Hann (2010)","Bauer, Hann (2010)",296,-0.0795108335595687,0.00104166666666667,-0.115088424596002,FALSE,-0.0282100828468845,0.0418242688287909,FALSE,FALSE,-2.06881832142205e-05
"Bauer, Hann (2010)","Bauer, Hann (2010)",297,-0.0149824922180246,0.00101936799184506,0.240944599433594,FALSE,-0.0282100828468845,0.0418242688287909,FALSE,FALSE,-1.78959859330461e-05
"Bauer, Hann (2010)","Bauer, Hann (2010)",298,0.02040103962824,0.00101936799184506,0.436193823300091,FALSE,-0.0282100828468845,0.0418242688287909,FALSE,FALSE,-1.78959859330328e-05
"Bauer, Hann (2010)","Bauer, Hann (2010)",299,-0.00478180712474278,0.00101936799184506,0.297232814415165,FALSE,-0.0282100828468845,0.0418242688287909,FALSE,FALSE,-1.78959859330445e-05
"Bauer, Hann (2010)","Bauer, Hann (2010)",300,-0.0872373165009723,0.00101936799184506,-0.15776343296835,FALSE,-0.0282100828468845,0.0418242688287909,FALSE,FALSE,-1.78959859330458e-05
"Bauer, Hann (2010)","Bauer, Hann (2010)",301,-0.0640326930350527,0.00101936799184506,-0.029718422042924,FALSE,-0.0282100828468845,0.0418242688287909,FALSE,FALSE,-1.78959859330408e-05
"Bauer, Hann (2010)","Bauer, Hann (2010)",302,-0.0242255454574205,0.00101936799184506,0.189940675376779,FALSE,-0.0282100828468845,0.0418242688287909,FALSE,FALSE,-1.78959859330521e-05
"Bauer, Hann (2010)","Bauer, Hann (2010)",303,-0.111662524048233,0.00101936799184506,-0.292543726724817,FALSE,-0.0282100828468845,0.0418242688287909,FALSE,FALSE,-1.78959859330429e-05
"Bauer, Hann (2010)","Bauer, Hann (2010)",304,-0.0869197329722722,0.00101936799184506,-0.156010981071776,FALSE,-0.0282100828468845,0.0418242688287909,FALSE,FALSE,-1.78959859330494e-05
"Bauer, Hann (2010)","Bauer, Hann (2010)",305,0.0251816187457808,0.00101936799184506,0.462573450025532,FALSE,-0.0282100828468845,0.0418242688287909,FALSE,FALSE,-1.78959859330428e-05
"Bauer, Hann (2010)","Bauer, Hann (2010)",306,-0.189812386957764,0.00101936799184506,-0.723781064610006,FALSE,-0.0282100828468845,0.0418242688287909,TRUE,FALSE,-1.78959859330455e-05
"Bauer, Hann (2010)","Bauer, Hann (2010)",307,-0.0321920634603587,0.00101936799184506,0.145980777202952,FALSE,-0.0282100828468845,0.0418242688287909,FALSE,FALSE,-1.7895985933048e-05
"Bauer, Hann (2010)","Bauer, Hann (2010)",308,-0.0134422473843587,0.000598444045481747,0.251066640443391,FALSE,-0.0282100828468845,0.0418242688287909,FALSE,FALSE,4.30248386493374e-05
"Bauer, Hann (2010)","Bauer, Hann (2010)",309,-0.0161304831381631,0.000598444045481747,0.23613583080681,FALSE,-0.0282100828468845,0.0418242688287909,FALSE,FALSE,4.30248386493329e-05
"Bauer, Hann (2010)","Bauer, Hann (2010)",310,0.00562144313558762,0.000598444045481747,0.356948847285254,FALSE,-0.0282100828468845,0.0418242688287909,FALSE,FALSE,4.30248386493375e-05
"Bauer, Hann (2010)","Bauer, Hann (2010)",311,-0.0163748627188563,0.000598444045481747,0.234778514956355,FALSE,-0.0282100828468845,0.0418242688287909,FALSE,FALSE,4.3024838649335e-05
"Bauer, Hann (2010)","Bauer, Hann (2010)",312,-0.0359208178790891,0.000598444045481747,0.126217747825134,FALSE,-0.0282100828468845,0.0418242688287909,FALSE,FALSE,4.30248386493353e-05
"Bauer, Hann (2010)","Bauer, Hann (2010)",313,-0.020284793109124,0.000598444045481747,0.213062255038767,FALSE,-0.0282100828468845,0.0418242688287909,FALSE,FALSE,4.30248386493338e-05
"Bauer, Hann (2010)","Bauer, Hann (2010)",314,-0.0266377422297118,0.000598444045481747,0.177777152600806,FALSE,-0.0282100828468845,0.0418242688287909,FALSE,FALSE,4.3024838649334e-05
"Bauer, Hann (2010)","Bauer, Hann (2010)",315,-0.0505716957706198,0.000598444045481747,0.0448448739997414,FALSE,-0.0282100828468845,0.0418242688287909,FALSE,FALSE,4.30248386493428e-05
"Bauer, Hann (2010)","Bauer, Hann (2010)",316,-0.0163748627188563,0.000598444045481747,0.234778514956355,FALSE,-0.0282100828468845,0.0418242688287909,FALSE,FALSE,4.30248386493429e-05
"Bauer, Hann (2010)","Bauer, Hann (2010)",317,-0.048618803460374,0.000598444045481747,0.0556914908873255,FALSE,-0.0282100828468845,0.0418242688287909,FALSE,FALSE,4.30248386493402e-05
"Bauer, Hann (2010)","Bauer, Hann (2010)",318,-0.00708788454556558,0.000598444045481747,0.286359594855412,FALSE,-0.0282100828468845,0.0418242688287909,FALSE,FALSE,4.302483864934e-05
"Bauer, Hann (2010)","Bauer, Hann (2010)",319,-0.0524922339145155,0.00018910741301059,0.0343849893528858,FALSE,-0.0282100828468845,0.0418242688287909,FALSE,FALSE,0.000132594045925032
"Bauer, Hann (2010)","Bauer, Hann (2010)",320,-0.0153968536889205,0.00018910741301059,0.241749462200524,FALSE,-0.0282100828468845,0.0418242688287909,FALSE,FALSE,0.000132594045925029
"Bauer, Hann (2010)","Bauer, Hann (2010)",321,0.0155343145888279,0.00018910741301059,0.414655774670434,FALSE,-0.0282100828468845,0.0418242688287909,FALSE,FALSE,0.000132594045925027
"Bauer, Hann (2010)","Bauer, Hann (2010)",322,-0.00632391547002795,0.00018910741301059,0.292467504164189,FALSE,-0.0282100828468845,0.0418242688287909,FALSE,FALSE,0.000132594045925036
"Bauer, Hann (2010)","Bauer, Hann (2010)",323,0.00701128687517305,0.00018910741301059,0.367011751663807,FALSE,-0.0282100828468845,0.0418242688287909,FALSE,FALSE,0.000132594045925045
"Bauer, Hann (2010)","Bauer, Hann (2010)",324,-0.0373851272194248,0.00018910741301059,0.118834244139579,FALSE,-0.0282100828468845,0.0418242688287909,FALSE,FALSE,0.000132594045925025
"Bauer, Hann (2010)","Bauer, Hann (2010)",325,-0.0529040939105289,0.00018910741301059,0.0320826775706381,FALSE,-0.0282100828468845,0.0418242688287909,FALSE,FALSE,0.000132594045925015
"Bauer, Hann (2010)","Bauer, Hann (2010)",326,-0.0434291860994012,0.00018910741301059,0.0850477436135205,FALSE,-0.0282100828468845,0.0418242688287909,FALSE,FALSE,0.000132594045925048
"Bauer, Hann (2010)","Bauer, Hann (2010)",327,-0.0144346193894765,0.00018910741301059,0.247128385587929,FALSE,-0.0282100828468845,0.0418242688287909,FALSE,FALSE,0.000132594045925033
"Bauer, Hann (2010)","Bauer, Hann (2010)",328,-0.0324389626639517,0.00018910741301059,0.14648347699353,FALSE,-0.0282100828468845,0.0418242688287909,FALSE,FALSE,0.000132594045925037
"Bauer, Hann (2010)","Bauer, Hann (2010)",329,0.00316197354156438,0.00018910741301059,0.345493955501729,FALSE,-0.0282100828468845,0.0418242688287909,FALSE,FALSE,0.000132594045925035
"Bauer, Hann (2010)","Bauer, Hann (2010)",330,-0.0846178223380108,0.000648508430609598,-0.144138236126376,FALSE,-0.0282100828468845,0.0418242688287909,FALSE,FALSE,3.47504172147374e-05
"Bauer, Hann (2010)","Bauer, Hann (2010)",331,0.00890426473372321,0.000648508430609598,0.374890624219917,FALSE,-0.0282100828468845,0.0418242688287909,FALSE,FALSE,3.47504172147342e-05
"Bauer, Hann (2010)","Bauer, Hann (2010)",332,-0.030778862108264,0.000648508430609598,0.154657214715531,FALSE,-0.0282100828468845,0.0418242688287909,FALSE,FALSE,3.47504172147458e-05
"Bauer, Hann (2010)","Bauer, Hann (2010)",333,-0.0666064026795564,0.000648508430609598,-0.0441784628657994,FALSE,-0.0282100828468845,0.0418242688287909,FALSE,FALSE,3.47504172147383e-05
"Bauer, Hann (2010)","Bauer, Hann (2010)",334,-0.04196548406684,0.000648508430609598,0.0925737023808357,FALSE,-0.0282100828468845,0.0418242688287909,FALSE,FALSE,3.47504172147345e-05
"Bauer, Hann (2010)","Bauer, Hann (2010)",335,0,0.000648508430609598,0.325473737560606,FALSE,-0.0282100828468845,0.0418242688287909,FALSE,FALSE,3.47504172147269e-05
"Bauer, Hann (2010)","Bauer, Hann (2010)",336,-0.0579732119624338,0.000648508430609598,0.00373401726975829,FALSE,-0.0282100828468845,0.0418242688287909,FALSE,FALSE,3.47504172147271e-05
"Bauer, Hann (2010)","Bauer, Hann (2010)",337,-0.0345929860514668,0.000648508430609598,0.133489590409397,FALSE,-0.0282100828468845,0.0418242688287909,FALSE,FALSE,3.47504172147191e-05
"Bauer, Hann (2010)","Bauer, Hann (2010)",338,0.0254383489103571,0.000648508430609598,0.466651481315477,FALSE,-0.0282100828468845,0.0418242688287909,FALSE,FALSE,3.47504172147396e-05
"Bauer, Hann (2010)","Bauer, Hann (2010)",339,-0.135693051291617,0.000648508430609598,-0.4275955316782,FALSE,-0.0282100828468845,0.0418242688287909,FALSE,FALSE,3.47504172147276e-05
"Bauer, Hann (2010)","Bauer, Hann (2010)",340,-0.00254410651212749,0.000648508430609598,0.311354455742438,FALSE,-0.0282100828468845,0.0418242688287909,FALSE,FALSE,3.47504172147354e-05
"Bauer, Hann (2010)","Bauer, Hann (2010)",341,-0.052520541473509,0.000639386189258312,0.0339998915210891,FALSE,-0.0282100828468845,0.0418242688287909,FALSE,FALSE,3.6231821534229e-05
"Bauer, Hann (2010)","Bauer, Hann (2010)",342,0.0191978421878065,0.000639386189258312,0.432079079497751,FALSE,-0.0282100828468845,0.0418242688287909,FALSE,FALSE,3.62318215342138e-05
"Bauer, Hann (2010)","Bauer, Hann (2010)",343,-0.0280370027442321,0.000639386189258312,0.169897923776979,FALSE,-0.0282100828468845,0.0418242688287909,FALSE,FALSE,3.62318215342305e-05
"Bauer, Hann (2010)","Bauer, Hann (2010)",344,-0.0988653952442503,0.000639386189258312,-0.223241290085532,FALSE,-0.0282100828468845,0.0418242688287909,FALSE,FALSE,3.62318215342279e-05
"Bauer, Hann (2010)","Bauer, Hann (2010)",345,-0.0290470660641284,0.000639386189258312,0.164291478599852,FALSE,-0.0282100828468845,0.0418242688287909,FALSE,FALSE,3.62318215342295e-05
"Bauer, Hann (2010)","Bauer, Hann (2010)",346,-0.00555758286591911,0.000639386189258312,0.294671918316569,FALSE,-0.0282100828468845,0.0418242688287909,FALSE,FALSE,3.6231821534218e-05
"Bauer, Hann (2010)","Bauer, Hann (2010)",347,-0.0714303344904206,0.000639386189258312,-0.0709605755821208,FALSE,-0.0282100828468845,0.0418242688287909,FALSE,FALSE,3.62318215342208e-05
"Bauer, Hann (2010)","Bauer, Hann (2010)",348,-0.0255117215800438,0.000639386189258312,0.183914718689704,FALSE,-0.0282100828468845,0.0418242688287909,FALSE,FALSE,3.62318215342252e-05
"Bauer, Hann (2010)","Bauer, Hann (2010)",349,0.102384225532256,0.000639386189258312,0.893812407020238,FALSE,-0.0282100828468845,0.0418242688287909,TRUE,FALSE,3.62318215342338e-05
"Bauer, Hann (2010)","Bauer, Hann (2010)",350,-0.171693777139833,0.000639386189258312,-0.62748162075943,FALSE,-0.0282100828468845,0.0418242688287909,TRUE,FALSE,3.62318215342328e-05
"Bauer, Hann (2010)","Bauer, Hann (2010)",351,0.0154091311072524,0.000639386189258312,0.411049505859455,FALSE,-0.0282100828468845,0.0418242688287909,FALSE,FALSE,3.62318215342186e-05
"Bauer, Hann (2010)","Bauer, Hann (2010)",352,0.00122205898766837,0.000598444045481747,0.332514097789116,FALSE,-0.0282100828468845,0.0418242688287909,FALSE,FALSE,4.30248386493663e-05
"Bauer, Hann (2010)","Bauer, Hann (2010)",353,-0.0153973386748889,0.000598444045481747,0.24020781013443,FALSE,-0.0282100828468845,0.0418242688287909,FALSE,FALSE,4.30248386493512e-05
"Bauer, Hann (2010)","Bauer, Hann (2010)",354,0.00366616966281945,0.000598444045481747,0.346089005112542,FALSE,-0.0282100828468845,0.0418242688287909,FALSE,FALSE,4.30248386493728e-05
"Bauer, Hann (2010)","Bauer, Hann (2010)",355,-0.0437357782149851,0.000598444045481747,0.0828124456943365,FALSE,-0.0282100828468845,0.0418242688287909,FALSE,FALSE,4.3024838649371e-05
"Bauer, Hann (2010)","Bauer, Hann (2010)",356,-0.0420264671881054,0.000598444045481747,0.0923061805782402,FALSE,-0.0282100828468845,0.0418242688287909,FALSE,FALSE,4.30248386493498e-05
"Bauer, Hann (2010)","Bauer, Hann (2010)",357,-0.0259047596300292,0.000598444045481747,0.181848232917069,FALSE,-0.0282100828468845,0.0418242688287909,FALSE,FALSE,4.30248386493558e-05
"Bauer, Hann (2010)","Bauer, Hann (2010)",358,-0.0256604289852083,0.000598444045481747,0.183205276971349,FALSE,-0.0282100828468845,0.0418242688287909,FALSE,FALSE,4.30248386493674e-05
"Bauer, Hann (2010)","Bauer, Hann (2010)",359,-0.0251717631155163,0.000598444045481747,0.185919390518102,FALSE,-0.0282100828468845,0.0418242688287909,FALSE,FALSE,4.30248386493678e-05
"Bauer, Hann (2010)","Bauer, Hann (2010)",360,-0.00904311550458959,0.000598444045481747,0.275499988809543,FALSE,-0.0282100828468845,0.0418242688287909,FALSE,FALSE,4.30248386493929e-05
"Bauer, Hann (2010)","Bauer, Hann (2010)",361,-0.0278593479066565,0.000598444045481747,0.170992196412489,FALSE,-0.0282100828468845,0.0418242688287909,FALSE,FALSE,4.30248386493525e-05
"Bauer, Hann (2010)","Bauer, Hann (2010)",362,-0.0102651177734467,0.000598444045481747,0.268712829898367,FALSE,-0.0282100828468845,0.0418242688287909,FALSE,FALSE,4.30248386493695e-05
"Bauer, Hann (2010)","Bauer, Hann (2010)",363,-0.0533159449410507,0.00018910741301059,0.029780415905802,FALSE,-0.0282100828468845,0.0418242688287909,FALSE,FALSE,0.000132594045925032
"Bauer, Hann (2010)","Bauer, Hann (2010)",364,-0.0119602433950635,0.00018910741301059,0.260960233936372,FALSE,-0.0282100828468845,0.0418242688287909,FALSE,FALSE,0.000132594045925039
"Bauer, Hann (2010)","Bauer, Hann (2010)",365,0.0250182658443062,0.00018910741301059,0.467671393883525,FALSE,-0.0282100828468845,0.0418242688287909,FALSE,FALSE,0.000132594045925014
"Bauer, Hann (2010)","Bauer, Hann (2010)",366,-0.00412430849525094,0.00018910741301059,0.304763384083002,FALSE,-0.0282100828468845,0.0418242688287909,FALSE,FALSE,0.000132594045925008
"Bauer, Hann (2010)","Bauer, Hann (2010)",367,0.0136098364622568,0.00018910741301059,0.403897874635544,FALSE,-0.0282100828468845,0.0418242688287909,FALSE,FALSE,0.000132594045925037
"Bauer, Hann (2010)","Bauer, Hann (2010)",368,-0.0250182658443062,0.00018910741301059,0.187965431749346,FALSE,-0.0282100828468845,0.0418242688287909,FALSE,FALSE,0.000132594045925009
"Bauer, Hann (2010)","Bauer, Hann (2010)",369,-0.0424677316307595,0.00018910741301059,0.090422307719466,FALSE,-0.0282100828468845,0.0418242688287909,FALSE,FALSE,0.000132594045925028
"Bauer, Hann (2010)","Bauer, Hann (2010)",370,-0.0295533258488662,0.00018910741301059,0.16261428771311,FALSE,-0.0282100828468845,0.0418242688287909,FALSE,FALSE,0.000132594045925035
"Bauer, Hann (2010)","Bauer, Hann (2010)",371,0.00151225015906663,0.00018910741301059,0.336271944095574,FALSE,-0.0282100828468845,0.0418242688287909,FALSE,FALSE,0.000132594045925021
"Bauer, Hann (2010)","Bauer, Hann (2010)",372,-0.0274920046631214,0.00018910741301059,0.174137145234779,FALSE,-0.0282100828468845,0.0418242688287909,FALSE,FALSE,0.000132594045925015
"Bauer, Hann (2010)","Bauer, Hann (2010)",373,0.00907337991607023,0.00018910741301059,0.378538923882772,FALSE,-0.0282100828468845,0.0418242688287909,FALSE,FALSE,0.000132594045925008
"Ben Slimane et al (2019)","Ben Slimane et al (2019)",374,-0.487020014674959,0.000524383848977452,-2.38298623293011,FALSE,-0.0282100828468845,0.0418242688287909,TRUE,FALSE,0.00111414564272308
"Ben Slimane et al (2019)","Ben Slimane et al (2019)",375,-2.65691315684124,0.000524383848977452,-14.463329614239,TRUE,-0.0282100828468845,0.0418242688287909,TRUE,TRUE,0.00111414564272308
"Ben Slimane et al (2019)","Ben Slimane et al (2019)",376,1.12324218345942,0.000524383848977452,6.58175028307381,TRUE,-0.0282100828468845,0.0418242688287909,TRUE,TRUE,0.00111414564272308
"Ben Slimane et al (2019)","Ben Slimane et al (2019)",377,-1.78447990348322,0.000524383848977452,-9.60627325831378,TRUE,-0.0282100828468845,0.0418242688287909,TRUE,TRUE,0.00111414564272308
"Ben Slimane et al (2019)","Ben Slimane et al (2019)",378,0.421548297170392,0.000524383848977452,2.6752431237056,FALSE,-0.0282100828468845,0.0418242688287909,TRUE,FALSE,0.00111414564272308
"Ben Slimane et al (2019)","Ben Slimane et al (2019)",379,-0.487020014674959,0.000524383848977452,-2.38298623293011,FALSE,-0.0282100828468845,0.0418242688287909,TRUE,FALSE,0.00111414564272308
"Ben Slimane et al (2019)","Ben Slimane et al (2019)",380,0.612244537215388,0.000524383848977452,3.73689727454928,TRUE,-0.0282100828468845,0.0418242688287909,TRUE,TRUE,0.00111414564272308
"Ben Slimane et al (2019)","Ben Slimane et al (2019)",381,0.487020014674959,0.000524383848977452,3.03974071755007,TRUE,-0.0282100828468845,0.0418242688287909,TRUE,TRUE,0.00111414564272308
"Bhattacharya & Sharma (2019)","Bhattacharya & Sharma (2019)",382,-0.286597332146947,0.00840336134453781,-1.14211415962427,FALSE,-0.0282100828468845,0.0418242688287909,TRUE,FALSE,0.00296627589461068
"Bhattacharya & Sharma (2019)","Bhattacharya & Sharma (2019)",383,0.178278669686052,0.00840336134453781,1.18691337262057,FALSE,-0.0282100828468845,0.0418242688287909,TRUE,FALSE,0.00296627589461068
"Boermans et al (2023)","Boermans et al (2023)",384,-0.00747661075871497,1.00062038463848e-05,0.286813522934484,FALSE,-0.0282100828468845,0.0418242688287909,FALSE,FALSE,0.000163682992964419
"Boermans et al (2023)","Boermans et al (2023)",385,-0.00783263272728905,1.00062038463848e-05,0.284817691450051,FALSE,-0.0282100828468845,0.0418242688287909,FALSE,FALSE,0.000163682992964418
"Boermans et al (2023)","Boermans et al (2023)",386,-0.00802366849914503,1.00062038463848e-05,0.283746759761059,FALSE,-0.0282100828468845,0.0418242688287909,FALSE,FALSE,0.000163682992964415
"Boermans et al (2023)","Boermans et al (2023)",387,-0.00605369431620001,1.00062038463848e-05,0.294790281916701,FALSE,-0.0282100828468845,0.0418242688287909,FALSE,FALSE,0.000163682992964414
"Boermans et al (2023)","Boermans et al (2023)",388,-0.00594462003955998,1.00062038463848e-05,0.295401743833874,FALSE,-0.0282100828468845,0.0418242688287909,FALSE,FALSE,0.000163682992964421
"Boermans et al (2023)","Boermans et al (2023)",389,-0.00573663923241384,1.00062038463848e-05,0.29656766807367,FALSE,-0.0282100828468845,0.0418242688287909,FALSE,FALSE,0.000163682992964417
"Boermans et al (2023)","Boermans et al (2023)",390,-0.0039425425585388,1.00062038463848e-05,0.306625234583341,FALSE,-0.0282100828468845,0.0418242688287909,FALSE,FALSE,0.00016368299296441
"Boermans et al (2023)","Boermans et al (2023)",391,-0.0039425425585388,1.00062038463848e-05,0.306625234583341,FALSE,-0.0282100828468845,0.0418242688287909,FALSE,FALSE,0.000163682992964412
"Boermans et al (2023)","Boermans et al (2023)",392,-0.00924717309540933,2.63178672000421e-05,0.276816890817577,FALSE,-0.0282100828468845,0.0418242688287909,FALSE,FALSE,0.000158540295513005
"Boermans et al (2023)","Boermans et al (2023)",393,-0.00620278416898896,1.1078245649019e-05,0.29394953168021,FALSE,-0.0282100828468845,0.0418242688287909,FALSE,FALSE,0.000163252613955733
"Boermans et al (2023)","Boermans et al (2023)",394,-0.00589008287463756,1.00062038463848e-05,0.295707474941592,FALSE,-0.0282100828468845,0.0418242688287909,FALSE,FALSE,0.000163682992964411
"Boermans et al (2023)","Boermans et al (2023)",395,-0.0113308294819098,2.89712315670539e-05,0.265128081450925,FALSE,-0.0282100828468845,0.0418242688287909,FALSE,FALSE,0.000157877781459698
"Boermans et al (2023)","Boermans et al (2023)",396,-0.0302006871070803,2.68911178637696e-05,0.159382404332265,FALSE,-0.0282100828468845,0.0418242688287909,FALSE,FALSE,0.000158394478592071
"Boermans et al (2023)","Boermans et al (2023)",397,-0.00617925647563503,1.00062038463848e-05,0.294086390210081,FALSE,-0.0282100828468845,0.0418242688287909,FALSE,FALSE,0.000163682992964412
"Boermans et al (2023)","Boermans et al (2023)",398,-0.0115520315935252,2.60579528872212e-05,0.263900487639248,FALSE,-0.0282100828468845,0.0418242688287909,FALSE,FALSE,0.000158606923450943
"Boermans et al (2023)","Boermans et al (2023)",399,-0.0115520315935252,2.60579528872212e-05,0.263900487639248,FALSE,-0.0282100828468845,0.0418242688287909,FALSE,FALSE,0.000158606923450945
"Boermans et al (2023)","Boermans et al (2023)",400,-0.0135170594959192,2.60579528872212e-05,0.252887527670855,FALSE,-0.0282100828468845,0.0418242688287909,FALSE,FALSE,0.000158606923450946
"Boermans et al (2023)","Boermans et al (2023)",401,-0.0135170594959192,2.60579528872212e-05,0.252887527670855,FALSE,-0.0282100828468845,0.0418242688287909,FALSE,FALSE,0.000158606923450947
"Boermans et al (2023)","Boermans et al (2023)",402,-0.018755224231728,5.40160967968455e-05,0.223432509496315,FALSE,-0.0282100828468845,0.0418242688287909,FALSE,FALSE,0.000152696120490074
"Boermans et al (2023)","Boermans et al (2023)",403,-0.0202221879208244,3.05698214722426e-05,0.215293570309282,FALSE,-0.0282100828468845,0.0418242688287909,FALSE,FALSE,0.000157492969137508
"Boermans et al (2023)","Boermans et al (2023)",404,-0.014695869341627,5.92206561648703e-05,0.24615288629947,FALSE,-0.0282100828468845,0.0418242688287909,FALSE,FALSE,0.000151781689144965
"Boermans et al (2023)","Boermans et al (2023)",405,-0.0134813495718329,2.8022978842651e-05,0.253079859815678,FALSE,-0.0282100828468845,0.0418242688287909,FALSE,FALSE,0.000158110985115705
"Boermans et al (2023)","Boermans et al (2023)",406,-0.0148125159377162,2.60579528872212e-05,0.245627167694835,FALSE,-0.0282100828468845,0.0418242688287909,FALSE,FALSE,0.000158606923450943
"Boermans et al (2023)","Boermans et al (2023)",407,-0.0121120757453073,2.60579528872212e-05,0.26076173128032,FALSE,-0.0282100828468845,0.0418242688287909,FALSE,FALSE,0.000158606923450944
"Boermans et al (2023)","Boermans et al (2023)",408,-0.0141572900688117,2.60579528872212e-05,0.24929936810263,FALSE,-0.0282100828468845,0.0418242688287909,FALSE,FALSE,0.000158606923450939
"Boermans et al (2023)","Boermans et al (2023)",409,-0.013920912869008,2.60579528872212e-05,0.250624139438297,FALSE,-0.0282100828468845,0.0418242688287909,FALSE,FALSE,0.000158606923450944
"Boermans et al (2023)","Boermans et al (2023)",410,-0.0422155926683729,2.60579528872212e-05,0.0920471667809408,FALSE,-0.0282100828468845,0.0418242688287909,FALSE,FALSE,0.000158606923450945
"Boermans et al (2023)","Boermans et al (2023)",411,-0.0105491034806866,2.60579528872212e-05,0.269521378388132,FALSE,-0.0282100828468845,0.0418242688287909,FALSE,FALSE,0.000158606923450949
"Boermans et al (2023)","Boermans et al (2023)",412,-0.0193427407905415,2.8515212866064e-05,0.220229142025971,FALSE,-0.0282100828468845,0.0418242688287909,FALSE,FALSE,0.000157989454516493
"Boermans et al (2023)","Boermans et al (2023)",413,-0.0186376198852618,2.8515212866064e-05,0.224180823245968,FALSE,-0.0282100828468845,0.0418242688287909,FALSE,FALSE,0.00015798945451649
"Boermans et al (2023)","Boermans et al (2023)",414,-0.0237595868398731,2.8515212866064e-05,0.195475986284778,FALSE,-0.0282100828468845,0.0418242688287909,FALSE,FALSE,0.000157989454516502
"Boermans et al (2023)","Boermans et al (2023)",415,-0.00623371864308509,1.10031579063191e-05,0.293776465874464,FALSE,-0.0282100828468845,0.0418242688287909,FALSE,FALSE,0.000163282069197678
"Boermans et al (2023)","Boermans et al (2023)",416,-0.00623371864308509,1.10031579063191e-05,0.293776465874464,FALSE,-0.0282100828468845,0.0418242688287909,FALSE,FALSE,0.000163282069197674
"Boermans et al (2023)","Boermans et al (2023)",417,-0.00635294382964594,1.10031579063191e-05,0.293108109487708,FALSE,-0.0282100828468845,0.0418242688287909,FALSE,FALSE,0.000163282069197676
"Boermans et al (2023)","Boermans et al (2023)",418,-0.0060812136684712,1.10031579063191e-05,0.294631383167827,FALSE,-0.0282100828468845,0.0418242688287909,FALSE,FALSE,0.000163282069197677
"Boermans et al (2023)","Boermans et al (2023)",419,-0.0053313409757666,2.60579528872212e-05,0.298764225027233,FALSE,-0.0282100828468845,0.0418242688287909,FALSE,FALSE,0.00015860692345094
"Boermans et al (2023)","Boermans et al (2023)",420,-0.00627295834764931,2.60579528872212e-05,0.293486949111988,FALSE,-0.0282100828468845,0.0418242688287909,FALSE,FALSE,0.000158606923450943
"Boermans et al (2023)","Boermans et al (2023)",421,-0.00905428626271859,2.60579528872212e-05,0.277899051886554,FALSE,-0.0282100828468845,0.0418242688287909,FALSE,FALSE,0.000158606923450932
"Boermans et al (2023)","Boermans et al (2023)",422,-0.00888771755901779,2.60579528872212e-05,0.278832582888128,FALSE,-0.0282100828468845,0.0418242688287909,FALSE,FALSE,0.000158606923450931
"Boermans et al (2023)","Boermans et al (2023)",423,-0.010208821838331,2.60579528872212e-05,0.271428480114614,FALSE,-0.0282100828468845,0.0418242688287909,FALSE,FALSE,0.000158606923450931
"Boermans et al (2023)","Boermans et al (2023)",424,-0.0143121278647113,2.60579528872212e-05,0.248431582741537,FALSE,-0.0282100828468845,0.0418242688287909,FALSE,FALSE,0.000158606923450937
"Boermans et al (2023)","Boermans et al (2023)",425,-0.0170141777153364,2.60579528872212e-05,0.233287997858452,FALSE,-0.0282100828468845,0.0418242688287909,FALSE,FALSE,0.000158606923450937
"Boermans et al (2023)","Boermans et al (2023)",426,-0.0171142513719694,2.60579528872212e-05,0.232727137031465,FALSE,-0.0282100828468845,0.0418242688287909,FALSE,FALSE,0.000158606923450936
"Boermans et al (2023)","Boermans et al (2023)",427,-0.0140322702067218,6.45452785128768e-05,0.249849199708985,FALSE,-0.0282100828468845,0.0418242688287909,FALSE,FALSE,0.000150886006106295
"Boermans et al (2023)","Boermans et al (2023)",428,-0.0139395651534946,6.45452785128768e-05,0.250368445634638,FALSE,-0.0282100828468845,0.0418242688287909,FALSE,FALSE,0.00015088600610629
"Boermans et al (2023)","Boermans et al (2023)",429,-0.0140408144452017,6.45452785128768e-05,0.24980134297557,FALSE,-0.0282100828468845,0.0418242688287909,FALSE,FALSE,0.000150886006106288
"Boermans et al (2023)","Boermans et al (2023)",430,-0.0150897129431843,2.8022978842651e-05,0.244066101775564,FALSE,-0.0282100828468845,0.0418242688287909,FALSE,FALSE,0.000158110985115705
"Boermans et al (2023)","Boermans et al (2023)",431,-0.0148678218714822,2.8022978842651e-05,0.245309646901752,FALSE,-0.0282100828468845,0.0418242688287909,FALSE,FALSE,0.000158110985115705
"Boermans et al (2023)","Boermans et al (2023)",432,-0.0163682482499792,2.8022978842651e-05,0.236900800633753,FALSE,-0.0282100828468845,0.0418242688287909,FALSE,FALSE,0.000158110985115712
"Boermans et al (2023)","Boermans et al (2023)",433,-0.0150184438054246,2.60579528872212e-05,0.244473049037951,FALSE,-0.0282100828468845,0.0418242688287909,FALSE,FALSE,0.000158606923450939
"Boermans et al (2023)","Boermans et al (2023)",434,-0.0151165961169317,2.60579528872212e-05,0.243922956351677,FALSE,-0.0282100828468845,0.0418242688287909,FALSE,FALSE,0.00015860692345094
"Boermans et al (2023)","Boermans et al (2023)",435,-0.0152147482828187,2.60579528872212e-05,0.243372864481527,FALSE,-0.0282100828468845,0.0418242688287909,FALSE,FALSE,0.000158606923450936
"Boermans et al (2023)","Boermans et al (2023)",436,-0.0334623471387517,8.86289107506869e-05,0.140967515798058,FALSE,-0.0282100828468845,0.0418242688287909,FALSE,FALSE,0.000147225440255157
"Boermans et al (2023)","Boermans et al (2023)",437,-0.0303513107683735,0.000141322781232335,0.158256002384511,FALSE,-0.0282100828468845,0.0418242688287909,FALSE,FALSE,0.000140635130687909
"Boermans et al (2023)","Boermans et al (2023)",438,-0.0178044919152893,9.36680404645935e-05,0.228616543396759,FALSE,-0.0282100828468845,0.0418242688287909,FALSE,FALSE,0.000146524022871394
"Boermans et al (2023)","Boermans et al (2023)",439,-0.0226854155088598,0.000107307651035519,0.201247931819089,FALSE,-0.0282100828468845,0.0418242688287909,FALSE,FALSE,0.000144712948962346
"Boermans et al (2023)","Boermans et al (2023)",440,-0.0296375679685902,0.000143451441686989,0.16224348891843,FALSE,-0.0282100828468845,0.0418242688287909,FALSE,FALSE,0.000140396852849268
"Boermans et al (2023)","Boermans et al (2023)",441,-0.00100088210412366,2.60579528872212e-05,0.323034196023608,FALSE,-0.0282100828468845,0.0418242688287909,FALSE,FALSE,0.000158606923450942
"Boermans et al (2023)","Boermans et al (2023)",442,-0.00107463128438076,2.60579528872212e-05,0.322620870203205,FALSE,-0.0282100828468845,0.0418242688287909,FALSE,FALSE,0.000158606923450945
"Boermans et al (2023)","Boermans et al (2023)",443,-0.00230987653807513,2.53466149595722e-05,0.315701498578893,FALSE,-0.0282100828468845,0.0418242688287909,FALSE,FALSE,0.000158790960631807
"Boermans et al (2023)","Boermans et al (2023)",444,-0.00239871777614823,2.53466149595722e-05,0.315203583965259,FALSE,-0.0282100828468845,0.0418242688287909,FALSE,FALSE,0.000158790960631806
"Borsuk & Shrimali (2026)","Borsuk & Shrimali (2026)",445,-0.00604317764538468,0.000353857041755131,0.293238038742356,FALSE,-0.0282100828468845,0.0418242688287909,FALSE,FALSE,0.00168393359601461
"Borsuk & Shrimali (2026)","Borsuk & Shrimali (2026)",446,0.00439658219925493,0.000101020305081321,0.352953212601046,FALSE,-0.0282100828468845,0.0418242688287909,FALSE,FALSE,0.00174379303950627
"Borsuk & Shrimali (2026)","Borsuk & Shrimali (2026)",447,0.0054026916303215,0.000101739749720216,0.358592293175204,FALSE,-0.0282100828468845,0.0418242688287909,FALSE,FALSE,0.00174356508430252
"Borsuk & Shrimali (2026)","Borsuk & Shrimali (2026)",448,0.00328190862681783,0.00010354110581901,0.346687391792639,FALSE,-0.0282100828468845,0.0418242688287909,FALSE,FALSE,0.00174299723728772
"Borsuk & Shrimali (2026)","Borsuk & Shrimali (2026)",449,0.00572553294865343,0.000117730162467624,0.360312331050048,FALSE,-0.0282100828468845,0.0418242688287909,FALSE,FALSE,0.00173865904006459
"Boubaker et al (2026)","Boubaker et al (2026)",450,0.11753829923262,0.000574712643678161,0.979472517839078,FALSE,-0.0282100828468845,0.0418242688287909,TRUE,FALSE,0.000576988758906555
"Boubaker et al (2026)","Boubaker et al (2026)",451,0.00800017067322057,0.000574712643678161,0.370513490097817,FALSE,-0.0282100828468845,0.0418242688287909,FALSE,FALSE,0.000576988758906556
"Boubaker et al (2026)","Boubaker et al (2026)",452,-0.0952873492753375,0.000574712643678161,-0.203696317508785,FALSE,-0.0282100828468845,0.0418242688287909,FALSE,FALSE,0.000576988758906559
"Boubaker et al (2026)","Boubaker et al (2026)",453,-0.115511019443145,0.000574712643678161,-0.316126451971686,FALSE,-0.0282100828468845,0.0418242688287909,FALSE,FALSE,0.000576988758906554
"Boubaker et al (2026)","Boubaker et al (2026)",454,-0.0797571652768257,0.000574712643678161,-0.117358839657424,FALSE,-0.0282100828468845,0.0418242688287909,FALSE,FALSE,0.000576988758906552
"Boubaker et al (2026)","Boubaker et al (2026)",455,-0.0250386600368262,0.000574712643678161,0.186839599631558,FALSE,-0.0282100828468845,0.0418242688287909,FALSE,FALSE,0.000576988758906555
"Boubaker et al (2026)","Boubaker et al (2026)",456,-0.0419046539945446,0.000574712643678161,0.0930759082351623,FALSE,-0.0282100828468845,0.0418242688287909,FALSE,FALSE,0.000576988758906556
"Boubaker et al (2026)","Boubaker et al (2026)",457,-0.084049238670994,0.000579038795599305,-0.141210321128856,FALSE,-0.0282100828468845,0.0418242688287909,FALSE,FALSE,0.000575918149570074
"Boubaker et al (2026)","Boubaker et al (2026)",458,-0.054502058578136,0.000579038795599305,0.0230411639527694,FALSE,-0.0282100828468845,0.0418242688287909,FALSE,FALSE,0.000575918149570073
"Boubaker et al (2026)","Boubaker et al (2026)",459,-0.0600697473946739,0.000579038795599305,-0.00790937527685311,FALSE,-0.0282100828468845,0.0418242688287909,FALSE,FALSE,0.000575918149570074
"Boubaker et al (2026)","Boubaker et al (2026)",460,-0.084049238670994,0.000579038795599305,-0.141210321128856,FALSE,-0.0282100828468845,0.0418242688287909,FALSE,FALSE,0.000575918149570073
"Boubaker et al (2026)","Boubaker et al (2026)",461,-0.0543459478149112,0.000579038795599305,0.023908976874893,FALSE,-0.0282100828468845,0.0418242688287909,FALSE,FALSE,0.000575918149570075
"Boubaker et al (2026)","Boubaker et al (2026)",462,-0.0539176363219178,0.000579038795599305,0.0262899417785012,FALSE,-0.0282100828468845,0.0418242688287909,FALSE,FALSE,0.000575918149570073
"Boubaker et al (2026)","Boubaker et al (2026)",463,-0.122907375012162,0.000579038795599305,-0.357221005785827,FALSE,-0.0282100828468845,0.0418242688287909,FALSE,FALSE,0.000575918149570073
"Boubaker et al (2026)","Boubaker et al (2026)",464,-0.115771690967868,0.000579038795599305,-0.317554049492025,FALSE,-0.0282100828468845,0.0418242688287909,FALSE,FALSE,0.000575918149570076
"Boubaker et al (2026)","Boubaker et al (2026)",465,-0.0820525995070266,0.000579038795599305,-0.130111091123721,FALSE,-0.0282100828468845,0.0418242688287909,FALSE,FALSE,0.000575918149570075
"Brinette et al (2026)","Brinette et al (2026)",466,-0.331442234151481,0.000944287063267233,-1.50800371492039,FALSE,-0.0282100828468845,0.0418242688287909,TRUE,FALSE,0.000957969651086496
"Brinette et al (2026)","Brinette et al (2026)",467,-0.0159774269945821,0.000944287063267233,0.236606997513665,FALSE,-0.0282100828468845,0.0418242688287909,FALSE,FALSE,0.000957969651086492
"Brinette et al (2026)","Brinette et al (2026)",468,-0.302235782412716,0.000944287063267233,-1.34648367395336,FALSE,-0.0282100828468845,0.0418242688287909,TRUE,FALSE,0.000957969651086496
"Brinette et al (2026)","Brinette et al (2026)",469,0.0195994214713265,0.00166389351081531,0.428446488341396,FALSE,-0.0282100828468845,0.0418242688287909,FALSE,FALSE,0.000764073863224468
"Brinette et al (2026)","Brinette et al (2026)",470,-0.421381596784651,0.00189393939393939,-1.97657895102438,FALSE,-0.0282100828468845,0.0418242688287909,TRUE,FALSE,0.000712228382138701
"Brinette et al (2026)","Brinette et al (2026)",471,-0.108279051445379,0.00189393939393939,-0.270059377174964,FALSE,-0.0282100828468845,0.0418242688287909,FALSE,FALSE,0.000712228382138702
"Brinette et al (2026)","Brinette et al (2026)",472,-0.421381596784651,0.00189393939393939,-1.97657895102438,FALSE,-0.0282100828468845,0.0418242688287909,TRUE,FALSE,0.0007122283821387
"Brinette et al (2026)","Brinette et al (2026)",473,0,0.00337837837837838,0.313017965208312,FALSE,-0.0282100828468845,0.0418242688287909,FALSE,FALSE,0.00044366022975992
"Brinette et al (2026)","Brinette et al (2026)",474,-0.236469685111644,0.00189393939393939,-0.968743654233771,FALSE,-0.0282100828468845,0.0418242688287909,TRUE,FALSE,0.000712228382138702
"Brinette et al (2026)","Brinette et al (2026)",475,0,0.00189393939393939,0.320099736763772,FALSE,-0.0282100828468845,0.0418242688287909,FALSE,FALSE,0.000712228382138702
"Brinette et al (2026)","Brinette et al (2026)",476,-0.236469685111644,0.00189393939393939,-0.968743654233771,FALSE,-0.0282100828468845,0.0418242688287909,TRUE,FALSE,0.000712228382138701
"Brinette et al (2026)","Brinette et al (2026)",477,0,0.0033112582781457,0.313326656655112,FALSE,-0.0282100828468845,0.0418242688287909,FALSE,FALSE,0.000453982704477805
"Caragnano et al (2020)","Caragnano et al (2020)",478,0.118450888005779,3.43253355301548e-05,0.993992996683913,FALSE,-0.0282100828468845,0.0418242688287909,TRUE,FALSE,0.00179184278285921
"Caragnano et al (2020)","Caragnano et al (2020)",479,-0.0745469370138273,0.000274800769442154,-0.0893386057011461,FALSE,-0.0282100828468845,0.0418242688287909,FALSE,FALSE,0.00171100514369574
"Caragnano et al (2020)","Caragnano et al (2020)",480,-0.0444434475153808,0.000274800769442154,0.0790437266535799,FALSE,-0.0282100828468845,0.0418242688287909,FALSE,FALSE,0.00171100514369574
"Caragnano et al (2020)","Caragnano et al (2020)",481,-0.0458008288874215,0.000274800769442154,0.071451283215059,FALSE,-0.0282100828468845,0.0418242688287909,FALSE,FALSE,0.00171100514369574
"Caragnano et al (2020)","Caragnano et al (2020)",482,-0.0531986652323181,0.000274800769442154,0.0300718631250212,FALSE,-0.0282100828468845,0.0418242688287909,FALSE,FALSE,0.00171100514369574
"Chava (2010)","Chava (2010)",483,-0.0478910883319537,0.000153327200245324,0.060120398239776,FALSE,-0.0282100828468845,0.0418242688287909,FALSE,FALSE,0.000195569649850517
"Chava (2010)","Chava (2010)",484,-0.03329521195359,0.000153327200245324,0.141762860301169,FALSE,-0.0282100828468845,0.0418242688287909,FALSE,FALSE,0.000195569649850508
"Chava (2010)","Chava (2010)",485,-0.0393572502214313,0.000153327200245324,0.107854671682184,FALSE,-0.0282100828468845,0.0418242688287909,FALSE,FALSE,0.00019556964985052
"Chava (2010)","Chava (2010)",486,-0.0293356556344522,0.000153327200245324,0.163910754554668,FALSE,-0.0282100828468845,0.0418242688287909,FALSE,FALSE,0.00019556964985052
"Chava (2010)","Chava (2010)",487,-0.0222815968463892,0.000153327200245324,0.203367839011548,FALSE,-0.0282100828468845,0.0418242688287909,FALSE,FALSE,0.000195569649850521
"Chava (2010)","Chava (2010)",488,-0.0201775242331071,0.000153327200245324,0.215137030805947,FALSE,-0.0282100828468845,0.0418242688287909,FALSE,FALSE,0.000195569649850519
"Chava (2010)","Chava (2010)",489,-0.03467215595315,0.000182182546912006,0.134000957850077,FALSE,-0.0282100828468845,0.0418242688287909,FALSE,FALSE,0.000188409227892321
"Chava (2010)","Chava (2010)",490,-0.00985032529257973,0.000182182546912006,0.272778974225459,FALSE,-0.0282100828468845,0.0418242688287909,FALSE,FALSE,0.000188409227892318
"Chava (2010)","Chava (2010)",491,-0.0273557011617834,0.000153327200245324,0.174985687893907,FALSE,-0.0282100828468845,0.0418242688287909,FALSE,FALSE,0.000195569649850517
"Chava (2010)","Chava (2010)",492,-0.0280981970697657,0.000153327200245324,0.170832515283591,FALSE,-0.0282100828468845,0.0418242688287909,FALSE,FALSE,0.000195569649850511
"Chava (2010)","Chava (2010)",493,-0.0272319503668643,0.000153327200245324,0.175677891590167,FALSE,-0.0282100828468845,0.0418242688287909,FALSE,FALSE,0.000195569649850515
"Chava (2010)","Chava (2010)",494,-0.0237667657442704,0.000153327200245324,0.195060503278028,FALSE,-0.0282100828468845,0.0418242688287909,FALSE,FALSE,0.000195569649850514
"Chava (2010)","Chava (2010)",495,-0.0507149998135232,0.000182182546912006,0.044305959990825,FALSE,-0.0282100828468845,0.0418242688287909,FALSE,FALSE,0.000188409227892319
"Chava (2010)","Chava (2010)",496,-0.00917566510780571,0.000182182546912006,0.27655097651855,FALSE,-0.0282100828468845,0.0418242688287909,FALSE,FALSE,0.000188409227892325
"Chava (2010)","Chava (2010)",497,-0.0502404002516155,0.000153327200245324,0.0469794532016494,FALSE,-0.0282100828468845,0.0418242688287909,FALSE,FALSE,0.000195569649850509
"Chava (2010)","Chava (2010)",498,-0.0456651805368633,0.000153327200245324,0.0725710786923872,FALSE,-0.0282100828468845,0.0418242688287909,FALSE,FALSE,0.000195569649850512
"Chava (2010)","Chava (2010)",499,0.00891325821132227,0.000153327200245324,0.377857174529294,FALSE,-0.0282100828468845,0.0418242688287909,FALSE,FALSE,0.000195569649850512
"Chava (2010)","Chava (2010)",500,-0.0074277452270442,0.000153327200245324,0.28645329313992,FALSE,-0.0282100828468845,0.0418242688287909,FALSE,FALSE,0.000195569649850512
"Chava (2010)","Chava (2010)",501,-0.017825808396834,0.000153327200245324,0.228291422222054,FALSE,-0.0282100828468845,0.0418242688287909,FALSE,FALSE,0.000195569649850514
"Chava (2010)","Chava (2010)",502,-0.00519944604174784,0.000153327200245324,0.298917349903697,FALSE,-0.0282100828468845,0.0418242688287909,FALSE,FALSE,0.000195569649850517
"Chava (2010)","Chava (2010)",503,-0.00361568061354292,0.000166833500166834,0.307710848333826,FALSE,-0.0282100828468845,0.0418242688287909,FALSE,FALSE,0.000192141362929769
"Chava (2010)","Chava (2010)",504,-0.00245350044347313,0.000166833500166834,0.314210141859864,FALSE,-0.0282100828468845,0.0418242688287909,FALSE,FALSE,0.000192141362929773
"Chava (2010)","Chava (2010)",505,-0.0361555451258034,0.000182182546912006,0.125707379116556,FALSE,-0.0282100828468845,0.0418242688287909,FALSE,FALSE,0.000188409227892321
"Chava (2010)","Chava (2010)",506,-0.00580230767906047,0.000182182546912006,0.295411303900852,FALSE,-0.0282100828468845,0.0418242688287909,FALSE,FALSE,0.000188409227892327
"Chava (2010)","Chava (2010)",507,-0.045728092815417,0.000182182546912006,0.0721875884859001,FALSE,-0.0282100828468845,0.0418242688287909,FALSE,FALSE,0.000188409227892323
"Chava (2010)","Chava (2010)",508,-0.0369646331839331,0.000182182546912006,0.121183795126492,FALSE,-0.0282100828468845,0.0418242688287909,FALSE,FALSE,0.000188409227892321
"Chava (2010)","Chava (2010)",509,-0.0171363057195929,0.000182182546912006,0.232043303886005,FALSE,-0.0282100828468845,0.0418242688287909,FALSE,FALSE,0.000188409227892322
"Chava (2010)","Chava (2010)",510,-0.00877086697263888,0.000182182546912006,0.278814189212211,FALSE,-0.0282100828468845,0.0418242688287909,FALSE,FALSE,0.00018840922789232
"Chava (2010)","Chava (2010)",511,-0.0465996879201878,0.000166833500166834,0.067330150395676,FALSE,-0.0282100828468845,0.0418242688287909,FALSE,FALSE,0.000192141362929774
"Chava (2010)","Chava (2010)",512,-0.0142040128785433,0.000166833500166834,0.248497413864947,FALSE,-0.0282100828468845,0.0418242688287909,FALSE,FALSE,0.00019214136292977
"Chava (2010)","Chava (2010)",513,0.00774782639487097,0.000166833500166834,0.37125931477207,FALSE,-0.0282100828468845,0.0418242688287909,FALSE,FALSE,0.00019214136292977
"Chava (2010)","Chava (2010)",514,-0.000903921999805073,0.000166833500166834,0.322875893871805,FALSE,-0.0282100828468845,0.0418242688287909,FALSE,FALSE,0.000192141362929773
"Chava (2010)","Chava (2010)",515,-0.0433746600531746,0.000166833500166834,0.0853655663123947,FALSE,-0.0282100828468845,0.0418242688287909,FALSE,FALSE,0.000192141362929774
"Chava (2010)","Chava (2010)",516,-0.00516524630575599,0.000166833500166834,0.299045167632213,FALSE,-0.0282100828468845,0.0418242688287909,FALSE,FALSE,0.000192141362929776
"Chava (2010)","Chava (2010)",517,-0.0095556027360911,0.000166833500166834,0.274492851339496,FALSE,-0.0282100828468845,0.0418242688287909,FALSE,FALSE,0.000192141362929778
"Chava (2010)","Chava (2010)",518,0.00142044857260498,0.000166833500166834,0.335874538146101,FALSE,-0.0282100828468845,0.0418242688287909,FALSE,FALSE,0.000192141362929779
"Chava (2010)","Chava (2010)",519,-0.0365600921451727,0.000182182546912006,0.123445570402833,FALSE,-0.0282100828468845,0.0418242688287909,FALSE,FALSE,0.000188409227892315
"Chava (2010)","Chava (2010)",520,-0.00769139843278864,0.000182182546912006,0.284849461338131,FALSE,-0.0282100828468845,0.0418242688287909,FALSE,FALSE,0.00018840922789233
"Chava (2010)","Chava (2010)",521,-0.0426275428548771,0.000182182546912006,0.0895226585329302,FALSE,-0.0282100828468845,0.0418242688287909,FALSE,FALSE,0.000188409227892323
"Chava (2010)","Chava (2010)",522,-0.0445148848087727,0.000182182546912006,0.0789705934509726,FALSE,-0.0282100828468845,0.0418242688287909,FALSE,FALSE,0.000188409227892334
"Chava (2010)","Chava (2010)",523,-0.0148426509648473,0.000182182546912006,0.24486705010627,FALSE,-0.0282100828468845,0.0418242688287909,FALSE,FALSE,0.000188409227892329
"Chava (2010)","Chava (2010)",524,0.00202407079350559,0.000182182546912006,0.339168321450369,FALSE,-0.0282100828468845,0.0418242688287909,FALSE,FALSE,0.000188409227892332
"Chava (2010)","Chava (2010)",525,0.00188913290686128,0.000182182546912006,0.338413888286334,FALSE,-0.0282100828468845,0.0418242688287909,FALSE,FALSE,0.000188409227892329
"Chava (2010)","Chava (2010)",526,-0.036425243799972,0.000182182546912006,0.124199502943682,FALSE,-0.0282100828468845,0.0418242688287909,FALSE,FALSE,0.000188409227892324
"Chava (2010)","Chava (2010)",527,-0.0179458100268499,0.000182182546912006,0.227517392661136,FALSE,-0.0282100828468845,0.0418242688287909,FALSE,FALSE,0.000188409227892322
"Chava (2010)","Chava (2010)",528,-0.00607217921170076,0.000182182546912006,0.293902461282105,FALSE,-0.0282100828468845,0.0418242688287909,FALSE,FALSE,0.000188409227892328
"Chava (2010)","Chava (2010)",529,-0.0422230924637842,0.000182182546912006,0.0917839270012255,FALSE,-0.0282100828468845,0.0418242688287909,FALSE,FALSE,0.000188409227892334
"Chava (2010)","Chava (2010)",530,-0.010255119271078,0.000182182546912006,0.270515784771591,FALSE,-0.0282100828468845,0.0418242688287909,FALSE,FALSE,0.00018840922789234
"Chava (2010)","Chava (2010)",531,-0.00620711481341124,0.000182182546912006,0.293148040893058,FALSE,-0.0282100828468845,0.0418242688287909,FALSE,FALSE,0.00018840922789233
"Chava (2010)","Chava (2010)",532,0.00580230767906047,0.000182182546912006,0.360292316192889,FALSE,-0.0282100828468845,0.0418242688287909,FALSE,FALSE,0.000188409227892336
"Chava (2014)","Chava (2014)",533,-0.0422439108958107,0.000170183798502383,0.0916617831773674,FALSE,-0.0282100828468845,0.0418242688287909,FALSE,FALSE,0.000431077393945997
"Chava (2014)","Chava (2014)",534,-0.039246712168752,0.000170183798502383,0.108426498996248,FALSE,-0.0282100828468845,0.0418242688287909,FALSE,FALSE,0.000431077393945996
"Chava (2014)","Chava (2014)",535,-0.0397679901903377,0.000170183798502383,0.105510750428889,FALSE,-0.0282100828468845,0.0418242688287909,FALSE,FALSE,0.000431077393945998
"Chava (2014)","Chava (2014)",536,-0.0400286251598402,0.000170183798502383,0.104052898750011,FALSE,-0.0282100828468845,0.0418242688287909,FALSE,FALSE,0.000431077393945996
"Chava (2014)","Chava (2014)",537,-0.0138242093603346,0.000170183798502383,0.250626290801867,FALSE,-0.0282100828468845,0.0418242688287909,FALSE,FALSE,0.000431077393945999
"Chava (2014)","Chava (2014)",538,-0.0170843491775843,0.000170183798502383,0.232390824106722,FALSE,-0.0282100828468845,0.0418242688287909,FALSE,FALSE,0.000431077393945996
"Chava (2014)","Chava (2014)",539,-0.0188673495825323,0.000217438573602957,0.222253165796319,FALSE,-0.0282100828468845,0.0418242688287909,FALSE,FALSE,0.000419611336043815
"Chava (2014)","Chava (2014)",540,-0.00913928743881322,0.000217438573602957,0.276625913935684,FALSE,-0.0282100828468845,0.0418242688287909,FALSE,FALSE,0.000419611336043813
"Chava (2014)","Chava (2014)",541,-0.0357278137869223,0.000170183798502383,0.128109321771496,FALSE,-0.0282100828468845,0.0418242688287909,FALSE,FALSE,0.000431077393945996
"Chava (2014)","Chava (2014)",542,-0.03598848862636,0.000170183798502383,0.126651247081669,FALSE,-0.0282100828468845,0.0418242688287909,FALSE,FALSE,0.000431077393945996
"Chava (2014)","Chava (2014)",543,-0.0247774971263353,0.000170183798502383,0.189359496904744,FALSE,-0.0282100828468845,0.0418242688287909,FALSE,FALSE,0.000431077393945993
"Chava (2014)","Chava (2014)",544,-0.0307745508801215,0.000170183798502383,0.155815207356937,FALSE,-0.0282100828468845,0.0418242688287909,FALSE,FALSE,0.000431077393945993
"Chava (2014)","Chava (2014)",545,-0.0446503662250244,0.000217438573602957,0.0781449714340547,FALSE,-0.0282100828468845,0.0418242688287909,FALSE,FALSE,0.000419611336043809
"Chava (2014)","Chava (2014)",546,-0.00663339748298348,0.000217438573602957,0.290632004914581,FALSE,-0.0282100828468845,0.0418242688287909,FALSE,FALSE,0.000419611336043808
"Chava (2014)","Chava (2014)",547,-0.0434166260421317,0.000170183798502383,0.0851022461046084,FALSE,-0.0282100828468845,0.0418242688287909,FALSE,FALSE,0.000431077393945999
"Chava (2014)","Chava (2014)",548,-0.0312959846285343,0.000170183798502383,0.152898587737559,FALSE,-0.0282100828468845,0.0418242688287909,FALSE,FALSE,0.000431077393945996
"Chava (2014)","Chava (2014)",549,-0.016693141303108,0.000170183798502383,0.234579030308231,FALSE,-0.0282100828468845,0.0418242688287909,FALSE,FALSE,0.000431077393945995
"Chava (2014)","Chava (2014)",550,-0.00899894296043081,0.000170183798502383,0.277616232848241,FALSE,-0.0282100828468845,0.0418242688287909,FALSE,FALSE,0.000431077393945997
"Chava (2014)","Chava (2014)",551,0.0131721626573228,0.000170183798502383,0.401629459504315,FALSE,-0.0282100828468845,0.0418242688287909,FALSE,FALSE,0.000431077393945995
"Chava (2014)","Chava (2014)",552,-0.0140850264114555,0.000170183798502383,0.249167420656459,FALSE,-0.0282100828468845,0.0418242688287909,FALSE,FALSE,0.000431077393945997
"Chava (2014)","Chava (2014)",553,-0.0118030048582181,0.00019293845263361,0.261838268659583,FALSE,-0.0282100828468845,0.0418242688287909,FALSE,FALSE,0.000425386505906132
"Chava (2014)","Chava (2014)",554,-0.000277724206030883,0.00019293845263361,0.326281184757267,FALSE,-0.0282100828468845,0.0418242688287909,FALSE,FALSE,0.000425386505906128
"Chen, Gao (2011)","Chen, Gao (2011)",555,0.21526453838569,0.0087719298245614,1.36265007514075,FALSE,-0.0282100828468845,0.0418242688287909,TRUE,FALSE,0.00166575713995472
"Chen, Gao (2011)","Chen, Gao (2011)",556,-0.175037242460482,0.0087719298245614,-0.578673080293323,FALSE,-0.0282100828468845,0.0418242688287909,TRUE,FALSE,0.00166575713995472
"Chen, Gao (2011)","Chen, Gao (2011)",557,-0.150951675682892,0.0087719298245614,-0.458873810108803,FALSE,-0.0282100828468845,0.0418242688287909,FALSE,FALSE,0.00166575713995472
"Chen, Gao (2011)","Chen, Gao (2011)",558,-0.229655711153704,0.0087719298245614,-0.850340039533491,FALSE,-0.0282100828468845,0.0418242688287909,TRUE,FALSE,0.00166575713995472
"Chen et al (2020)","Chen et al (2020)",559,-0.023248421342145,0.000133815067576609,0.198018958409518,FALSE,-0.0282100828468845,0.0418242688287909,FALSE,FALSE,0.00019932812388967
"Chen et al (2020)","Chen et al (2020)",560,-0.0517233850156674,0.000137741046831956,0.0386919779351721,FALSE,-0.0282100828468845,0.0418242688287909,FALSE,FALSE,0.00019843239977484
"Chen et al (2020)","Chen et al (2020)",561,-0.045511776350049,0.000137741046831956,0.0734453716950378,FALSE,-0.0282100828468845,0.0418242688287909,FALSE,FALSE,0.000198432399774845
"Chen et al (2020)","Chen et al (2020)",562,-0.00823134542747123,0.000137741046831956,0.282026041395166,FALSE,-0.0282100828468845,0.0418242688287909,FALSE,FALSE,0.000198432399774841
"Chen et al (2020)","Chen et al (2020)",563,-0.051371835509967,0.000137741046831956,0.0406588659114411,FALSE,-0.0282100828468845,0.0418242688287909,FALSE,FALSE,0.000198432399774844
"Chen et al (2020)","Chen et al (2020)",564,-0.0521026584190958,0.00018152114721365,0.0365469906317413,FALSE,-0.0282100828468845,0.0418242688287909,FALSE,FALSE,0.000189191471025428
"Chen et al (2020)","Chen et al (2020)",565,0.0816464596624668,0.000196927924379677,0.784151916511622,FALSE,-0.0282100828468845,0.0418242688287909,FALSE,FALSE,0.000186208775658578
"Chen et al (2020)","Chen et al (2020)",566,0.0250695493436767,0.000203252032520325,0.467859345051626,FALSE,-0.0282100828468845,0.0418242688287909,FALSE,FALSE,0.000185018141521003
"Chen et al (2020)","Chen et al (2020)",567,0.0134946682409189,0.000203252032520325,0.403166077292007,FALSE,-0.0282100828468845,0.0418242688287909,FALSE,FALSE,0.000185018141521005
"Chen et al (2020)","Chen et al (2020)",568,-0.0636668226269072,0.00018152114721365,-0.0281085930909149,FALSE,-0.0282100828468845,0.0418242688287909,FALSE,FALSE,0.000189191471025428
"Chen et al (2020)","Chen et al (2020)",569,0.0502025779555347,0.000196927924379677,0.608391078995293,FALSE,-0.0282100828468845,0.0418242688287909,FALSE,FALSE,0.000186208775658585
"Chen et al (2020)","Chen et al (2020)",570,-0.058221000099912,0.000203252032520325,0.00233941710038777,FALSE,-0.0282100828468845,0.0418242688287909,FALSE,FALSE,0.000185018141521007
"Chen et al (2020)","Chen et al (2020)",571,-0.0643759404656979,0.000203252032520325,-0.0320612131603767,FALSE,-0.0282100828468845,0.0418242688287909,FALSE,FALSE,0.000185018141521009
"Chen et al (2020)","Chen et al (2020)",572,0.02125540518087,0.000196927924379677,0.446586013767506,FALSE,-0.0282100828468845,0.0418242688287909,FALSE,FALSE,0.000186208775658582
"Chen et al (2020)","Chen et al (2020)",573,-0.0697796480949607,0.000203252032520325,-0.0622631220569884,FALSE,-0.0282100828468845,0.0418242688287909,FALSE,FALSE,0.000185018141521008
"Chen et al (2020)","Chen et al (2020)",574,0.0330593234630898,0.000203252032520325,0.512515060463072,FALSE,-0.0282100828468845,0.0418242688287909,FALSE,FALSE,0.00018501814152101
"Chen et al (2020)","Chen et al (2020)",575,0.0300983578178696,0.000203252032520325,0.495965901848594,FALSE,-0.0282100828468845,0.0418242688287909,FALSE,FALSE,0.000185018141521011
"Chen et al (2020)","Chen et al (2020)",576,-0.0944658554437233,0.000213949507916132,-0.20020268390738,FALSE,-0.0282100828468845,0.0418242688287909,FALSE,FALSE,0.000183045311873937
"Chen et al (2020)","Chen et al (2020)",577,-0.114858240323537,0.000212449543233482,-0.314166190034551,FALSE,-0.0282100828468845,0.0418242688287909,FALSE,FALSE,0.00018331892992291
"Chen et al (2020)","Chen et al (2020)",578,-0.109570499377127,0.000211595429538722,-0.284620604166182,FALSE,-0.0282100828468845,0.0418242688287909,FALSE,FALSE,0.000183475163710103
"Chen et al (2020)","Chen et al (2020)",579,-0.0852853234122718,0.000248385494287134,-0.148817981302343,FALSE,-0.0282100828468845,0.0418242688287909,FALSE,FALSE,0.000177007546727613
"Chen et al (2020)","Chen et al (2020)",580,-0.105297527303928,0.000232558139534884,-0.260654444515925,FALSE,-0.0282100828468845,0.0418242688287909,FALSE,FALSE,0.000179727056178017
"Chen et al (2020)","Chen et al (2020)",581,-0.0206998274060604,0.000214868929952729,0.212010957189694,FALSE,-0.0282100828468845,0.0418242688287909,FALSE,FALSE,0.000182878065872562
"Chen et al (2020)","Chen et al (2020)",582,-0.078901475914831,0.000214868929952729,-0.113224689366142,FALSE,-0.0282100828468845,0.0418242688287909,FALSE,FALSE,0.000182878065872562
"Chen et al (2020)","Chen et al (2020)",583,-0.0759204665316201,0.001085776330076,-0.095248930252519,FALSE,-0.0282100828468845,0.0418242688287909,FALSE,FALSE,8.61988724523616e-05
"Chen et al (2020)","Chen et al (2020)",584,-0.003338528491682,0.000834724540901503,0.306074766714646,FALSE,-0.0282100828468845,0.0418242688287909,FALSE,FALSE,0.000107381572856818
"Chen et al (2020)","Chen et al (2020)",585,-0.0538476834047368,0.000203252032520325,0.0267823591441881,FALSE,-0.0282100828468845,0.0418242688287909,FALSE,FALSE,0.000185018141521007
"Chen et al (2020)","Chen et al (2020)",586,-0.0331983979658498,0.000203210729526519,0.142193549267051,FALSE,-0.0282100828468845,0.0418242688287909,FALSE,FALSE,0.000185025857394521
"Chodnicka-Jaworska (2022)","Chodnicka-Jaworska (2022)",587,0.0198920829586728,0.00571428571428571,0.406041700335849,FALSE,-0.0282100828468845,0.0418242688287909,FALSE,FALSE,0.00079245692518035
"Chodnicka-Jaworska (2022)","Chodnicka-Jaworska (2022)",588,0.00254813503317042,0.000359195402298851,0.342313986104548,FALSE,-0.0282100828468845,0.0418242688287909,FALSE,FALSE,0.00180282349340648
"Chodnicka-Jaworska (2022)","Chodnicka-Jaworska (2022)",589,0.00609536189119685,0.00184842883548983,0.35380038022252,FALSE,-0.0282100828468845,0.0418242688287909,FALSE,FALSE,0.00136621338186535
"Chodnicka-Jaworska (2022)","Chodnicka-Jaworska (2022)",590,0.00890329139509559,0.00205761316872428,0.367960860671858,FALSE,-0.0282100828468845,0.0418242688287909,FALSE,FALSE,0.00132282561942572
"Chodnicka-Jaworska (2022)","Chodnicka-Jaworska (2022)",591,-0.0420161707517279,0.0019723865877712,0.0910216116284194,FALSE,-0.0282100828468845,0.0418242688287909,FALSE,FALSE,0.00134021169228214
"Chodnicka-Jaworska (2022)","Chodnicka-Jaworska (2022)",592,-0.481588108481772,0.00444444444444444,-2.22290806259642,FALSE,-0.0282100828468845,0.0418242688287909,TRUE,FALSE,0.0009425212070932
"Chodnicka-Jaworska (2022)","Chodnicka-Jaworska (2022)",593,0.0705310019392071,0.0666666666666667,0.410821698510898,FALSE,-0.0282100828468845,0.0418242688287909,FALSE,FALSE,-0.000583015209210721
"Chodnicka-Jaworska (2022)","Chodnicka-Jaworska (2022)",594,-0.820314172929119,0.0123456790123457,-3.62526412771462,TRUE,-0.0282100828468845,0.0418242688287909,TRUE,TRUE,0.000277781052205213
"Chodnicka-Jaworska (2022)","Chodnicka-Jaworska (2022)",595,-0.0256041959408544,0.00446428571428571,0.173985714331218,FALSE,-0.0282100828468845,0.0418242688287909,FALSE,FALSE,0.000939966841670559
"Chodnicka-Jaworska (2022)","Chodnicka-Jaworska (2022)",596,0.000694144540505899,0.0126582278481013,0.281572670326462,FALSE,-0.0282100828468845,0.0418242688287909,FALSE,FALSE,0.000260509248863123
"Christ et al (2022)","Christ et al (2022)",597,-0.107411175916069,0.000674308833445718,-0.270645472487403,FALSE,-0.0282100828468845,0.0418242688287909,FALSE,FALSE,0.000412395440328931
"Christ et al (2022)","Christ et al (2022)",598,-0.0942783384694736,0.000674308833445718,-0.197761287186185,FALSE,-0.0282100828468845,0.0418242688287909,FALSE,FALSE,0.000412395440328921
"Christ et al (2022)","Christ et al (2022)",599,-0.0477655837334851,0.000674308833445718,0.060373655002319,FALSE,-0.0282100828468845,0.0418242688287909,FALSE,FALSE,0.000412395440328929
"Christ et al (2022)","Christ et al (2022)",600,-0.0476619368099453,0.000674308833445718,0.0609488712578991,FALSE,-0.0282100828468845,0.0418242688287909,FALSE,FALSE,0.000412395440328929
"Christ et al (2022)","Christ et al (2022)",601,-0.0873485293357395,0.00165837479270315,-0.156901434028522,FALSE,-0.0282100828468845,0.0418242688287909,FALSE,FALSE,0.000211147069134835
"Christ et al (2022)","Christ et al (2022)",602,-0.00401147842288982,0.00114025085518814,0.301020106925635,FALSE,-0.0282100828468845,0.0418242688287909,FALSE,FALSE,0.000304950147655962
"Christ et al (2022)","Christ et al (2022)",603,-0.0796054252949335,0.00165837479270315,-0.114574109962613,FALSE,-0.0282100828468845,0.0418242688287909,FALSE,FALSE,0.000211147069134834
"Christ et al (2022)","Christ et al (2022)",604,-0.0134835886767154,0.00114025085518814,0.248830840249117,FALSE,-0.0282100828468845,0.0418242688287909,FALSE,FALSE,0.000304950147655963
"Christ et al (2022)","Christ et al (2022)",605,-0.112321315434984,0.00132100396301189,-0.294923723555449,FALSE,-0.0282100828468845,0.0418242688287909,FALSE,FALSE,0.000269915687402176
"Christ et al (2022)","Christ et al (2022)",606,-0.0281717639897941,0.00158227848101266,0.166776996356856,FALSE,-0.0282100828468845,0.0418242688287909,FALSE,FALSE,0.000223753493411226
"Christ et al (2022)","Christ et al (2022)",607,-0.107129179371316,0.00132100396301189,-0.266395332691724,FALSE,-0.0282100828468845,0.0418242688287909,FALSE,FALSE,0.000269915687402174
"Christ et al (2022)","Christ et al (2022)",608,-0.0102779205287907,0.00158227848101266,0.264705492826226,FALSE,-0.0282100828468845,0.0418242688287909,FALSE,FALSE,0.000223753493411229
"Christ et al (2022)","Christ et al (2022)",609,-0.0647520862050448,0.00111358574610245,-0.0336614913579198,FALSE,-0.0282100828468845,0.0418242688287909,FALSE,FALSE,0.000310372175353495
"Christ et al (2022)","Christ et al (2022)",610,-0.022040037610813,0.00178571428571429,0.199721493317953,FALSE,-0.0282100828468845,0.0418242688287909,FALSE,FALSE,0.000190788606345454
"Christ et al (2022)","Christ et al (2022)",611,-0.0755527654711955,0.00111358574610245,-0.0931953039251058,FALSE,-0.0282100828468845,0.0418242688287909,FALSE,FALSE,0.000310372175353496
"Christ et al (2022)","Christ et al (2022)",612,-0.030297601699593,0.00178571428571429,0.15466843706807,FALSE,-0.0282100828468845,0.0418242688287909,FALSE,FALSE,0.000190788606345457
"Christ et al (2022)","Christ et al (2022)",613,-0.138910369412199,0.00598802395209581,-0.412683709229794,FALSE,-0.0282100828468845,0.0418242688287909,FALSE,FALSE,-0.00022555758712297
"Christ et al (2022)","Christ et al (2022)",614,-0.0441186796875012,0.000761614623000762,0.0805044892079762,FALSE,-0.0282100828468845,0.0418242688287909,FALSE,FALSE,0.000389800912366417
"Christ et al (2022)","Christ et al (2022)",615,-0.0327435537627928,0.00598802395209581,0.133180490902098,FALSE,-0.0282100828468845,0.0418242688287909,FALSE,FALSE,-0.000225557587122967
"Christ et al (2022)","Christ et al (2022)",616,-0.0576634514443225,0.000761614623000762,0.00543673260693823,FALSE,-0.0282100828468845,0.0418242688287909,FALSE,FALSE,0.00038980091236642
"Christ et al (2022)","Christ et al (2022)",617,-0.0649178394608672,0.00122699386503067,-0.0345139040957767,FALSE,-0.0282100828468845,0.0418242688287909,FALSE,FALSE,0.000287779593034176
"Christ et al (2022)","Christ et al (2022)",618,-0.00545542672888058,0.00150375939849624,0.291444026121518,FALSE,-0.0282100828468845,0.0418242688287909,FALSE,FALSE,0.000237135414095285
"Christ et al (2022)","Christ et al (2022)",619,-0.0674646427487793,0.00122699386503067,-0.0485275597016805,FALSE,-0.0282100828468845,0.0418242688287909,FALSE,FALSE,0.000287779593034177
"Christ et al (2022)","Christ et al (2022)",620,-0.0275059473902041,0.00150375939849624,0.170623339590697,FALSE,-0.0282100828468845,0.0418242688287909,FALSE,FALSE,0.000237135414095284
"Christ et al (2022)","Christ et al (2022)",621,-0.0824311690815684,0.00094876660341556,-0.131445238200518,FALSE,-0.0282100828468845,0.0418242688287909,FALSE,FALSE,0.00034557680057913
"Christ et al (2022)","Christ et al (2022)",622,-0.081011069619375,0.00298507462686567,-0.119879238096188,FALSE,-0.0282100828468845,0.0418242688287909,FALSE,FALSE,3.22318908731854e-05
"Christ et al (2022)","Christ et al (2022)",623,-0.0690590231874666,0.00094876660341556,-0.057549560392587,FALSE,-0.0282100828468845,0.0418242688287909,FALSE,FALSE,0.000345576800579125
"Christ et al (2022)","Christ et al (2022)",624,-0.0419789337213457,0.00298507462686567,0.0893437243602352,FALSE,-0.0282100828468845,0.0418242688287909,FALSE,FALSE,3.22318908731808e-05
"Christ et al (2022)","Christ et al (2022)",625,-0.0841051257597861,0.00198412698412698,-0.138490623082056,FALSE,-0.0282100828468845,0.0418242688287909,FALSE,FALSE,0.000160722564886123
"Christ et al (2022)","Christ et al (2022)",626,-0.0361071104979267,0.00102459016393443,0.124400533853962,FALSE,-0.0282100828468845,0.0418242688287909,FALSE,FALSE,0.000329000810092668
"Christ et al (2022)","Christ et al (2022)",627,-0.0388947184404244,0.00198412698412698,0.107443672237334,FALSE,-0.0282100828468845,0.0418242688287909,FALSE,FALSE,0.000160722564886118
"Christ et al (2022)","Christ et al (2022)",628,-0.0503798241460668,0.00102459016393443,0.0456206865050047,FALSE,-0.0282100828468845,0.0418242688287909,FALSE,FALSE,0.000329000810092666
"Christ et al (2022)","Christ et al (2022)",629,-0.0441414238282504,0.000675219446320054,0.0804857639509388,FALSE,-0.0282100828468845,0.0418242688287909,FALSE,FALSE,0.000412152154581202
"Christ et al (2022)","Christ et al (2022)",630,-0.0486904747172968,0.00067842605156038,0.0552372302011271,FALSE,-0.0282100828468845,0.0418242688287909,FALSE,FALSE,0.000411296808380496
"Christ et al (2022)","Christ et al (2022)",631,0.042557842612851,6.11882763262559e-05,0.567160868544207,FALSE,-0.0282100828468845,0.0418242688287909,FALSE,FALSE,0.000664879311284261
"Cicchini et al (2026)","Cicchini et al (2026)",632,0.0370168982157009,0.000118525542254356,0.535656049009193,FALSE,-0.0282100828468845,0.0418242688287909,FALSE,FALSE,0.000761196281941681
"Cicchini et al (2026)","Cicchini et al (2026)",633,0.0460324865882908,0.000118525542254356,0.586143655288065,FALSE,-0.0282100828468845,0.0418242688287909,FALSE,FALSE,0.000761196281941678
"Cicchini et al (2026)","Cicchini et al (2026)",634,0.0560586490603531,0.000118525542254356,0.642290511428533,FALSE,-0.0282100828468845,0.0418242688287909,FALSE,FALSE,0.000761196281941677
"Cicchini et al (2026)","Cicchini et al (2026)",635,-0.20843306448016,0.00277777777777778,-0.805437005911949,FALSE,-0.0282100828468845,0.0418242688287909,TRUE,FALSE,0.000235646898804242
"Cicchini et al (2026)","Cicchini et al (2026)",636,-0.408439806512553,0.00277777777777778,-1.88096836165852,FALSE,-0.0282100828468845,0.0418242688287909,TRUE,FALSE,0.000235646898804247
"Cicchini et al (2026)","Cicchini et al (2026)",637,0.0560971915654962,0.000474608448030375,0.638903359306644,FALSE,-0.0282100828468845,0.0418242688287909,FALSE,FALSE,0.000622273637312288
"Cicchini et al (2026)","Cicchini et al (2026)",638,0.0560971915654962,0.000474608448030375,0.638903359306644,FALSE,-0.0282100828468845,0.0418242688287909,FALSE,FALSE,0.000622273637312284
"Cicchini et al (2026)","Cicchini et al (2026)",639,-0.110208294647265,0.00307692307692308,-0.276037257337279,FALSE,-0.0282100828468845,0.0418242688287909,FALSE,FALSE,0.000203142421255773
"Cicchini et al (2026)","Cicchini et al (2026)",640,-0.110208294647265,0.00307692307692308,-0.276037257337279,FALSE,-0.0282100828468845,0.0418242688287909,FALSE,FALSE,0.000203142421255774
"Cicchini et al (2026)","Cicchini et al (2026)",641,0.108409236896854,0.00307692307692308,0.894484114360499,FALSE,-0.0282100828468845,0.0418242688287909,TRUE,FALSE,0.000203142421255773
"Cicchini et al (2026)","Cicchini et al (2026)",642,0.0730922023984315,0.000493583415597236,0.733316549534969,FALSE,-0.0282100828468845,0.0418242688287909,FALSE,FALSE,0.000616744434895368
"Cicchini et al (2026)","Cicchini et al (2026)",643,0.0730922023984315,0.000493583415597236,0.733316549534969,FALSE,-0.0282100828468845,0.0418242688287909,FALSE,FALSE,0.000616744434895366
"Cicchini et al (2026)","Cicchini et al (2026)",644,-0.132700676322208,0.00277777777777778,-0.398187943796553,FALSE,-0.0282100828468845,0.0418242688287909,FALSE,FALSE,0.00023564689880424
"Cicchini et al (2026)","Cicchini et al (2026)",645,-0.174074166891214,0.00277777777777778,-0.620672875811719,FALSE,-0.0282100828468845,0.0418242688287909,TRUE,FALSE,0.000235646898804245
"Cicchini et al (2026)","Cicchini et al (2026)",646,-0.120824257784924,0.00307692307692308,-0.332877217271038,FALSE,-0.0282100828468845,0.0418242688287909,FALSE,FALSE,0.000203142421255776
"Cicchini et al (2026)","Cicchini et al (2026)",647,-0.201099607755209,0.00307692307692308,-0.762687270001297,FALSE,-0.0282100828468845,0.0418242688287909,TRUE,FALSE,0.000203142421255773
"Cicchini et al (2026)","Cicchini et al (2026)",648,-0.0373113717995668,0.000474608448030375,0.118786725363812,FALSE,-0.0282100828468845,0.0418242688287909,FALSE,FALSE,0.000622273637312287
"Cicchini et al (2026)","Cicchini et al (2026)",649,-0.173291511941008,0.000474608448030375,-0.638376539175744,FALSE,-0.0282100828468845,0.0418242688287909,TRUE,FALSE,0.000622273637312282
"Cicchini et al (2026)","Cicchini et al (2026)",650,-0.0364459014970671,0.000493096646942801,0.123571304428566,FALSE,-0.0282100828468845,0.0418242688287909,FALSE,FALSE,0.000616884942742886
"Cicchini et al (2026)","Cicchini et al (2026)",651,-0.176595668496244,0.000493096646942801,-0.656581311867539,FALSE,-0.0282100828468845,0.0418242688287909,TRUE,FALSE,0.000616884942742887
"Cubas, Martinez (2018)","Cubas, Martinez (2018)",652,-0.0401288270100805,0.000236686390532544,0.103430365375927,FALSE,-0.0282100828468845,0.0418242688287909,FALSE,FALSE,0.000441926034131326
"Cubas, Martinez (2018)","Cubas, Martinez (2018)",653,-0.0527082759984468,0.000254000508001016,0.0331323523135992,FALSE,-0.0282100828468845,0.0418242688287909,FALSE,FALSE,0.000435953783711515
"Cubas, Martinez (2018)","Cubas, Martinez (2018)",654,-0.0533250304942786,0.000376789751318764,0.0296371561206854,FALSE,-0.0282100828468845,0.0418242688287909,FALSE,FALSE,0.000398396015286422
"Cubas, Martinez (2018)","Cubas, Martinez (2018)",655,-0.0389924760168013,0.000300751879699248,0.109672591948951,FALSE,-0.0282100828468845,0.0418242688287909,FALSE,FALSE,0.000420768617389072
"Cubas, Martinez (2018)","Cubas, Martinez (2018)",656,-0.0721608665633893,0.000319897632757518,-0.0754491106173402,FALSE,-0.0282100828468845,0.0418242688287909,FALSE,FALSE,0.000414891925917189
"Cubas, Martinez (2018)","Cubas, Martinez (2018)",657,-0.00680139555303836,0.000250375563345017,0.289591857205867,FALSE,-0.0282100828468845,0.0418242688287909,FALSE,FALSE,0.000437187051367031
"Cubas, Martinez (2018)","Cubas, Martinez (2018)",658,-0.0154885096333616,0.000271739130434783,0.240980946995516,FALSE,-0.0282100828468845,0.0418242688287909,FALSE,FALSE,0.000430040840100283
"Cubas, Martinez (2018)","Cubas, Martinez (2018)",659,-0.00913610482464911,0.000412711514651259,0.275847558819267,FALSE,-0.0282100828468845,0.0418242688287909,FALSE,FALSE,0.000388618550400596
"Cubas, Martinez (2018)","Cubas, Martinez (2018)",660,-0.029380648397808,0.000325309043591412,0.163263676099852,FALSE,-0.0282100828468845,0.0418242688287909,FALSE,FALSE,0.000413262904137091
"Cubas, Martinez (2018)","Cubas, Martinez (2018)",661,-0.00389489434079286,0.00034435261707989,0.30537850852157,FALSE,-0.0282100828468845,0.0418242688287909,FALSE,FALSE,0.000407635036977981
"Cubas, Martinez (2018)","Cubas, Martinez (2018)",662,-0.0603196637279046,0.000458715596330275,-0.00934353069085092,FALSE,-0.0282100828468845,0.0418242688287909,FALSE,FALSE,0.00037670273967834
"Cubas, Martinez (2018)","Cubas, Martinez (2018)",663,-0.0347108932597787,0.000489715964740451,0.133184085338665,FALSE,-0.0282100828468845,0.0418242688287909,FALSE,FALSE,0.000369011170340354
"Cubas, Martinez (2018)","Cubas, Martinez (2018)",664,-0.118766144383155,0.00103842159916926,-0.331753455431108,FALSE,-0.0282100828468845,0.0418242688287909,FALSE,FALSE,0.000260685800416153
"Cubas, Martinez (2018)","Cubas, Martinez (2018)",665,-0.0426981466632278,0.000823723228995058,0.0882819152404347,FALSE,-0.0282100828468845,0.0418242688287909,FALSE,FALSE,0.000298284059310698
"Cubas, Martinez (2018)","Cubas, Martinez (2018)",666,-0.0423823716943425,0.00074019245003701,0.0901447709158683,FALSE,-0.0282100828468845,0.0418242688287909,FALSE,FALSE,0.000314307738753825
"Cubas, Martinez (2018)","Cubas, Martinez (2018)",667,-0.04221385136236,0.00145348837209302,0.0900999351160967,FALSE,-0.0282100828468845,0.0418242688287909,FALSE,FALSE,0.000198543055139838
"Cubas, Martinez (2018)","Cubas, Martinez (2018)",668,-0.00403704077039204,0.000503778337531486,0.303828072079985,FALSE,-0.0282100828468845,0.0418242688287909,FALSE,FALSE,0.000365603665675526
"Cubas, Martinez (2018)","Cubas, Martinez (2018)",669,-0.00780860874002137,0.000498504486540379,0.28286586334532,FALSE,-0.0282100828468845,0.0418242688287909,FALSE,FALSE,0.000366875860805001
"Cubas, Martinez (2018)","Cubas, Martinez (2018)",670,0.0244078792790072,0.00118623962040332,0.457253809370294,FALSE,-0.0282100828468845,0.0418242688287909,FALSE,FALSE,0.000237199178930698
"Cubas, Martinez (2018)","Cubas, Martinez (2018)",671,-0.0289956046962485,0.000877963125548727,0.164008026479658,FALSE,-0.0282100828468845,0.0418242688287909,FALSE,FALSE,0.000288334553392657
"Cubas, Martinez (2018)","Cubas, Martinez (2018)",672,-0.0222170709100027,0.000754147812971342,0.201889314903912,FALSE,-0.0282100828468845,0.0418242688287909,FALSE,FALSE,0.000311567032286437
"Cubas, Martinez (2018)","Cubas, Martinez (2018)",673,0.0310570891589761,0.00147710487444609,0.491682470815753,FALSE,-0.0282100828468845,0.0418242688287909,FALSE,FALSE,0.000195327505195094
"Cubas, Martinez (2018)","Cubas, Martinez (2018)",674,-0.128616118547022,0.00284090909090909,-0.375838512359903,FALSE,-0.0282100828468845,0.0418242688287909,FALSE,FALSE,4.56071402482689e-05
"Cubas, Martinez (2018)","Cubas, Martinez (2018)",675,-0.183654532009471,0.00177935943060498,-0.682081773586642,FALSE,-0.0282100828468845,0.0418242688287909,TRUE,FALSE,0.000156555059399127
"Cubas, Martinez (2018)","Cubas, Martinez (2018)",676,-0.092498626953833,0.00431034482758621,-0.17808160042132,FALSE,-0.0282100828468845,0.0418242688287909,FALSE,FALSE,-6.88853364979406e-05
"Cubas, Martinez (2018)","Cubas, Martinez (2018)",677,-0.0674050567355585,0.0033003300330033,-0.0467343387229865,FALSE,-0.0282100828468845,0.0418242688287909,FALSE,FALSE,6.02954990701867e-06
"Cubas, Martinez (2018)","Cubas, Martinez (2018)",678,-0.0747455496337151,0.00225733634311512,-0.087216414953705,FALSE,-0.0282100828468845,0.0418242688287909,FALSE,FALSE,0.000102555393094882
"Cubas, Martinez (2018)","Cubas, Martinez (2018)",679,0.0535189682477059,0.00131406044678055,0.616324247326081,FALSE,-0.0282100828468845,0.0418242688287909,FALSE,FALSE,0.000218160889330871
"Cubas, Martinez (2018)","Cubas, Martinez (2018)",680,-0.0932030967831887,0.0050761421319797,-0.179886483429584,FALSE,-0.0282100828468845,0.0418242688287909,FALSE,FALSE,-0.000117200607241188
"Cubas, Martinez (2018)","Cubas, Martinez (2018)",681,-0.137702202894351,0.00323624595469256,-0.422228712852463,FALSE,-0.0282100828468845,0.0418242688287909,FALSE,FALSE,1.13131437835768e-05
"Cubas, Martinez (2018)","Cubas, Martinez (2018)",682,-0.194062987715109,0.00429184549356223,-0.712542970573945,FALSE,-0.0282100828468845,0.0418242688287909,TRUE,FALSE,-6.76374164796081e-05
"Cubas, Martinez (2018)","Cubas, Martinez (2018)",683,-0.0853274716746803,0.00193050193050193,-0.145249903493998,FALSE,-0.0282100828468845,0.0418242688287909,FALSE,FALSE,0.000138618362895635
"Cubas, Martinez (2018)","Cubas, Martinez (2018)",684,-0.0482509363598643,0.000332115576220525,0.0579650068204966,FALSE,-0.0282100828468845,0.0418242688287909,FALSE,FALSE,0.000411232974124543
"Cubas, Martinez (2018)","Cubas, Martinez (2018)",685,-0.00472200938446737,0.000357142857142857,0.300704535677878,FALSE,-0.0282100828468845,0.0418242688287909,FALSE,FALSE,0.000403942090925235
"Cubas, Martinez (2018)","Cubas, Martinez (2018)",686,-0.079750073633837,0.000521104742053153,-0.117415193796193,FALSE,-0.0282100828468845,0.0418242688287909,FALSE,FALSE,0.000361471049872465
"D'Arcangelo et al (2025)","D'Arcangelo et al (2025)",687,0.000536619061651294,0.00016594756057086,0.330898368979032,FALSE,-0.0282100828468845,0.0418242688287909,FALSE,FALSE,0.000154220232877957
"D'Arcangelo et al (2025)","D'Arcangelo et al (2025)",688,0.0331110131979596,0.00016594756057086,0.513060482804793,FALSE,-0.0282100828468845,0.0418242688287909,FALSE,FALSE,0.000154220232877952
"D'Arcangelo et al (2025)","D'Arcangelo et al (2025)",689,0.00321970896156372,0.00016594756057086,0.345902710294096,FALSE,-0.0282100828468845,0.0418242688287909,FALSE,FALSE,0.000154220232877956
"D'Arcangelo et al (2025)","D'Arcangelo et al (2025)",690,0.0438288874961719,0.00016594756057086,0.572996843546034,FALSE,-0.0282100828468845,0.0418242688287909,FALSE,FALSE,0.000154220232877955
"D'Arcangelo et al (2025)","D'Arcangelo et al (2025)",691,0.0372578625013651,0.00016594756057086,0.536250440894704,FALSE,-0.0282100828468845,0.0418242688287909,FALSE,FALSE,0.000154220232877954
"D'Arcangelo et al (2025)","D'Arcangelo et al (2025)",692,-0.0159085066192918,0.00016594756057086,0.238934145680344,FALSE,-0.0282100828468845,0.0418242688287909,FALSE,FALSE,0.000154220232877954
"D'Arcangelo et al (2025)","D'Arcangelo et al (2025)",693,-0.00787033203084464,0.00016594756057086,0.283885123684873,FALSE,-0.0282100828468845,0.0418242688287909,FALSE,FALSE,0.000154220232877958
"D'Arcangelo et al (2025)","D'Arcangelo et al (2025)",694,-0.0128785020990318,0.00016594756057086,0.255878498536226,FALSE,-0.0282100828468845,0.0418242688287909,FALSE,FALSE,0.000154220232877958
"D'Arcangelo et al (2025)","D'Arcangelo et al (2025)",695,0.0117077853455628,0.00016594756057086,0.393369623414679,FALSE,-0.0282100828468845,0.0418242688287909,FALSE,FALSE,0.000154220232877953
"D'Arcangelo et al (2025)","D'Arcangelo et al (2025)",696,0.0152198810531505,0.00016594756057086,0.413009920495123,FALSE,-0.0282100828468845,0.0418242688287909,FALSE,FALSE,0.000154220232877957
"D'Arcangelo et al (2025)","D'Arcangelo et al (2025)",697,0.027544394379346,0.00016594756057086,0.481930907635484,FALSE,-0.0282100828468845,0.0418242688287909,FALSE,FALSE,0.000154220232877957
"D'Arcangelo et al (2025)","D'Arcangelo et al (2025)",698,0.0275315204029767,0.00016594756057086,0.481858913948081,FALSE,-0.0282100828468845,0.0418242688287909,FALSE,FALSE,0.000154220232877955
"D'Arcangelo et al (2025)","D'Arcangelo et al (2025)",699,0.0284198139537086,0.00016594756057086,0.486826417878377,FALSE,-0.0282100828468845,0.0418242688287909,FALSE,FALSE,0.00015422023287796
"D'Arcangelo et al (2025)","D'Arcangelo et al (2025)",700,0.0154411372500998,0.00016594756057086,0.414247226594039,FALSE,-0.0282100828468845,0.0418242688287909,FALSE,FALSE,0.000154220232877956
"D'Arcangelo et al (2025)","D'Arcangelo et al (2025)",701,0.0154668918907872,0.00016594756057086,0.414391251369106,FALSE,-0.0282100828468845,0.0418242688287909,FALSE,FALSE,0.00015422023287796
"D'Arcangelo et al (2025)","D'Arcangelo et al (2025)",702,0.0153638732666582,0.00016594756057086,0.413815151925591,FALSE,-0.0282100828468845,0.0418242688287909,FALSE,FALSE,0.000154220232877962
"D'Arcangelo et al (2025)","D'Arcangelo et al (2025)",703,0.0430076069847909,0.00016594756057086,0.56840408908463,FALSE,-0.0282100828468845,0.0418242688287909,FALSE,FALSE,0.000154220232877957
"D'Arcangelo et al (2025)","D'Arcangelo et al (2025)",704,0.0106059195968914,0.00016594756057086,0.387207783747293,FALSE,-0.0282100828468845,0.0418242688287909,FALSE,FALSE,0.000154220232877962
"D'Arcangelo et al (2025)","D'Arcangelo et al (2025)",705,0.0442566260969678,0.00016594756057086,0.575388837925417,FALSE,-0.0282100828468845,0.0418242688287909,FALSE,FALSE,0.000154220232877956
"D'Arcangelo et al (2025)","D'Arcangelo et al (2025)",706,0.0117077853455628,0.00016594756057086,0.393369623414679,FALSE,-0.0282100828468845,0.0418242688287909,FALSE,FALSE,0.000154220232877954
"D'Arcangelo et al (2025)","D'Arcangelo et al (2025)",707,-0.0399401238024633,0.00016594756057086,0.104544840804262,FALSE,-0.0282100828468845,0.0418242688287909,FALSE,FALSE,0.000154220232877962
"D'Arcangelo et al (2025)","D'Arcangelo et al (2025)",708,-0.0283296982267817,0.00016594756057086,0.169472515481269,FALSE,-0.0282100828468845,0.0418242688287909,FALSE,FALSE,0.000154220232877958
"D'Arcangelo et al (2025)","D'Arcangelo et al (2025)",709,0.00135585663737673,0.000177304964539007,0.335420330470774,FALSE,-0.0282100828468845,0.0418242688287909,FALSE,FALSE,0.000152011163629287
"D'Arcangelo et al (2025)","D'Arcangelo et al (2025)",710,0.00468114371724192,0.000177304964539007,0.354012616725163,FALSE,-0.0282100828468845,0.0418242688287909,FALSE,FALSE,0.000152011163629287
"D'Arcangelo et al (2025)","D'Arcangelo et al (2025)",711,-0.00585726897656222,0.000177304964539007,0.295090430229902,FALSE,-0.0282100828468845,0.0418242688287909,FALSE,FALSE,0.000152011163629291
"D'Arcangelo et al (2025)","D'Arcangelo et al (2025)",712,0.0038034339909436,0.000177304964539007,0.349105181641314,FALSE,-0.0282100828468845,0.0418242688287909,FALSE,FALSE,0.000152011163629287
"D'Arcangelo et al (2025)","D'Arcangelo et al (2025)",713,0.00468385269264415,0.000177304964539007,0.354027763100476,FALSE,-0.0282100828468845,0.0418242688287909,FALSE,FALSE,0.000152011163629282
"D'Arcangelo et al (2025)","D'Arcangelo et al (2025)",714,0.0177484695849588,0.000177304964539007,0.42707441778982,FALSE,-0.0282100828468845,0.0418242688287909,FALSE,FALSE,0.00015201116362929
"D'Arcangelo et al (2025)","D'Arcangelo et al (2025)",715,-0.00443733579278242,0.000177304964539007,0.303029535510403,FALSE,-0.0282100828468845,0.0418242688287909,FALSE,FALSE,0.000152011163629291
"D'Arcangelo et al (2025)","D'Arcangelo et al (2025)",716,0.0214134021689925,0.000177304964539007,0.447565723974474,FALSE,-0.0282100828468845,0.0418242688287909,FALSE,FALSE,0.00015201116362929
"D'Arcangelo et al (2025)","D'Arcangelo et al (2025)",717,0.0305825205020438,0.00016594756057086,0.498920678013531,FALSE,-0.0282100828468845,0.0418242688287909,FALSE,FALSE,0.00015422023287796
"D'Arcangelo et al (2025)","D'Arcangelo et al (2025)",718,0.0346050240936762,0.00016594756057086,0.521415271590844,FALSE,-0.0282100828468845,0.0418242688287909,FALSE,FALSE,0.00015422023287796
"D'Arcangelo et al (2025)","D'Arcangelo et al (2025)",719,0.0594431371153094,0.0001806684733514,0.660162049330928,FALSE,-0.0282100828468845,0.0418242688287909,FALSE,FALSE,0.00015137057659862
"D'Arcangelo et al (2025)","D'Arcangelo et al (2025)",720,0.0512556057494305,0.000506585612968592,0.611272474024356,FALSE,-0.0282100828468845,0.0418242688287909,FALSE,FALSE,0.000105256302750787
"D'Arcangelo et al (2025)","D'Arcangelo et al (2025)",721,0.0553093411214959,0.00016594756057086,0.637197690730376,FALSE,-0.0282100828468845,0.0418242688287909,FALSE,FALSE,0.000154220232877966
"D'Arcangelo et al (2025)","D'Arcangelo et al (2025)",722,0.0862241211111989,0.000583090379008746,0.804825403517235,FALSE,-0.0282100828468845,0.0418242688287909,FALSE,FALSE,9.69653615717481e-05
"D'Arcangelo et al (2025)","D'Arcangelo et al (2025)",723,0.0213717970986551,0.00016594756057086,0.447412587394725,FALSE,-0.0282100828468845,0.0418242688287909,FALSE,FALSE,0.000154220232877963
"D'Arcangelo et al (2025)","D'Arcangelo et al (2025)",724,-0.0145341995684369,0.00016594756057086,0.246619528143079,FALSE,-0.0282100828468845,0.0418242688287909,FALSE,FALSE,0.000154220232877957
"D'Arcangelo et al (2025)","D'Arcangelo et al (2025)",725,-0.00334849684794134,0.00016594756057086,0.309172073055061,FALSE,-0.0282100828468845,0.0418242688287909,FALSE,FALSE,0.000154220232877963
"D'Arcangelo et al (2025)","D'Arcangelo et al (2025)",726,0.0256911536409224,0.0001806684733514,0.471458596583724,FALSE,-0.0282100828468845,0.0418242688287909,FALSE,FALSE,0.000151370576598631
"D'Arcangelo et al (2025)","D'Arcangelo et al (2025)",727,0.0364762941873468,0.000506585612968592,0.529064429046563,FALSE,-0.0282100828468845,0.0418242688287909,FALSE,FALSE,0.000105256302750779
"D'Arcangelo et al (2025)","D'Arcangelo et al (2025)",728,0.0327830041257934,0.00016594756057086,0.511226194630781,FALSE,-0.0282100828468845,0.0418242688287909,FALSE,FALSE,0.000154220232877958
"D'Arcangelo et al (2025)","D'Arcangelo et al (2025)",729,-0.0216225137238238,0.000583090379008746,0.205655725897995,FALSE,-0.0282100828468845,0.0418242688287909,FALSE,FALSE,9.69653615717483e-05
"D'Arcangelo et al (2025)","D'Arcangelo et al (2025)",730,0.0117077853455628,0.00016594756057086,0.393369623414679,FALSE,-0.0282100828468845,0.0418242688287909,FALSE,FALSE,0.000154220232877962
"D'Arcangelo et al (2025)","D'Arcangelo et al (2025)",731,-0.00763184182343368,9.7570494682408e-06,0.285911306207386,FALSE,-0.0282100828468845,0.0418242688287909,FALSE,FALSE,0.000203709225680637
"D'Arcangelo et al (2025)","D'Arcangelo et al (2025)",732,0.0238041259483286,9.7570494682408e-06,0.462146881002481,FALSE,-0.0282100828468845,0.0418242688287909,FALSE,FALSE,0.000203709225680631
"D'Arcangelo et al (2025)","D'Arcangelo et al (2025)",733,-0.00667787678868574,9.7570494682408e-06,0.291259402294449,FALSE,-0.0282100828468845,0.0418242688287909,FALSE,FALSE,0.00020370922568064
"D'Arcangelo et al (2025)","D'Arcangelo et al (2025)",734,0.0337362084768089,9.7570494682408e-06,0.517827885831966,FALSE,-0.0282100828468845,0.0418242688287909,FALSE,FALSE,0.000203709225680635
"D'Arcangelo et al (2025)","D'Arcangelo et al (2025)",735,0.0304840037387368,9.7570494682408e-06,0.499595452985401,FALSE,-0.0282100828468845,0.0418242688287909,FALSE,FALSE,0.000203709225680636
"D'Arcangelo et al (2025)","D'Arcangelo et al (2025)",736,0,9.7570494682408e-06,0.328696756309108,FALSE,-0.0282100828468845,0.0418242688287909,FALSE,FALSE,0.000203709225680634
"D'Arcangelo et al (2025)","D'Arcangelo et al (2025)",737,0.0276237145845939,9.7570494682408e-06,0.483560167963466,FALSE,-0.0282100828468845,0.0418242688287909,FALSE,FALSE,0.000203709225680643
"D'Arcangelo et al (2025)","D'Arcangelo et al (2025)",738,0.00708331272138488,9.7570494682408e-06,0.368407055606081,FALSE,-0.0282100828468845,0.0418242688287909,FALSE,FALSE,0.000203709225680638
"D'Arcangelo et al (2025)","D'Arcangelo et al (2025)",739,0.0366250077405577,9.7570494682408e-06,0.53402300355224,FALSE,-0.0282100828468845,0.0418242688287909,FALSE,FALSE,0.000203709225680642
"D'Arcangelo et al (2025)","D'Arcangelo et al (2025)",740,0.0277575295454959,9.7570494682408e-06,0.48431035821439,FALSE,-0.0282100828468845,0.0418242688287909,FALSE,FALSE,0.000203709225680645
"D'Arcangelo et al (2025)","D'Arcangelo et al (2025)",741,0.00107323796877783,9.7570494682408e-06,0.334713517481938,FALSE,-0.0282100828468845,0.0418242688287909,FALSE,FALSE,0.00020370922568064
"D'Arcangelo et al (2025)","D'Arcangelo et al (2025)",742,0.0339282592932925,9.7570494682408e-06,0.518904556551271,FALSE,-0.0282100828468845,0.0418242688287909,FALSE,FALSE,0.000203709225680638
"D'Arcangelo et al (2025)","D'Arcangelo et al (2025)",743,0.00321970896156372,9.7570494682408e-06,0.346747012106348,FALSE,-0.0282100828468845,0.0418242688287909,FALSE,FALSE,0.000203709225680641
"D'Arcangelo et al (2025)","D'Arcangelo et al (2025)",744,0.044923882127567,9.7570494682408e-06,0.580547955746034,FALSE,-0.0282100828468845,0.0418242688287909,FALSE,FALSE,0.000203709225680634
"D'Arcangelo et al (2025)","D'Arcangelo et al (2025)",745,0.0389007805727798,9.7570494682408e-06,0.54678138707336,FALSE,-0.0282100828468845,0.0418242688287909,FALSE,FALSE,0.000203709225680642
"Delis et al (2021)","Delis et al (2021)",746,0.0621603247052706,9.93739441518434e-05,0.676317237985932,FALSE,-0.0282100828468845,0.0418242688287909,FALSE,FALSE,0.000289744488817918
"Delis et al (2021)","Delis et al (2021)",747,0.0244276969180454,9.93739441518434e-05,0.465059379436565,FALSE,-0.0282100828468845,0.0418242688287909,FALSE,FALSE,0.000289744488817915
"Delis et al (2021)","Delis et al (2021)",748,0.025792099189035,9.56205775482884e-05,0.472726428687944,FALSE,-0.0282100828468845,0.0418242688287909,FALSE,FALSE,0.000290494757294706
"Delis et al (2021)","Delis et al (2021)",749,-0.0272387172023834,5.24301368426572e-05,0.175918272813231,FALSE,-0.0282100828468845,0.0418242688287909,FALSE,FALSE,0.000300460136526464
"Delis et al (2021)","Delis et al (2021)",750,-0.0245305001037664,5.24521374246001e-05,0.191092331619408,FALSE,-0.0282100828468845,0.0418242688287909,FALSE,FALSE,0.000300454201642634
"Delis et al (2021)","Delis et al (2021)",751,-0.0144433377072356,5.24521374246001e-05,0.247610624726119,FALSE,-0.0282100828468845,0.0418242688287909,FALSE,FALSE,0.000300454201642631
"Delis et al (2021)","Delis et al (2021)",752,-0.0177281074442621,5.24521374246001e-05,0.229206085224587,FALSE,-0.0282100828468845,0.0418242688287909,FALSE,FALSE,0.000300454201642639
"Delis et al (2021)","Delis et al (2021)",753,-0.01822795799075,5.24521374246001e-05,0.226405426467902,FALSE,-0.0282100828468845,0.0418242688287909,FALSE,FALSE,0.000300454201642634
"Delis et al (2021)","Delis et al (2021)",754,-0.0338792410180769,5.58659217877095e-05,0.138704016322875,FALSE,-0.0282100828468845,0.0418242688287909,FALSE,FALSE,0.00029954746639135
"Delis et al (2021)","Delis et al (2021)",755,-0.0274952781651393,5.58659217877095e-05,0.174471362006994,FALSE,-0.0282100828468845,0.0418242688287909,FALSE,FALSE,0.000299547466391353
"Delis et al (2021)","Delis et al (2021)",756,-0.0187106787782092,5.24521374246001e-05,0.223700745618935,FALSE,-0.0282100828468845,0.0418242688287909,FALSE,FALSE,0.000300454201642634
"Delis et al (2021)","Delis et al (2021)",757,-0.0159843013059781,5.24521374246001e-05,0.238976617567629,FALSE,-0.0282100828468845,0.0418242688287909,FALSE,FALSE,0.000300454201642632
"Delis et al (2021)","Delis et al (2021)",758,-0.0673201465272111,5.46956188809276e-05,-0.0486558751541145,FALSE,-0.0282100828468845,0.0418242688287909,FALSE,FALSE,0.000299855204907914
"Delis et al (2021)","Delis et al (2021)",759,-0.0521400520470051,5.46956188809276e-05,0.0363950311868731,FALSE,-0.0282100828468845,0.0418242688287909,FALSE,FALSE,0.000299855204907915
"Delis et al (2021)","Delis et al (2021)",760,-0.0428619958492402,5.48245614035088e-05,0.0883778711832742,FALSE,-0.0282100828468845,0.0418242688287909,FALSE,FALSE,0.000299821143267066
"Delis et al (2021)","Delis et al (2021)",761,-0.0368505381494432,5.48245614035088e-05,0.122058746775951,FALSE,-0.0282100828468845,0.0418242688287909,FALSE,FALSE,0.000299821143267068
"Delis et al (2021)","Delis et al (2021)",762,0.0114889991467056,5.24521374246001e-05,0.392909308105806,FALSE,-0.0282100828468845,0.0418242688287909,FALSE,FALSE,0.000300454201642632
"Delis et al (2021)","Delis et al (2021)",763,0.0247320599853823,5.24521374246001e-05,0.467110075842802,FALSE,-0.0282100828468845,0.0418242688287909,FALSE,FALSE,0.000300454201642632
"Delis et al (2021)","Delis et al (2021)",764,-0.0237301722303448,5.20941862888102e-05,0.19557766262971,FALSE,-0.0282100828468845,0.0418242688287909,FALSE,FALSE,0.000300550913099305
"Delis et al (2021)","Delis et al (2021)",765,0.0445060632465692,5.20941862888102e-05,0.577906948883333,FALSE,-0.0282100828468845,0.0418242688287909,FALSE,FALSE,0.000300550913099304
"Delis et al (2021)","Delis et al (2021)",766,-0.0155830219331664,5.24521374246001e-05,0.241224982798475,FALSE,-0.0282100828468845,0.0418242688287909,FALSE,FALSE,0.00030045420164263
"Delis et al (2021)","Delis et al (2021)",767,-0.376031573452371,5.24521374246001e-05,-1.778365471268,FALSE,-0.0282100828468845,0.0418242688287909,TRUE,FALSE,0.000300454201642631
"Delis et al (2021)","Delis et al (2021)",768,-0.024947254401709,5.24109014675052e-05,0.188757382743701,FALSE,-0.0282100828468845,0.0418242688287909,FALSE,FALSE,0.000300465326456616
"Delis et al (2021)","Delis et al (2021)",769,-0.017414992258554,5.24109014675052e-05,0.230960617222872,FALSE,-0.0282100828468845,0.0418242688287909,FALSE,FALSE,0.000300465326456616
"Delis et al (2021)","Delis et al (2021)",770,-0.0212318101995648,5.24521374246001e-05,0.209574865710258,FALSE,-0.0282100828468845,0.0418242688287909,FALSE,FALSE,0.00030045420164263
"Delis et al (2021)","Delis et al (2021)",771,-0.0320805679511233,5.24521374246001e-05,0.148789359703419,FALSE,-0.0282100828468845,0.0418242688287909,FALSE,FALSE,0.000300454201642625
"Delis et al (2021)","Delis et al (2021)",772,-0.0245182694497285,5.24741564779346e-05,0.191160793760711,FALSE,-0.0282100828468845,0.0418242688287909,FALSE,FALSE,0.000300448262984198
"Delis et al (2021)","Delis et al (2021)",773,-0.0181957954050232,5.24741564779346e-05,0.226585554614551,FALSE,-0.0282100828468845,0.0418242688287909,FALSE,FALSE,0.000300448262984199
"Delis et al (2021)","Delis et al (2021)",774,-0.0308870319972905,9.90589400693413e-05,0.155363421593958,FALSE,-0.0282100828468845,0.0418242688287909,FALSE,FALSE,0.000289806924455213
"Delis et al (2021)","Delis et al (2021)",775,-0.00688569933319886,9.95123892924669e-05,0.289740954768956,FALSE,-0.0282100828468845,0.0418242688287909,FALSE,FALSE,0.00028971707837554
"Delis et al (2021)","Delis et al (2021)",776,0.0243927552523191,9.02608538676776e-05,0.464930659465254,FALSE,-0.0282100828468845,0.0418242688287909,FALSE,FALSE,0.000291591202564435
"Delis et al (2021)","Delis et al (2021)",777,0.0352204745564497,9.02608538676776e-05,0.525561784819433,FALSE,-0.0282100828468845,0.0418242688287909,FALSE,FALSE,0.000291591202564436
"Ding et al (2022)","Ding et al (2022)",778,0.354092528962243,0.000351988736360436,2.30413811954963,FALSE,-0.0282100828468845,0.0418242688287909,TRUE,FALSE,0.00122429640801916
"Ding et al (2022)","Ding et al (2022)",779,-0.0530497094739486,0.000351988736360436,0.0311140974440242,FALSE,-0.0282100828468845,0.0418242688287909,FALSE,FALSE,0.00122429640801917
"Ding et al (2022)","Ding et al (2022)",780,-0.0400213538367682,0.000351988736360436,0.103849771948322,FALSE,-0.0282100828468845,0.0418242688287909,FALSE,FALSE,0.00122429640801916
"Ding et al (2022)","Ding et al (2022)",781,-0.14962165873652,0.00105820105820106,-0.502398637740128,FALSE,-0.0282100828468845,0.0418242688287909,FALSE,FALSE,0.00103673974944365
"Ding et al (2022)","Ding et al (2022)",782,-0.14457721611752,0.00105820105820106,-0.474546254671136,FALSE,-0.0282100828468845,0.0418242688287909,FALSE,FALSE,0.00103673974944365
"Ding et al (2022)","Ding et al (2022)",783,-0.0469466498425446,0.00105820105820106,0.064511107363498,FALSE,-0.0282100828468845,0.0418242688287909,FALSE,FALSE,0.00103673974944365
"Ding et al (2022)","Ding et al (2022)",784,-0.132127464448845,0.00105820105820106,-0.405806201749591,FALSE,-0.0282100828468845,0.0418242688287909,FALSE,FALSE,0.00103673974944365
"Ding et al (2022)","Ding et al (2022)",785,-0.131547895726856,0.00105820105820106,-0.402606171284612,FALSE,-0.0282100828468845,0.0418242688287909,FALSE,FALSE,0.00103673974944365
"Drago, Carnevale (2020)","Drago, Carnevale (2020)",786,-0.15623288231198,0.000910746812386157,-0.542587519045125,FALSE,-0.0282100828468845,0.0418242688287909,TRUE,FALSE,0.00590891465992582
"Drago et al (2018)","Drago et al (2018)",787,-0.0912032707854568,0.000768639508070715,-0.138974139900731,FALSE,-0.0282100828468845,0.0418242688287909,FALSE,FALSE,0.00362973261931247
"Du et al (2015)","Du et al (2015)",788,-0.0532414913083813,0.0006265664160401,0.0299948540244583,FALSE,-0.0282100828468845,0.0418242688287909,FALSE,FALSE,0.000322307361829613
"Du et al (2015)","Du et al (2015)",789,-0.0677194106510893,0.0006265664160401,-0.0504057837880036,FALSE,-0.0282100828468845,0.0418242688287909,FALSE,FALSE,0.000322307361829613
"Du et al (2015)","Du et al (2015)",790,-0.0579856335289675,0.0006265664160401,0.00364907522991938,FALSE,-0.0282100828468845,0.0418242688287909,FALSE,FALSE,0.000322307361829616
"Du et al (2015)","Du et al (2015)",791,-0.0574863096757483,0.0006265664160401,0.00642198446663354,FALSE,-0.0282100828468845,0.0418242688287909,FALSE,FALSE,0.000322307361829616
"Du et al (2015)","Du et al (2015)",792,-0.0682184138845261,0.0006265664160401,-0.0531769125178379,FALSE,-0.0282100828468845,0.0418242688287909,FALSE,FALSE,0.000322307361829614
"Du et al (2015)","Du et al (2015)",793,-0.0574863096757483,0.0006265664160401,0.00642198446663354,FALSE,-0.0282100828468845,0.0418242688287909,FALSE,FALSE,0.000322307361829613
"Du et al (2015)","Du et al (2015)",794,-0.0587345921941127,0.0006265664160401,-0.000510138048414854,FALSE,-0.0282100828468845,0.0418242688287909,FALSE,FALSE,0.000322307361829615
"Du et al (2015)","Du et al (2015)",795,-0.0961319588975929,0.0006265664160401,-0.208189989295876,FALSE,-0.0282100828468845,0.0418242688287909,FALSE,FALSE,0.000322307361829613
"Du et al (2015)","Du et al (2015)",796,-0.0879142222666246,0.0006265664160401,-0.162554200694978,FALSE,-0.0282100828468845,0.0418242688287909,FALSE,FALSE,0.000322307361829612
"Du et al (2015)","Du et al (2015)",797,-0.0923973932988777,0.0006265664160401,-0.187450720829071,FALSE,-0.0282100828468845,0.0418242688287909,FALSE,FALSE,0.00032230736182961
"Du et al (2015)","Du et al (2015)",798,-0.107327436806906,0.0006265664160401,-0.270362152520247,FALSE,-0.0282100828468845,0.0418242688287909,FALSE,FALSE,0.000322307361829615
"Du et al (2015)","Du et al (2015)",799,-0.0961319588975929,0.0006265664160401,-0.208189989295876,FALSE,-0.0282100828468845,0.0418242688287909,FALSE,FALSE,0.000322307361829612
"Du et al (2015)","Du et al (2015)",800,-0.0859211306327319,0.0006265664160401,-0.151485908712514,FALSE,-0.0282100828468845,0.0418242688287909,FALSE,FALSE,0.000322307361829615
"Du et al (2015)","Du et al (2015)",801,-0.0869177195004518,0.000773395204949729,-0.156657117805774,FALSE,-0.0282100828468845,0.0418242688287909,FALSE,FALSE,0.000287607294004198
"Du et al (2015)","Du et al (2015)",802,-0.11528060177906,0.000773395204949729,-0.31380470752733,FALSE,-0.0282100828468845,0.0418242688287909,FALSE,FALSE,0.000287607294004198
"Du et al (2015)","Du et al (2015)",803,-0.108714239603114,0.00156494522691706,-0.27406272655231,FALSE,-0.0282100828468845,0.0418242688287909,FALSE,FALSE,0.000143713698790856
"Du et al (2015)","Du et al (2015)",804,-0.181341328451206,0.00156494522691706,-0.671603422195369,FALSE,-0.0282100828468845,0.0418242688287909,TRUE,FALSE,0.000143713698790852
"Du et al (2015)","Du et al (2015)",805,-0.100860484085715,0.0022075055187638,-0.228855942697678,FALSE,-0.0282100828468845,0.0418242688287909,FALSE,FALSE,5.62289773927322e-05
"Du et al (2015)","Du et al (2015)",806,-0.106103293983322,0.0022075055187638,-0.257278835702709,FALSE,-0.0282100828468845,0.0418242688287909,FALSE,FALSE,5.62289773927304e-05
"Du et al (2022)","Du et al (2022)",807,0.0360155641044414,0.000215842866393266,0.529911549829975,FALSE,-0.0282100828468845,0.0418242688287909,FALSE,FALSE,0.00371760191890663
"Du et al (2022)","Du et al (2022)",808,0.0129240571099012,0.000215842866393266,0.400120855688393,FALSE,-0.0282100828468845,0.0418242688287909,FALSE,FALSE,0.00371760191890663
"Dumrose & Höck (2023)","Dumrose & Höck (2023)",809,-0.0514004781588667,1.83644610948892e-05,0.0406383708002635,FALSE,-0.0282100828468845,0.0418242688287909,FALSE,FALSE,0.000313574896371536
"Dumrose & Höck (2023)","Dumrose & Höck (2023)",810,-0.0770324499165434,2.3227185097438e-05,-0.103048398236698,FALSE,-0.0282100828468845,0.0418242688287909,FALSE,FALSE,0.000311946681820792
"Dumrose & Höck (2023)","Dumrose & Höck (2023)",811,-0.0432376689063233,4.56767003151692e-05,0.0863609337170757,FALSE,-0.0282100828468845,0.0418242688287909,FALSE,FALSE,0.000305990561986169
"Dumrose & Höck (2023)","Dumrose & Höck (2023)",812,-0.0796601161147194,4.72656803894692e-05,-0.117733747951971,FALSE,-0.0282100828468845,0.0418242688287909,FALSE,FALSE,0.000305630374230168
"Dumrose & Höck (2023)","Dumrose & Höck (2023)",813,-0.0361368177390757,2.3227185097438e-05,0.126197431209482,FALSE,-0.0282100828468845,0.0418242688287909,FALSE,FALSE,0.00031194668182079
"Dumrose & Höck (2023)","Dumrose & Höck (2023)",814,-0.0471204159139763,1.83644610948892e-05,0.0646326941159521,FALSE,-0.0282100828468845,0.0418242688287909,FALSE,FALSE,0.00031357489637153
"Dumrose & Höck (2023)","Dumrose & Höck (2023)",815,-0.0747146611033125,4.22940280832346e-05,-0.0900289723988753,FALSE,-0.0282100828468845,0.0418242688287909,FALSE,FALSE,0.000306777984543424
"Dumrose & Höck (2023)","Dumrose & Höck (2023)",816,-0.0913911642864578,5.15304544986087e-05,-0.183456108375957,FALSE,-0.0282100828468845,0.0418242688287909,FALSE,FALSE,0.000304691409550975
"Dumrose & Höck (2023)","Dumrose & Höck (2023)",817,-0.0505809857510378,2.3227185097438e-05,0.0452287531317615,FALSE,-0.0282100828468845,0.0418242688287909,FALSE,FALSE,0.000311946681820789
"Dumrose & Höck (2023)","Dumrose & Höck (2023)",818,-0.0456729304072321,2.57731958762887e-05,0.072738429340105,FALSE,-0.0282100828468845,0.0418242688287909,FALSE,FALSE,0.000311160415693389
"Dumrose & Höck (2023)","Dumrose & Höck (2023)",819,-0.047284593433574,3.28774329300368e-05,0.0636969074003059,FALSE,-0.0282100828468845,0.0418242688287909,FALSE,FALSE,0.000309146407332913
"Dumrose & Höck (2023)","Dumrose & Höck (2023)",820,-0.0374482423894414,6.44371415684e-05,0.118766762116497,FALSE,-0.0282100828468845,0.0418242688287909,FALSE,FALSE,0.00030205661688266
"Dumrose & Höck (2023)","Dumrose & Höck (2023)",821,-0.0532302951372537,6.71411306566403e-05,0.0303551171268334,FALSE,-0.0282100828468845,0.0418242688287909,FALSE,FALSE,0.000301537730688251
"Dumrose & Höck (2023)","Dumrose & Höck (2023)",822,-0.0194930118707626,3.28774329300368e-05,0.219462207866637,FALSE,-0.0282100828468845,0.0418242688287909,FALSE,FALSE,0.000309146407332912
"Dumrose & Höck (2023)","Dumrose & Höck (2023)",823,-0.0406011208275529,2.57731958762887e-05,0.101167963236154,FALSE,-0.0282100828468845,0.0418242688287909,FALSE,FALSE,0.000311160415693393
"Dumrose & Höck (2023)","Dumrose & Höck (2023)",824,-0.0495148343494386,5.99161174355902e-05,0.0511740975321002,FALSE,-0.0282100828468845,0.0418242688287909,FALSE,FALSE,0.000302948031064399
"Dumrose & Höck (2023)","Dumrose & Höck (2023)",825,-0.0580087323411113,7.28703636231145e-05,0.00358723964642186,FALSE,-0.0282100828468845,0.0418242688287909,FALSE,FALSE,0.000300470304670416
"Dumrose & Höck (2023)","Dumrose & Höck (2023)",826,-0.0315295860539414,3.28774329300368e-05,0.152000030876431,FALSE,-0.0282100828468845,0.0418242688287909,FALSE,FALSE,0.000309146407332912
"Dumrose & Höck (2023)","Dumrose & Höck (2023)",827,-0.0322844401033617,3.73231814279849e-05,0.147758613739436,FALSE,-0.0282100828468845,0.0418242688287909,FALSE,FALSE,0.000307992365125994
"Dumrose & Höck (2023)","Dumrose & Höck (2023)",828,-0.0427494747821692,3.73231814279849e-05,0.0891087100191777,FALSE,-0.0282100828468845,0.0418242688287909,FALSE,FALSE,0.000307992365125991
"Dumrose & Höck (2023)","Dumrose & Höck (2023)",829,-0.0432376689063233,4.56767003151692e-05,0.0863609337170757,FALSE,-0.0282100828468845,0.0418242688287909,FALSE,FALSE,0.000305990561986169
"Dumrose & Höck (2023)","Dumrose & Höck (2023)",830,-0.0796601161147194,4.72656803894692e-05,-0.117733747951971,FALSE,-0.0282100828468845,0.0418242688287909,FALSE,FALSE,0.000305630374230165
"Dumrose & Höck (2023)","Dumrose & Höck (2023)",831,-0.0134392373209305,3.73231814279849e-05,0.253374062010867,FALSE,-0.0282100828468845,0.0418242688287909,FALSE,FALSE,0.000307992365125993
"Dumrose & Höck (2023)","Dumrose & Höck (2023)",832,-0.0448075978629813,7.52785305630834e-05,0.0775264299390983,FALSE,-0.0282100828468845,0.0418242688287909,FALSE,FALSE,0.000300033645181878
"Dumrose & Höck (2023)","Dumrose & Höck (2023)",833,-0.0411962141288238,7.52785305630834e-05,0.0977537428518735,FALSE,-0.0282100828468845,0.0418242688287909,FALSE,FALSE,0.000300033645181872
"Dumrose & Höck (2023)","Dumrose & Höck (2023)",834,-0.0430055535491373,7.40411668887902e-05,0.0876214032956644,FALSE,-0.0282100828468845,0.0418242688287909,FALSE,FALSE,0.000300257163119974
"Dumrose & Höck (2023)","Dumrose & Höck (2023)",835,-0.0619075364886195,7.40411668887902e-05,-0.0182504325819441,FALSE,-0.0282100828468845,0.0418242688287909,FALSE,FALSE,0.000300257163119973
"Dumrose & Höck (2023)","Dumrose & Höck (2023)",836,-0.0331566771281675,3.73231814279849e-05,0.142870276615269,FALSE,-0.0282100828468845,0.0418242688287909,FALSE,FALSE,0.000307992365125992
"Dumrose & Höck (2023)","Dumrose & Höck (2023)",837,-0.0213796196718047,3.73231814279849e-05,0.20887323858561,FALSE,-0.0282100828468845,0.0418242688287909,FALSE,FALSE,0.000307992365125991
"Dumrose & Höck (2023)","Dumrose & Höck (2023)",838,-0.331647108705132,1.31168011794628e-06,-1.53086772353226,FALSE,-0.0282100828468845,0.0418242688287909,TRUE,FALSE,0.000323033150047014
"Dumrose & Höck (2023)","Dumrose & Höck (2023)",839,-0.354092528962243,1.31168011794628e-06,-1.65673327888891,FALSE,-0.0282100828468845,0.0418242688287909,TRUE,FALSE,0.000323033150047008
"Duong et al (2025)","Duong et al (2025)",840,-0.0620796263978297,2.59221816108044e-05,-0.0193050067175525,FALSE,-0.0282100828468845,0.0418242688287909,FALSE,FALSE,0.000388435138955808
"Duong et al (2025)","Duong et al (2025)",841,-0.105388447838499,2.59221816108044e-05,-0.262087681750592,FALSE,-0.0282100828468845,0.0418242688287909,FALSE,FALSE,0.000388435138955811
"Duong et al (2025)","Duong et al (2025)",842,-0.116524540151806,2.59221816108044e-05,-0.324514923852839,FALSE,-0.0282100828468845,0.0418242688287909,FALSE,FALSE,0.000388435138955815
"Duong et al (2025)","Duong et al (2025)",843,-0.122610746223762,2.59221816108044e-05,-0.358633270688393,FALSE,-0.0282100828468845,0.0418242688287909,FALSE,FALSE,0.000388435138955813
"Duong et al (2025)","Duong et al (2025)",844,-0.0451552019484856,0.000424808836023789,0.0751075402111864,FALSE,-0.0282100828468845,0.0418242688287909,FALSE,FALSE,0.000253141655872731
"Duong et al (2025)","Duong et al (2025)",845,-0.0422760112159325,0.000424989375265618,0.0911451646654337,FALSE,-0.0282100828468845,0.0418242688287909,FALSE,FALSE,0.000253103413720702
"Duong et al (2025)","Duong et al (2025)",846,-0.0362557365209699,0.000424808836023789,0.124679990878987,FALSE,-0.0282100828468845,0.0418242688287909,FALSE,FALSE,0.000253141655872732
"Duong et al (2025)","Duong et al (2025)",847,-0.0339434887084172,0.000424989375265618,0.13755945682836,FALSE,-0.0282100828468845,0.0418242688287909,FALSE,FALSE,0.000253103413720699
"Duong et al (2025)","Duong et al (2025)",848,0.00376425395589678,0.000429184549356223,0.347578472267872,FALSE,-0.0282100828468845,0.0418242688287909,FALSE,FALSE,0.000252217099083972
"Duong et al (2025)","Duong et al (2025)",849,0.0100739354178432,0.0004293688278231,0.382721598594864,FALSE,-0.0282100828468845,0.0418242688287909,FALSE,FALSE,0.000252178267803816
"Duong et al (2025)","Duong et al (2025)",850,-0.0329504694349809,0.000424808836023789,0.143091230396532,FALSE,-0.0282100828468845,0.0418242688287909,FALSE,FALSE,0.000253141655872728
"Duong et al (2025)","Duong et al (2025)",851,-0.0308982949364047,0.000424989375265618,0.154521968876714,FALSE,-0.0282100828468845,0.0418242688287909,FALSE,FALSE,0.0002531034137207
"Duong et al (2025)","Duong et al (2025)",852,-0.0392237895674534,0.000424808836023789,0.108147125570999,FALSE,-0.0282100828468845,0.0418242688287909,FALSE,FALSE,0.000253141655872734
"Duong et al (2025)","Duong et al (2025)",853,-0.0422760112159325,0.000424989375265618,0.0911451646654337,FALSE,-0.0282100828468845,0.0418242688287909,FALSE,FALSE,0.000253103413720694
"Duong et al (2025)","Duong et al (2025)",854,-0.0607478334285025,0.000420344682639765,-0.0117486251293369,FALSE,-0.0282100828468845,0.0418242688287909,FALSE,FALSE,0.000254089902232695
"Duong et al (2025)","Duong et al (2025)",855,-0.0631253375104913,0.000479846449136276,-0.0249678792247293,FALSE,-0.0282100828468845,0.0418242688287909,FALSE,FALSE,0.000241843784878804
"Duong et al (2025)","Duong et al (2025)",856,-0.0268296826694504,0.000259403372243839,0.177643891894777,FALSE,-0.0282100828468845,0.0418242688287909,FALSE,FALSE,0.000292526812192147
"Duong et al (2025)","Duong et al (2025)",857,-0.0204918013503625,0.000259470679813181,0.213039725645212,FALSE,-0.0282100828468845,0.0418242688287909,FALSE,FALSE,0.000292508536271307
"Duong et al (2025)","Duong et al (2025)",858,0.0305490912427969,0.000317965023847377,0.497635388677943,FALSE,-0.0282100828468845,0.0418242688287909,FALSE,FALSE,0.000277433608865223
"Duong et al (2025)","Duong et al (2025)",859,0.00486159176107628,0.000318066157760814,0.354307226051549,FALSE,-0.0282100828468845,0.0418242688287909,FALSE,FALSE,0.000277408809760135
"Duong et al (2025)","Duong et al (2025)",860,0.00419497139749742,0.000440528634361233,0.349915458749663,FALSE,-0.0282100828468845,0.0418242688287909,FALSE,FALSE,0.000249842271887053
"Duong et al (2025)","Duong et al (2025)",861,0.0251672453418608,0.000440528634361233,0.466707888151685,FALSE,-0.0282100828468845,0.0418242688287909,FALSE,FALSE,0.000249842271887054
"Duong et al (2025)","Duong et al (2025)",862,-0.0189670931872382,0.0004359197907585,0.220944179475606,FALSE,-0.0282100828468845,0.0418242688287909,FALSE,FALSE,0.000250803311614887
"Duong et al (2025)","Duong et al (2025)",863,0.0151740020460827,0.0004359197907585,0.411086184721715,FALSE,-0.0282100828468845,0.0418242688287909,FALSE,FALSE,0.000250803311614885
"Duong et al (2025)","Duong et al (2025)",864,0.00515051249946646,0.000424989375265618,0.355323092299366,FALSE,-0.0282100828468845,0.0418242688287909,FALSE,FALSE,0.000253103413720693
"Duong et al (2025)","Duong et al (2025)",865,-0.0237967790172041,0.000424989375265618,0.194079237924133,FALSE,-0.0282100828468845,0.0418242688287909,FALSE,FALSE,0.000253103413720693
"Duong et al (2025)","Duong et al (2025)",866,-0.0250142768917772,0.000424989375265618,0.187297461816452,FALSE,-0.0282100828468845,0.0418242688287909,FALSE,FALSE,0.000253103413720692
"Duong et al (2025)","Duong et al (2025)",867,0.0108039032959541,0.0004293688278231,0.386787427370552,FALSE,-0.0282100828468845,0.0418242688287909,FALSE,FALSE,0.000252178267803812
"Duong et al (2025)","Duong et al (2025)",868,-0.0187281243577021,0.000424989375265618,0.222312947227278,FALSE,-0.0282100828468845,0.0418242688287909,FALSE,FALSE,0.000253103413720689
"Duong et al (2025)","Duong et al (2025)",869,0.0062123252904456,0.0004293688278231,0.361212918490892,FALSE,-0.0282100828468845,0.0418242688287909,FALSE,FALSE,0.000252178267803814
"Duong et al (2025)","Duong et al (2025)",870,-0.0430638925310266,0.000424989375265618,0.0867564632229226,FALSE,-0.0282100828468845,0.0418242688287909,FALSE,FALSE,0.000253103413720695
"Duong et al (2025)","Duong et al (2025)",871,-0.00230087398808295,0.0004293688278231,0.313795475014631,FALSE,-0.0282100828468845,0.0418242688287909,FALSE,FALSE,0.000252178267803811
"Duong et al (2025)","Duong et al (2025)",872,-0.0421728343291544,0.000424989375265618,0.0917198864454302,FALSE,-0.0282100828468845,0.0418242688287909,FALSE,FALSE,0.00025310341372069
"Duong et al (2025)","Duong et al (2025)",873,-0.029328741425383,0.000456829602558246,0.163184040673311,FALSE,-0.0282100828468845,0.0418242688287909,FALSE,FALSE,0.00024648364093292
"Duong et al (2025)","Duong et al (2025)",874,-0.0197332587969399,0.00051150895140665,0.216422490270036,FALSE,-0.0282100828468845,0.0418242688287909,FALSE,FALSE,0.000235643440418273
"Ehlers et al (2021)","Ehlers et al (2021)",875,-0.0490392729254534,7.0008401008121e-05,0.0534701120789345,FALSE,-0.0282100828468845,0.0418242688287909,FALSE,FALSE,0.000713168392313438
"Ehlers et al (2021)","Ehlers et al (2021)",876,0.0250306177885938,0.00091324200913242,0.46247896879041,FALSE,-0.0282100828468845,0.0418242688287909,FALSE,FALSE,0.000409357896701652
"Ehlers et al (2021)","Ehlers et al (2021)",877,0.0415237638191095,0.00091324200913242,0.553677599144851,FALSE,-0.0282100828468845,0.0418242688287909,FALSE,FALSE,0.000409357896701651
"Ehlers et al (2021)","Ehlers et al (2021)",878,0.0430373326139187,0.00091324200913242,0.562046857549429,FALSE,-0.0282100828468845,0.0418242688287909,FALSE,FALSE,0.000409357896701652
"Ehlers et al (2021)","Ehlers et al (2021)",879,0.0680699185947779,0.00118764845605701,0.697532998122859,FALSE,-0.0282100828468845,0.0418242688287909,FALSE,FALSE,0.000351044558715725
"Ehlers et al (2021)","Ehlers et al (2021)",880,0.0271426286117943,0.000966183574879227,0.473774313053525,FALSE,-0.0282100828468845,0.0418242688287909,FALSE,FALSE,0.000397440592887879
"Ehlers et al (2021)","Ehlers et al (2021)",881,-0.0423177522855329,0.00091324200913242,0.0900770573539692,FALSE,-0.0282100828468845,0.0418242688287909,FALSE,FALSE,0.000409357896701652
"Ehlers et al (2021)","Ehlers et al (2021)",882,0.0429330358464598,0.00091324200913242,0.561470149968896,FALSE,-0.0282100828468845,0.0418242688287909,FALSE,FALSE,0.000409357896701652
"Ehlers et al (2021)","Ehlers et al (2021)",883,0.0430373326139187,0.00091324200913242,0.562046857549429,FALSE,-0.0282100828468845,0.0418242688287909,FALSE,FALSE,0.000409357896701659
"Ehlers et al (2021)","Ehlers et al (2021)",884,0.0433533462380267,0.00091324200913242,0.563794250656764,FALSE,-0.0282100828468845,0.0418242688287909,FALSE,FALSE,0.000409357896701653
"Ehlers et al (2021)","Ehlers et al (2021)",885,0.043142145640764,0.00091324200913242,0.562626419779334,FALSE,-0.0282100828468845,0.0418242688287909,FALSE,FALSE,0.000409357896701652
"Ehlers et al (2021)","Ehlers et al (2021)",886,0.0427259660372889,0.00091324200913242,0.560325160228963,FALSE,-0.0282100828468845,0.0418242688287909,FALSE,FALSE,0.000409357896701654
"Ehlers et al (2021)","Ehlers et al (2021)",887,0.0441097940708674,0.00091324200913242,0.567977018829799,FALSE,-0.0282100828468845,0.0418242688287909,FALSE,FALSE,0.000409357896701654
"Ehlers et al (2021)","Ehlers et al (2021)",888,0.043782232968532,0.00091324200913242,0.566165774096071,FALSE,-0.0282100828468845,0.0418242688287909,FALSE,FALSE,0.000409357896701648
"Ehlers et al (2021)","Ehlers et al (2021)",889,0.0440000309075167,0.00091324200913242,0.567370084886303,FALSE,-0.0282100828468845,0.0418242688287909,FALSE,FALSE,0.000409357896701653
"Ehlers et al (2021)","Ehlers et al (2021)",890,0.0394764254512997,0.00091324200913242,0.542356869026359,FALSE,-0.0282100828468845,0.0418242688287909,FALSE,FALSE,0.000409357896701652
"Ehlers et al (2021)","Ehlers et al (2021)",891,0.038689039127767,0.00091324200913242,0.538003026882893,FALSE,-0.0282100828468845,0.0418242688287909,FALSE,FALSE,0.00040935789670165
"Ehlers et al (2021)","Ehlers et al (2021)",892,0.0282128727213337,0.00091324200913242,0.480075204873422,FALSE,-0.0282100828468845,0.0418242688287909,FALSE,FALSE,0.00040935789670165
"Ehlers et al (2021)","Ehlers et al (2021)",893,0.0667804567144571,0.00091324200913242,0.693334144662409,FALSE,-0.0282100828468845,0.0418242688287909,FALSE,FALSE,0.00040935789670165
"Ehlers et al (2021)","Ehlers et al (2021)",894,0.0313525832022359,0.00091324200913242,0.497436191979095,FALSE,-0.0282100828468845,0.0418242688287909,FALSE,FALSE,0.000409357896701652
"Ehlers et al (2021)","Ehlers et al (2021)",895,0.0435468495486791,0.000912408759124088,0.564871432656895,FALSE,-0.0282100828468845,0.0418242688287909,FALSE,FALSE,0.000409548359676626
"Ehlers et al (2021)","Ehlers et al (2021)",896,0.0408332504548734,0.000912408759124088,0.549866428805906,FALSE,-0.0282100828468845,0.0418242688287909,FALSE,FALSE,0.000409548359676631
"Eichholtz et al (2019)","Eichholtz et al (2019)",897,-0.122208316989517,0.00421940928270042,-0.334783728868804,FALSE,-0.0282100828468845,0.0418242688287909,FALSE,FALSE,-8.86714364661556e-05
"Eichholtz et al (2019)","Eichholtz et al (2019)",898,-0.113363560005335,0.00421940928270042,-0.288198390879922,FALSE,-0.0282100828468845,0.0418242688287909,FALSE,FALSE,-8.86714364661581e-05
"Eichholtz et al (2019)","Eichholtz et al (2019)",899,-0.0916163579849121,0.000615384615384615,-0.183121866938406,FALSE,-0.0282100828468845,0.0418242688287909,FALSE,FALSE,0.000269563051035769
"Eichholtz et al (2019)","Eichholtz et al (2019)",900,-0.0535400092476729,0.000615384615384615,0.0283533204914164,FALSE,-0.0282100828468845,0.0418242688287909,FALSE,FALSE,0.000269563051035759
"Eichholtz et al (2019)","Eichholtz et al (2019)",901,-0.214678767614465,0.000985221674876847,-0.861648363393591,FALSE,-0.0282100828468845,0.0418242688287909,TRUE,FALSE,0.000206594907966413
"Eichholtz et al (2019)","Eichholtz et al (2019)",902,-0.035486915104321,0.000615384615384615,0.128619800715129,FALSE,-0.0282100828468845,0.0418242688287909,FALSE,FALSE,0.000269563051035759
"Eichholtz et al (2019)","Eichholtz et al (2019)",903,-0.0933899727721855,0.000615384615384615,-0.192972483712491,FALSE,-0.0282100828468845,0.0418242688287909,FALSE,FALSE,0.000269563051035762
"Eichholtz et al (2019)","Eichholtz et al (2019)",904,-0.0398569873670807,0.000615384615384615,0.104348517320114,FALSE,-0.0282100828468845,0.0418242688287909,FALSE,FALSE,0.000269563051035755
"Eichholtz et al (2019)","Eichholtz et al (2019)",905,-0.0351816074122763,0.000615384615384615,0.13031547279347,FALSE,-0.0282100828468845,0.0418242688287909,FALSE,FALSE,0.000269563051035766
"Eichholtz et al (2019)","Eichholtz et al (2019)",906,-0.257451576867719,0.00132450331125828,-1.09216101859767,FALSE,-0.0282100828468845,0.0418242688287909,TRUE,FALSE,0.000159411946974183
"Eichholtz et al (2019)","Eichholtz et al (2019)",907,-0.203877226961825,0.00118483412322275,-0.79954584447977,FALSE,-0.0282100828468845,0.0418242688287909,TRUE,FALSE,0.000177914147520476
"Eliwa et al (2021)","Eliwa et al (2021)",908,-0.0439428810632752,0.000166251039068994,0.0823146396751699,FALSE,-0.0282100828468845,0.0418242688287909,FALSE,FALSE,0.00373846640240584
"Eliwa et al (2021)","Eliwa et al (2021)",909,-0.0428182476153669,0.000316155548529877,0.0884313583606428,FALSE,-0.0282100828468845,0.0418242688287909,FALSE,FALSE,0.00369200451290076
"Erragragui (2018)","Erragragui (2018)",910,-0.0483999256035286,0.000610500610500611,0.0570906462831458,FALSE,-0.0282100828468845,0.0418242688287909,FALSE,FALSE,0.00208512008348315
"Erragragui (2018)","Erragragui (2018)",911,-0.0636173087578278,0.000610500610500611,-0.0276344010501307,FALSE,-0.0282100828468845,0.0418242688287909,FALSE,FALSE,0.00208512008348316
"Erragragui (2018)","Erragragui (2018)",912,-0.0675191001684379,0.000687757909215956,-0.0492985275685329,FALSE,-0.0282100828468845,0.0418242688287909,FALSE,FALSE,0.00206400384334488
"Erragragui (2018)","Erragragui (2018)",913,-0.0675191001684379,0.000687757909215956,-0.0492985275685329,FALSE,-0.0282100828468845,0.0418242688287909,FALSE,FALSE,0.00206400384334488
"Ferriani (2022)","Ferriani (2022)",914,0.37688590118819,0.00135135135135135,2.39206518129124,FALSE,-0.0282100828468845,0.0418242688287909,TRUE,FALSE,0.000366257665857325
"Ferriani (2022)","Ferriani (2022)",915,0.202732554054082,0.00135135135135135,1.43551407980454,FALSE,-0.0282100828468845,0.0418242688287909,TRUE,FALSE,0.000366257665857326
"Ferriani (2022)","Ferriani (2022)",916,0.151140435936467,0.00135135135135135,1.15214027031103,FALSE,-0.0282100828468845,0.0418242688287909,TRUE,FALSE,0.00036625766585732
"Ferriani (2022)","Ferriani (2022)",917,-0.00097274641244995,0.00135135135135135,0.316646525740865,FALSE,-0.0282100828468845,0.0418242688287909,FALSE,FALSE,0.000366257665857321
"Ferriani (2022)","Ferriani (2022)",918,-0.0243979468448868,0.00138504155124654,0.187887808947703,FALSE,-0.0282100828468845,0.0418242688287909,FALSE,FALSE,0.000357899928950346
"Ferriani (2022)","Ferriani (2022)",919,-0.190801294670889,0.00144717800289436,-0.724929205353367,FALSE,-0.0282100828468845,0.0418242688287909,TRUE,FALSE,0.000342782199493114
"Ferriani (2022)","Ferriani (2022)",920,-0.0775535326957399,0.00156494522691706,-0.103622177826023,FALSE,-0.0282100828468845,0.0418242688287909,FALSE,FALSE,0.000315115633467159
"Ferriani (2022)","Ferriani (2022)",921,-0.0693665503871055,0.00156494522691706,-0.0588009808402548,FALSE,-0.0282100828468845,0.0418242688287909,FALSE,FALSE,0.000315115633467154
"Ferriani (2022)","Ferriani (2022)",922,-0.0874772225122238,0.00191938579654511,-0.157079485582838,FALSE,-0.0282100828468845,0.0418242688287909,FALSE,FALSE,0.0002385230769502
"Ferriani (2022)","Ferriani (2022)",923,-0.0782041444627923,0.00191938579654511,-0.10658359782632,FALSE,-0.0282100828468845,0.0418242688287909,FALSE,FALSE,0.000238523076950205
"Fonseka et al (2019a)","Fonseka et al (2019a)",924,-0.0360155641044414,0.00195694716242661,0.123225597503957,FALSE,-0.0282100828468845,0.0418242688287909,FALSE,FALSE,0.000128637228278778
"Fonseka et al (2019a)","Fonseka et al (2019a)",925,-0.113792606995288,0.00195694716242661,-0.300019017465111,FALSE,-0.0282100828468845,0.0418242688287909,FALSE,FALSE,0.000128637228278783
"Fonseka et al (2019a)","Fonseka et al (2019a)",926,-0.0865462673925265,0.00195694716242661,-0.151750761359371,FALSE,-0.0282100828468845,0.0418242688287909,FALSE,FALSE,0.000128637228278773
"Fonseka et al (2019a)","Fonseka et al (2019a)",927,-0.113792606995288,0.00195694716242661,-0.300019017465111,FALSE,-0.0282100828468845,0.0418242688287909,FALSE,FALSE,0.000128637228278782
"Fonseka et al (2019a)","Fonseka et al (2019a)",928,-0.657354239196706,0.00195694716242661,-3.25795525651597,TRUE,-0.0282100828468845,0.0418242688287909,TRUE,TRUE,0.00012863722827878
"Fonseka et al (2019a)","Fonseka et al (2019a)",929,-0.00630111675169751,0.00195694716242661,0.284924723124878,FALSE,-0.0282100828468845,0.0418242688287909,FALSE,FALSE,0.000128637228278782
"Fonseka et al (2019a)","Fonseka et al (2019a)",930,-0.366648692842203,0.00195694716242661,-1.67600314747449,FALSE,-0.0282100828468845,0.0418242688287909,TRUE,FALSE,0.000128637228278779
"Fonseka et al (2019a)","Fonseka et al (2019a)",931,0.131941178293671,0.00195694716242661,1.03720720602966,FALSE,-0.0282100828468845,0.0418242688287909,TRUE,FALSE,0.000128637228278778
"Fonseka et al (2019a)","Fonseka et al (2019a)",932,-0.140681445767327,0.00195694716242661,-0.446341837027804,FALSE,-0.0282100828468845,0.0418242688287909,FALSE,FALSE,0.000128637228278782
"Fonseka et al (2019a)","Fonseka et al (2019a)",933,-0.00490088139668482,0.00195694716242661,0.292544478925188,FALSE,-0.0282100828468845,0.0418242688287909,FALSE,FALSE,0.000128637228278781
"Fonseka et al (2019a)","Fonseka et al (2019a)",934,-0.325056178706809,0.00195694716242661,-1.44966633938144,FALSE,-0.0282100828468845,0.0418242688287909,TRUE,FALSE,0.00012863722827879
"Fonseka et al (2019a)","Fonseka et al (2019a)",935,-0.0881021991947563,0.00195694716242661,-0.160217781087507,FALSE,-0.0282100828468845,0.0418242688287909,FALSE,FALSE,0.000128637228278781
"Fonseka et al (2019a)","Fonseka et al (2019a)",936,-0.186378550660807,0.00195694716242661,-0.695014875330196,FALSE,-0.0282100828468845,0.0418242688287909,TRUE,FALSE,0.000128637228278785
"Fonseka et al (2019a)","Fonseka et al (2019a)",937,-0.102738090518945,0.00195694716242661,-0.239862904609736,FALSE,-0.0282100828468845,0.0418242688287909,FALSE,FALSE,0.000128637228278776
"Fonseka et al (2019a)","Fonseka et al (2019a)",938,-0.140681445767327,0.00195694716242661,-0.446341837027804,FALSE,-0.0282100828468845,0.0418242688287909,FALSE,FALSE,0.000128637228278773
"Fonseka et al (2019a)","Fonseka et al (2019a)",939,-0.0147021733852918,0.00195694716242661,0.239208122852365,FALSE,-0.0282100828468845,0.0418242688287909,FALSE,FALSE,0.000128637228278779
"Fonseka et al (2019a)","Fonseka et al (2019a)",940,-0.427902796066753,0.00195694716242661,-2.00933375983699,FALSE,-0.0282100828468845,0.0418242688287909,TRUE,FALSE,0.000128637228278777
"Fonseka et al (2019a)","Fonseka et al (2019a)",941,0.00400981735814956,0.00195694716242661,0.341034433330989,FALSE,-0.0282100828468845,0.0418242688287909,FALSE,FALSE,0.000128637228278776
"Fonseka et al (2019a)","Fonseka et al (2019a)",942,-0.325056178706809,0.00195694716242661,-1.44966633938144,FALSE,-0.0282100828468845,0.0418242688287909,TRUE,FALSE,0.000128637228278767
"Fonseka et al (2019a)","Fonseka et al (2019a)",943,-0.218790798440339,0.00195694716242661,-0.871394804700644,FALSE,-0.0282100828468845,0.0418242688287909,TRUE,FALSE,0.000128637228278772
"Fonseka et al (2019a)","Fonseka et al (2019a)",944,-0.00352864140842383,0.00195694716242661,0.3000118904375,FALSE,-0.0282100828468845,0.0418242688287909,FALSE,FALSE,0.000128637228278772
"Fonseka et al (2019a)","Fonseka et al (2019a)",945,-0.197205777294072,0.00195694716242661,-0.753934129614653,FALSE,-0.0282100828468845,0.0418242688287909,TRUE,FALSE,0.000128637228278772
"Fonseka et al (2019a)","Fonseka et al (2019a)",946,-0.175529682451937,0.00195694716242661,-0.635977852614408,FALSE,-0.0282100828468845,0.0418242688287909,TRUE,FALSE,0.000128637228278772
"Fonseka et al (2019a)","Fonseka et al (2019a)",947,-0.131941178293671,0.00195694716242661,-0.398779330096219,FALSE,-0.0282100828468845,0.0418242688287909,FALSE,FALSE,0.000128637228278772
"Fonseka et al (2019a)","Fonseka et al (2019a)",948,-0.0264617771728249,0.00195694716242661,0.175215088503806,FALSE,-0.0282100828468845,0.0418242688287909,FALSE,FALSE,0.000128637228278769
"Fonseka et al (2019a)","Fonseka et al (2019a)",949,-0.0881021991947563,0.00195694716242661,-0.160217781087507,FALSE,-0.0282100828468845,0.0418242688287909,FALSE,FALSE,0.00012863722827877
"Fonseka et al (2019a)","Fonseka et al (2019a)",950,-0.175529682451937,0.00195694716242661,-0.635977852614408,FALSE,-0.0282100828468845,0.0418242688287909,TRUE,FALSE,0.000128637228278771
"Fonseka et al (2019a)","Fonseka et al (2019a)",951,-0.00601470588991403,0.00195694716242661,0.286483304557302,FALSE,-0.0282100828468845,0.0418242688287909,FALSE,FALSE,0.000128637228278768
"Fonseka et al (2019a)","Fonseka et al (2019a)",952,-0.261652862285194,0.00195694716242661,-1.10464020764371,FALSE,-0.0282100828468845,0.0418242688287909,TRUE,FALSE,0.00012863722827877
"Fonseka et al (2019a)","Fonseka et al (2019a)",953,0.197205777294072,0.00195694716242661,1.39236200554809,FALSE,-0.0282100828468845,0.0418242688287909,TRUE,FALSE,0.000128637228278769
"Fonseka et al (2019a)","Fonseka et al (2019a)",954,0.175529682451937,0.00195694716242661,1.27440572854785,FALSE,-0.0282100828468845,0.0418242688287909,TRUE,FALSE,0.000128637228278767
"Fonseka et al (2019a)","Fonseka et al (2019a)",955,-0.218790798440339,0.00195694716242661,-0.871394804700643,FALSE,-0.0282100828468845,0.0418242688287909,TRUE,FALSE,0.000128637228278772
"Fonseka et al (2019a)","Fonseka et al (2019a)",956,0.0264617771728249,0.00195694716242661,0.463212787429634,FALSE,-0.0282100828468845,0.0418242688287909,FALSE,FALSE,0.000128637228278764
"Fonseka et al (2019a)","Fonseka et al (2019a)",957,-0.175529682451937,0.00195694716242661,-0.635977852614408,FALSE,-0.0282100828468845,0.0418242688287909,TRUE,FALSE,0.000128637228278764
"Fonseka et al (2019a)","Fonseka et al (2019a)",958,0.0252019659167958,0.00195694716242661,0.456357186982853,FALSE,-0.0282100828468845,0.0418242688287909,FALSE,FALSE,0.000128637228278772
"Fonseka et al (2019a)","Fonseka et al (2019a)",959,-0.197205777294072,0.00195694716242661,-0.753934129614653,FALSE,-0.0282100828468845,0.0418242688287909,TRUE,FALSE,0.000128637228278763
"Fonseka et al (2019a)","Fonseka et al (2019a)",960,-0.0881021991947563,0.00195694716242661,-0.160217781087507,FALSE,-0.0282100828468845,0.0418242688287909,FALSE,FALSE,0.000128637228278771
"Fonseka et al (2019a)","Fonseka et al (2019a)",961,-0.102738090518945,0.00195694716242661,-0.239862904609736,FALSE,-0.0282100828468845,0.0418242688287909,FALSE,FALSE,0.000128637228278767
"Fonseka et al (2019a)","Fonseka et al (2019a)",962,-0.0110268038245029,0.00195694716242661,0.259208630930414,FALSE,-0.0282100828468845,0.0418242688287909,FALSE,FALSE,0.000128637228278771
"Fonseka et al (2019a)","Fonseka et al (2019a)",963,-0.197205777294072,0.00195694716242661,-0.753934129614653,FALSE,-0.0282100828468845,0.0418242688287909,TRUE,FALSE,0.000128637228278766
"Fonseka et al (2019a)","Fonseka et al (2019a)",964,-0.131941178293671,0.00195694716242661,-0.398779330096219,FALSE,-0.0282100828468845,0.0418242688287909,FALSE,FALSE,0.00012863722827877
"Fonseka et al (2019a)","Fonseka et al (2019a)",965,-0.204411345129875,0.00195694716242661,-0.793145157328548,FALSE,-0.0282100828468845,0.0418242688287909,TRUE,FALSE,0.000128637228278771
"Fonseka et al (2019a)","Fonseka et al (2019a)",966,-0.00575319988896618,0.00195694716242661,0.287906359517602,FALSE,-0.0282100828468845,0.0418242688287909,FALSE,FALSE,0.000128637228278766
"Fonseka et al (2019a)","Fonseka et al (2019a)",967,-0.218790798440339,0.00195694716242661,-0.871394804700644,FALSE,-0.0282100828468845,0.0418242688287909,TRUE,FALSE,0.000128637228278765
"Fonseka et al (2019a)","Fonseka et al (2019a)",968,-0.0661139884851027,0.00195694716242661,-0.0405630419798909,FALSE,-0.0282100828468845,0.0418242688287909,FALSE,FALSE,0.00012863722827876
"Fonseka et al (2019a)","Fonseka et al (2019a)",969,-0.175529682451937,0.00195694716242661,-0.635977852614408,FALSE,-0.0282100828468845,0.0418242688287909,TRUE,FALSE,0.000128637228278758
"Fonseka et al (2019a)","Fonseka et al (2019a)",970,-0.00200491270859515,0.00195694716242661,0.308303668356871,FALSE,-0.0282100828468845,0.0418242688287909,FALSE,FALSE,0.000128637228278776
"Fonseka et al (2019a)","Fonseka et al (2019a)",971,-0.233125862031651,0.00195694716242661,-0.949402893524193,FALSE,-0.0282100828468845,0.0418242688287909,TRUE,FALSE,0.000128637228278769
"Fonseka et al (2019a)","Fonseka et al (2019a)",972,-0.131941178293671,0.00195694716242661,-0.398779330096219,FALSE,-0.0282100828468845,0.0418242688287909,FALSE,FALSE,0.000128637228278761
"Fonseka et al (2019a)","Fonseka et al (2019a)",973,-0.218790798440339,0.00195694716242661,-0.871394804700644,FALSE,-0.0282100828468845,0.0418242688287909,TRUE,FALSE,0.000128637228278767
"Fonseka et al (2019a)","Fonseka et al (2019a)",974,-0.0881021991947563,0.00195694716242661,-0.160217781087507,FALSE,-0.0282100828468845,0.0418242688287909,FALSE,FALSE,0.000128637228278766
"Fonseka et al (2019a)","Fonseka et al (2019a)",975,-0.110048014359664,0.00195694716242661,-0.279641813480836,FALSE,-0.0282100828468845,0.0418242688287909,FALSE,FALSE,0.000128637228278754
"Fonseka et al (2019a)","Fonseka et al (2019a)",976,0.0189023496940097,0.00195694716242661,0.422076137671067,FALSE,-0.0282100828468845,0.0418242688287909,FALSE,FALSE,0.00012863722827876
"Fonseka et al (2019a)","Fonseka et al (2019a)",977,-0.131941178293671,0.00195694716242661,-0.398779330096219,FALSE,-0.0282100828468845,0.0418242688287909,FALSE,FALSE,0.000128637228278754
"Fonseka et al (2019a)","Fonseka et al (2019a)",978,0.0220522671807029,0.00195694716242661,0.439217257521957,FALSE,-0.0282100828468845,0.0418242688287909,FALSE,FALSE,0.000128637228278767
"Fonseka et al (2019a)","Fonseka et al (2019a)",979,-0.175529682451937,0.00195694716242661,-0.635977852614408,FALSE,-0.0282100828468845,0.0418242688287909,TRUE,FALSE,0.000128637228278762
"Fonseka et al (2019a)","Fonseka et al (2019a)",980,-0.0881021991947563,0.00195694716242661,-0.160217781087507,FALSE,-0.0282100828468845,0.0418242688287909,FALSE,FALSE,0.000128637228278772
"Fonseka et al (2019a)","Fonseka et al (2019a)",981,-0.189990087201462,0.00195694716242661,-0.714668018928638,FALSE,-0.0282100828468845,0.0418242688287909,TRUE,FALSE,0.000128637228278761
"Fonseka et al (2019a)","Fonseka et al (2019a)",982,-0.00882150741390875,0.00195694716242661,0.271209342136477,FALSE,-0.0282100828468845,0.0418242688287909,FALSE,FALSE,0.000128637228278755
"Fonseka et al (2019a)","Fonseka et al (2019a)",983,-0.164660326707141,0.00195694716242661,-0.576829341483376,FALSE,-0.0282100828468845,0.0418242688287909,TRUE,FALSE,0.00012863722827877
"Fonseka et al (2019a)","Fonseka et al (2019a)",984,-0.145464686275626,0.00195694716242661,-0.472371121659784,FALSE,-0.0282100828468845,0.0418242688287909,FALSE,FALSE,0.000128637228278777
"Fonseka et al (2019a)","Fonseka et al (2019a)",985,-0.145464686275626,0.00195694716242661,-0.472371121659784,FALSE,-0.0282100828468845,0.0418242688287909,FALSE,FALSE,0.000128637228278755
"Fonseka et al (2019a)","Fonseka et al (2019a)",986,-0.145464686275626,0.00195694716242661,-0.472371121659784,FALSE,-0.0282100828468845,0.0418242688287909,FALSE,FALSE,0.000128637228278755
"Fonseka et al (2019b)","Fonseka et al (2019b)",987,-0.0791649645014139,0.000801924619085806,-0.112082971206275,FALSE,-0.0282100828468845,0.0418242688287909,FALSE,FALSE,0.00169624568117482
"Fonseka et al (2019b)","Fonseka et al (2019b)",988,-0.0753533919726289,0.000801924619085806,-0.0909364750743653,FALSE,-0.0282100828468845,0.0418242688287909,FALSE,FALSE,0.00169624568117481
"Fonseka et al (2019b)","Fonseka et al (2019b)",989,-0.611675541061019,0.000801924619085806,-3.06643652538309,TRUE,-0.0282100828468845,0.0418242688287909,TRUE,TRUE,0.00169624568117482
"Ge, Liu (2015)","Ge, Liu (2015)",990,-0.0300331866471556,0.000234907211651398,0.160095543701922,FALSE,-0.0282100828468845,0.0418242688287909,FALSE,FALSE,0.00207627140467395
"Gonzales Sanches et al (2026)","Gonzales Sanches et al (2026)",991,-0.0811778476417606,0.000134879956838414,-0.126165290737845,FALSE,-0.0282100828468845,0.0418242688287909,FALSE,FALSE,0.000550945585166346
"Gonzales Sanches et al (2026)","Gonzales Sanches et al (2026)",992,-0.0518866556443168,0.000134879956838414,0.0377861477398403,FALSE,-0.0282100828468845,0.0418242688287909,FALSE,FALSE,0.000550945585166341
"Gonzales Sanches et al (2026)","Gonzales Sanches et al (2026)",993,-0.0480859791975254,0.000134879956838414,0.0590596544886984,FALSE,-0.0282100828468845,0.0418242688287909,FALSE,FALSE,0.000550945585166336
"Gonzales Sanches et al (2026)","Gonzales Sanches et al (2026)",994,-0.0348272612235648,0.000134879956838414,0.133272608484919,FALSE,-0.0282100828468845,0.0418242688287909,FALSE,FALSE,0.000550945585166339
"Gonzales Sanches et al (2026)","Gonzales Sanches et al (2026)",995,-0.0323404999339178,0.000134879956838414,0.147191744675206,FALSE,-0.0282100828468845,0.0418242688287909,FALSE,FALSE,0.000550945585166342
"Gonzales Sanches et al (2026)","Gonzales Sanches et al (2026)",996,-0.0136752627673754,0.000134879956838414,0.251666580770945,FALSE,-0.0282100828468845,0.0418242688287909,FALSE,FALSE,0.00055094558516634
"Gonzales Sanches et al (2026)","Gonzales Sanches et al (2026)",997,-0.0199400544922558,0.000134879956838414,0.216600694235946,FALSE,-0.0282100828468845,0.0418242688287909,FALSE,FALSE,0.000550945585166343
"Gonzales Sanches et al (2026)","Gonzales Sanches et al (2026)",998,-0.0149652897433788,0.000134879956838414,0.244445919405944,FALSE,-0.0282100828468845,0.0418242688287909,FALSE,FALSE,0.000550945585166345
"Gonzales Sanches et al (2026)","Gonzales Sanches et al (2026)",999,-0.020823349669744,0.000134879956838414,0.211656630677105,FALSE,-0.0282100828468845,0.0418242688287909,FALSE,FALSE,0.000550945585166345
"Gonzales Sanches et al (2026)","Gonzales Sanches et al (2026)",1000,-0.0473212604323217,0.000134879956838414,0.0633400109042706,FALSE,-0.0282100828468845,0.0418242688287909,FALSE,FALSE,0.000550945585166344
"Gonzales Sanches et al (2026)","Gonzales Sanches et al (2026)",1001,-0.0507781999305535,0.000134879956838414,0.0439905012115653,FALSE,-0.0282100828468845,0.0418242688287909,FALSE,FALSE,0.000550945585166342
"Gonzales Sanches et al (2026)","Gonzales Sanches et al (2026)",1002,-0.0580246047866918,0.000134879956838414,0.0034302365402188,FALSE,-0.0282100828468845,0.0418242688287909,FALSE,FALSE,0.000550945585166339
"Gonzales Sanches et al (2026)","Gonzales Sanches et al (2026)",1003,-0.0580246047866918,0.000134879956838414,0.0034302365402188,FALSE,-0.0282100828468845,0.0418242688287909,FALSE,FALSE,0.000550945585166343
"Gonzales Sanches et al (2026)","Gonzales Sanches et al (2026)",1004,-0.0473212604323217,0.000134879956838414,0.0633400109042706,FALSE,-0.0282100828468845,0.0418242688287909,FALSE,FALSE,0.00055094558516634
"Gonzales Sanches et al (2026)","Gonzales Sanches et al (2026)",1005,-0.0428040910539331,0.000134879956838414,0.0886239398580257,FALSE,-0.0282100828468845,0.0418242688287909,FALSE,FALSE,0.000550945585166339
"Gonzales Sanches et al (2026)","Gonzales Sanches et al (2026)",1006,-0.0512613806779052,0.000134879956838414,0.0412859960968559,FALSE,-0.0282100828468845,0.0418242688287909,FALSE,FALSE,0.000550945585166342
"Gonzales Sanches et al (2026)","Gonzales Sanches et al (2026)",1007,-0.043529130059375,0.000134879956838414,0.0845656827579045,FALSE,-0.0282100828468845,0.0418242688287909,FALSE,FALSE,0.000550945585166342
"Hamrouni et al (2019a)","Hamrouni et al (2019a)",1008,-0.0436276588392019,0.000351988736360436,0.084363194717124,FALSE,-0.0282100828468845,0.0418242688287909,FALSE,FALSE,0.00387772871246857
"Hamrouni et al (2019a)","Hamrouni et al (2019a)",1009,-0.0821250760289216,0.00212314225053079,-0.128037448923406,FALSE,-0.0282100828468845,0.0418242688287909,FALSE,FALSE,0.00336851764912639
"Hansen & Marcet (2025)","Hansen & Marcet (2025)",1010,-0.0660065246748693,0.000441501103752759,-0.0409584730684896,FALSE,-0.0282100828468845,0.0418242688287909,FALSE,FALSE,0.000390827810213491
"Hansen & Marcet (2025)","Hansen & Marcet (2025)",1011,-0.0652345855451721,0.000441501103752759,-0.0366590595584045,FALSE,-0.0282100828468845,0.0418242688287909,FALSE,FALSE,0.000390827810213483
"Hansen & Marcet (2025)","Hansen & Marcet (2025)",1012,-0.0928567475011763,0.000742942050520059,-0.189610033625757,FALSE,-0.0282100828468845,0.0418242688287909,FALSE,FALSE,0.00030198163995069
"Hansen & Marcet (2025)","Hansen & Marcet (2025)",1013,-0.0535275836925223,0.000764525993883792,0.028392285507637,FALSE,-0.0282100828468845,0.0418242688287909,FALSE,FALSE,0.000296422555467528
"Hansen & Marcet (2025)","Hansen & Marcet (2025)",1014,-0.0834867561250037,0.000884173297966401,-0.13736991673221,FALSE,-0.0282100828468845,0.0418242688287909,FALSE,FALSE,0.000267023413522352
"Hansen & Marcet (2025)","Hansen & Marcet (2025)",1015,-0.0695117252037925,0.000884173297966401,-0.0600727202034529,FALSE,-0.0282100828468845,0.0418242688287909,FALSE,FALSE,0.000267023413522355
"Hansen & Marcet (2025)","Hansen & Marcet (2025)",1016,-0.0815777832735868,0.000719942404607631,-0.127132848176226,FALSE,-0.0282100828468845,0.0418242688287909,FALSE,FALSE,0.000308000326420558
"Hansen & Marcet (2025)","Hansen & Marcet (2025)",1017,-0.0852581079890783,0.0011454753722795,-0.146579066113637,FALSE,-0.0282100828468845,0.0418242688287909,FALSE,FALSE,0.000209568530921408
"Hansen & Marcet (2025)","Hansen & Marcet (2025)",1018,-0.12062684046505,0.00104493207941484,-0.341945999810773,FALSE,-0.0282100828468845,0.0418242688287909,FALSE,FALSE,0.000230726253537903
"Hansen & Marcet (2025)","Hansen & Marcet (2025)",1019,-0.0670208681982905,0.00112233445566779,-0.0461297097331006,FALSE,-0.0282100828468845,0.0418242688287909,FALSE,FALSE,0.000214343876758061
"Hansen & Marcet (2025)","Hansen & Marcet (2025)",1020,-0.0677186602076332,0.00115340253748558,-0.0499517264517179,FALSE,-0.0282100828468845,0.0418242688287909,FALSE,FALSE,0.000207945065938294
"Hansen & Marcet (2025)","Hansen & Marcet (2025)",1021,-0.12407167676739,0.00111482720178372,-0.360564880334604,FALSE,-0.0282100828468845,0.0418242688287909,FALSE,FALSE,0.000215904821799158
"Hansen & Marcet (2025)","Hansen & Marcet (2025)",1022,-0.0357938996075845,0.00105374077976818,0.126089187324181,FALSE,-0.0282100828468845,0.0418242688287909,FALSE,FALSE,0.000228828784934884
"Hansen & Marcet (2025)","Hansen & Marcet (2025)",1023,-0.0827860412649499,0.000761614623000762,-0.133746731633002,FALSE,-0.0282100828468845,0.0418242688287909,FALSE,FALSE,0.000297167495625946
"Hansen & Marcet (2025)","Hansen & Marcet (2025)",1024,-0.0612324153130938,0.000991080277502478,-0.0142574429756583,FALSE,-0.0282100828468845,0.0418242688287909,FALSE,FALSE,0.000242522367393089
"Hansen & Marcet (2025)","Hansen & Marcet (2025)",1025,-0.0951429267511394,0.000798084596967279,-0.202110109572881,FALSE,-0.0282100828468845,0.0418242688287909,FALSE,FALSE,0.000287942472787977
"Hansen & Marcet (2025)","Hansen & Marcet (2025)",1026,-0.0717131249688517,0.000633312222925902,-0.0725271416528499,FALSE,-0.0282100828468845,0.0418242688287909,FALSE,FALSE,0.000331631827658734
"Hansen & Marcet (2025)","Hansen & Marcet (2025)",1027,-0.0452396303184593,0.00146412884333821,0.0735108449102174,FALSE,-0.0282100828468845,0.0418242688287909,FALSE,FALSE,0.000148686442177525
"Hansen & Marcet (2025)","Hansen & Marcet (2025)",1028,-0.121098871574297,0.000884173297966401,-0.345406027431158,FALSE,-0.0282100828468845,0.0418242688287909,FALSE,FALSE,0.000267023413522362
"Hansen & Marcet (2025)","Hansen & Marcet (2025)",1029,-0.0507378195734556,0.000884173297966401,0.0437674989203506,FALSE,-0.0282100828468845,0.0418242688287909,FALSE,FALSE,0.000267023413522364
"Hansen & Marcet (2025)","Hansen & Marcet (2025)",1030,-0.0608368953437077,0.00088261253309797,-0.0120916920197925,FALSE,-0.0282100828468845,0.0418242688287909,FALSE,FALSE,0.000267392677659491
"Hansen & Marcet (2025)","Hansen & Marcet (2025)",1031,-0.0862432185482266,0.000885739592559787,-0.152612484565178,FALSE,-0.0282100828468845,0.0418242688287909,FALSE,FALSE,0.000266653194365399
"Hansen & Marcet (2025)","Hansen & Marcet (2025)",1032,-0.0575109140361741,0.000904977375565611,0.00630244892287819,FALSE,-0.0282100828468845,0.0418242688287909,FALSE,FALSE,0.000262134556641158
"Hansen & Marcet (2025)","Hansen & Marcet (2025)",1033,-0.057505815965189,0.000904977375565611,0.0063306377219654,FALSE,-0.0282100828468845,0.0418242688287909,FALSE,FALSE,0.000262134556641155
"Hansen & Marcet (2025)","Hansen & Marcet (2025)",1034,-0.0747600116677104,0.000895255147717099,-0.0890863626239867,FALSE,-0.0282100828468845,0.0418242688287909,FALSE,FALSE,0.000264411592842198
"Hansen & Marcet (2025)","Hansen & Marcet (2025)",1035,-0.0253059699823559,0.000895255147717099,0.184401478630528,FALSE,-0.0282100828468845,0.0418242688287909,FALSE,FALSE,0.000264411592842201
"Hansen & Marcet (2025)","Hansen & Marcet (2025)",1036,-0.0914749548989052,0.000852514919011083,-0.181642120493721,FALSE,-0.0282100828468845,0.0418242688287909,FALSE,FALSE,0.000274583506025659
"Hansen & Marcet (2025)","Hansen & Marcet (2025)",1037,-0.0482435341884647,0.000918273645546373,0.0575325149880093,FALSE,-0.0282100828468845,0.0418242688287909,FALSE,FALSE,0.000259041762855572
"Hansen & Marcet (2025)","Hansen & Marcet (2025)",1038,-0.0970717693992179,0.00101317122593718,-0.21208802044251,FALSE,-0.0282100828468845,0.0418242688287909,FALSE,FALSE,0.000237641879792905
"Hansen & Marcet (2025)","Hansen & Marcet (2025)",1039,-0.0416083891278848,0.000978473581213307,0.0941237603342175,FALSE,-0.0282100828468845,0.0418242688287909,FALSE,FALSE,0.000245334229082966
"Hansen & Marcet (2025)","Hansen & Marcet (2025)",1040,-0.0264822579559486,0.000829875518672199,0.178078609436089,FALSE,-0.0282100828468845,0.0418242688287909,FALSE,FALSE,0.000280082803518824
"Hansen & Marcet (2025)","Hansen & Marcet (2025)",1041,-0.104882587627319,0.000955109837631328,-0.255432411582772,FALSE,-0.0282100828468845,0.0418242688287909,FALSE,FALSE,0.000250598151319576
"Hansen & Marcet (2025)","Hansen & Marcet (2025)",1042,-0.103777094787421,0.000987166831194472,-0.249201458228388,FALSE,-0.0282100828468845,0.0418242688287909,FALSE,FALSE,0.00024339313982672
"Hansen & Marcet (2025)","Hansen & Marcet (2025)",1043,-0.0558934398468097,0.000989119683481701,0.015224535747763,FALSE,-0.0282100828468845,0.0418242688287909,FALSE,FALSE,0.000242958379490204
"Hansen & Marcet (2025)","Hansen & Marcet (2025)",1044,-0.092184252721856,0.00136986301369863,-0.1841036901726,FALSE,-0.0282100828468845,0.0418242688287909,FALSE,FALSE,0.000165833635396693
"Hansen & Marcet (2025)","Hansen & Marcet (2025)",1045,-0.0913401952326906,0.00137741046831956,-0.179449351120098,FALSE,-0.0282100828468845,0.0418242688287909,FALSE,FALSE,0.000164436161746939
"Ho & Wong (2023)","Ho & Wong (2023)",1046,-0.0297267968366529,0.000450653447498873,0.160964222463245,FALSE,-0.0282100828468845,0.0418242688287909,FALSE,FALSE,0.000272593296810991
"Ho & Wong (2023)","Ho & Wong (2023)",1047,-0.0462596239118726,0.00153846153846154,0.0678020876823258,FALSE,-0.0282100828468845,0.0418242688287909,FALSE,FALSE,0.000106037229741955
"Ho & Wong (2023)","Ho & Wong (2023)",1048,-0.036734063735949,0.000640614990390775,0.121593808665506,FALSE,-0.0282100828468845,0.0418242688287909,FALSE,FALSE,0.000234205272786734
"Ho & Wong (2023)","Ho & Wong (2023)",1049,0.0144529048912872,0.000450653447498873,0.406963433190157,FALSE,-0.0282100828468845,0.0418242688287909,FALSE,FALSE,0.000272593296810998
"Ho & Wong (2023)","Ho & Wong (2023)",1050,0.032492214632333,0.00153846153846154,0.499022082679933,FALSE,-0.0282100828468845,0.0418242688287909,FALSE,FALSE,0.000106037229741956
"Ho & Wong (2023)","Ho & Wong (2023)",1051,-0.0222908607410533,0.000640614990390775,0.201776912511104,FALSE,-0.0282100828468845,0.0418242688287909,FALSE,FALSE,0.00023420527278673
"Ho & Wong (2023)","Ho & Wong (2023)",1052,-0.013713563260619,0.000783699059561128,0.248846557355705,FALSE,-0.0282100828468845,0.0418242688287909,FALSE,FALSE,0.000209096809237583
"Ho & Wong (2023)","Ho & Wong (2023)",1053,-0.0579615298559623,0.00292397660818713,0.0036814673571005,FALSE,-0.0282100828468845,0.0418242688287909,FALSE,FALSE,-2.25845715943261e-05
"Ho & Wong (2023)","Ho & Wong (2023)",1054,-0.00765434075677594,0.00107874865156419,0.281138904711359,FALSE,-0.0282100828468845,0.0418242688287909,FALSE,FALSE,0.000164130359898263
"Ho & Wong (2023)","Ho & Wong (2023)",1055,0.0292406273059792,0.0007097232079489,0.487338195453001,FALSE,-0.0282100828468845,0.0418242688287909,FALSE,FALSE,0.000221745666041782
"Ho & Wong (2023)","Ho & Wong (2023)",1056,0.038814040852085,0.00187265917602996,0.530974256979447,FALSE,-0.0282100828468845,0.0418242688287909,FALSE,FALSE,6.99301034614116e-05
"Ho & Wong (2023)","Ho & Wong (2023)",1057,-0.00502826827525952,0.00115473441108545,0.295277968247892,FALSE,-0.0282100828468845,0.0418242688287909,FALSE,FALSE,0.000153677913892524
"Ho & Wong (2023)","Ho & Wong (2023)",1058,-0.00968553144647865,8.88651915044877e-05,0.274102392692646,FALSE,-0.0282100828468845,0.0418242688287909,FALSE,FALSE,0.000383926211269047
"Ho & Wong (2023)","Ho & Wong (2023)",1059,-0.0245944671346215,0.000315556958030925,0.189938276364423,FALSE,-0.0282100828468845,0.0418242688287909,FALSE,FALSE,0.000305293082696342
"Ho & Wong (2023)","Ho & Wong (2023)",1060,-0.00305820832010227,0.000124208172897777,0.311043727543653,FALSE,-0.0282100828468845,0.0418242688287909,FALSE,FALSE,0.000367764560018208
"Ho & Wong (2023)","Ho & Wong (2023)",1061,-0.00920056335303059,8.88651915044877e-05,0.276818351990332,FALSE,-0.0282100828468845,0.0418242688287909,FALSE,FALSE,0.000383926211269051
"Ho & Wong (2023)","Ho & Wong (2023)",1062,-0.0240935101910177,0.000315556958030925,0.19273363164173,FALSE,-0.0282100828468845,0.0418242688287909,FALSE,FALSE,0.000305293082696348
"Ho & Wong (2023)","Ho & Wong (2023)",1063,-0.0024533646270239,0.000124208172897777,0.314429090925612,FALSE,-0.0282100828468845,0.0418242688287909,FALSE,FALSE,0.000367764560018204
"Ho & Wong (2023)","Ho & Wong (2023)",1064,-0.0116685545306166,0.000450653447498873,0.261515226219589,FALSE,-0.0282100828468845,0.0418242688287909,FALSE,FALSE,0.000272593296810994
"Ho & Wong (2023)","Ho & Wong (2023)",1065,-0.0311192477369381,0.00153846153846154,0.150705967250196,FALSE,-0.0282100828468845,0.0418242688287909,FALSE,FALSE,0.00010603722974196
"Ho & Wong (2023)","Ho & Wong (2023)",1066,-0.0140773627166283,0.000640614990390775,0.247375092171172,FALSE,-0.0282100828468845,0.0418242688287909,FALSE,FALSE,0.000234205272786728
"Ho & Wong (2023)","Ho & Wong (2023)",1067,0.0374878840628911,0.000450653447498873,0.535225654837113,FALSE,-0.0282100828468845,0.0418242688287909,FALSE,FALSE,0.000272593296810997
"Ho & Wong (2023)","Ho & Wong (2023)",1068,0.0350934675134758,0.00153846153846154,0.5132657152748,FALSE,-0.0282100828468845,0.0418242688287909,FALSE,FALSE,0.000106037229741951
"Ho & Wong (2023)","Ho & Wong (2023)",1069,0.00944857988023035,0.000640614990390775,0.377982070344653,FALSE,-0.0282100828468845,0.0418242688287909,FALSE,FALSE,0.000234205272786729
"Ho & Wong (2023)","Ho & Wong (2023)",1070,-0.0535831731244573,0.000450653447498873,0.0281283383791137,FALSE,-0.0282100828468845,0.0418242688287909,FALSE,FALSE,0.000272593296810993
"Ho & Wong (2023)","Ho & Wong (2023)",1071,-0.0185237126670476,0.000450653447498873,0.223344676736144,FALSE,-0.0282100828468845,0.0418242688287909,FALSE,FALSE,0.000272593296810991
"Ho & Wong (2023)","Ho & Wong (2023)",1072,-0.0798852755748864,0.00153846153846154,-0.116321275149093,FALSE,-0.0282100828468845,0.0418242688287909,FALSE,FALSE,0.000106037229741957
"Ho & Wong (2023)","Ho & Wong (2023)",1073,-0.0296373973458726,0.00153846153846154,0.158820108202775,FALSE,-0.0282100828468845,0.0418242688287909,FALSE,FALSE,0.000106037229741959
"Ho & Wong (2023)","Ho & Wong (2023)",1074,-0.0215979228256522,8.88651915044877e-05,0.207389611870483,FALSE,-0.0282100828468845,0.0418242688287909,FALSE,FALSE,0.000383926211269057
"Ho & Wong (2023)","Ho & Wong (2023)",1075,-0.0739140152895537,0.000315556958030925,-0.0852663314757479,FALSE,-0.0282100828468845,0.0418242688287909,FALSE,FALSE,0.00030529308269634
"Ho & Wong (2023)","Ho & Wong (2023)",1076,-0.00708853586007845,0.000124208172897777,0.288485629596566,FALSE,-0.0282100828468845,0.0418242688287909,FALSE,FALSE,0.000367764560018205
"Ho & Wong (2023)","Ho & Wong (2023)",1077,-0.0208616961378632,8.88651915044877e-05,0.211512690780043,FALSE,-0.0282100828468845,0.0418242688287909,FALSE,FALSE,0.000383926211269043
"Ho & Wong (2023)","Ho & Wong (2023)",1078,-0.073961615015264,0.000315556958030925,-0.0855319394210247,FALSE,-0.0282100828468845,0.0418242688287909,FALSE,FALSE,0.000305293082696341
"Ho & Wong (2023)","Ho & Wong (2023)",1079,-0.00597703923515818,0.000124208172897777,0.294706774028156,FALSE,-0.0282100828468845,0.0418242688287909,FALSE,FALSE,0.000367764560018208
"Ho & Wong (2023)","Ho & Wong (2023)",1080,-0.0113842655522842,0.000315556958030925,0.263651610771627,FALSE,-0.0282100828468845,0.0418242688287909,FALSE,FALSE,0.000305293082696332
"Ho & Wong (2023)","Ho & Wong (2023)",1081,-0.0112403383651556,0.000315556958030925,0.264454728938218,FALSE,-0.0282100828468845,0.0418242688287909,FALSE,FALSE,0.000305293082696335
"Ho & Wong (2023)","Ho & Wong (2023)",1082,-0.0121321014522345,0.000315556958030925,0.259478663263509,FALSE,-0.0282100828468845,0.0418242688287909,FALSE,FALSE,0.00030529308269634
"Ho & Wong (2023)","Ho & Wong (2023)",1083,-0.0120609900659301,0.000315556958030925,0.259875467003872,FALSE,-0.0282100828468845,0.0418242688287909,FALSE,FALSE,0.000305293082696345
"Höck et al (2020)","Höck et al (2020)",1084,-0.0568052528731892,0.001,0.0101590907233204,FALSE,-0.0282100828468845,0.0418242688287909,FALSE,FALSE,0.00105971345154184
"Höck et al (2020)","Höck et al (2020)",1085,-0.140210329758008,0.00276243093922652,-0.438927566783134,FALSE,-0.0282100828468845,0.0418242688287909,FALSE,FALSE,0.000676268200224128
"Höck et al (2020)","Höck et al (2020)",1086,-0.0249417964776758,0.00288184438040346,0.181057848241711,FALSE,-0.0282100828468845,0.0418242688287909,FALSE,FALSE,0.000656356611619527
"Höck et al (2020)","Höck et al (2020)",1087,-0.0928841369422065,0.00191204588910134,-0.186592834488655,FALSE,-0.0282100828468845,0.0418242688287909,FALSE,FALSE,0.000835645441242509
"Höck et al (2020)","Höck et al (2020)",1088,-0.00352946550094014,0.00211864406779661,0.299435639340803,FALSE,-0.0282100828468845,0.0418242688287909,FALSE,FALSE,0.000793662664921699
"Höck et al (2020)","Höck et al (2020)",1089,-0.0317265482640445,0.00211416490486258,0.146255075139136,FALSE,-0.0282100828468845,0.0418242688287909,FALSE,FALSE,0.000794547681598663
"Höck et al (2020)","Höck et al (2020)",1090,-0.034284665771697,0.00191570881226054,0.132749652918275,FALSE,-0.0282100828468845,0.0418242688287909,FALSE,FALSE,0.000834879473848344
"Höck et al (2020)","Höck et al (2020)",1091,-0.143986353873676,0.00201207243460765,-0.464385689303072,FALSE,-0.0282100828468845,0.0418242688287909,FALSE,FALSE,0.000815015686245499
"Höck et al (2020)","Höck et al (2020)",1092,-0.0223812054788738,0.00201612903225806,0.1973191219975,FALSE,-0.0282100828468845,0.0418242688287909,FALSE,FALSE,0.000814191334210812
"Höck et al (2020)","Höck et al (2020)",1093,-0.0160013655430869,8.310479514668e-05,0.239120198462568,FALSE,-0.0282100828468845,0.0418242688287909,FALSE,FALSE,0.00147421628373691
"Hoepner et al (2016)","Hoepner et al (2016)",1094,0.0937233855946358,0.00170940170940171,0.832947415990318,FALSE,-0.0282100828468845,0.0418242688287909,FALSE,FALSE,0.00094037074884514
"Hoepner et al (2016)","Hoepner et al (2016)",1095,-0.0145754770013147,0.00214132762312634,0.239338183457677,FALSE,-0.0282100828468845,0.0418242688287909,FALSE,FALSE,0.000837006811616931
"Hoepner et al (2016)","Hoepner et al (2016)",1096,0.00438200921423011,0.00214132762312634,0.342298477402474,FALSE,-0.0282100828468845,0.0418242688287909,FALSE,FALSE,0.000837006811616934
"Hoepner et al (2016)","Hoepner et al (2016)",1097,-0.0216777855215544,0.00214132762312634,0.20076472679701,FALSE,-0.0282100828468845,0.0418242688287909,FALSE,FALSE,0.00083700681161693
"Hoepner et al (2016)","Hoepner et al (2016)",1098,-0.0083026854815665,0.00214132762312634,0.273406437623048,FALSE,-0.0282100828468845,0.0418242688287909,FALSE,FALSE,0.000837006811616931
"Hoepner et al (2016)","Hoepner et al (2016)",1099,-0.0139770965921156,0.0062111801242236,0.229076556045758,FALSE,-0.0282100828468845,0.0418242688287909,FALSE,FALSE,0.000211873964469844
"Hoepner et al (2016)","Hoepner et al (2016)",1100,-0.00506313876583693,0.00869565217391304,0.266201999660574,FALSE,-0.0282100828468845,0.0418242688287909,FALSE,FALSE,-2.1948174304765e-05
"Hoepner et al (2016)","Hoepner et al (2016)",1101,0.0242901215316655,0.00862068965517241,0.412409375232996,FALSE,-0.0282100828468845,0.0418242688287909,FALSE,FALSE,-1.58386176062876e-05
"Hoepner et al (2016)","Hoepner et al (2016)",1102,0.00504182037315547,0.00869565217391304,0.316402441277546,FALSE,-0.0282100828468845,0.0418242688287909,FALSE,FALSE,-2.19481743047659e-05
"Hoepner et al (2016)","Hoepner et al (2016)",1103,-0.00311676984371101,0.00862068965517241,0.276127613738328,FALSE,-0.0282100828468845,0.0418242688287909,FALSE,FALSE,-1.58386176062887e-05
"Hoepner et al (2016)","Hoepner et al (2016)",1104,0.0293621111188082,0.00869565217391304,0.437223250040031,FALSE,-0.0282100828468845,0.0418242688287909,FALSE,FALSE,-2.19481743047661e-05
"Hoepner et al (2016)","Hoepner et al (2016)",1105,0.00181353100317412,0.00862068965517241,0.300643713536346,FALSE,-0.0282100828468845,0.0418242688287909,FALSE,FALSE,-1.58386176062868e-05
"Hoepner et al (2016)","Hoepner et al (2016)",1106,-0.0162014044933947,0.00869565217391304,0.21086819269712,FALSE,-0.0282100828468845,0.0418242688287909,FALSE,FALSE,-2.1948174304767e-05
"Hoepner et al (2016)","Hoepner et al (2016)",1107,0.11770710363381,0.00862068965517241,0.876928707251592,FALSE,-0.0282100828468845,0.0418242688287909,TRUE,FALSE,-1.58386176062876e-05
"Hu et al (2024)","Hu et al (2024)",1108,0.390974462924469,4.11089551747953e-06,2.52078207880877,FALSE,-0.0282100828468845,0.0418242688287909,TRUE,FALSE,0.000198205260383882
"Hu et al (2024)","Hu et al (2024)",1109,0.429017628874472,4.11089551747953e-06,2.73407651200013,FALSE,-0.0282100828468845,0.0418242688287909,TRUE,FALSE,0.00019820526038389
"Hu et al (2024)","Hu et al (2024)",1110,0.253920034743888,9.55401842014751e-06,1.7522147618947,FALSE,-0.0282100828468845,0.0418242688287909,TRUE,FALSE,0.000196501767067443
"Hu et al (2024)","Hu et al (2024)",1111,0.277079561683264,9.55401842014751e-06,1.88205062100184,FALSE,-0.0282100828468845,0.0418242688287909,TRUE,FALSE,0.000196501767067447
"Hu et al (2024)","Hu et al (2024)",1112,-0.0131324344560044,4.11089551747953e-06,0.255099150664419,FALSE,-0.0282100828468845,0.0418242688287909,FALSE,FALSE,0.000198205260383885
"Hu et al (2024)","Hu et al (2024)",1113,-0.0108397510165595,9.55401842014751e-06,0.267930806906649,FALSE,-0.0282100828468845,0.0418242688287909,FALSE,FALSE,0.000196501767067447
"Hu et al (2024)","Hu et al (2024)",1114,-0.0152540965647265,4.11089551747953e-06,0.243203749595587,FALSE,-0.0282100828468845,0.0418242688287909,FALSE,FALSE,0.000198205260383879
"Hu et al (2024)","Hu et al (2024)",1115,-0.00951661550536731,9.55401842014751e-06,0.275348507460745,FALSE,-0.0282100828468845,0.0418242688287909,FALSE,FALSE,0.000196501767067443
"Hu et al (2024)","Hu et al (2024)",1116,-0.012248022737399,4.11089551747953e-06,0.260057731043236,FALSE,-0.0282100828468845,0.0418242688287909,FALSE,FALSE,0.000198205260383894
"Hu et al (2024)","Hu et al (2024)",1117,-0.0087215471299601,9.55401842014751e-06,0.279805782682304,FALSE,-0.0282100828468845,0.0418242688287909,FALSE,FALSE,0.000196501767067445
"Hu et al (2024)","Hu et al (2024)",1118,-0.0129955659206637,4.11089551747953e-06,0.255866523619278,FALSE,-0.0282100828468845,0.0418242688287909,FALSE,FALSE,0.000198205260383879
"Hu et al (2024)","Hu et al (2024)",1119,-0.00672750419264979,9.55401842014751e-06,0.290984693138459,FALSE,-0.0282100828468845,0.0418242688287909,FALSE,FALSE,0.000196501767067449
"Hu et al (2024)","Hu et al (2024)",1120,-0.00319833886127882,4.11089551747953e-06,0.310796073784078,FALSE,-0.0282100828468845,0.0418242688287909,FALSE,FALSE,0.000198205260383882
"Hu et al (2024)","Hu et al (2024)",1121,-0.00872295635204656,9.55401842014751e-06,0.279797882367209,FALSE,-0.0282100828468845,0.0418242688287909,FALSE,FALSE,0.000196501767067446
"Hu et al (2024)","Hu et al (2024)",1122,-0.0171399522306497,7.57926011262781e-06,0.232618010516335,FALSE,-0.0282100828468845,0.0418242688287909,FALSE,FALSE,0.000197044624808197
"Hu et al (2024)","Hu et al (2024)",1123,-0.010738058731728,1.55960011852961e-05,0.268475678650847,FALSE,-0.0282100828468845,0.0418242688287909,FALSE,FALSE,0.000195116616729239
"Hu et al (2024)","Hu et al (2024)",1124,-0.0295637201587206,4.11089551747953e-06,0.162974804988984,FALSE,-0.0282100828468845,0.0418242688287909,FALSE,FALSE,0.000198205260383885
"Hu et al (2024)","Hu et al (2024)",1125,-0.0261331147554702,9.55401842014751e-06,0.18219386483192,FALSE,-0.0282100828468845,0.0418242688287909,FALSE,FALSE,0.000196501767067441
"Hu et al (2024)","Hu et al (2024)",1126,-0.00799500951209013,3.46660103235379e-06,0.283905685507989,FALSE,-0.0282100828468845,0.0418242688287909,FALSE,FALSE,0.000198469315880961
"Hu et al (2024)","Hu et al (2024)",1127,-0.0133430155244848,3.46660103235379e-06,0.253921015677143,FALSE,-0.0282100828468845,0.0418242688287909,FALSE,FALSE,0.000198469315880962
"Hu et al (2024)","Hu et al (2024)",1128,-0.0077232414757395,3.46660103235379e-06,0.285429407587146,FALSE,-0.0282100828468845,0.0418242688287909,FALSE,FALSE,0.000198469315880966
"Hu et al (2024)","Hu et al (2024)",1129,-0.0183922013605766,8.93862738437886e-06,0.225592756433111,FALSE,-0.0282100828468845,0.0418242688287909,FALSE,FALSE,0.000196664502600337
"Hu et al (2024)","Hu et al (2024)",1130,-0.0221359049509988,1.29416332341141e-05,0.204592149235038,FALSE,-0.0282100828468845,0.0418242688287909,FALSE,FALSE,0.000195685405662787
"Hu et al (2024)","Hu et al (2024)",1131,-0.00859785053535112,1.84822385687354e-05,0.280460239882935,FALSE,-0.0282100828468845,0.0418242688287909,FALSE,FALSE,0.00019454924708486
"Hu et al (2024)","Hu et al (2024)",1132,-0.0148043425571321,2.08086230934099e-05,0.245661752418635,FALSE,-0.0282100828468845,0.0418242688287909,FALSE,FALSE,0.000194122564694129
"Hu et al (2024)","Hu et al (2024)",1133,-0.0130036391561202,3.2290354871e-05,0.25570920906331,FALSE,-0.0282100828468845,0.0418242688287909,FALSE,FALSE,0.0001922918002671
"Hu et al (2024)","Hu et al (2024)",1134,-0.0134011144633094,3.90091671542813e-05,0.253455151259691,FALSE,-0.0282100828468845,0.0418242688287909,FALSE,FALSE,0.000191366169295369
"Hu et al (2024)","Hu et al (2024)",1135,-0.0230614610925433,8.93862738437886e-06,0.199415913029557,FALSE,-0.0282100828468845,0.0418242688287909,FALSE,FALSE,0.000196664502600335
"Hu et al (2024)","Hu et al (2024)",1136,-0.0260420753780664,1.29416332341141e-05,0.182694742301159,FALSE,-0.0282100828468845,0.0418242688287909,FALSE,FALSE,0.000195685405662789
"Hu et al (2024)","Hu et al (2024)",1137,-0.0151801838627166,1.84822385687354e-05,0.243563917282932,FALSE,-0.0282100828468845,0.0418242688287909,FALSE,FALSE,0.000194549247084858
"Hu et al (2024)","Hu et al (2024)",1138,-0.0139065779636439,2.08086230934099e-05,0.250693856710192,FALSE,-0.0282100828468845,0.0418242688287909,FALSE,FALSE,0.000194122564694135
"Hu et al (2024)","Hu et al (2024)",1139,-0.0116738538953545,3.22893122376493e-05,0.263161500746061,FALSE,-0.0282100828468845,0.0418242688287909,FALSE,FALSE,0.000192291950727888
"Hu et al (2024)","Hu et al (2024)",1140,-0.0125879843773825,3.90091671542813e-05,0.258011552019645,FALSE,-0.0282100828468845,0.0418242688287909,FALSE,FALSE,0.000191366169295369
"Hu et al (2024)","Hu et al (2024)",1141,-0.0142871794311723,4.09616148707047e-06,0.248624964713652,FALSE,-0.0282100828468845,0.0418242688287909,FALSE,FALSE,0.000198211061256236
"Hu et al (2024)","Hu et al (2024)",1142,-0.0109391517318194,9.5959159781597e-06,0.267373377267666,FALSE,-0.0282100828468845,0.0418242688287909,FALSE,FALSE,0.000196490876284127
"Hu et al (2024)","Hu et al (2024)",1143,-0.0153231023020379,4.09616148707047e-06,0.242816914081442,FALSE,-0.0282100828468845,0.0418242688287909,FALSE,FALSE,0.000198211061256235
"Hu et al (2024)","Hu et al (2024)",1144,-0.00937233944546038,9.5959159781597e-06,0.276157161307978,FALSE,-0.0282100828468845,0.0418242688287909,FALSE,FALSE,0.000196490876284127
"Hu et al (2024)","Hu et al (2024)",1145,-0.00668459533865339,7.05517144066601e-06,0.291236568435379,FALSE,-0.0282100828468845,0.0418242688287909,FALSE,FALSE,0.000197200010303769
"Hu et al (2024)","Hu et al (2024)",1146,-0.00707611295264369,5.26130259329605e-06,0.289049625162875,FALSE,-0.0282100828468845,0.0418242688287909,FALSE,FALSE,0.000197780159968627
"Hu et al (2024)","Hu et al (2024)",1147,-0.00931353377591815,1.09016777682085e-05,0.276481220370958,FALSE,-0.0282100828468845,0.0418242688287909,FALSE,FALSE,0.000196162370219295
"Hu et al (2024)","Hu et al (2024)",1148,-0.0067533898537031,1.37805583882259e-05,0.290820424202177,FALSE,-0.0282100828468845,0.0418242688287909,FALSE,FALSE,0.000195499977422231
"Hu et al (2024)","Hu et al (2024)",1149,-0.00639962322055344,7.05517144066601e-06,0.292834229681231,FALSE,-0.0282100828468845,0.0418242688287909,FALSE,FALSE,0.000197200010303764
"Hu et al (2024)","Hu et al (2024)",1150,-0.00858836751367495,5.26130259329605e-06,0.280571111351164,FALSE,-0.0282100828468845,0.0418242688287909,FALSE,FALSE,0.000197780159968628
"Hu et al (2024)","Hu et al (2024)",1151,-0.00800128718115704,1.0901558922926e-05,0.283837718235914,FALSE,-0.0282100828468845,0.0418242688287909,FALSE,FALSE,0.000196162399217824
"Hu et al (2024)","Hu et al (2024)",1152,-0.00762173439471781,1.37805583882259e-05,0.285952679691794,FALSE,-0.0282100828468845,0.0418242688287909,FALSE,FALSE,0.000195499977422232
"Hu et al (2024)","Hu et al (2024)",1153,-0.0198842138410756,1.06517825758141e-05,0.217222480509611,FALSE,-0.0282100828468845,0.0418242688287909,FALSE,FALSE,0.000196223689484939
"Hu et al (2024)","Hu et al (2024)",1154,-0.0185686970124953,1.06517825758141e-05,0.224597340296531,FALSE,-0.0282100828468845,0.0418242688287909,FALSE,FALSE,0.000196223689484942
"Hu et al (2024)","Hu et al (2024)",1155,-0.0162174758825409,2.56653748427996e-05,0.237722970770193,FALSE,-0.0282100828468845,0.0418242688287909,FALSE,FALSE,0.000193300423972885
"Hu et al (2024)","Hu et al (2024)",1156,-0.0135780774513282,2.56653748427996e-05,0.252516051873068,FALSE,-0.0282100828468845,0.0418242688287909,FALSE,FALSE,0.000193300423972888
"Hui et al (2024)","Hui et al (2024)",1157,-0.0228157745026087,4.45196331582228e-05,0.200723446781141,FALSE,-0.0282100828468845,0.0418242688287909,FALSE,FALSE,0.000304597663778175
"Hui et al (2024)","Hui et al (2024)",1158,-0.01727925211996,4.45196331582228e-05,0.231748518888746,FALSE,-0.0282100828468845,0.0418242688287909,FALSE,FALSE,0.000304597663778176
"Hui et al (2024)","Hui et al (2024)",1159,-0.021779142950963,6.65601703940362e-05,0.206460981696957,FALSE,-0.0282100828468845,0.0418242688287909,FALSE,FALSE,0.000295760933440249
"Hui et al (2024)","Hui et al (2024)",1160,-0.0312719003390739,6.4e-05,0.1532913028204,FALSE,-0.0282100828468845,0.0418242688287909,FALSE,FALSE,0.000296704517174227
"Hui et al (2024)","Hui et al (2024)",1161,-0.00887076535441671,6.62471016893011e-05,0.278771499998387,FALSE,-0.0282100828468845,0.0418242688287909,FALSE,FALSE,0.000295875351125671
"Hui et al (2024)","Hui et al (2024)",1162,-0.00195322041581625,6.62471016893011e-05,0.317521857262779,FALSE,-0.0282100828468845,0.0418242688287909,FALSE,FALSE,0.000295875351125666
"Hui et al (2024)","Hui et al (2024)",1163,-0.0241503645266074,4.65571022859537e-05,0.193238618693513,FALSE,-0.0282100828468845,0.0418242688287909,FALSE,FALSE,0.000303701422441926
"Hui et al (2024)","Hui et al (2024)",1164,-0.0220358607544548,4.65571022859537e-05,0.205087296951003,FALSE,-0.0282100828468845,0.0418242688287909,FALSE,FALSE,0.000303701422441929
"Hui et al (2024)","Hui et al (2024)",1165,-0.00994067462452303,4.70079443425939e-05,0.272861049651116,FALSE,-0.0282100828468845,0.0418242688287909,FALSE,FALSE,0.000303505727156941
"Hui et al (2024)","Hui et al (2024)",1166,-0.00370209685752018,4.70079443425939e-05,0.307818831942967,FALSE,-0.0282100828468845,0.0418242688287909,FALSE,FALSE,0.000303505727156941
"Hui et al (2024)","Hui et al (2024)",1167,-0.017769559716234,4.81927710843373e-05,0.228987730411404,FALSE,-0.0282100828468845,0.0418242688287909,FALSE,FALSE,0.000302995786760951
"Hui et al (2024)","Hui et al (2024)",1168,-0.013188656821496,4.81927710843373e-05,0.254656263950842,FALSE,-0.0282100828468845,0.0418242688287909,FALSE,FALSE,0.000302995786760957
"Hui et al (2024)","Hui et al (2024)",1169,-0.0317367972455103,4.70079443425939e-05,0.150726784783721,FALSE,-0.0282100828468845,0.0418242688287909,FALSE,FALSE,0.000303505727156939
"Hui et al (2024)","Hui et al (2024)",1170,-0.0276936923110359,4.70079443425939e-05,0.173382266106729,FALSE,-0.0282100828468845,0.0418242688287909,FALSE,FALSE,0.000303505727156944
"Hui et al (2024)","Hui et al (2024)",1171,-0.0225396764828982,0.000115260488704472,0.202046422166254,FALSE,-0.0282100828468845,0.0418242688287909,FALSE,FALSE,0.000280367322578246
"Hui et al (2024)","Hui et al (2024)",1172,-0.0169590462713735,0.000115260488704472,0.233283212604582,FALSE,-0.0282100828468845,0.0418242688287909,FALSE,FALSE,0.000280367322578245
"Hui et al (2024)","Hui et al (2024)",1173,-0.0265422564036149,7.38170812726065e-05,0.179758946985174,FALSE,-0.0282100828468845,0.0418242688287909,FALSE,FALSE,0.000293179089721125
"Hui et al (2024)","Hui et al (2024)",1174,-0.028860864814177,7.38170812726065e-05,0.166772260613402,FALSE,-0.0282100828468845,0.0418242688287909,FALSE,FALSE,0.00029317908972112
"Hui et al (2024)","Hui et al (2024)",1175,-0.0312361665969562,8.06126561870214e-05,0.153451797156822,FALSE,-0.0282100828468845,0.0418242688287909,FALSE,FALSE,0.000290872181319487
"Hui et al (2024)","Hui et al (2024)",1176,-0.0678169193532399,8.06126561870214e-05,-0.051417213940438,FALSE,-0.0282100828468845,0.0418242688287909,FALSE,FALSE,0.000290872181319491
"Hui et al (2024)","Hui et al (2024)",1177,-0.0227834821596772,0.000877963125548727,0.198327431941311,FALSE,-0.0282100828468845,0.0418242688287909,FALSE,FALSE,0.00016679843741644
"Hui et al (2024)","Hui et al (2024)",1178,0.00532644441941246,0.000877963125548727,0.353805120475806,FALSE,-0.0282100828468845,0.0418242688287909,FALSE,FALSE,0.000166798437416444
"Hui et al (2024)","Hui et al (2024)",1179,-0.00948903600841484,0.00023441162681669,0.274581676541621,FALSE,-0.0282100828468845,0.0418242688287909,FALSE,FALSE,0.000252893468438364
"Hui et al (2024)","Hui et al (2024)",1180,-0.0237207214640815,0.00023441162681669,0.195072260056029,FALSE,-0.0282100828468845,0.0418242688287909,FALSE,FALSE,0.000252893468438363
"Hui et al (2024)","Hui et al (2024)",1181,-0.0361919841156881,0.00019546520719312,0.125473592403413,FALSE,-0.0282100828468845,0.0418242688287909,FALSE,FALSE,0.000260893952745077
"Hui et al (2024)","Hui et al (2024)",1182,-0.0336776970341056,0.00019546520719312,0.139529038521732,FALSE,-0.0282100828468845,0.0418242688287909,FALSE,FALSE,0.000260893952745071
"Hui et al (2024)","Hui et al (2024)",1183,-0.030065390283774,0.000145900204260286,0.159845975101519,FALSE,-0.0282100828468845,0.0418242688287909,FALSE,FALSE,0.000272318563573794
"Hui et al (2024)","Hui et al (2024)",1184,-0.0318759625945787,0.000145900204260286,0.149716494461764,FALSE,-0.0282100828468845,0.0418242688287909,FALSE,FALSE,0.000272318563573794
"Hui et al (2024)","Hui et al (2024)",1185,-0.00257702135922479,0.000549752611324904,0.31166280890567,FALSE,-0.0282100828468845,0.0418242688287909,FALSE,FALSE,0.000203865908985321
"Hui et al (2024)","Hui et al (2024)",1186,0.000937099576147028,0.000549752611324904,0.331198632876795,FALSE,-0.0282100828468845,0.0418242688287909,FALSE,FALSE,0.000203865908985325
"Hui et al (2024)","Hui et al (2024)",1187,-0.0430182375445739,0.000393700787401575,0.0870482190847815,FALSE,-0.0282100828468845,0.0418242688287909,FALSE,FALSE,0.000225583992416015
"Hui et al (2024)","Hui et al (2024)",1188,-0.0442069180744144,0.000393700787401575,0.080423934345442,FALSE,-0.0282100828468845,0.0418242688287909,FALSE,FALSE,0.000225583992416007
"Hui et al (2024)","Hui et al (2024)",1189,0.0124996745020527,0.000319182891797,0.3969003994205,FALSE,-0.0282100828468845,0.0418242688287909,FALSE,FALSE,0.000237498365839436
"Hui et al (2024)","Hui et al (2024)",1190,0.0280320428996061,0.000319182891797,0.483560587524464,FALSE,-0.0282100828468845,0.0418242688287909,FALSE,FALSE,0.000237498365839443
"Hui et al (2024)","Hui et al (2024)",1191,-0.0662517873000118,0.000840336134453782,-0.0421235290894119,FALSE,-0.0282100828468845,0.0418242688287909,FALSE,FALSE,0.00017062903697182
"Hui et al (2024)","Hui et al (2024)",1192,-0.0561375460559076,0.000840336134453782,0.0138513738939536,FALSE,-0.0282100828468845,0.0418242688287909,FALSE,FALSE,0.000170629036971825
"Jang et al (2020)","Jang et al (2020)",1193,0.174757576814892,0.000146434324205594,1.31335744938001,FALSE,-0.0282100828468845,0.0418242688287909,TRUE,FALSE,0.00605104633754616
"Jiraporn et al (2014)","Jiraporn et al (2014)",1194,-0.0410572534813073,0.000397930760047752,0.0985836364107809,FALSE,-0.0282100828468845,0.0418242688287909,FALSE,FALSE,0.00600352915655801
"Jung et al (2016)","Jung et al (2016)",1195,0.0200026673068496,0.00396825396825397,0.41602920226619,FALSE,-0.0282100828468845,0.0418242688287909,FALSE,FALSE,0.00054975708507111
"Jung et al (2016)","Jung et al (2016)",1196,-0.103366578597353,0.00396825396825397,-0.236475840972182,FALSE,-0.0282100828468845,0.0418242688287909,FALSE,FALSE,0.000549757085071109
"Jung et al (2016)","Jung et al (2016)",1197,-0.0573943392944234,0.00396825396825397,0.00667323377709487,FALSE,-0.0282100828468845,0.0418242688287909,FALSE,FALSE,0.000549757085071106
"Jung et al (2016)","Jung et al (2016)",1198,-0.10807046268395,0.00396825396825397,-0.261354878424487,FALSE,-0.0282100828468845,0.0418242688287909,FALSE,FALSE,0.000549757085071111
"Jung et al (2016)","Jung et al (2016)",1199,0.00835232871769807,0.00396825396825397,0.354410079695246,FALSE,-0.0282100828468845,0.0418242688287909,FALSE,FALSE,0.00054975708507111
"Jung et al (2016)","Jung et al (2016)",1200,-0.157796167988885,0.00396825396825397,-0.524356190074311,FALSE,-0.0282100828468845,0.0418242688287909,TRUE,FALSE,0.000549757085071112
"Jung et al (2016)","Jung et al (2016)",1201,-0.053897154848172,0.00396825396825397,0.0251699869313275,FALSE,-0.0282100828468845,0.0418242688287909,FALSE,FALSE,0.000549757085071111
"Jung et al (2016)","Jung et al (2016)",1202,-0.1083666658681,0.00401606425702811,-0.262744791108815,FALSE,-0.0282100828468845,0.0418242688287909,FALSE,FALSE,0.000542136603485384
"Jung et al (2016)","Jung et al (2016)",1203,0.0355448838418519,0.00401606425702811,0.497895272354846,FALSE,-0.0282100828468845,0.0418242688287909,FALSE,FALSE,0.000542136603485382
"Jung et al (2016)","Jung et al (2016)",1204,-0.151900403094307,0.00552486187845304,-0.482695630041239,FALSE,-0.0282100828468845,0.0418242688287909,FALSE,FALSE,0.000329284927127374
"Jung et al (2016)","Jung et al (2016)",1205,0.016988004608626,0.00552486187845304,0.391544174218922,FALSE,-0.0282100828468845,0.0418242688287909,FALSE,FALSE,0.000329284927127375
"Jung et al (2016)","Jung et al (2016)",1206,-0.00872104886472699,0.0147058823529412,0.231342020718164,FALSE,-0.0282100828468845,0.0418242688287909,FALSE,FALSE,-0.000383227778790162
"Jung et al (2016)","Jung et al (2016)",1207,-0.0886414135027767,0.0147058823529412,-0.139010881288632,FALSE,-0.0282100828468845,0.0418242688287909,FALSE,FALSE,-0.000383227778790163
"Jung et al (2016)","Jung et al (2016)",1208,-0.103197039586327,0.000786163522012579,-0.246902656123017,FALSE,-0.0282100828468845,0.0418242688287909,FALSE,FALSE,0.00130612068601864
"Jung et al (2016)","Jung et al (2016)",1209,-0.103811365985527,0.000786163522012579,-0.250309671679261,FALSE,-0.0282100828468845,0.0418242688287909,FALSE,FALSE,0.00130612068601864
"Jung et al (2016)","Jung et al (2016)",1210,-0.11369955683185,0.00540540540540541,-0.285411420293175,FALSE,-0.0282100828468845,0.0418242688287909,FALSE,FALSE,0.000344436172409424
"Kim, Kim (2022)","Kim, Kim (2022)",1211,-0.192337169219545,0.0019723865877712,-0.727436467803657,FALSE,-0.0282100828468845,0.0418242688287909,TRUE,FALSE,0.000356619821405299
"Kim, Kim (2022)","Kim, Kim (2022)",1212,-0.266108406873654,0.0019723865877712,-1.12888597343573,FALSE,-0.0282100828468845,0.0418242688287909,TRUE,FALSE,0.00035661982140529
"Kim, Kim (2022)","Kim, Kim (2022)",1213,-0.161386696131526,0.0019723865877712,-0.559009686372638,FALSE,-0.0282100828468845,0.0418242688287909,TRUE,FALSE,0.000356619821405292
"Kim, Kim (2022)","Kim, Kim (2022)",1214,-0.171666663500579,0.0019723865877712,-0.614951377869941,FALSE,-0.0282100828468845,0.0418242688287909,TRUE,FALSE,0.000356619821405299
"Kim, Kim (2022)","Kim, Kim (2022)",1215,-0.127624609549362,0.0019723865877712,-0.375282621482303,FALSE,-0.0282100828468845,0.0418242688287909,FALSE,FALSE,0.000356619821405297
"Kim, Kim (2022)","Kim, Kim (2022)",1216,-0.08756393219671,0.0019723865877712,-0.157279784198843,FALSE,-0.0282100828468845,0.0418242688287909,FALSE,FALSE,0.000356619821405303
"Kim, Kim (2022)","Kim, Kim (2022)",1217,-0.0805039701834276,0.0019723865877712,-0.118860769551126,FALSE,-0.0282100828468845,0.0418242688287909,FALSE,FALSE,0.0003566198214053
"Kim, Kim (2022)","Kim, Kim (2022)",1218,-0.0782968942511599,0.0019723865877712,-0.106850268303259,FALSE,-0.0282100828468845,0.0418242688287909,FALSE,FALSE,0.000356619821405305
"Kim, Kim (2022)","Kim, Kim (2022)",1219,-0.0985862845645459,0.0019723865877712,-0.217261398303209,FALSE,-0.0282100828468845,0.0418242688287909,FALSE,FALSE,0.0003566198214053
"Kim, Kim (2022)","Kim, Kim (2022)",1220,-0.139913030789083,0.0019723865877712,-0.442153949503323,FALSE,-0.0282100828468845,0.0418242688287909,FALSE,FALSE,0.000356619821405303
"Kim, Kim (2022)","Kim, Kim (2022)",1221,-0.186368834340146,0.00420168067226891,-0.67293068210327,FALSE,-0.0282100828468845,0.0418242688287909,TRUE,FALSE,-2.64527031081677e-05
"Kim, Kim (2022)","Kim, Kim (2022)",1222,-0.127838678558718,0.00420168067226891,-0.364555302705738,FALSE,-0.0282100828468845,0.0418242688287909,FALSE,FALSE,-2.64527031081676e-05
"Kim, Kim (2022)","Kim, Kim (2022)",1223,-0.127199724053377,0.00420168067226891,-0.361188869875144,FALSE,-0.0282100828468845,0.0418242688287909,FALSE,FALSE,-2.64527031081688e-05
"Kim, Kim (2022)","Kim, Kim (2022)",1224,-0.115050057776767,0.00420168067226891,-0.29717643222515,FALSE,-0.0282100828468845,0.0418242688287909,FALSE,FALSE,-2.64527031081653e-05
"Kim, Kim (2022)","Kim, Kim (2022)",1225,-0.157266018650503,0.0037593984962406,-0.522835673153937,FALSE,-0.0282100828468845,0.0418242688287909,TRUE,FALSE,3.58018722859218e-05
"Kim, Kim (2022)","Kim, Kim (2022)",1226,-0.102859644942343,0.0037593984962406,-0.23439235258206,FALSE,-0.0282100828468845,0.0418242688287909,FALSE,FALSE,3.58018722859241e-05
"Kim, Kim (2022)","Kim, Kim (2022)",1227,-0.103466125571059,0.0037593984962406,-0.237607698036764,FALSE,-0.0282100828468845,0.0418242688287909,FALSE,FALSE,3.58018722859254e-05
"Kim, Kim (2022)","Kim, Kim (2022)",1228,-0.119220683065727,0.0037593984962406,-0.321132781003673,FALSE,-0.0282100828468845,0.0418242688287909,FALSE,FALSE,3.5801872285929e-05
"Kim, Kim (2022)","Kim, Kim (2022)",1229,-0.0579752924182248,0.0019723865877712,0.00373615086100146,FALSE,-0.0282100828468845,0.0418242688287909,FALSE,FALSE,0.000356619821405299
"Kim, Kim (2022)","Kim, Kim (2022)",1230,-0.0287785112087357,0.0019723865877712,0.162619663667898,FALSE,-0.0282100828468845,0.0418242688287909,FALSE,FALSE,0.000356619821405301
"Kim, Kim (2022)","Kim, Kim (2022)",1231,0.00619926449150583,0.0019723865877712,0.352962285121659,FALSE,-0.0282100828468845,0.0418242688287909,FALSE,FALSE,0.000356619821405301
"Kim, Kim (2022)","Kim, Kim (2022)",1232,-0.0265653218590591,0.0019723865877712,0.174663433008785,FALSE,-0.0282100828468845,0.0418242688287909,FALSE,FALSE,0.000356619821405303
"Kim, Kim (2022)","Kim, Kim (2022)",1233,0.0460357118458272,0.0019723865877712,0.569744903999678,FALSE,-0.0282100828468845,0.0418242688287909,FALSE,FALSE,0.000356619821405303
"Kim, Kim (2022)","Kim, Kim (2022)",1234,-0.068581379976269,0.0019723865877712,-0.0539802267173562,FALSE,-0.0282100828468845,0.0418242688287909,FALSE,FALSE,0.000356619821405302
"Kim, Kim (2022)","Kim, Kim (2022)",1235,-0.0747647853270286,0.0019723865877712,-0.0876291812438351,FALSE,-0.0282100828468845,0.0418242688287909,FALSE,FALSE,0.000356619821405302
"Kim, Kim (2022)","Kim, Kim (2022)",1236,-0.0813866916008151,0.0019723865877712,-0.123664377134377,FALSE,-0.0282100828468845,0.0418242688287909,FALSE,FALSE,0.000356619821405308
"Kim & Pouget (2026)","Kim & Pouget (2026)",1237,0.00171053418381812,0.000397930760047752,0.336253652963046,FALSE,-0.0282100828468845,0.0418242688287909,FALSE,FALSE,0.00026253551415117
"Kim & Pouget (2026)","Kim & Pouget (2026)",1238,-0.00245604223625267,1.13732907365684e-06,0.314998383589224,FALSE,-0.0282100828468845,0.0418242688287909,FALSE,FALSE,0.000356175235595642
"Kim & Pouget (2026)","Kim & Pouget (2026)",1239,-0.000797452138308286,0.000397930760047752,0.322277513140424,FALSE,-0.0282100828468845,0.0418242688287909,FALSE,FALSE,0.000262535514151176
"Kim & Pouget (2026)","Kim & Pouget (2026)",1240,-0.00271625626248794,1.13732907365684e-06,0.313539144500549,FALSE,-0.0282100828468845,0.0418242688287909,FALSE,FALSE,0.000356175235595645
"Kim & Pouget (2026)","Kim & Pouget (2026)",1241,-0.00161085279346161,0.000397930760047752,0.317744712786634,FALSE,-0.0282100828468845,0.0418242688287909,FALSE,FALSE,0.000262535514151173
"Kim & Pouget (2026)","Kim & Pouget (2026)",1242,-0.0024091183772455,1.13732907365684e-06,0.315261525166353,FALSE,-0.0282100828468845,0.0418242688287909,FALSE,FALSE,0.000356175235595642
"Kim & Pouget (2026)","Kim & Pouget (2026)",1243,-0.00115864567859804,1.13408387003852e-06,0.322273996642368,FALSE,-0.0282100828468845,0.0418242688287909,FALSE,FALSE,0.000356182542623953
"Kim & Pouget (2026)","Kim & Pouget (2026)",1244,-0.0012555544134202,1.13408387003852e-06,0.321730547758042,FALSE,-0.0282100828468845,0.0418242688287909,FALSE,FALSE,0.000356182542623948
"Kim & Pouget (2026)","Kim & Pouget (2026)",1245,-0.0011607755410221,1.13408387003852e-06,0.32226205271017,FALSE,-0.0282100828468845,0.0418242688287909,FALSE,FALSE,0.000356182542623946
"Kim & Pouget (2026)","Kim & Pouget (2026)",1246,-0.0332157820750852,0.000412371134020619,0.141589740067563,FALSE,-0.0282100828468845,0.0418242688287909,FALSE,FALSE,0.000260720646701889
"Kim & Pouget (2026)","Kim & Pouget (2026)",1247,-0.0211072861620842,0.000117343346632246,0.21001661928521,FALSE,-0.0282100828468845,0.0418242688287909,FALSE,FALSE,0.000308350191978626
"Kim & Pouget (2026)","Kim & Pouget (2026)",1248,-0.0371098917782205,0.000412371134020619,0.119894115550024,FALSE,-0.0282100828468845,0.0418242688287909,FALSE,FALSE,0.000260720646701893
"Kim & Pouget (2026)","Kim & Pouget (2026)",1249,-0.0226448643076146,0.000117343346632246,0.201410267686203,FALSE,-0.0282100828468845,0.0418242688287909,FALSE,FALSE,0.00030835019197862
"Kim & Pouget (2026)","Kim & Pouget (2026)",1250,-0.0387119957081828,0.000412371134020619,0.110968161236372,FALSE,-0.0282100828468845,0.0418242688287909,FALSE,FALSE,0.000260720646701891
"Kim & Pouget (2026)","Kim & Pouget (2026)",1251,-0.0239225295265059,0.000117343346632246,0.194258737774332,FALSE,-0.0282100828468845,0.0418242688287909,FALSE,FALSE,0.000308350191978624
"Kim & Pouget (2026)","Kim & Pouget (2026)",1252,0.00504078191298111,0.00044543429844098,0.354549727185807,FALSE,-0.0282100828468845,0.0418242688287909,FALSE,FALSE,0.00025667974776918
"Kim & Pouget (2026)","Kim & Pouget (2026)",1253,0.000376929610848354,1.58920611208671e-06,0.330882629377064,FALSE,-0.0282100828468845,0.0418242688287909,FALSE,FALSE,0.000355242896639773
"Kim & Pouget (2026)","Kim & Pouget (2026)",1254,0.00590550924266325,0.00044543429844098,0.359364976350309,FALSE,-0.0282100828468845,0.0418242688287909,FALSE,FALSE,0.000256679747769178
"Kim & Pouget (2026)","Kim & Pouget (2026)",1255,0.000457610191312765,1.58920611208671e-06,0.331335069627185,FALSE,-0.0282100828468845,0.0418242688287909,FALSE,FALSE,0.000355242896639779
"Kim & Pouget (2026)","Kim & Pouget (2026)",1256,0.00940654853479778,0.00044543429844098,0.378860574497459,FALSE,-0.0282100828468845,0.0418242688287909,FALSE,FALSE,0.000256679747769177
"Kim & Pouget (2026)","Kim & Pouget (2026)",1257,0.000336589319663237,1.58920611208671e-06,0.330656409246659,FALSE,-0.0282100828468845,0.0418242688287909,FALSE,FALSE,0.000355242896639773
"Kim & Pouget (2026)","Kim & Pouget (2026)",1258,-0.0110937578624628,0.00044543429844098,0.264704262024096,FALSE,-0.0282100828468845,0.0418242688287909,FALSE,FALSE,0.000256679747769175
"Kim & Pouget (2026)","Kim & Pouget (2026)",1259,-0.0016018475568686,1.59087980425815e-06,0.319786041088312,FALSE,-0.0282100828468845,0.0418242688287909,FALSE,FALSE,0.000355239708681557
"Kim & Pouget (2026)","Kim & Pouget (2026)",1260,-0.00953309022288403,0.00044543429844098,0.273394866899866,FALSE,-0.0282100828468845,0.0418242688287909,FALSE,FALSE,0.000256679747769178
"Kim & Pouget (2026)","Kim & Pouget (2026)",1261,-0.00172419327695253,1.59087980425815e-06,0.319099951248275,FALSE,-0.0282100828468845,0.0418242688287909,FALSE,FALSE,0.00035523970868156
"Kim & Pouget (2026)","Kim & Pouget (2026)",1262,-0.00959636100981127,0.00044543429844098,0.273042542423201,FALSE,-0.0282100828468845,0.0418242688287909,FALSE,FALSE,0.000256679747769175
"Kim & Pouget (2026)","Kim & Pouget (2026)",1263,-0.00163842514588119,1.59087980425815e-06,0.319580921430858,FALSE,-0.0282100828468845,0.0418242688287909,FALSE,FALSE,0.000355239708681556
"Kim & Pouget (2026)","Kim & Pouget (2026)",1264,0.113899481460617,0.0037037037037037,0.915493186504636,FALSE,-0.0282100828468845,0.0418242688287909,TRUE,FALSE,6.29149769168431e-05
"Kim & Pouget (2026)","Kim & Pouget (2026)",1265,-0.0123067981580305,1.49505883056498e-05,0.259697937087209,FALSE,-0.0282100828468845,0.0418242688287909,FALSE,FALSE,0.00034264924725552
"Kim & Pouget (2026)","Kim & Pouget (2026)",1266,0.119069318999798,0.0037037037037037,0.942924199282575,FALSE,-0.0282100828468845,0.0418242688287909,TRUE,FALSE,6.29149769168403e-05
"Kim & Pouget (2026)","Kim & Pouget (2026)",1267,-0.0131960236755692,1.49505883056498e-05,0.254712457119773,FALSE,-0.0282100828468845,0.0418242688287909,FALSE,FALSE,0.000342649247255521
"Kim & Pouget (2026)","Kim & Pouget (2026)",1268,0.146305686345395,0.0037037037037037,1.08743959943189,FALSE,-0.0282100828468845,0.0418242688287909,TRUE,FALSE,6.2914976916837e-05
"Kim & Pouget (2026)","Kim & Pouget (2026)",1269,-0.0125001089051763,1.49505883056498e-05,0.258614132317354,FALSE,-0.0282100828468845,0.0418242688287909,FALSE,FALSE,0.000342649247255521
"CLUSTER Kleimeier-Viehs","Kleimeier, Viehs (2021)",1270,-0.0154541968432362,5.79710144927536e-05,0.241932649221348,FALSE,-0.0282100828468845,0.0418242688287909,FALSE,FALSE,0.000382669103664596
"CLUSTER Kleimeier-Viehs","Kleimeier, Viehs (2021)",1271,-0.0118620014848531,0.000170010200612037,0.261598521748798,FALSE,-0.0282100828468845,0.0418242688287909,FALSE,FALSE,0.000343689664426733
"CLUSTER Kleimeier-Viehs","Kleimeier, Viehs (2021)",1272,-0.0227890725277658,8.7989441267048e-05,0.200741118015701,FALSE,-0.0282100828468845,0.0418242688287909,FALSE,FALSE,0.00037002514884216
"CLUSTER Kleimeier-Viehs","Kleimeier, Viehs (2021)",1273,-0.0283458724108798,0.000170765027322404,0.169403159281275,FALSE,-0.0282100828468845,0.0418242688287909,FALSE,FALSE,0.000343480885187504
"CLUSTER Kleimeier-Viehs","Kleimeier, Viehs (2021)",1274,-0.00765586289282715,0.000303030303030303,0.284529853157412,FALSE,-0.0282100828468845,0.0418242688287909,FALSE,FALSE,0.0003120638437821
"CLUSTER Kleimeier-Viehs","Kleimeier, Viehs (2021)",1275,-0.0490339905091555,0.000391696043869957,0.0535203864231691,FALSE,-0.0282100828468845,0.0418242688287909,FALSE,FALSE,0.000294770185057152
"CLUSTER Kleimeier-Viehs","Kleimeier, Viehs (2021)",1276,-0.0194307420104612,7.46045956430916e-05,0.219594793962485,FALSE,-0.0282100828468845,0.0418242688287909,FALSE,FALSE,0.000375349144738917
"CLUSTER Kleimeier-Viehs","Kleimeier, Viehs (2021)",1277,0.0130406378232693,7.46045956430916e-05,0.401482922880464,FALSE,-0.0282100828468845,0.0418242688287909,FALSE,FALSE,0.000375349144738919
"CLUSTER Kleimeier-Viehs","Kleimeier, Viehs (2021)",1278,-0.0198624801196114,7.46045956430916e-05,0.217176417002281,FALSE,-0.0282100828468845,0.0418242688287909,FALSE,FALSE,0.000375349144738923
"CLUSTER Kleimeier-Viehs","Kleimeier, Viehs (2021)",1279,0.0135587777179302,7.46045956430916e-05,0.404385278630057,FALSE,-0.0282100828468845,0.0418242688287909,FALSE,FALSE,0.000375349144738923
"CLUSTER Kleimeier-Viehs","Kleimeier, Viehs (2021)",1280,-0.0218699936124121,0.000169577751399016,0.205625767166495,FALSE,-0.0282100828468845,0.0418242688287909,FALSE,FALSE,0.000343809481478382
"CLUSTER Kleimeier-Viehs","Kleimeier, Viehs (2021)",1281,0.0153616873097674,0.000169577751399016,0.41386192179261,FALSE,-0.0282100828468845,0.0418242688287909,FALSE,FALSE,0.00034380948147838
"CLUSTER Kleimeier-Viehs","Kleimeier, Viehs (2021)",1282,-0.0227810888898116,0.000169577751399016,0.200530026862418,FALSE,-0.0282100828468845,0.0418242688287909,FALSE,FALSE,0.000343809481478378
"CLUSTER Kleimeier-Viehs","Kleimeier, Viehs (2021)",1283,0.0167935801390198,0.000169577751399016,0.421870473897025,FALSE,-0.0282100828468845,0.0418242688287909,FALSE,FALSE,0.00034380948147838
"CLUSTER Kleimeier-Viehs","Kleimeier, Viehs (2021)",1284,-0.0491264546375755,0.000441696113074205,0.0529653250173278,FALSE,-0.0282100828468845,0.0418242688287909,FALSE,FALSE,0.000285878085851535
"CLUSTER Kleimeier-Viehs","Kleimeier, Viehs (2021)",1285,-0.0132312878489888,0.000441696113074205,0.252866019729814,FALSE,-0.0282100828468845,0.0418242688287909,FALSE,FALSE,0.000285878085851533
"CLUSTER Kleimeier-Viehs","Kleimeier, Viehs (2021)",1286,-0.045560002475318,0.000441696113074205,0.072826947867366,FALSE,-0.0282100828468845,0.0418242688287909,FALSE,FALSE,0.000285878085851533
"CLUSTER Kleimeier-Viehs","Kleimeier, Viehs (2021)",1287,-0.00252031617232838,0.000441696113074205,0.312515573437724,FALSE,-0.0282100828468845,0.0418242688287909,FALSE,FALSE,0.000285878085851533
"CLUSTER Kleimeier-Viehs","Kleimeier, Viehs (2021)",1288,-0.0440912924322001,0.000441696113074205,0.0810062150004501,FALSE,-0.0282100828468845,0.0418242688287909,FALSE,FALSE,0.000285878085851538
"CLUSTER Kleimeier-Viehs","Kleimeier, Viehs (2021)",1289,0.0100811046062617,0.000441696113074205,0.382693065099511,FALSE,-0.0282100828468845,0.0418242688287909,FALSE,FALSE,0.000285878085851532
"CLUSTER Kleimeier-Viehs","Kleimeier, Viehs (2021)",1290,-0.0190318707676283,7.24527426985749e-06,0.222063701209038,FALSE,-0.0282100828468845,0.0418242688287909,FALSE,FALSE,0.000417573931116407
"CLUSTER Kleimeier-Viehs","Kleimeier, Viehs (2021)",1291,-0.00479630257933305,7.24527426985749e-06,0.301892124956112,FALSE,-0.0282100828468845,0.0418242688287909,FALSE,FALSE,0.000417573931116406
"CLUSTER Kleimeier-Viehs","Kleimeier, Viehs (2021)",1292,-0.0979258237418042,0.000441696113074205,-0.218799056046033,FALSE,-0.0282100828468845,0.0418242688287909,FALSE,FALSE,0.000285878085851536
"CLUSTER Kleimeier-Viehs","Kleimeier, Viehs (2021)",1293,-0.0606604699163964,0.000441696113074205,-0.0112677702247272,FALSE,-0.0282100828468845,0.0418242688287909,FALSE,FALSE,0.000285878085851535
"CLUSTER Kleimeier-Viehs","Kleimeier, Viehs (2021)",1294,-0.047028614315133,0.000441696113074205,0.0646482276298731,FALSE,-0.0282100828468845,0.0418242688287909,FALSE,FALSE,0.000285878085851535
"CLUSTER Kleimeier-Viehs","Kleimeier, Viehs (2021)",1295,-0.0216310498051218,0.000441696113074205,0.206087625849098,FALSE,-0.0282100828468845,0.0418242688287909,FALSE,FALSE,0.000285878085851529
"CLUSTER Kleimeier-Viehs","Kleimeier, Viehs (2021)",1296,-0.0268801638351001,0.000441696113074205,0.176855235109759,FALSE,-0.0282100828468845,0.0418242688287909,FALSE,FALSE,0.000285878085851537
"CLUSTER Kleimeier-Viehs","Kleimeier, Viehs (2021)",1297,0.010291120280537,0.000441696113074205,0.383862645378533,FALSE,-0.0282100828468845,0.0418242688287909,FALSE,FALSE,0.00028587808585153
"CLUSTER Kleimeier-Viehs","Kleimeier, Viehs (2021)",1298,-0.156253248652189,0.000441696113074205,-0.54362531549898,FALSE,-0.0282100828468845,0.0418242688287909,TRUE,FALSE,0.000285878085851535
"Kölbel et al (2020)","Kölbel et al (2020)",1299,-0.000656185731228822,2.42218723507327e-05,0.324961211206886,FALSE,-0.0282100828468845,0.0418242688287909,FALSE,FALSE,0.000183461208475849
"Kölbel et al (2020)","Kölbel et al (2020)",1300,0.0071516172840126,2.54965452181229e-05,0.368714879511378,FALSE,-0.0282100828468845,0.0418242688287909,FALSE,FALSE,0.000183048925741167
"Kölbel et al (2020)","Kölbel et al (2020)",1301,-0.0032017213457052,3.5359428591634e-05,0.310639789347127,FALSE,-0.0282100828468845,0.0418242688287909,FALSE,FALSE,0.000180151595629884
"Kölbel et al (2020)","Kölbel et al (2020)",1302,0.00426609952782547,7.69171602184447e-05,0.352257998295445,FALSE,-0.0282100828468845,0.0418242688287909,FALSE,FALSE,0.000170982334627296
"Kölbel et al (2020)","Kölbel et al (2020)",1303,-0.00301252890478034,3.7314825180044e-05,0.311690429156759,FALSE,-0.0282100828468845,0.0418242688287909,FALSE,FALSE,0.00017962681381692
"Kölbel et al (2020)","Kölbel et al (2020)",1304,0.0232156205097019,8.05217811417989e-05,0.458350911070704,FALSE,-0.0282100828468845,0.0418242688287909,FALSE,FALSE,0.000170320164055943
"Kölbel et al (2020)","Kölbel et al (2020)",1305,-0.00147641746483283,2.42218723507327e-05,0.320363988125926,FALSE,-0.0282100828468845,0.0418242688287909,FALSE,FALSE,0.000183461208475838
"Kölbel et al (2020)","Kölbel et al (2020)",1306,-0.00198202006450263,3.5359428591634e-05,0.317474735314683,FALSE,-0.0282100828468845,0.0418242688287909,FALSE,FALSE,0.000180151595629888
"Kölbel et al (2020)","Kölbel et al (2020)",1307,-0.00358740506255598,7.69171602184447e-05,0.308277719593154,FALSE,-0.0282100828468845,0.0418242688287909,FALSE,FALSE,0.000170982334627293
"Kölbel et al (2020)","Kölbel et al (2020)",1308,-0.0025365271491838,2.54965452181229e-05,0.314416015966371,FALSE,-0.0282100828468845,0.0418242688287909,FALSE,FALSE,0.000183048925741153
"Kölbel et al (2020)","Kölbel et al (2020)",1309,-0.000863531497881228,3.7314825180044e-05,0.323732576474177,FALSE,-0.0282100828468845,0.0418242688287909,FALSE,FALSE,0.000179626813816916
"Kölbel et al (2020)","Kölbel et al (2020)",1310,0.00131854223283106,8.05217811417989e-05,0.335732461809595,FALSE,-0.0282100828468845,0.0418242688287909,FALSE,FALSE,0.000170320164055937
"Kölbel et al (2020)","Kölbel et al (2020)",1311,0.00359743028161273,2.54965452181229e-05,0.348794830178146,FALSE,-0.0282100828468845,0.0418242688287909,FALSE,FALSE,0.000183048925741157
"Kölbel et al (2020)","Kölbel et al (2020)",1312,0.000486439947225699,2.54965452181229e-05,0.331358752421305,FALSE,-0.0282100828468845,0.0418242688287909,FALSE,FALSE,0.000183048925741161
"Kölbel et al (2020)","Kölbel et al (2020)",1313,-0.00029280845952926,3.7314825180044e-05,0.326930686850306,FALSE,-0.0282100828468845,0.0418242688287909,FALSE,FALSE,0.000179626813816924
"Kölbel et al (2020)","Kölbel et al (2020)",1314,0.0042836042786834,3.7314825180044e-05,0.352575127463376,FALSE,-0.0282100828468845,0.0418242688287909,FALSE,FALSE,0.000179626813816926
"Kölbel et al (2020)","Kölbel et al (2020)",1315,0.00913657491134055,8.05217811417989e-05,0.379511592120514,FALSE,-0.0282100828468845,0.0418242688287909,FALSE,FALSE,0.00017032016405594
"Kölbel et al (2020)","Kölbel et al (2020)",1316,-0.0010383477906595,8.05217811417989e-05,0.322534436205209,FALSE,-0.0282100828468845,0.0418242688287909,FALSE,FALSE,0.000170320164055936
"Kölbel et al (2020)","Kölbel et al (2020)",1317,-0.00179064759763197,2.54965452181229e-05,0.318596425565958,FALSE,-0.0282100828468845,0.0418242688287909,FALSE,FALSE,0.000183048925741163
"Kölbel et al (2020)","Kölbel et al (2020)",1318,0.00378799576365766,8.05217811417989e-05,0.349560816380176,FALSE,-0.0282100828468845,0.0418242688287909,FALSE,FALSE,0.000170320164055936
"Kölbel et al (2020)","Kölbel et al (2020)",1319,0.00389486425790329,2.54965452181229e-05,0.350461849802349,FALSE,-0.0282100828468845,0.0418242688287909,FALSE,FALSE,0.000183048925741159
"Kölbel et al (2020)","Kölbel et al (2020)",1320,0.00130807014953402,2.54965452181229e-05,0.335963719507337,FALSE,-0.0282100828468845,0.0418242688287909,FALSE,FALSE,0.000183048925741165
"Kölbel et al (2020)","Kölbel et al (2020)",1321,0.0109050277746547,8.05217811417989e-05,0.389414509073594,FALSE,-0.0282100828468845,0.0418242688287909,FALSE,FALSE,0.000170320164055934
"Kölbel et al (2020)","Kölbel et al (2020)",1322,0.00132611529241988,8.05217811417989e-05,0.335774869148657,FALSE,-0.0282100828468845,0.0418242688287909,FALSE,FALSE,0.000170320164055937
"Kölbel et al (2020)","Kölbel et al (2020)",1323,-0.00125952122364563,2.54965452181229e-05,0.321573214228132,FALSE,-0.0282100828468845,0.0418242688287909,FALSE,FALSE,0.000183048925741168
"Kölbel et al (2020)","Kölbel et al (2020)",1324,0.00295543825808852,8.05217811417989e-05,0.344898691645416,FALSE,-0.0282100828468845,0.0418242688287909,FALSE,FALSE,0.000170320164055938
"Kölbel et al (2020)","Kölbel et al (2020)",1325,0.00394132699743905,2.54965452181229e-05,0.350722258177903,FALSE,-0.0282100828468845,0.0418242688287909,FALSE,FALSE,0.000183048925741172
"Kölbel et al (2020)","Kölbel et al (2020)",1326,0.00165299263000806,2.54965452181229e-05,0.337896896580616,FALSE,-0.0282100828468845,0.0418242688287909,FALSE,FALSE,0.00018304892574117
"Kölbel et al (2020)","Kölbel et al (2020)",1327,0.0118163503443934,8.05217811417989e-05,0.394517699502248,FALSE,-0.0282100828468845,0.0418242688287909,FALSE,FALSE,0.000170320164055937
"Kölbel et al (2020)","Kölbel et al (2020)",1328,0.000520624881819738,8.05217811417989e-05,0.331264313731462,FALSE,-0.0282100828468845,0.0418242688287909,FALSE,FALSE,0.000170320164055935
"Kölbel et al (2020)","Kölbel et al (2020)",1329,0.00766197327549865,2.54965452181229e-05,0.3715752570101,FALSE,-0.0282100828468845,0.0418242688287909,FALSE,FALSE,0.000183048925741168
"Kölbel et al (2020)","Kölbel et al (2020)",1330,-0.00053030336590532,2.54965452181229e-05,0.325660240513201,FALSE,-0.0282100828468845,0.0418242688287909,FALSE,FALSE,0.000183048925741171
"Kölbel et al (2020)","Kölbel et al (2020)",1331,0.00667410189155639,3.7314825180044e-05,0.3659705481948,FALSE,-0.0282100828468845,0.0418242688287909,FALSE,FALSE,0.000179626813816919
"Kölbel et al (2020)","Kölbel et al (2020)",1332,-0.00128568603918783,8.05217811417989e-05,0.321149400626762,FALSE,-0.0282100828468845,0.0418242688287909,FALSE,FALSE,0.000170320164055935
"Kölbel et al (2020)","Kölbel et al (2020)",1333,0.000159957271205016,2.54965452181229e-05,0.32952892438795,FALSE,-0.0282100828468845,0.0418242688287909,FALSE,FALSE,0.000183048925741174
"Kölbel et al (2020)","Kölbel et al (2020)",1334,0.00587078636843624,2.54965452181229e-05,0.361536243438323,FALSE,-0.0282100828468845,0.0418242688287909,FALSE,FALSE,0.00018304892574117
"Kölbel et al (2020)","Kölbel et al (2020)",1335,-0.00320459348768413,3.7314825180044e-05,0.310614173785599,FALSE,-0.0282100828468845,0.0418242688287909,FALSE,FALSE,0.000179626813816922
"Kölbel et al (2020)","Kölbel et al (2020)",1336,0.013896879632689,8.05217811417989e-05,0.406168170480496,FALSE,-0.0282100828468845,0.0418242688287909,FALSE,FALSE,0.000170320164055941
"Kölbel et al (2020)","Kölbel et al (2020)",1337,0.000292773023922865,2.54965452181229e-05,0.330273313004695,FALSE,-0.0282100828468845,0.0418242688287909,FALSE,FALSE,0.000183048925741172
"Kölbel et al (2020)","Kölbel et al (2020)",1338,0.0123329911101912,2.54965452181229e-05,0.39775477588197,FALSE,-0.0282100828468845,0.0418242688287909,FALSE,FALSE,0.000183048925741171
"Kölbel et al (2020)","Kölbel et al (2020)",1339,-0.000849678627589589,2.54965452181229e-05,0.323870247199887,FALSE,-0.0282100828468845,0.0418242688287909,FALSE,FALSE,0.000183048925741168
"Kölbel et al (2020)","Kölbel et al (2020)",1340,0.00386395176729669,2.54965452181229e-05,0.350288595458253,FALSE,-0.0282100828468845,0.0418242688287909,FALSE,FALSE,0.000183048925741166
"Kölbel et al (2020)","Kölbel et al (2020)",1341,0.00582013213439228,3.7314825180044e-05,0.361185233150968,FALSE,-0.0282100828468845,0.0418242688287909,FALSE,FALSE,0.00017962681381693
"Kölbel et al (2020)","Kölbel et al (2020)",1342,0.0104832805328821,3.7314825180044e-05,0.387315706737078,FALSE,-0.0282100828468845,0.0418242688287909,FALSE,FALSE,0.000179626813816926
"Kölbel et al (2020)","Kölbel et al (2020)",1343,-0.00371858023697804,8.05217811417989e-05,0.307525769657489,FALSE,-0.0282100828468845,0.0418242688287909,FALSE,FALSE,0.000170320164055936
"Kölbel et al (2020)","Kölbel et al (2020)",1344,0.00284778297216763,8.05217811417989e-05,0.344295847556014,FALSE,-0.0282100828468845,0.0418242688287909,FALSE,FALSE,0.000170320164055943
"Kölbel et al (2020)","Kölbel et al (2020)",1345,-0.00604645974502637,2.54965452181229e-05,0.294743998028571,FALSE,-0.0282100828468845,0.0418242688287909,FALSE,FALSE,0.000183048925741163
"Kölbel et al (2020)","Kölbel et al (2020)",1346,0.00158502264590378,2.54965452181229e-05,0.337515947172039,FALSE,-0.0282100828468845,0.0418242688287909,FALSE,FALSE,0.000183048925741168
"Kölbel et al (2020)","Kölbel et al (2020)",1347,-0.000257114154219172,2.54965452181229e-05,0.327191376204829,FALSE,-0.0282100828468845,0.0418242688287909,FALSE,FALSE,0.000183048925741165
"Kölbel et al (2020)","Kölbel et al (2020)",1348,0.00567879575889519,2.54965452181229e-05,0.360460199209083,FALSE,-0.0282100828468845,0.0418242688287909,FALSE,FALSE,0.000183048925741167
"Kölbel et al (2020)","Kölbel et al (2020)",1349,-0.00136581817715569,3.7314825180044e-05,0.320917956890188,FALSE,-0.0282100828468845,0.0418242688287909,FALSE,FALSE,0.000179626813816923
"Kölbel et al (2020)","Kölbel et al (2020)",1350,-0.00630639198068163,3.7314825180044e-05,0.293232899019186,FALSE,-0.0282100828468845,0.0418242688287909,FALSE,FALSE,0.000179626813816906
"Kölbel et al (2020)","Kölbel et al (2020)",1351,0.0016179815250124,8.05217811417989e-05,0.337409250885785,FALSE,-0.0282100828468845,0.0418242688287909,FALSE,FALSE,0.000170320164055943
"Kölbel et al (2020)","Kölbel et al (2020)",1352,0.0107803659288381,8.05217811417989e-05,0.388716432278928,FALSE,-0.0282100828468845,0.0418242688287909,FALSE,FALSE,0.00017032016405594
"Kordschia (2020)","Kordschia (2020)",1353,-0.106174535169825,0.000473036896877956,-0.264229117089873,FALSE,-0.0282100828468845,0.0418242688287909,FALSE,FALSE,0.00166810207419602
"Kordschia (2020)","Kordschia (2020)",1354,-0.263964597046503,0.000118133490844654,-1.15049786338551,FALSE,-0.0282100828468845,0.0418242688287909,TRUE,FALSE,0.00175581595280338
"Kordschia (2020)","Kordschia (2020)",1355,-0.237359350898544,0.000118133490844654,-1.0013099369563,FALSE,-0.0282100828468845,0.0418242688287909,TRUE,FALSE,0.00175581595280338
"Kordschia (2020)","Kordschia (2020)",1356,0.364304606999593,0.000118133490844654,2.37249828818958,FALSE,-0.0282100828468845,0.0418242688287909,TRUE,FALSE,0.00175581595280338
"Kozak (2021)","Kozak (2021)",1357,0.497311287572031,0.000228990153423403,3.10690440846086,TRUE,-0.0282100828468845,0.0418242688287909,TRUE,TRUE,0.000447649724985308
"Kozak (2021)","Kozak (2021)",1358,0.120581028408444,0.000228990153423403,1.00157369153823,FALSE,-0.0282100828468845,0.0418242688287909,TRUE,FALSE,0.000447649724985315
"Kozak (2021)","Kozak (2021)",1359,0.0200026673068496,0.000228990153423403,0.439498551741785,FALSE,-0.0282100828468845,0.0418242688287909,FALSE,FALSE,0.000447649724985312
"Kozak (2021)","Kozak (2021)",1360,-0.133029415373166,0.000228990153423403,-0.415710544167281,FALSE,-0.0282100828468845,0.0418242688287909,FALSE,FALSE,0.000447649724985312
"Kozak (2021)","Kozak (2021)",1361,-0.118321173988843,0.000228990153423403,-0.333514565412943,FALSE,-0.0282100828468845,0.0418242688287909,FALSE,FALSE,0.000447649724985316
"Kozak (2021)","Kozak (2021)",1362,-0.124327793239953,0.000228990153423403,-0.367082137187763,FALSE,-0.0282100828468845,0.0418242688287909,FALSE,FALSE,0.000447649724985317
"Kozak (2021)","Kozak (2021)",1363,-0.111408318067012,0.000228990153423403,-0.29488255335688,FALSE,-0.0282100828468845,0.0418242688287909,FALSE,FALSE,0.000447649724985315
"Kozak (2021)","Kozak (2021)",1364,-0.102082653801288,0.000228990153423403,-0.242766730545281,FALSE,-0.0282100828468845,0.0418242688287909,FALSE,FALSE,0.000447649724985313
"Kozak (2021)","Kozak (2021)",1365,-0.0841592640106298,0.000228990153423403,-0.142603119686339,FALSE,-0.0282100828468845,0.0418242688287909,FALSE,FALSE,0.000447649724985312
"Kozak (2021)","Kozak (2021)",1366,-0.0683218938647818,0.000228990153423403,-0.054097083783211,FALSE,-0.0282100828468845,0.0418242688287909,FALSE,FALSE,0.000447649724985314
"Kozak (2021)","Kozak (2021)",1367,-0.0538269266200041,0.000228990153423403,0.026907027351824,FALSE,-0.0282100828468845,0.0418242688287909,FALSE,FALSE,0.000447649724985315
"Kozak (2021)","Kozak (2021)",1368,-0.0841592640106298,0.000228990153423403,-0.142603119686339,FALSE,-0.0282100828468845,0.0418242688287909,FALSE,FALSE,0.000447649724985312
"Kozak (2021)","Kozak (2021)",1369,-0.0343320570576171,0.000228990153423403,0.135852743056257,FALSE,-0.0282100828468845,0.0418242688287909,FALSE,FALSE,0.000447649724985308
"Kozak (2021)","Kozak (2021)",1370,-0.0748099674108449,0.000228990153423403,-0.0903552292279297,FALSE,-0.0282100828468845,0.0418242688287909,FALSE,FALSE,0.000447649724985311
"Kozak (2021)","Kozak (2021)",1371,-0.0663598053737025,0.000228990153423403,-0.0431320894162578,FALSE,-0.0282100828468845,0.0418242688287909,FALSE,FALSE,0.000447649724985309
"Kozak (2021)","Kozak (2021)",1372,-0.119372645183182,0.000228990153423403,-0.339390638676388,FALSE,-0.0282100828468845,0.0418242688287909,FALSE,FALSE,0.000447649724985306
"Kozak (2021)","Kozak (2021)",1373,-0.105844111992131,0.000228990153423403,-0.263787376689246,FALSE,-0.0282100828468845,0.0418242688287909,FALSE,FALSE,0.000447649724985307
"Kozak (2021)","Kozak (2021)",1374,-0.112310302637597,0.000228990153423403,-0.299923231073767,FALSE,-0.0282100828468845,0.0418242688287909,FALSE,FALSE,0.000447649724985309
"Kozak (2021)","Kozak (2021)",1375,-0.0947060669489519,0.000228990153423403,-0.201543190602537,FALSE,-0.0282100828468845,0.0418242688287909,FALSE,FALSE,0.000447649724985306
"Kozak (2021)","Kozak (2021)",1376,-0.0790330873131205,0.000228990153423403,-0.113955839572445,FALSE,-0.0282100828468845,0.0418242688287909,FALSE,FALSE,0.000447649724985308
"Kozak (2021)","Kozak (2021)",1377,-0.071189087264551,0.000228990153423403,-0.0701201936584147,FALSE,-0.0282100828468845,0.0418242688287909,FALSE,FALSE,0.000447649724985311
"Lee (2022)","Lee (2022)",1378,0.0354147984164647,1.38964161142841e-05,0.527664823891292,FALSE,-0.0282100828468845,0.0418242688287909,FALSE,FALSE,0.00114142767420798
"Lee (2022)","Lee (2022)",1379,-0.0320900925061849,0.000125109470786939,0.148579620153016,FALSE,-0.0282100828468845,0.0418242688287909,FALSE,FALSE,0.00107742086114736
"Lee (2022)","Lee (2022)",1380,-0.0450425234877292,0.00168634064080944,0.074261881242224,FALSE,-0.0282100828468845,0.0418242688287909,FALSE,FALSE,0.000796338550442779
"Lee (2022)","Lee (2022)",1381,-0.0784251976265779,0.000125109470786939,-0.110972705328548,FALSE,-0.0282100828468845,0.0418242688287909,FALSE,FALSE,0.00107742086114736
"Lee (2022)","Lee (2022)",1382,-0.0515887249384528,0.00168634064080944,0.0384675554736825,FALSE,-0.0282100828468845,0.0418242688287909,FALSE,FALSE,0.000796338550442776
"Lee (2022)","Lee (2022)",1383,-0.0349502631822712,0.000248138957816377,0.132305884097489,FALSE,-0.0282100828468845,0.0418242688287909,FALSE,FALSE,0.00103655219158935
"Lee (2022)","Lee (2022)",1384,-0.0146137049015577,0.000252525252525253,0.245982686253722,FALSE,-0.0282100828468845,0.0418242688287909,FALSE,FALSE,0.0010352945184467
"Lee (2022)","Lee (2022)",1385,-0.0354096673770254,0.000266595574513463,0.129700526176452,FALSE,-0.0282100828468845,0.0418242688287909,FALSE,FALSE,0.00103132596711012
"Lee (2022)","Lee (2022)",1386,-0.0187304885320829,0.000235904694503421,0.223026999315581,FALSE,-0.0282100828468845,0.0418242688287909,FALSE,FALSE,0.00104011480464226
"Lemma et al (2017)","Lemma et al (2017)",1387,-0.10842286736361,0.00144300144300144,-0.273661074932003,FALSE,-0.0282100828468845,0.0418242688287909,FALSE,FALSE,0.00151265484940368
"Lemma et al (2017)","Lemma et al (2017)",1388,-0.0530497094739486,0.00144300144300144,0.0304767768616255,FALSE,-0.0282100828468845,0.0418242688287909,FALSE,FALSE,0.00151265484940368
"Lemma et al (2017)","Lemma et al (2017)",1389,0.0334189400034846,0.00144300144300144,0.505407055390548,FALSE,-0.0282100828468845,0.0418242688287909,FALSE,FALSE,0.00151265484940368
"Lemma et al (2017)","Lemma et al (2017)",1390,0.0584607260549707,0.00144300144300144,0.64294941896589,FALSE,-0.0282100828468845,0.0418242688287909,FALSE,FALSE,0.00151265484940368
"Lemma et al (2017)","Lemma et al (2017)",1391,-0.118567015866313,0.00144300144300144,-0.329377953857988,FALSE,-0.0282100828468845,0.0418242688287909,FALSE,FALSE,0.00151265484940367
"Li & Qiu (2026)","Li & Qiu (2026)",1392,-0.0264858579224099,0.000129853265809635,0.179912393530926,FALSE,-0.0282100828468845,0.0418242688287909,FALSE,FALSE,0.000177291350634949
"Li & Qiu (2026)","Li & Qiu (2026)",1393,-0.039296076643035,0.000129853265809635,0.108233122036795,FALSE,-0.0282100828468845,0.0418242688287909,FALSE,FALSE,0.000177291350634953
"Li & Qiu (2026)","Li & Qiu (2026)",1394,-0.0365295430412758,0.000129853265809635,0.123713194427663,FALSE,-0.0282100828468845,0.0418242688287909,FALSE,FALSE,0.000177291350634956
"Li & Qiu (2026)","Li & Qiu (2026)",1395,-0.0329428829057246,0.000129853265809635,0.143782265160969,FALSE,-0.0282100828468845,0.0418242688287909,FALSE,FALSE,0.00017729135063495
"Li & Qiu (2026)","Li & Qiu (2026)",1396,-0.0346163277815839,0.00015124016938899,0.1343742012949,FALSE,-0.0282100828468845,0.0418242688287909,FALSE,FALSE,0.000171452471046672
"Li & Qiu (2026)","Li & Qiu (2026)",1397,-0.0360785411232857,0.00015124016938899,0.126195207461074,FALSE,-0.0282100828468845,0.0418242688287909,FALSE,FALSE,0.000171452471046684
"Li & Qiu (2026)","Li & Qiu (2026)",1398,-0.031925172644449,0.00015124016938899,0.149427368055694,FALSE,-0.0282100828468845,0.0418242688287909,FALSE,FALSE,0.000171452471046687
"Li & Qiu (2026)","Li & Qiu (2026)",1399,-0.0123686409691231,0.00015124016938899,0.258818212347505,FALSE,-0.0282100828468845,0.0418242688287909,FALSE,FALSE,0.000171452471046684
"Li & Qiu (2026)","Li & Qiu (2026)",1400,-0.0354396000564653,0.00015124016938899,0.129769169547632,FALSE,-0.0282100828468845,0.0418242688287909,FALSE,FALSE,0.000171452471046683
"Li & Qiu (2026)","Li & Qiu (2026)",1401,-0.0012664037397785,0.00015124016938899,0.320919362193941,FALSE,-0.0282100828468845,0.0418242688287909,FALSE,FALSE,0.000171452471046685
"Li & Qiu (2026)","Li & Qiu (2026)",1402,-0.0326133446739228,0.00015124016938899,0.145578029094577,FALSE,-0.0282100828468845,0.0418242688287909,FALSE,FALSE,0.000171452471046682
"Li & Qiu (2026)","Li & Qiu (2026)",1403,-0.0123194639749592,0.00015124016938899,0.259093287345497,FALSE,-0.0282100828468845,0.0418242688287909,FALSE,FALSE,0.000171452471046684
"Li & Qiu (2026)","Li & Qiu (2026)",1404,0.00389756384866739,0.00015124016938899,0.349804380446352,FALSE,-0.0282100828468845,0.0418242688287909,FALSE,FALSE,0.000171452471046683
"Li & Qiu (2026)","Li & Qiu (2026)",1405,-0.000550611772191774,0.00026246719160105,0.324357266818724,FALSE,-0.0282100828468845,0.0418242688287909,FALSE,FALSE,0.000146211003987433
"Li & Qiu (2026)","Li & Qiu (2026)",1406,0.0137486673892713,0.00026246719160105,0.404200481266326,FALSE,-0.0282100828468845,0.0418242688287909,FALSE,FALSE,0.000146211003987432
"Li & Qiu (2026)","Li & Qiu (2026)",1407,-0.00228264571313981,0.000174185681936945,0.315121427801732,FALSE,-0.0282100828468845,0.0418242688287909,FALSE,FALSE,0.000165630309606349
"Li & Qiu (2026)","Li & Qiu (2026)",1408,0.0210700500405019,0.000174185681936945,0.445698760570814,FALSE,-0.0282100828468845,0.0418242688287909,FALSE,FALSE,0.000165630309606344
"Li & Qiu (2026)","Li & Qiu (2026)",1409,-0.0117164588725978,0.000130463144161774,0.262551701501765,FALSE,-0.0282100828468845,0.0418242688287909,FALSE,FALSE,0.00017711847342901
"Li & Qiu (2026)","Li & Qiu (2026)",1410,-0.0047506238524328,0.000130463144161774,0.301528485323942,FALSE,-0.0282100828468845,0.0418242688287909,FALSE,FALSE,0.000177118473429005
"Li & Qiu (2026)","Li & Qiu (2026)",1411,0.0175856038034174,0.000130463144161774,0.426509096295171,FALSE,-0.0282100828468845,0.0418242688287909,FALSE,FALSE,0.00017711847342901
"Li & Qiu (2026)","Li & Qiu (2026)",1412,0.0164437879641663,0.000130463144161774,0.420120155270527,FALSE,-0.0282100828468845,0.0418242688287909,FALSE,FALSE,0.000177118473429015
"Li & Qiu (2026)","Li & Qiu (2026)",1413,-0.0543844978267787,0.000159897665494084,0.023796813702117,FALSE,-0.0282100828468845,0.0418242688287909,FALSE,FALSE,0.00016920706573639
"Li & Qiu (2026)","Li & Qiu (2026)",1414,-0.0564167452888934,0.000159897665494084,0.012430858493801,FALSE,-0.0282100828468845,0.0418242688287909,FALSE,FALSE,0.000169207065736397
"Li & Qiu (2026)","Li & Qiu (2026)",1415,0.00178561505957439,0.00014367816091954,0.338031228166374,FALSE,-0.0282100828468845,0.0418242688287909,FALSE,FALSE,0.000173466848539284
"Li & Qiu (2026)","Li & Qiu (2026)",1416,0.004589855906142,0.00014367816091954,0.353718835481646,FALSE,-0.0282100828468845,0.0418242688287909,FALSE,FALSE,0.000173466848539289
"Li & Qiu (2026)","Li & Qiu (2026)",1417,-0.0269727134446863,0.00014367816091954,0.177150123688263,FALSE,-0.0282100828468845,0.0418242688287909,FALSE,FALSE,0.000173466848539292
"Li & Qiu (2026)","Li & Qiu (2026)",1418,-0.0283862837923309,0.00014367816091954,0.169242266360849,FALSE,-0.0282100828468845,0.0418242688287909,FALSE,FALSE,0.000173466848539292
"Li & Qiu (2026)","Li & Qiu (2026)",1419,-0.0148108681466231,0.000166833500166834,0.245097652672555,FALSE,-0.0282100828468845,0.0418242688287909,FALSE,FALSE,0.00016745167747034
"Li & Qiu (2026)","Li & Qiu (2026)",1420,-0.0237838226420154,0.000166833500166834,0.194919236565601,FALSE,-0.0282100828468845,0.0418242688287909,FALSE,FALSE,0.000167451677470338
"Li & Qiu (2026)","Li & Qiu (2026)",1421,-0.0431682425627121,0.000166833500166834,0.0865179859772773,FALSE,-0.0282100828468845,0.0418242688287909,FALSE,FALSE,0.000167451677470338
"Li & Qiu (2026)","Li & Qiu (2026)",1422,-0.039878221585589,0.000166833500166834,0.104916389945052,FALSE,-0.0282100828468845,0.0418242688287909,FALSE,FALSE,0.000167451677470337
"Li & Qiu (2026)","Li & Qiu (2026)",1423,0.0256879643106618,0.00104493207941484,0.465203427391736,FALSE,-0.0282100828468845,0.0418242688287909,FALSE,FALSE,4.34218360559599e-05
"Li & Qiu (2026)","Li & Qiu (2026)",1424,0.0479098384768014,0.00104493207941484,0.587785542832664,FALSE,-0.0282100828468845,0.0418242688287909,FALSE,FALSE,4.34218360559588e-05
"Li & Qiu (2026)","Li & Qiu (2026)",1425,-0.0419127724198737,0.00104493207941484,0.0922987276422875,FALSE,-0.0282100828468845,0.0418242688287909,FALSE,FALSE,4.34218360559626e-05
"Li & Qiu (2026)","Li & Qiu (2026)",1426,-0.0456853098297576,0.00104493207941484,0.0714883489664756,FALSE,-0.0282100828468845,0.0418242688287909,FALSE,FALSE,4.34218360559608e-05
"Li & Qiu (2026)","Li & Qiu (2026)",1427,0.0115917203386083,0.000617283950617284,0.389997454034106,FALSE,-0.0282100828468845,0.0418242688287909,FALSE,FALSE,9.06405335181669e-05
"Li & Qiu (2026)","Li & Qiu (2026)",1428,0.0298567028637705,0.000617283950617284,0.491419061086421,FALSE,-0.0282100828468845,0.0418242688287909,FALSE,FALSE,9.06405335181623e-05
"Li & Qiu (2026)","Li & Qiu (2026)",1429,-0.00828851360065612,0.000303490136570561,0.280971050561796,FALSE,-0.0282100828468845,0.0418242688287909,FALSE,FALSE,0.000138329496380036
"Li & Qiu (2026)","Li & Qiu (2026)",1430,-0.0111615288596145,0.000303490136570561,0.264939303168161,FALSE,-0.0282100828468845,0.0418242688287909,FALSE,FALSE,0.000138329496380034
"Li & Qiu (2026)","Li & Qiu (2026)",1431,-0.0118236816540959,0.000506072874493927,0.260423800729826,FALSE,-0.0282100828468845,0.0418242688287909,FALSE,FALSE,0.000105664615771184
"Li & Qiu (2026)","Li & Qiu (2026)",1432,0.00570963649715661,0.000506072874493927,0.357951428186608,FALSE,-0.0282100828468845,0.0418242688287909,FALSE,FALSE,0.000105664615771189
"Li & Qiu (2026)","Li & Qiu (2026)",1433,-0.0810055941535169,0.000617283950617284,-0.124175961220042,FALSE,-0.0282100828468845,0.0418242688287909,FALSE,FALSE,9.0640533518164e-05
"Li & Qiu (2026)","Li & Qiu (2026)",1434,-0.0947535230466201,0.000617283950617284,-0.200515319336515,FALSE,-0.0282100828468845,0.0418242688287909,FALSE,FALSE,9.0640533518169e-05
"Li & Qiu (2026)","Li & Qiu (2026)",1435,-0.0283446385390213,0.000303490136570561,0.169055623832165,FALSE,-0.0282100828468845,0.0418242688287909,FALSE,FALSE,0.000138329496380042
"Li & Qiu (2026)","Li & Qiu (2026)",1436,-0.0270565676556212,0.000303490136570561,0.176243203836614,FALSE,-0.0282100828468845,0.0418242688287909,FALSE,FALSE,0.000138329496380039
"Li & Qiu (2026)","Li & Qiu (2026)",1437,-0.0351723919694455,0.000506072874493927,0.130548536870026,FALSE,-0.0282100828468845,0.0418242688287909,FALSE,FALSE,0.000105664615771188
"Li & Qiu (2026)","Li & Qiu (2026)",1438,-0.042697137046538,0.000506072874493927,0.0886927667154468,FALSE,-0.0282100828468845,0.0418242688287909,FALSE,FALSE,0.000105664615771192
"Li & Qiu (2026)","Li & Qiu (2026)",1439,-0.035516214835568,0.000129853265809635,0.129383248089795,FALSE,-0.0282100828468845,0.0418242688287909,FALSE,FALSE,0.00017729135063495
"Li & Qiu (2026)","Li & Qiu (2026)",1440,-0.0077016586395711,0.000129853265809635,0.285018929926484,FALSE,-0.0282100828468845,0.0418242688287909,FALSE,FALSE,0.000177291350634947
"Li & Qiu (2026)","Li & Qiu (2026)",1441,-0.0213604358344607,0.000129853265809635,0.208591569849173,FALSE,-0.0282100828468845,0.0418242688287909,FALSE,FALSE,0.000177291350634951
"Li & Qiu (2026)","Li & Qiu (2026)",1442,-0.0163369769316725,0.000129853265809635,0.236700213611268,FALSE,-0.0282100828468845,0.0418242688287909,FALSE,FALSE,0.000177291350634952
"Li & Qiu (2026)","Li & Qiu (2026)",1443,-0.0068088592833982,6.98129014241832e-06,0.290576868209691,FALSE,-0.0282100828468845,0.0418242688287909,FALSE,FALSE,0.000233681862988503
"Li & Qiu (2026)","Li & Qiu (2026)",1444,-0.00635441323349112,6.98129014241832e-06,0.293124763566438,FALSE,-0.0282100828468845,0.0418242688287909,FALSE,FALSE,0.000233681862988506
"Li & Qiu (2026)","Li & Qiu (2026)",1445,-0.00867418604183911,6.98129014241832e-06,0.280118734867748,FALSE,-0.0282100828468845,0.0418242688287909,FALSE,FALSE,0.000233681862988502
"Li & Qiu (2026)","Li & Qiu (2026)",1446,-0.0110580238397122,0.000178030977390066,0.266037612340894,FALSE,-0.0282100828468845,0.0418242688287909,FALSE,FALSE,0.000164693022228747
"Li & Qiu (2026)","Li & Qiu (2026)",1447,-0.00672293801536433,0.000178030977390066,0.290275901420071,FALSE,-0.0282100828468845,0.0418242688287909,FALSE,FALSE,0.000164693022228749
"Li & Qiu (2026)","Li & Qiu (2026)",1448,-0.012019429813547,0.000129853265809635,0.260858944919309,FALSE,-0.0282100828468845,0.0418242688287909,FALSE,FALSE,0.000177291350634953
"Li & Qiu (2026)","Li & Qiu (2026)",1449,-3.41792963445783e-05,0.000129853265809635,0.327922126624749,FALSE,-0.0282100828468845,0.0418242688287909,FALSE,FALSE,0.000177291350634953
"Li & Qiu (2026)","Li & Qiu (2026)",1450,-0.000119840000280713,0.00014367816091954,0.327371647776733,FALSE,-0.0282100828468845,0.0418242688287909,FALSE,FALSE,0.0001734668485393
"Li & Qiu (2026)","Li & Qiu (2026)",1451,0.00684281063092323,0.00014367816091954,0.366322413760137,FALSE,-0.0282100828468845,0.0418242688287909,FALSE,FALSE,0.000173466848539295
"Li & Qiu (2026)","Li & Qiu (2026)",1452,0.0175436761354616,0.00014367816091954,0.426185665582536,FALSE,-0.0282100828468845,0.0418242688287909,FALSE,FALSE,0.000173466848539298
"Li & Qiu (2026)","Li & Qiu (2026)",1453,0.010833324148597,0.00014367816091954,0.388646319757075,FALSE,-0.0282100828468845,0.0418242688287909,FALSE,FALSE,0.000173466848539304
"Li et al (2014)","Li et al (2014)",1454,-0.0639028191414995,0.000190585096245474,-0.0293493999644357,FALSE,-0.0282100828468845,0.0418242688287909,FALSE,FALSE,0.000673642918939645
"Li et al (2014)","Li et al (2014)",1455,-0.0520065042160143,0.000190585096245474,0.037188720419932,FALSE,-0.0282100828468845,0.0418242688287909,FALSE,FALSE,0.00067364291893965
"Li et al (2014)","Li et al (2014)",1456,-0.0954616775904669,0.000190585096245474,-0.205863483176215,FALSE,-0.0282100828468845,0.0418242688287909,FALSE,FALSE,0.00067364291893965
"Li et al (2014)","Li et al (2014)",1457,-0.0662178734766054,0.000190585096245474,-0.0422978940998451,FALSE,-0.0282100828468845,0.0418242688287909,FALSE,FALSE,0.000673642918939649
"Li et al (2014)","Li et al (2014)",1458,-0.0525915782070041,0.000190585096245474,0.0339163017011876,FALSE,-0.0282100828468845,0.0418242688287909,FALSE,FALSE,0.00067364291893965
"Li et al (2014)","Li et al (2014)",1459,-0.0616985965067224,0.000190585096245474,-0.0170208064507796,FALSE,-0.0282100828468845,0.0418242688287909,FALSE,FALSE,0.000673642918939646
"Li et al (2014)","Li et al (2014)",1460,-0.0630694210080455,0.000190585096245474,-0.0246880619215874,FALSE,-0.0282100828468845,0.0418242688287909,FALSE,FALSE,0.000673642918939644
"Li et al (2014)","Li et al (2014)",1461,-0.0622204783133459,0.000190585096245474,-0.0199397804938366,FALSE,-0.0282100828468845,0.0418242688287909,FALSE,FALSE,0.000673642918939645
"Li et al (2022)","Li et al (2022)",1462,-0.00520275208204771,0.000192604006163328,0.298816725063249,FALSE,-0.0282100828468845,0.0418242688287909,FALSE,FALSE,0.000542736126068233
"Li et al (2022)","Li et al (2022)",1463,-0.0383277406001482,0.000192604006163328,0.113575229636552,FALSE,-0.0282100828468845,0.0418242688287909,FALSE,FALSE,0.000542736126068242
"Li et al (2022)","Li et al (2022)",1464,-0.0317970296903093,0.000192604006163328,0.15009625829976,FALSE,-0.0282100828468845,0.0418242688287909,FALSE,FALSE,0.000542736126068229
"Lin et al (2025)","Lin et al (2025)",1465,-0.207320124813881,0.000108342361863489,-0.832402023954154,FALSE,-0.0282100828468845,0.0418242688287909,TRUE,FALSE,0.000405099673531462
"Lin et al (2025)","Lin et al (2025)",1466,0.0200026673068496,0.000301841231512225,0.438957380521337,FALSE,-0.0282100828468845,0.0418242688287909,FALSE,FALSE,0.000342628301908552
"Lin et al (2025)","Lin et al (2025)",1467,0.0115005069985643,0.000301841231512225,0.391503000666269,FALSE,-0.0282100828468845,0.0418242688287909,FALSE,FALSE,0.000342628301908555
"Lin et al (2025)","Lin et al (2025)",1468,-0.0342490245354008,0.000108342361863489,0.136572333957454,FALSE,-0.0282100828468845,0.0418242688287909,FALSE,FALSE,0.000405099673531475
"Lin et al (2025)","Lin et al (2025)",1469,-0.0549667216746662,0.000279095729835334,0.0205266185981715,FALSE,-0.0282100828468845,0.0418242688287909,FALSE,FALSE,0.000348628705774367
"Lin et al (2025)","Lin et al (2025)",1470,-0.0489886543753962,0.000221680336954112,0.0539533498419911,FALSE,-0.0282100828468845,0.0418242688287909,FALSE,FALSE,0.000364957531622874
"Lin et al (2025)","Lin et al (2025)",1471,-0.046597109804609,0.000200561572402728,0.0673409860065418,FALSE,-0.0282100828468845,0.0418242688287909,FALSE,FALSE,0.000371484248062785
"Lin et al (2025)","Lin et al (2025)",1472,-0.0447419572024453,0.000301841231512225,0.077588517357961,FALSE,-0.0282100828468845,0.0418242688287909,FALSE,FALSE,0.000342628301908548
"Lin et al (2025)","Lin et al (2025)",1473,-0.0447419572024453,0.000301841231512225,0.077588517357961,FALSE,-0.0282100828468845,0.0418242688287909,FALSE,FALSE,0.00034262830190855
"Lin et al (2025)","Lin et al (2025)",1474,-0.0377730325566735,0.000131787032156036,0.11679881019844,FALSE,-0.0282100828468845,0.0418242688287909,FALSE,FALSE,0.000395523413425191
"Lin et al (2025)","Lin et al (2025)",1475,-0.0561771820779892,0.000475963826749167,0.0137276155880732,FALSE,-0.0282100828468845,0.0418242688287909,FALSE,FALSE,0.000302686393825973
"Lin et al (2025)","Lin et al (2025)",1476,-0.0607102438982493,0.000340483486550902,-0.0115301539358684,FALSE,-0.0282100828468845,0.0418242688287909,FALSE,FALSE,0.000332929399833446
"Lin et al (2025)","Lin et al (2025)",1477,-0.0564844553371029,0.000294724432655467,0.0120496242388967,FALSE,-0.0282100828468845,0.0418242688287909,FALSE,FALSE,0.000344480800058831
"Lin et al (2025)","Lin et al (2025)",1478,-0.0511355664629219,0.000394321766561514,0.0418428332687781,FALSE,-0.0282100828468845,0.0418242688287909,FALSE,FALSE,0.000320292795965461
"Lin et al (2025)","Lin et al (2025)",1479,-0.0653327857726014,0.000394321766561514,-0.0372825784144675,FALSE,-0.0282100828468845,0.0418242688287909,FALSE,FALSE,0.000320292795965458
"Lin et al (2025)","Lin et al (2025)",1480,-0.0447419572024453,0.000301841231512225,0.077588517357961,FALSE,-0.0282100828468845,0.0418242688287909,FALSE,FALSE,0.000342628301908548
"Lin et al (2025)","Lin et al (2025)",1481,-0.0447419572024453,0.000301841231512225,0.077588517357961,FALSE,-0.0282100828468845,0.0418242688287909,FALSE,FALSE,0.000342628301908548
"Lin et al (2025)","Lin et al (2025)",1482,-0.0323590661715359,0.00015785319652723,0.147037547889005,FALSE,-0.0282100828468845,0.0418242688287909,FALSE,FALSE,0.000385815859873113
"Lin et al (2025)","Lin et al (2025)",1483,-0.0506488612253296,0.000386847195357834,0.0445605541118554,FALSE,-0.0282100828468845,0.0418242688287909,FALSE,FALSE,0.000321993027956304
"Lin et al (2025)","Lin et al (2025)",1484,-0.0506488612253296,0.000386847195357834,0.0445605541118554,FALSE,-0.0282100828468845,0.0418242688287909,FALSE,FALSE,0.000321993027956306
"Lin et al (2025)","Lin et al (2025)",1485,-0.030429655197886,0.000139586823003908,0.15787708212291,FALSE,-0.0282100828468845,0.0418242688287909,FALSE,FALSE,0.000392526673380998
"Lin et al (2025)","Lin et al (2025)",1486,-0.0464313482844956,0.000561797752808989,0.0678839501974906,FALSE,-0.0282100828468845,0.0418242688287909,FALSE,FALSE,0.000285760742096161
"Lin et al (2025)","Lin et al (2025)",1487,-0.0748939992082297,0.00146412884333821,-0.089079340321976,FALSE,-0.0282100828468845,0.0418242688287909,FALSE,FALSE,0.000157004553657767
"Lin et al (2025)","Lin et al (2025)",1488,-0.0471240496377579,0.000578703703703704,0.0640166925672632,FALSE,-0.0282100828468845,0.0418242688287909,FALSE,FALSE,0.000282586679625687
"Lin et al (2025)","Lin et al (2025)",1489,-0.0619398287344431,0.000578703703703704,-0.0183176635861902,FALSE,-0.0282100828468845,0.0418242688287909,FALSE,FALSE,0.000282586679625682
"Lin et al (2025)","Lin et al (2025)",1490,-0.0601598402949461,0.000334336342360415,-0.00846087562264739,FALSE,-0.0282100828468845,0.0418242688287909,FALSE,FALSE,0.0003344340747361
"Lin et al (2025)","Lin et al (2025)",1491,-0.0745632703948293,0.000838926174496644,-0.0881094042504109,FALSE,-0.0282100828468845,0.0418242688287909,FALSE,FALSE,0.000238739389204504
"Lin et al (2025)","Lin et al (2025)",1492,0.0773694946208823,0.000903342366757001,0.752056439503376,FALSE,-0.0282100828468845,0.0418242688287909,FALSE,FALSE,0.000229040971673503
"Lin et al (2025)","Lin et al (2025)",1493,-0.0745632703948293,0.000838926174496644,-0.0881094042504109,FALSE,-0.0282100828468845,0.0418242688287909,FALSE,FALSE,0.000238739389204503
"Liu et al (2023)","Liu et al (2023)",1494,-0.0582265432347464,5.90841949778434e-05,0.0022199614863842,FALSE,-0.0282100828468845,0.0418242688287909,FALSE,FALSE,0.000936321965080871
"Liu et al (2023)","Liu et al (2023)",1495,-0.0296633906263311,5.90841949778434e-05,0.162358345446749,FALSE,-0.0282100828468845,0.0418242688287909,FALSE,FALSE,0.000936321965080865
"Liu et al (2023)","Liu et al (2023)",1496,-0.0391389047071616,0.000275406224180667,0.108866486145306,FALSE,-0.0282100828468845,0.0418242688287909,FALSE,FALSE,0.00088365374835939
"Liu et al (2023)","Liu et al (2023)",1497,-0.0343314837826497,0.000275406224180667,0.135726610095826,FALSE,-0.0282100828468845,0.0418242688287909,FALSE,FALSE,0.000883653748359394
"Liu et al (2023)","Liu et al (2023)",1498,-0.025929259980054,7.99808046068943e-05,0.183233116645513,FALSE,-0.0282100828468845,0.0418242688287909,FALSE,FALSE,0.000929146642568321
"Liu et al (2023)","Liu et al (2023)",1499,-0.0193137915145897,7.99808046068943e-05,0.220310066426477,FALSE,-0.0282100828468845,0.0418242688287909,FALSE,FALSE,0.000929146642568317
"Liu et al (2023)","Liu et al (2023)",1500,-0.039708335693667,0.00026089225150013,0.105708793842174,FALSE,-0.0282100828468845,0.0418242688287909,FALSE,FALSE,0.000886366967622259
"Liu et al (2023)","Liu et al (2023)",1501,-0.0315451196219938,7.64000305600122e-05,0.151767109536754,FALSE,-0.0282100828468845,0.0418242688287909,FALSE,FALSE,0.000930308879058513
"Liu et al (2023)","Liu et al (2023)",1502,-0.0374740086210494,0.000147210363609598,0.118405079836794,FALSE,-0.0282100828468845,0.0418242688287909,FALSE,FALSE,0.000910544357727221
"Liu et al (2023)","Liu et al (2023)",1503,-0.0224581726567644,9.87947046038332e-05,0.202626880759569,FALSE,-0.0282100828468845,0.0418242688287909,FALSE,FALSE,0.000923394845180635
"Luo et al (2019)","Luo et al (2019)",1504,-0.0130007324076009,0.00119189511323004,0.251191901681852,FALSE,-0.0282100828468845,0.0418242688287909,FALSE,FALSE,0.000886186186882208
"Luo et al (2019)","Luo et al (2019)",1505,-0.096002215413642,0.00119189511323004,-0.206073894954704,FALSE,-0.0282100828468845,0.0418242688287909,FALSE,FALSE,0.000886186186882204
"Luo et al (2019)","Luo et al (2019)",1506,0.0839891724094863,0.00119189511323004,0.785521705025981,FALSE,-0.0282100828468845,0.0418242688287909,FALSE,FALSE,0.000886186186882207
"Luo et al (2019)","Luo et al (2019)",1507,0.0929143973956557,0.00119189511323004,0.834691912179559,FALSE,-0.0282100828468845,0.0418242688287909,FALSE,FALSE,0.000886186186882209
"Luo et al (2019)","Luo et al (2019)",1508,0.108344079382726,0.00119189511323004,0.91969600572272,FALSE,-0.0282100828468845,0.0418242688287909,TRUE,FALSE,0.000886186186882209
"Luo et al (2019)","Luo et al (2019)",1509,0.0822719956884421,0.00119189511323004,0.776061558618032,FALSE,-0.0282100828468845,0.0418242688287909,FALSE,FALSE,0.000886186186882208
"Luo et al (2019)","Luo et al (2019)",1510,-0.0911985592958908,0.00119189511323004,-0.179609938385498,FALSE,-0.0282100828468845,0.0418242688287909,FALSE,FALSE,0.000886186186882206
"Luo et al (2019)","Luo et al (2019)",1511,-0.0179194244161877,0.00119189511323004,0.224094197661881,FALSE,-0.0282100828468845,0.0418242688287909,FALSE,FALSE,0.000886186186882207
"Luo et al (2019)","Luo et al (2019)",1512,-0.0994320531342894,0.00119189511323004,-0.224969310083031,FALSE,-0.0282100828468845,0.0418242688287909,FALSE,FALSE,0.000886186186882209
"Luo et al (2019)","Luo et al (2019)",1513,-0.0894824533988611,0.00119189511323004,-0.170155691284143,FALSE,-0.0282100828468845,0.0418242688287909,FALSE,FALSE,0.000886186186882207
"Ma et al (2022)","Ma et al (2022)",1514,-0.063121054597235,0.000195198126097989,-0.0251043159121213,FALSE,-0.0282100828468845,0.0418242688287909,FALSE,FALSE,0.00067281495803448
"Ma et al (2022)","Ma et al (2022)",1515,-0.0601780099388429,0.000195198126097989,-0.00864447728007084,FALSE,-0.0282100828468845,0.0418242688287909,FALSE,FALSE,0.000672814958034483
"Ma et al (2022)","Ma et al (2022)",1516,-0.0571680425662101,0.000195198126097989,0.00818964621853036,FALSE,-0.0282100828468845,0.0418242688287909,FALSE,FALSE,0.000672814958034484
"Ma et al (2022)","Ma et al (2022)",1517,-0.0534048588384355,0.000195198126097989,0.029236352637103,FALSE,-0.0282100828468845,0.0418242688287909,FALSE,FALSE,0.000672814958034485
"Ma et al (2022)","Ma et al (2022)",1518,-0.0418894781210341,0.000195198126097989,0.0936394896586805,FALSE,-0.0282100828468845,0.0418242688287909,FALSE,FALSE,0.000672814958034486
"Ma et al (2022)","Ma et al (2022)",1519,-0.0195528947333279,0.000195198126097989,0.218563369799134,FALSE,-0.0282100828468845,0.0418242688287909,FALSE,FALSE,0.000672814958034485
"Ma et al (2022)","Ma et al (2022)",1520,-0.0160385000362024,6.73949817696574e-06,0.238933988310272,FALSE,-0.0282100828468845,0.0418242688287909,FALSE,FALSE,0.000754348489689886
"Ma et al (2022)","Ma et al (2022)",1521,-0.0212793781998024,6.79126371835271e-06,0.209533256051836,FALSE,-0.0282100828468845,0.0418242688287909,FALSE,FALSE,0.000754279583895756
"Ma et al (2022)","Ma et al (2022)",1522,-0.0701517843278357,0.00108813928182807,-0.06351936471483,FALSE,-0.0282100828468845,0.0418242688287909,FALSE,FALSE,0.000528678788827042
"Ma et al (2022)","Ma et al (2022)",1523,-0.0225404812562906,0.000308832612723904,0.20149478834772,FALSE,-0.0282100828468845,0.0418242688287909,FALSE,FALSE,0.00064604557337801
"Ma et al (2022)","Ma et al (2022)",1524,-0.0120839120269119,0.00104166666666667,0.256941355462652,FALSE,-0.0282100828468845,0.0418242688287909,FALSE,FALSE,0.000534151891916273
"Ma et al (2022)","Ma et al (2022)",1525,-0.0222187861927067,0.000195198126097989,0.203653591550676,FALSE,-0.0282100828468845,0.0418242688287909,FALSE,FALSE,0.000672814958034487
"Ma et al (2022)","Ma et al (2022)",1526,-0.030135279499183,0.000195198126097989,0.159378285708903,FALSE,-0.0282100828468845,0.0418242688287909,FALSE,FALSE,0.000672814958034487
"Ma et al (2022)","Ma et al (2022)",1527,-0.0410280430696154,0.000195198126097989,0.0984573173113842,FALSE,-0.0282100828468845,0.0418242688287909,FALSE,FALSE,0.000672814958034488
"Maaloul, Wegener (2021)","Maaloul, Wegener (2021)",1528,-0.0962965535578922,0.00202429149797571,-0.204729929790624,FALSE,-0.0282100828468845,0.0418242688287909,FALSE,FALSE,0.000340722956158716
"Maaloul, Wegener (2021)","Maaloul, Wegener (2021)",1529,-0.0791649645014139,0.00202429149797571,-0.111576327981456,FALSE,-0.0282100828468845,0.0418242688287909,FALSE,FALSE,0.000340722956158722
"Maaloul, Wegener (2021)","Maaloul, Wegener (2021)",1530,0.0500417292784913,0.00186915887850467,0.592365804228569,FALSE,-0.0282100828468845,0.0418242688287909,FALSE,FALSE,0.00037261071212487
"Maaloul, Wegener (2021)","Maaloul, Wegener (2021)",1531,0.0711196658169551,0.00186915887850467,0.707245176950239,FALSE,-0.0282100828468845,0.0418242688287909,FALSE,FALSE,0.000372610712124863
"Maaloul, Wegener (2021)","Maaloul, Wegener (2021)",1532,-0.122331318428863,0.00202429149797571,-0.346294854794976,FALSE,-0.0282100828468845,0.0418242688287909,FALSE,FALSE,0.000340722956158713
"Maaloul, Wegener (2021)","Maaloul, Wegener (2021)",1533,-0.143184427950681,0.00202429149797571,-0.459684351500412,FALSE,-0.0282100828468845,0.0418242688287909,FALSE,FALSE,0.000340722956158716
"Maaloul, Wegener (2021)","Maaloul, Wegener (2021)",1534,-0.16732756681427,0.00393700787401575,-0.574753003502089,FALSE,-0.0282100828468845,0.0418242688287909,TRUE,FALSE,3.50443877468403e-05
"Maaloul, Wegener (2021)","Maaloul, Wegener (2021)",1535,-0.190411027377463,0.00393700787401575,-0.696828856072378,FALSE,-0.0282100828468845,0.0418242688287909,TRUE,FALSE,3.50443877468418e-05
"Maaloul, Wegener (2021)","Maaloul, Wegener (2021)",1536,0.062121419836847,0.00421940928270042,0.636146709263497,FALSE,-0.0282100828468845,0.0418242688287909,FALSE,FALSE,-6.13521536735523e-07
"Maaloul, Wegener (2021)","Maaloul, Wegener (2021)",1537,0.0623791192596122,0.00421940928270042,0.637504141956784,FALSE,-0.0282100828468845,0.0418242688287909,FALSE,FALSE,-6.13521536733602e-07
"Maaloul, Wegener (2021)","Maaloul, Wegener (2021)",1538,-0.0581912269605426,0.00269541778975741,0.00245113982667613,FALSE,-0.0282100828468845,0.0418242688287909,FALSE,FALSE,0.000217703176218531
"Maaloul, Wegener (2021)","Maaloul, Wegener (2021)",1539,-0.0823822690713187,0.00269541778975741,-0.127786940139088,FALSE,-0.0282100828468845,0.0418242688287909,FALSE,FALSE,0.000217703176218534
"Maaloul, Wegener (2021)","Maaloul, Wegener (2021)",1540,-0.176530287235238,0.00833333333333333,-0.588083442460181,FALSE,-0.0282100828468845,0.0418242688287909,TRUE,FALSE,-0.00037609813835337
"Maaloul, Wegener (2021)","Maaloul, Wegener (2021)",1541,-0.312458911598127,0.00833333333333333,-1.26615015228754,FALSE,-0.0282100828468845,0.0418242688287909,TRUE,FALSE,-0.000376098138353367
"Maaloul, Wegener (2021)","Maaloul, Wegener (2021)",1542,-0.0549415082647502,0.00186915887850467,0.02018415574275,FALSE,-0.0282100828468845,0.0418242688287909,FALSE,FALSE,0.000372610712124869
"Maaloul, Wegener (2021)","Maaloul, Wegener (2021)",1543,-0.123677624546912,0.00186915887850467,-0.35444273941888,FALSE,-0.0282100828468845,0.0418242688287909,FALSE,FALSE,0.000372610712124874
"Maaloul, Wegener (2021)","Maaloul, Wegener (2021)",1544,-0.0565639073527003,0.0036101083032491,0.0110672648969761,FALSE,-0.0282100828468845,0.0418242688287909,FALSE,FALSE,7.87295717514954e-05
"Maaloul, Wegener (2021)","Maaloul, Wegener (2021)",1545,-0.171274305239095,0.0036101083032491,-0.598392774730071,FALSE,-0.0282100828468845,0.0418242688287909,TRUE,FALSE,7.87295717514948e-05
"Maaloul, Wegener (2021)","Maaloul, Wegener (2021)",1546,-0.0445614636764064,0.00392156862745098,0.0745063312721995,FALSE,-0.0282100828468845,0.0418242688287909,FALSE,FALSE,3.70474407859319e-05
"Maaloul, Wegener (2021)","Maaloul, Wegener (2021)",1547,-0.00628794390849704,0.00392156862745098,0.276958259140611,FALSE,-0.0282100828468845,0.0418242688287909,FALSE,FALSE,3.70474407859306e-05
"Maaloul, Wegener (2021)","Maaloul, Wegener (2021)",1548,-0.0452320935730235,0.00469483568075117,0.0701941938765581,FALSE,-0.0282100828468845,0.0418242688287909,FALSE,FALSE,-5.67820128745879e-05
"Maaloul, Wegener (2021)","Maaloul, Wegener (2021)",1549,-0.152770335196095,0.00469483568075117,-0.492531911545113,FALSE,-0.0282100828468845,0.0418242688287909,FALSE,FALSE,-5.67820128745908e-05
"Maaloul, Wegener (2021)","Maaloul, Wegener (2021)",1550,-0.00484830145533242,0.00313479623824451,0.287790354965077,FALSE,-0.0282100828468845,0.0418242688287909,FALSE,FALSE,0.000147520546321993
"Maaloul, Wegener (2021)","Maaloul, Wegener (2021)",1551,-0.0241278055320187,0.00313479623824451,0.184656449266691,FALSE,-0.0282100828468845,0.0418242688287909,FALSE,FALSE,0.000147520546321996
"Maaloul, Wegener (2021)","Maaloul, Wegener (2021)",1552,-0.105742381634625,0.00161812297734628,-0.257673044350391,FALSE,-0.0282100828468845,0.0418242688287909,FALSE,FALSE,0.000427695100280401
"Maaloul, Wegener (2021)","Maaloul, Wegener (2021)",1553,-0.0763307444759744,0.00161812297734628,-0.096763340037356,FALSE,-0.0282100828468845,0.0418242688287909,FALSE,FALSE,0.000427695100280402
"Maaloul, Wegener (2021)","Maaloul, Wegener (2021)",1554,-0.138647533788727,0.00290697674418605,-0.429373857790229,FALSE,-0.0282100828468845,0.0418242688287909,FALSE,FALSE,0.000183035647378416
"Maaloul, Wegener (2021)","Maaloul, Wegener (2021)",1555,-0.108121133637248,0.00290697674418605,-0.265535056351426,FALSE,-0.0282100828468845,0.0418242688287909,FALSE,FALSE,0.000183035647378417
"Maaloul, Wegener (2021)","Maaloul, Wegener (2021)",1556,0.0643549842350438,0.003690036900369,0.652770040435686,FALSE,-0.0282100828468845,0.0418242688287909,FALSE,FALSE,6.7794359268544e-05
"Maaloul, Wegener (2021)","Maaloul, Wegener (2021)",1557,0.0586869737732471,0.003690036900369,0.622689962788521,FALSE,-0.0282100828468845,0.0418242688287909,FALSE,FALSE,6.77943592685434e-05
"Maaloul, Wegener (2021)","Maaloul, Wegener (2021)",1558,-0.0687937083632021,0.00214592274678112,-0.0550804184442227,FALSE,-0.0282100828468845,0.0418242688287909,FALSE,FALSE,0.000316733409770348
"Maaloul, Wegener (2021)","Maaloul, Wegener (2021)",1559,-0.0635872684075355,0.00214592274678112,-0.0268216561857835,FALSE,-0.0282100828468845,0.0418242688287909,FALSE,FALSE,0.000316733409770354
"Maaloul, Wegener (2021)","Maaloul, Wegener (2021)",1560,-0.278333168997566,0.00671140939597315,-1.1188769193641,FALSE,-0.0282100828468845,0.0418242688287909,TRUE,FALSE,-0.00025334059781446
"Maaloul, Wegener (2021)","Maaloul, Wegener (2021)",1561,-0.117985487766963,0.00671140939597315,-0.302228151634008,FALSE,-0.0282100828468845,0.0418242688287909,FALSE,FALSE,-0.00025334059781446
"Maaloul, Wegener (2021)","Maaloul, Wegener (2021)",1562,0.0544276577557665,0.00161812297734628,0.618609820798946,FALSE,-0.0282100828468845,0.0418242688287909,FALSE,FALSE,0.000427695100280395
"Maaloul, Wegener (2021)","Maaloul, Wegener (2021)",1563,0.00832073995563272,0.00290697674418605,0.35942225640338,FALSE,-0.0282100828468845,0.0418242688287909,FALSE,FALSE,0.000183035647378408
"Maaloul, Wegener (2021)","Maaloul, Wegener (2021)",1564,-0.10192008947222,0.003690036900369,-0.229650195309117,FALSE,-0.0282100828468845,0.0418242688287909,FALSE,FALSE,6.77943592685448e-05
"Maaloul, Wegener (2021)","Maaloul, Wegener (2021)",1565,-0.0780500322980533,0.00214592274678112,-0.105320555599242,FALSE,-0.0282100828468845,0.0418242688287909,FALSE,FALSE,0.000316733409770352
"Maaloul, Wegener (2021)","Maaloul, Wegener (2021)",1566,0.0712360505193619,0.00671140939597315,0.66147481484224,FALSE,-0.0282100828468845,0.0418242688287909,FALSE,FALSE,-0.000253340597814463
"Maaloul, Wegener (2021)","Maaloul, Wegener (2021)",1567,-0.103089144257043,0.00147710487444609,-0.24368342093126,FALSE,-0.0282100828468845,0.0418242688287909,FALSE,FALSE,0.000460821696875214
"Maaloul, Wegener (2021)","Maaloul, Wegener (2021)",1568,-0.0682452455309068,0.00147710487444609,-0.0526441682129761,FALSE,-0.0282100828468845,0.0418242688287909,FALSE,FALSE,0.000460821696875217
"Maaloul, Wegener (2021)","Maaloul, Wegener (2021)",1569,-0.14199500993146,0.00259067357512953,-0.449417221992061,FALSE,-0.0282100828468845,0.0418242688287909,FALSE,FALSE,0.000235523376026869
"Maaloul, Wegener (2021)","Maaloul, Wegener (2021)",1570,-0.112825962419046,0.00259067357512953,-0.29213721358157,FALSE,-0.0282100828468845,0.0418242688287909,FALSE,FALSE,0.00023552337602687
"Maaloul, Wegener (2021)","Maaloul, Wegener (2021)",1571,-0.0265522102111499,0.00347222222222222,0.170856504632622,FALSE,-0.0282100828468845,0.0418242688287909,FALSE,FALSE,9.80033167910974e-05
"Maaloul, Wegener (2021)","Maaloul, Wegener (2021)",1572,-0.0600504667061006,0.00347222222222222,-0.00747163551699876,FALSE,-0.0282100828468845,0.0418242688287909,FALSE,FALSE,9.80033167910965e-05
"Maaloul, Wegener (2021)","Maaloul, Wegener (2021)",1573,-0.202080055277027,0.00336700336700337,-0.764719425661794,FALSE,-0.0282100828468845,0.0418242688287909,TRUE,FALSE,0.000113074193213469
"Maaloul, Wegener (2021)","Maaloul, Wegener (2021)",1574,-0.11911416681509,0.00336700336700337,-0.322383468502872,FALSE,-0.0282100828468845,0.0418242688287909,FALSE,FALSE,0.000113074193213463
"Maaloul, Wegener (2021)","Maaloul, Wegener (2021)",1575,-0.0233901735743474,0.0026525198938992,0.189929870709514,FALSE,-0.0282100828468845,0.0418242688287909,FALSE,FALSE,0.000224946620259458
"Maaloul, Wegener (2021)","Maaloul, Wegener (2021)",1576,-0.0346711216007619,0.0026525198938992,0.129158047933666,FALSE,-0.0282100828468845,0.0418242688287909,FALSE,FALSE,0.000224946620259463
"Maaloul, Wegener (2021)","Maaloul, Wegener (2021)",1577,-0.0204381940167634,0.00147710487444609,0.209468388929653,FALSE,-0.0282100828468845,0.0418242688287909,FALSE,FALSE,0.000460821696875209
"Maaloul, Wegener (2021)","Maaloul, Wegener (2021)",1578,-0.0517942961745778,0.00259067357512953,0.036946585817474,FALSE,-0.0282100828468845,0.0418242688287909,FALSE,FALSE,0.000235523376026873
"Maaloul, Wegener (2021)","Maaloul, Wegener (2021)",1579,0.0501864599082429,0.00347222222222222,0.579375208345137,FALSE,-0.0282100828468845,0.0418242688287909,FALSE,FALSE,9.80033167910966e-05
"Maaloul, Wegener (2021)","Maaloul, Wegener (2021)",1580,0.0255738291981582,0.00336700336700337,0.449026377066237,FALSE,-0.0282100828468845,0.0418242688287909,FALSE,FALSE,0.000113074193213456
"Maaloul, Wegener (2021)","Maaloul, Wegener (2021)",1581,0.0146709641396408,0.0026525198938992,0.394969793806899,FALSE,-0.0282100828468845,0.0418242688287909,FALSE,FALSE,0.000224946620259456
"Mahmoudian et al (2023)","Mahmoudian et al (2023)",1582,-0.219456521087852,0.0012453300124533,-0.884963086204397,FALSE,-0.0282100828468845,0.0418242688287909,TRUE,FALSE,0.00103414656718832
"Mahmoudian et al (2023)","Mahmoudian et al (2023)",1583,-0.0761468345400228,0.0012453300124533,-0.0959378078991032,FALSE,-0.0282100828468845,0.0418242688287909,FALSE,FALSE,0.00103414656718831
"Mahmoudian et al (2023)","Mahmoudian et al (2023)",1584,-0.189226642530929,0.0012453300124533,-0.718525360213341,FALSE,-0.0282100828468845,0.0418242688287909,TRUE,FALSE,0.00103414656718832
"Mahmoudian et al (2023)","Mahmoudian et al (2023)",1585,-0.075141101524669,0.0012453300124533,-0.090400507584965,FALSE,-0.0282100828468845,0.0418242688287909,FALSE,FALSE,0.00103414656718831
"Mahmoudian et al (2023)","Mahmoudian et al (2023)",1586,-0.131224929849511,0.0012453300124533,-0.399183251573913,FALSE,-0.0282100828468845,0.0418242688287909,FALSE,FALSE,0.00103414656718831
"Mahmoudian et al (2023)","Mahmoudian et al (2023)",1587,-0.0989848385508209,0.0012453300124533,-0.221677825232428,FALSE,-0.0282100828468845,0.0418242688287909,FALSE,FALSE,0.00103414656718831
"Mahmoudian et al (2023)","Mahmoudian et al (2023)",1588,-0.131224929849511,0.000310462589257994,-0.404975000752743,FALSE,-0.0282100828468845,0.0418242688287909,FALSE,FALSE,0.00130013515496053
"Mahmoudian et al (2023)","Mahmoudian et al (2023)",1589,-0.0968921159510073,0.000310462589257994,-0.213157420047816,FALSE,-0.0282100828468845,0.0418242688287909,FALSE,FALSE,0.00130013515496054
"Nandy, Lodh (2012)","Nandy, Lodh (2012)",1590,0.0701146706543251,2.11090705676229e-05,0.722677406409413,FALSE,-0.0282100828468845,0.0418242688287909,FALSE,FALSE,0.00184206474238133
"Nandy, Lodh (2012)","Nandy, Lodh (2012)",1591,0.0316924598584573,0.00389105058365759,0.478356157045327,FALSE,-0.0282100828468845,0.0418242688287909,FALSE,FALSE,0.00100204700169399
"Nandy, Lodh (2012)","Nandy, Lodh (2012)",1592,-0.0268349630766888,0.00396825396825397,0.168087740709593,FALSE,-0.0282100828468845,0.0418242688287909,FALSE,FALSE,0.000993074252386313
"Nandy, Lodh (2012)","Nandy, Lodh (2012)",1593,-0.0546488902781831,0.000650195058517555,0.0217963266555102,FALSE,-0.0282100828468845,0.0418242688287909,FALSE,FALSE,0.00155250869110984
"Nandy, Lodh (2012)","Nandy, Lodh (2012)",1594,-0.0655130651060827,0.000660938532716457,-0.0385973927939886,FALSE,-0.0282100828468845,0.0418242688287909,FALSE,FALSE,0.00154943740449197
"Nandy, Lodh (2012)","Nandy, Lodh (2012)",1595,-0.0257253286006494,0.000338066260987153,0.183478999663505,FALSE,-0.0282100828468845,0.0418242688287909,FALSE,FALSE,0.00165505399779459
"Nasih et al (2024)","Nasih et al (2024)",1596,-0.273630739217244,0.00469483568075117,-1.12605087226498,FALSE,-0.0282100828468845,0.0418242688287909,TRUE,FALSE,0.00142525840031899
"Nasih et al (2024)","Nasih et al (2024)",1597,-0.124871372344109,0.00469483568075117,-0.346224455192572,FALSE,-0.0282100828468845,0.0418242688287909,FALSE,FALSE,0.00142525840031899
"Nasih et al (2024)","Nasih et al (2024)",1598,-0.165947185578632,0.00529100529100529,-0.557012813543212,FALSE,-0.0282100828468845,0.0418242688287909,TRUE,FALSE,0.00131813155342057
"Nasih et al (2024)","Nasih et al (2024)",1599,-0.170187532523712,0.0062111801242236,-0.571994846040003,FALSE,-0.0282100828468845,0.0418242688287909,TRUE,FALSE,0.00116822573761534
"Nasih et al (2024)","Nasih et al (2024)",1600,-0.132968930244519,0.000928505106778087,-0.41033816125599,FALSE,-0.0282100828468845,0.0418242688287909,FALSE,FALSE,0.00245372000664444
"Ng & Rezaee (2012)","Ng & Rezaee (2012)",1601,-0.0636558338126297,0.000175469380593087,-0.0280917324762071,FALSE,-0.0282100828468845,0.0418242688287909,FALSE,FALSE,0.00146707919231134
"Ng & Rezaee (2012)","Ng & Rezaee (2012)",1602,-0.0818826413789825,0.000175469380593087,-0.130164456725387,FALSE,-0.0282100828468845,0.0418242688287909,FALSE,FALSE,0.00146707919231134
"Ng & Rezaee (2012)","Ng & Rezaee (2012)",1603,-0.0476567601305253,0.000175469380593087,0.0615053640120682,FALSE,-0.0282100828468845,0.0418242688287909,FALSE,FALSE,0.00146707919231134
"Ng & Rezaee (2012)","Ng & Rezaee (2012)",1604,-0.054534127311362,0.000175469380593087,0.0229911260549072,FALSE,-0.0282100828468845,0.0418242688287909,FALSE,FALSE,0.00146707919231134
"Ng & Rezaee (2012)","Ng & Rezaee (2012)",1605,-0.0247618802863325,0.000175469380593087,0.18971995938468,FALSE,-0.0282100828468845,0.0418242688287909,FALSE,FALSE,0.00146707919231134
"Ng & Rezaee (2012)","Ng & Rezaee (2012)",1606,-0.0520215247778017,0.000175469380593087,0.03706205891697,FALSE,-0.0282100828468845,0.0418242688287909,FALSE,FALSE,0.00146707919231134
"CLUSTER Sandra/Ofogbe","Ofogbe et al (2021)",1607,0.0103554683837577,0.000138946783381965,0.386250745612926,FALSE,-0.0282100828468845,0.0418242688287909,FALSE,FALSE,0.00185033971175703
"Oikonomou et al (2014)","Oikonomou et al (2014)",1608,0.0157652917791627,0.000128353228083686,0.416797924208474,FALSE,-0.0282100828468845,0.0418242688287909,FALSE,FALSE,0.00173145666843582
"Oikonomou et al (2014)","Oikonomou et al (2014)",1609,-0.0168022376994824,0.000128353228083686,0.234211672800481,FALSE,-0.0282100828468845,0.0418242688287909,FALSE,FALSE,0.00173145666843582
"Oikonomou et al (2014)","Oikonomou et al (2014)",1610,-0.0808145315856631,0.000128353228083686,-0.124666171844391,FALSE,-0.0282100828468845,0.0418242688287909,FALSE,FALSE,0.00173145666843582
"Oikonomou et al (2014)","Oikonomou et al (2014)",1611,0.0214743264875404,0.000128353228083686,0.448804995768639,FALSE,-0.0282100828468845,0.0418242688287909,FALSE,FALSE,0.00173145666843582
"Okimoto, Takaoka (2022)","Okimoto, Takaoka (2022)",1612,-0.0182867206958021,0.000425531914893617,0.224816879289363,FALSE,-0.0282100828468845,0.0418242688287909,FALSE,FALSE,0.0010532860123961
"Okimoto, Takaoka (2022)","Okimoto, Takaoka (2022)",1613,-0.0244204365097086,0.000490677134445535,0.190427634735759,FALSE,-0.0282100828468845,0.0418242688287909,FALSE,FALSE,0.00103206721272027
"Okimoto, Takaoka (2022)","Okimoto, Takaoka (2022)",1614,-0.0508769370754624,0.00323624595469256,0.0414284181129105,FALSE,-0.0282100828468845,0.0418242688287909,FALSE,FALSE,0.000549882125827687
"Okimoto, Takaoka (2022)","Okimoto, Takaoka (2022)",1615,0.0218422583592881,0.000425531914893617,0.448547063575774,FALSE,-0.0282100828468845,0.0418242688287909,FALSE,FALSE,0.0010532860123961
"Okimoto, Takaoka (2022)","Okimoto, Takaoka (2022)",1616,0.0214192791573869,0.000490677134445535,0.445732562779431,FALSE,-0.0282100828468845,0.0418242688287909,FALSE,FALSE,0.00103206721272027
"Okimoto, Takaoka (2022)","Okimoto, Takaoka (2022)",1617,0.0822065293085182,0.00323624595469256,0.752651419779664,FALSE,-0.0282100828468845,0.0418242688287909,FALSE,FALSE,0.000549882125827686
"Okimoto & Takaoka (2024)","Okimoto & Takaoka (2024)",1618,0.0739751199672605,0.000309597523219814,0.73983444709568,FALSE,-0.0282100828468845,0.0418242688287909,FALSE,FALSE,0.000296238721724649
"Okimoto & Takaoka (2024)","Okimoto & Takaoka (2024)",1619,0.114707073828004,0.000309597523219814,0.967139205793979,FALSE,-0.0282100828468845,0.0418242688287909,TRUE,FALSE,0.000296238721724647
"Okimoto & Takaoka (2024)","Okimoto & Takaoka (2024)",1620,0.118295793067992,0.000309597523219814,0.987166061457964,FALSE,-0.0282100828468845,0.0418242688287909,TRUE,FALSE,0.000296238721724645
"Okimoto & Takaoka (2024)","Okimoto & Takaoka (2024)",1621,0.0534126849669932,0.000309597523219814,0.625085733052533,FALSE,-0.0282100828468845,0.0418242688287909,FALSE,FALSE,0.000296238721724647
"Okimoto & Takaoka (2024)","Okimoto & Takaoka (2024)",1622,0.0750010306883053,0.000309597523219814,0.745559544145784,FALSE,-0.0282100828468845,0.0418242688287909,FALSE,FALSE,0.00029623872172465
"Okimoto & Takaoka (2024)","Okimoto & Takaoka (2024)",1623,0.114423564814418,0.000309597523219814,0.965557083115988,FALSE,-0.0282100828468845,0.0418242688287909,TRUE,FALSE,0.00029623872172465
"Okimoto & Takaoka (2024)","Okimoto & Takaoka (2024)",1624,0.115569495395648,0.000309597523219814,0.97195195126157,FALSE,-0.0282100828468845,0.0418242688287909,TRUE,FALSE,0.000296238721724647
"Okimoto & Takaoka (2024)","Okimoto & Takaoka (2024)",1625,0.0529967519716702,0.000309597523219814,0.622764618051279,FALSE,-0.0282100828468845,0.0418242688287909,FALSE,FALSE,0.000296238721724646
"Okimoto & Takaoka (2024)","Okimoto & Takaoka (2024)",1626,0.0753198430367324,0.000309597523219814,0.747338677162015,FALSE,-0.0282100828468845,0.0418242688287909,FALSE,FALSE,0.000296238721724647
"Okimoto & Takaoka (2024)","Okimoto & Takaoka (2024)",1627,0.114305505167707,0.000309597523219814,0.964898250996137,FALSE,-0.0282100828468845,0.0418242688287909,TRUE,FALSE,0.000296238721724644
"Okimoto & Takaoka (2024)","Okimoto & Takaoka (2024)",1628,0.114951832447708,0.000309597523219814,0.968505081813117,FALSE,-0.0282100828468845,0.0418242688287909,TRUE,FALSE,0.000296238721724641
"Okimoto & Takaoka (2024)","Okimoto & Takaoka (2024)",1629,0.0539278650975515,0.000309597523219814,0.627960696911695,FALSE,-0.0282100828468845,0.0418242688287909,FALSE,FALSE,0.000296238721724648
"Okimoto & Takaoka (2024)","Okimoto & Takaoka (2024)",1630,0.0746251490550552,0.000309597523219814,0.743461935859249,FALSE,-0.0282100828468845,0.0418242688287909,FALSE,FALSE,0.000296238721724644
"Okimoto & Takaoka (2024)","Okimoto & Takaoka (2024)",1631,0.11683761719128,0.000309597523219814,0.979028707749647,FALSE,-0.0282100828468845,0.0418242688287909,TRUE,FALSE,0.000296238721724642
"Okimoto & Takaoka (2024)","Okimoto & Takaoka (2024)",1632,0.119328599015818,0.000309597523219814,0.99292963733639,FALSE,-0.0282100828468845,0.0418242688287909,TRUE,FALSE,0.000296238721724646
"Okimoto & Takaoka (2024)","Okimoto & Takaoka (2024)",1633,0.0546045480298969,0.000309597523219814,0.631736927513789,FALSE,-0.0282100828468845,0.0418242688287909,FALSE,FALSE,0.000296238721724649
"Okimoto & Takaoka (2024)","Okimoto & Takaoka (2024)",1634,0.166059429342393,0.000309597523219814,1.25371113943346,FALSE,-0.0282100828468845,0.0418242688287909,TRUE,FALSE,0.000296238721724641
"Okimoto & Takaoka (2024)","Okimoto & Takaoka (2024)",1635,0.171330171920306,0.000309597523219814,1.28312453005865,FALSE,-0.0282100828468845,0.0418242688287909,TRUE,FALSE,0.000296238721724645
"Okimoto & Takaoka (2024)","Okimoto & Takaoka (2024)",1636,0.148940082212759,0.000309597523219814,1.15817658487519,FALSE,-0.0282100828468845,0.0418242688287909,TRUE,FALSE,0.000296238721724646
"Okimoto & Takaoka (2024)","Okimoto & Takaoka (2024)",1637,0.0847244122361529,0.000309597523219814,0.799820896400606,FALSE,-0.0282100828468845,0.0418242688287909,FALSE,FALSE,0.000296238721724651
"Okimoto & Takaoka (2024)","Okimoto & Takaoka (2024)",1638,0.057346560458084,0.000315457413249211,0.646980029643507,FALSE,-0.0282100828468845,0.0418242688287909,FALSE,FALSE,0.000294798191449251
"Okimoto & Takaoka (2024)","Okimoto & Takaoka (2024)",1639,0.0889106023679407,0.000315457413249211,0.82310691370805,FALSE,-0.0282100828468845,0.0418242688287909,FALSE,FALSE,0.000294798191449247
"Okimoto & Takaoka (2024)","Okimoto & Takaoka (2024)",1640,0.0920668025434486,0.000315457413249211,0.840718463711175,FALSE,-0.0282100828468845,0.0418242688287909,FALSE,FALSE,0.000294798191449249
"Okimoto & Takaoka (2024)","Okimoto & Takaoka (2024)",1641,0.0349532875354868,0.000315457413249211,0.522025900032105,FALSE,-0.0282100828468845,0.0418242688287909,FALSE,FALSE,0.000294798191449248
"Okimoto & Takaoka (2024)","Okimoto & Takaoka (2024)",1642,0.0871677855283047,0.000309597523219814,0.813456146466959,FALSE,-0.0282100828468845,0.0418242688287909,FALSE,FALSE,0.00029623872172464
"Okimoto & Takaoka (2024)","Okimoto & Takaoka (2024)",1643,0.127323506375904,0.000309597523219814,1.03754523555965,FALSE,-0.0282100828468845,0.0418242688287909,TRUE,FALSE,0.000296238721724648
"Okimoto & Takaoka (2024)","Okimoto & Takaoka (2024)",1644,0.12482255186271,0.000309597523219814,1.02358865336179,FALSE,-0.0282100828468845,0.0418242688287909,TRUE,FALSE,0.000296238721724643
"Okimoto & Takaoka (2024)","Okimoto & Takaoka (2024)",1645,0.0624292384984477,0.000309597523219814,0.675402629996993,FALSE,-0.0282100828468845,0.0418242688287909,FALSE,FALSE,0.000296238721724644
"Okimoto & Takaoka (2024)","Okimoto & Takaoka (2024)",1646,0.108005954375003,0.000315457413249211,0.929658693696317,FALSE,-0.0282100828468845,0.0418242688287909,TRUE,FALSE,0.000294798191449249
"Okimoto & Takaoka (2024)","Okimoto & Takaoka (2024)",1647,0.131972982273685,0.000315457413249211,1.06339435265084,FALSE,-0.0282100828468845,0.0418242688287909,TRUE,FALSE,0.000294798191449249
"Okimoto & Takaoka (2024)","Okimoto & Takaoka (2024)",1648,0.126945785189786,0.000315457413249211,1.03534266774641,FALSE,-0.0282100828468845,0.0418242688287909,TRUE,FALSE,0.000294798191449248
"Okimoto & Takaoka (2024)","Okimoto & Takaoka (2024)",1649,0.0803540211366408,0.000315457413249211,0.775361317791724,FALSE,-0.0282100828468845,0.0418242688287909,FALSE,FALSE,0.000294798191449249
"Owolabi et al (2024)","Owolabi et al (2024)",1650,0.104377406931055,1.55576644834078e-05,0.914836126135273,FALSE,-0.0282100828468845,0.0418242688287909,TRUE,FALSE,0.00152574027020952
"Owolabi et al (2024)","Owolabi et al (2024)",1651,-0.0358514630934567,0.000155642023346304,0.127238060717303,FALSE,-0.0282100828468845,0.0418242688287909,FALSE,FALSE,0.00147068200055738
"Owolabi et al (2024)","Owolabi et al (2024)",1652,-0.0235574517220225,0.000155642023346304,0.196107927794178,FALSE,-0.0282100828468845,0.0418242688287909,FALSE,FALSE,0.00147068200055738
"Owolabi et al (2024)","Owolabi et al (2024)",1653,-0.0265014822637675,0.000155642023346304,0.17961575238011,FALSE,-0.0282100828468845,0.0418242688287909,FALSE,FALSE,0.00147068200055738
"Owolabi et al (2024)","Owolabi et al (2024)",1654,-0.0384546955233572,0.000338753387533875,0.11234324263351,FALSE,-0.0282100828468845,0.0418242688287909,FALSE,FALSE,0.00142862902924576
"Owolabi et al (2024)","Owolabi et al (2024)",1655,-0.019795479887325,0.000288184438040346,0.216736883837879,FALSE,-0.0282100828468845,0.0418242688287909,FALSE,FALSE,0.00143902695012081
"Palea, Drogo (2020)","Palea, Drogo (2020)",1656,-0.085920184797482,0.000682128240109141,-0.151321175637975,FALSE,-0.0282100828468845,0.0418242688287909,FALSE,FALSE,0.000402047607490205
"Palea, Drogo (2020)","Palea, Drogo (2020)",1657,-0.0564642473874231,0.00113250283125708,0.0120596108164546,FALSE,-0.0282100828468845,0.0418242688287909,FALSE,FALSE,0.000307323291651474
"Palea, Drogo (2020)","Palea, Drogo (2020)",1658,-0.297594235652775,0.00172413793103448,-1.30487834125153,FALSE,-0.0282100828468845,0.0418242688287909,TRUE,FALSE,0.000210482501004713
"Palea, Drogo (2020)","Palea, Drogo (2020)",1659,-0.0370244827046641,0.000682128240109141,0.120002953914801,FALSE,-0.0282100828468845,0.0418242688287909,FALSE,FALSE,0.000402047607490212
"Palea, Drogo (2020)","Palea, Drogo (2020)",1660,-0.0805114611385278,0.00167785234899329,-0.119453144108901,FALSE,-0.0282100828468845,0.0418242688287909,FALSE,FALSE,0.000217294883414392
"Palea, Drogo (2020)","Palea, Drogo (2020)",1661,0.0218708937817007,0.00115340253748558,0.443578813269515,FALSE,-0.0282100828468845,0.0418242688287909,FALSE,FALSE,0.000303472747711736
"Palea, Drogo (2020)","Palea, Drogo (2020)",1662,-0.212773243379425,0.000885739592559787,-0.852518510192852,FALSE,-0.0282100828468845,0.0418242688287909,TRUE,FALSE,0.000356058047788216
"Palea, Drogo (2020)","Palea, Drogo (2020)",1663,-0.330625605755798,0.00212314225053079,-1.47643133855952,FALSE,-0.0282100828468845,0.0418242688287909,TRUE,FALSE,0.000155805579264896
"Palea, Drogo (2020)","Palea, Drogo (2020)",1664,-0.0458311763836753,0.00152671755725191,0.0702316209461867,FALSE,-0.0282100828468845,0.0418242688287909,FALSE,FALSE,0.000240332648297384
"Palea, Drogo (2020)","Palea, Drogo (2020)",1665,0.0682783781091882,0.00359712230215827,0.674423874130639,FALSE,-0.0282100828468845,0.0418242688287909,FALSE,FALSE,-2.85095130248689e-06
"Palea, Drogo (2020)","Palea, Drogo (2020)",1666,-0.525296738563987,0.00526315789473684,-2.42295191100497,FALSE,-0.0282100828468845,0.0418242688287909,TRUE,FALSE,-0.000133448358072324
"Palea, Drogo (2020)","Palea, Drogo (2020)",1667,0.012019050595684,0.000885739592559787,0.390913649745341,FALSE,-0.0282100828468845,0.0418242688287909,FALSE,FALSE,0.000356058047788221
"Palea, Drogo (2020)","Palea, Drogo (2020)",1668,-0.0975065393791533,0.00212314225053079,-0.210922774994885,FALSE,-0.0282100828468845,0.0418242688287909,FALSE,FALSE,0.000155805579264893
"Palea, Drogo (2020)","Palea, Drogo (2020)",1669,0.0405929406926703,0.00152671755725191,0.543610850908089,FALSE,-0.0282100828468845,0.0418242688287909,FALSE,FALSE,0.000240332648297387
"Palea, Drogo (2020)","Palea, Drogo (2020)",1670,-0.0497306418529379,0.00359712230215827,0.0473753753122944,FALSE,-0.0282100828468845,0.0418242688287909,FALSE,FALSE,-2.85095130248337e-06
"Palea, Drogo (2020)","Palea, Drogo (2020)",1671,-0.525296738563987,0.00526315789473684,-2.42295191100497,FALSE,-0.0282100828468845,0.0418242688287909,TRUE,FALSE,-0.000133448358072329
"Palea, Drogo (2020)","Palea, Drogo (2020)",1672,-0.0314712936523612,0.000967117988394584,0.150160899476234,FALSE,-0.0282100828468845,0.0418242688287909,FALSE,FALSE,0.0003392609896893
"Palea, Drogo (2020)","Palea, Drogo (2020)",1673,-0.089472660178188,0.00203665987780041,-0.167524543058011,FALSE,-0.0282100828468845,0.0418242688287909,FALSE,FALSE,0.000167092653097631
"Palea, Drogo (2020)","Palea, Drogo (2020)",1674,-0.0488808570005669,0.00185185185185185,0.0532643464555733,FALSE,-0.0282100828468845,0.0418242688287909,FALSE,FALSE,0.000192226114713431
"Palea, Drogo (2020)","Palea, Drogo (2020)",1675,-0.083424656345425,0.00151745068285281,-0.135701869289144,FALSE,-0.0282100828468845,0.0418242688287909,FALSE,FALSE,0.000241787159661139
"Palea, Drogo (2020)","Palea, Drogo (2020)",1676,0.046916874768945,0.00268817204301075,0.568333269345026,FALSE,-0.0282100828468845,0.0418242688287909,FALSE,FALSE,8.83159500095708e-05
"Palea, Drogo (2020)","Palea, Drogo (2020)",1677,-0.062428734042236,0.000953288846520496,-0.0208684648836813,FALSE,-0.0282100828468845,0.0418242688287909,FALSE,FALSE,0.00034206068508811
"Palea, Drogo (2020)","Palea, Drogo (2020)",1678,0.000844607372220261,0.00202839756592292,0.32344252768337,FALSE,-0.0282100828468845,0.0418242688287909,FALSE,FALSE,0.000168186182610857
"Palea, Drogo (2020)","Palea, Drogo (2020)",1679,-0.0589269170473189,0.00180831826401447,-0.00149357132065677,FALSE,-0.0282100828468845,0.0418242688287909,FALSE,FALSE,0.000198362963386752
"Palea, Drogo (2020)","Palea, Drogo (2020)",1680,-0.0564704078702086,0.00148367952522255,0.0119640888842376,FALSE,-0.0282100828468845,0.0418242688287909,FALSE,FALSE,0.000247131260017692
"Palea, Drogo (2020)","Palea, Drogo (2020)",1681,-0.372642333813729,0.00268817204301075,-1.69040369208911,FALSE,-0.0282100828468845,0.0418242688287909,TRUE,FALSE,8.83159500095697e-05
"Palea, Drogo (2020)","Palea, Drogo (2020)",1682,-0.0200406543850212,0.000958772770853308,0.213336856565967,FALSE,-0.0282100828468845,0.0418242688287909,FALSE,FALSE,0.000340947886469547
"Palea, Drogo (2020)","Palea, Drogo (2020)",1683,-0.00901246043217454,0.00202839756592292,0.269857003158309,FALSE,-0.0282100828468845,0.0418242688287909,FALSE,FALSE,0.000168186182610854
"Palea, Drogo (2020)","Palea, Drogo (2020)",1684,-0.0790542161529049,0.00182815356489945,-0.111238535412671,FALSE,-0.0282100828468845,0.0418242688287909,FALSE,FALSE,0.000195556057096072
"Palea, Drogo (2020)","Palea, Drogo (2020)",1685,0.00459199699883106,0.00148588410104012,0.346633921232589,FALSE,-0.0282100828468845,0.0418242688287909,FALSE,FALSE,0.000246780291624911
"Palea, Drogo (2020)","Palea, Drogo (2020)",1686,-0.0364971978704021,0.00272479564032698,0.11920117776706,FALSE,-0.0282100828468845,0.0418242688287909,FALSE,FALSE,8.42693641059756e-05
"Palea, Drogo (2020)","Palea, Drogo (2020)",1687,0.122610746223762,7.5654410652141e-05,1.01551471887271,FALSE,-0.0282100828468845,0.0418242688287909,TRUE,FALSE,0.000622933710683363
"Palea, Drogo (2020)","Palea, Drogo (2020)",1688,0.0410229968657653,7.5654410652141e-05,0.558385764522544,FALSE,-0.0282100828468845,0.0418242688287909,FALSE,FALSE,0.000622933710683363
"Palea, Drogo (2020)","Palea, Drogo (2020)",1689,-0.0983155510034261,7.5654410652141e-05,-0.222315813708582,FALSE,-0.0282100828468845,0.0418242688287909,FALSE,FALSE,0.000622933710683364
"Palea, Drogo (2020)","Palea, Drogo (2020)",1690,-0.0270065638712766,7.5654410652141e-05,0.177222143644003,FALSE,-0.0282100828468845,0.0418242688287909,FALSE,FALSE,0.000622933710683365
"Palea, Drogo (2020)","Palea, Drogo (2020)",1691,-0.0210030878170776,7.5654410652141e-05,0.210859089787478,FALSE,-0.0282100828468845,0.0418242688287909,FALSE,FALSE,0.000622933710683368
"Panjwani et al (2023)","Panjwani et al (2023)",1692,-0.0835567903888007,0.000142877553936277,-0.139393899449781,FALSE,-0.0282100828468845,0.0418242688287909,FALSE,FALSE,0.000150098216409073
"Panjwani et al (2023)","Panjwani et al (2023)",1693,-0.0238988829136297,0.000142877553936277,0.194343062191627,FALSE,-0.0282100828468845,0.0418242688287909,FALSE,FALSE,0.000150098216409061
"Panjwani et al (2023)","Panjwani et al (2023)",1694,-0.0341992799619705,0.000520833333333333,0.135924979952777,FALSE,-0.0282100828468845,0.0418242688287909,FALSE,FALSE,0.000118286708520006
"Panjwani et al (2023)","Panjwani et al (2023)",1695,-0.136400437060323,0.000520833333333333,-0.432437394468923,FALSE,-0.0282100828468845,0.0418242688287909,FALSE,FALSE,0.000118286708519987
"Panjwani et al (2023)","Panjwani et al (2023)",1696,-0.0567724680629486,0.000638569604086846,0.0103738863823095,FALSE,-0.0282100828468845,0.0418242688287909,FALSE,FALSE,0.000111111128718525
"Panjwani et al (2023)","Panjwani et al (2023)",1697,-0.0336546660085584,0.000638569604086846,0.138702590989921,FALSE,-0.0282100828468845,0.0418242688287909,FALSE,FALSE,0.000111111128718515
"Panjwani et al (2023)","Panjwani et al (2023)",1698,-0.254390256418277,0.000774593338497289,-1.08433761371884,FALSE,-0.0282100828468845,0.0418242688287909,TRUE,FALSE,0.000103618837834152
"Panjwani et al (2023)","Panjwani et al (2023)",1699,0,0.000774593338497289,0.324842050897618,FALSE,-0.0282100828468845,0.0418242688287909,FALSE,FALSE,0.000103618837834149
"Panjwani et al (2023)","Panjwani et al (2023)",1700,0.0106212825147052,0.000451875282422052,0.385593373496698,FALSE,-0.0282100828468845,0.0418242688287909,FALSE,FALSE,0.000122875784483688
"Panjwani et al (2023)","Panjwani et al (2023)",1701,0.0318590568883007,0.000451875282422052,0.503827822854674,FALSE,-0.0282100828468845,0.0418242688287909,FALSE,FALSE,0.000122875784483692
"Panjwani et al (2023)","Panjwani et al (2023)",1702,-0.0794583979710551,0.000162048290390536,-0.116430857363443,FALSE,-0.0282100828468845,0.0418242688287909,FALSE,FALSE,0.000147837028955884
"Panjwani et al (2023)","Panjwani et al (2023)",1703,-0.0254507039556331,0.000162048290390536,0.185606534946962,FALSE,-0.0282100828468845,0.0418242688287909,FALSE,FALSE,0.000147837028955874
"Panjwani et al (2023)","Panjwani et al (2023)",1704,-0.0276209025963775,0.00277777777777778,0.166796152742137,FALSE,-0.0282100828468845,0.0418242688287909,FALSE,FALSE,3.34823508860835e-05
"Panjwani et al (2023)","Panjwani et al (2023)",1705,0.0393546316372184,0.00277777777777778,0.526877338003697,FALSE,-0.0282100828468845,0.0418242688287909,FALSE,FALSE,3.34823508860816e-05
"Panjwani et al (2023)","Panjwani et al (2023)",1706,-0.0951131577612892,0.00134770889487871,-0.200266047511453,FALSE,-0.0282100828468845,0.0418242688287909,FALSE,FALSE,7.79011435847394e-05
"Panjwani et al (2023)","Panjwani et al (2023)",1707,-0.109691391954217,0.00134770889487871,-0.280318506214408,FALSE,-0.0282100828468845,0.0418242688287909,FALSE,FALSE,7.79011435847491e-05
"Panjwani et al (2023)","Panjwani et al (2023)",1708,-0.103536232591988,0.00151975683890578,-0.245878817693296,FALSE,-0.0282100828468845,0.0418242688287909,FALSE,FALSE,7.14120826490028e-05
"Panjwani et al (2023)","Panjwani et al (2023)",1709,-0.0233351774038844,0.00151975683890578,0.193383095564272,FALSE,-0.0282100828468845,0.0418242688287909,FALSE,FALSE,7.14120826490007e-05
"Panjwani et al (2023)","Panjwani et al (2023)",1710,-0.0685401689786776,0.0029585798816568,-0.0530586434003643,FALSE,-0.0282100828468845,0.0418242688287909,FALSE,FALSE,2.89943096792489e-05
"Panjwani et al (2023)","Panjwani et al (2023)",1711,-0.00902538348646561,0.0029585798816568,0.266077041943224,FALSE,-0.0282100828468845,0.0418242688287909,FALSE,FALSE,2.89943096792339e-05
"Panjwani et al (2023)","Panjwani et al (2023)",1712,0.0424623969280071,0.00121212121212121,0.556332956620185,FALSE,-0.0282100828468845,0.0418242688287909,FALSE,FALSE,8.3347019885162e-05
"Panjwani et al (2023)","Panjwani et al (2023)",1713,0.0810003351388685,0.00121212121212121,0.768388726834912,FALSE,-0.0282100828468845,0.0418242688287909,FALSE,FALSE,8.33470198851657e-05
"Panjwani et al (2023)","Panjwani et al (2023)",1714,-0.0833578607642082,0.00189393939393939,-0.134603238202324,FALSE,-0.0282100828468845,0.0418242688287909,FALSE,FALSE,5.86178340736228e-05
"Panjwani et al (2023)","Panjwani et al (2023)",1715,-0.0542188113491304,0.00189393939393939,0.0241014609558955,FALSE,-0.0282100828468845,0.0418242688287909,FALSE,FALSE,5.86178340736279e-05
"Panjwani et al (2023)","Panjwani et al (2023)",1716,-0.0650885190416128,0.000861326442721792,-0.035663052940656,FALSE,-0.0282100828468845,0.0418242688287909,FALSE,FALSE,9.91936209187615e-05
"Panjwani et al (2023)","Panjwani et al (2023)",1717,0.00977001759862192,0.000861326442721792,0.378458887894269,FALSE,-0.0282100828468845,0.0418242688287909,FALSE,FALSE,9.91936209187558e-05
"Panjwani et al (2023)","Panjwani et al (2023)",1718,-0.0373617730979682,0.00173310225303293,0.116189324172026,FALSE,-0.0282100828468845,0.0418242688287909,FALSE,FALSE,6.39195019157614e-05
"Panjwani et al (2023)","Panjwani et al (2023)",1719,-0.219683329891923,0.00173310225303293,-0.879200333976766,FALSE,-0.0282100828468845,0.0418242688287909,TRUE,FALSE,6.39195019157556e-05
"Panjwani et al (2023)","Panjwani et al (2023)",1720,-0.0447329252221732,0.00118906064209275,0.0765654987739291,FALSE,-0.0282100828468845,0.0418242688287909,FALSE,FALSE,8.43059399702102e-05
"Panjwani et al (2023)","Panjwani et al (2023)",1721,-0.0573376102010595,0.00118906064209275,0.00718368009620415,FALSE,-0.0282100828468845,0.0418242688287909,FALSE,FALSE,8.43059399702016e-05
"Panjwani et al (2023)","Panjwani et al (2023)",1722,-0.191324289694079,0.0024330900243309,-0.716912792220507,FALSE,-0.0282100828468845,0.0418242688287909,TRUE,FALSE,4.25923886001131e-05
"Panjwani et al (2023)","Panjwani et al (2023)",1723,0.0245711868365918,0.0024330900243309,0.449644100981841,FALSE,-0.0282100828468845,0.0418242688287909,FALSE,FALSE,4.25923886001059e-05
"Panjwani et al (2023)","Panjwani et al (2023)",1724,0.0289268347931463,0.00189393939393939,0.476950988384122,FALSE,-0.0282100828468845,0.0418242688287909,FALSE,FALSE,5.86178340736233e-05
"Panjwani et al (2023)","Panjwani et al (2023)",1725,-0.0433826942540271,0.00189393939393939,0.0831199511998403,FALSE,-0.0282100828468845,0.0418242688287909,FALSE,FALSE,5.861783407362e-05
"Panjwani et al (2023)","Panjwani et al (2023)",1726,-0.0182351448549814,0.00033288948069241,0.225359685232185,FALSE,-0.0282100828468845,0.0418242688287909,FALSE,FALSE,0.00013171041162182
"Panjwani et al (2023)","Panjwani et al (2023)",1727,-0.00911795139209112,0.00033288948069241,0.276211002011894,FALSE,-0.0282100828468845,0.0418242688287909,FALSE,FALSE,0.000131710411621825
"Panjwani et al (2023)","Panjwani et al (2023)",1728,0,0.00126422250316056,0.322428505673522,FALSE,-0.0282100828468845,0.0418242688287909,FALSE,FALSE,8.12165871574195e-05
"Panjwani et al (2023)","Panjwani et al (2023)",1729,-0.176525143728995,0.00126422250316056,-0.648137404690831,FALSE,-0.0282100828468845,0.0418242688287909,TRUE,FALSE,8.12165871574137e-05
"Panjwani et al (2023)","Panjwani et al (2023)",1730,0.055650695916222,0.00111982082866741,0.629783688840931,FALSE,-0.0282100828468845,0.0418242688287909,FALSE,FALSE,8.72474227738788e-05
"Panjwani et al (2023)","Panjwani et al (2023)",1731,0.0584301434455049,0.00111982082866741,0.6450991263362,FALSE,-0.0282100828468845,0.0418242688287909,FALSE,FALSE,8.72474227738716e-05
"Panjwani et al (2023)","Panjwani et al (2023)",1732,-0.0602614045702281,0.00131406044678055,-0.00889189535783168,FALSE,-0.0282100828468845,0.0418242688287909,FALSE,FALSE,7.92233695378639e-05
"Panjwani et al (2023)","Panjwani et al (2023)",1733,0.0144709870402823,0.00131406044678055,0.401689827529008,FALSE,-0.0282100828468845,0.0418242688287909,FALSE,FALSE,7.92233695378665e-05
"Panjwani et al (2023)","Panjwani et al (2023)",1734,-0.0425115197217548,0.00181818181818182,0.0879632065013172,FALSE,-0.0282100828468845,0.0418242688287909,FALSE,FALSE,6.10807566109473e-05
"Panjwani et al (2023)","Panjwani et al (2023)",1735,-0.008504762584569,0.00181818181818182,0.273388588396413,FALSE,-0.0282100828468845,0.0418242688287909,FALSE,FALSE,6.10807566109479e-05
"Panjwani et al (2023)","Panjwani et al (2023)",1736,-0.0182351448549814,0.00033288948069241,0.225359685232185,FALSE,-0.0282100828468845,0.0418242688287909,FALSE,FALSE,0.000131710411621821
"Panjwani et al (2023)","Panjwani et al (2023)",1737,-0.00911795139209112,0.00033288948069241,0.276211002011894,FALSE,-0.0282100828468845,0.0418242688287909,FALSE,FALSE,0.000131710411621822
"Panjwani et al (2023)","Panjwani et al (2023)",1738,0,0.00126422250316056,0.322428505673522,FALSE,-0.0282100828468845,0.0418242688287909,FALSE,FALSE,8.1216587157413e-05
"Panjwani et al (2023)","Panjwani et al (2023)",1739,-0.123893158853047,0.00126422250316056,-0.358757607363881,FALSE,-0.0282100828468845,0.0418242688287909,FALSE,FALSE,8.12165871574153e-05
"Panjwani et al (2023)","Panjwani et al (2023)",1740,0.055650695916222,0.00111982082866741,0.629783688840931,FALSE,-0.0282100828468845,0.0418242688287909,FALSE,FALSE,8.724742277387e-05
"Panjwani et al (2023)","Panjwani et al (2023)",1741,0.0500905335253223,0.00111982082866741,0.599145830538443,FALSE,-0.0282100828468845,0.0418242688287909,FALSE,FALSE,8.72474227738733e-05
"Panjwani et al (2023)","Panjwani et al (2023)",1742,-0.0482196186869158,0.00131406044678055,0.0572659926483838,FALSE,-0.0282100828468845,0.0418242688287909,FALSE,FALSE,7.92233695378701e-05
"Panjwani et al (2023)","Panjwani et al (2023)",1743,0,0.00131406044678055,0.322185844546124,FALSE,-0.0282100828468845,0.0418242688287909,FALSE,FALSE,7.92233695378601e-05
"Panjwani et al (2023)","Panjwani et al (2023)",1744,-0.0283457543354385,0.00181818181818182,0.165203516302036,FALSE,-0.0282100828468845,0.0418242688287909,FALSE,FALSE,6.10807566109499e-05
"Panjwani et al (2023)","Panjwani et al (2023)",1745,0.008504762584569,0.00181818181818182,0.366134794323023,FALSE,-0.0282100828468845,0.0418242688287909,FALSE,FALSE,6.10807566109491e-05
"Panjwani et al (2023)","Panjwani et al (2023)",1746,-0.0383036843713426,0.000367376928728876,0.113366769084565,FALSE,-0.0282100828468845,0.0418242688287909,FALSE,FALSE,0.000129007512242025
"Panjwani et al (2023)","Panjwani et al (2023)",1747,-0.00957811640163902,0.000367376928728876,0.273497863419417,FALSE,-0.0282100828468845,0.0418242688287909,FALSE,FALSE,0.00012900751224202
"Panjwani et al (2023)","Panjwani et al (2023)",1748,0.0236411099480465,0.00632911392405063,0.421289968062602,FALSE,-0.0282100828468845,0.0418242688287909,FALSE,FALSE,-3.18519475245049e-05
"Panjwani et al (2023)","Panjwani et al (2023)",1749,0.0157615555183161,0.00632911392405063,0.380949612419867,FALSE,-0.0282100828468845,0.0418242688287909,FALSE,FALSE,-3.18519475245039e-05
"Panjwani et al (2023)","Panjwani et al (2023)",1750,0.0657421069484928,0.00279329608938547,0.668594479458784,FALSE,-0.0282100828468845,0.0418242688287909,FALSE,FALSE,3.30897621797206e-05
"Panjwani et al (2023)","Panjwani et al (2023)",1751,-0.0526073102125164,0.00279329608938547,0.0324543079270228,FALSE,-0.0282100828468845,0.0418242688287909,FALSE,FALSE,3.30897621797247e-05
"Panjwani et al (2023)","Panjwani et al (2023)",1752,0.224318692694997,0.00285714285714286,1.5195569592208,FALSE,-0.0282100828468845,0.0418242688287909,TRUE,FALSE,3.14893522569197e-05
"Panjwani et al (2023)","Panjwani et al (2023)",1753,0.00760344524346852,0.00285714285714286,0.355765129214706,FALSE,-0.0282100828468845,0.0418242688287909,FALSE,FALSE,3.14893522569263e-05
"Panjwani et al (2023)","Panjwani et al (2023)",1754,0.142536256222993,0.00934579439252336,0.991504233563984,FALSE,-0.0282100828468845,0.0418242688287909,TRUE,FALSE,-6.58846401126922e-05
"Panjwani et al (2023)","Panjwani et al (2023)",1755,-0.0204299199895738,0.00934579439252336,0.188357737715999,FALSE,-0.0282100828468845,0.0418242688287909,FALSE,FALSE,-6.58846401126933e-05
"Panjwani et al (2023)","Panjwani et al (2023)",1756,-0.0148867334947968,0.003584229390681,0.232564492887939,FALSE,-0.0282100828468845,0.0418242688287909,FALSE,FALSE,1.47560064108283e-05
"Panjwani et al (2023)","Panjwani et al (2023)",1757,0.0694182224271079,0.003584229390681,0.680613833808215,FALSE,-0.0282100828468845,0.0418242688287909,FALSE,FALSE,1.47560064108238e-05
"Panjwani et al (2023)","Panjwani et al (2023)",1758,0.078754592480963,0.00462962962962963,0.719675586509076,FALSE,-0.0282100828468845,0.0418242688287909,FALSE,FALSE,-5.50993005370298e-06
"Panjwani et al (2023)","Panjwani et al (2023)",1759,-0.0797752289783275,0.00462962962962963,-0.11066454208959,FALSE,-0.0282100828468845,0.0418242688287909,FALSE,FALSE,-5.50993005369519e-06
"Panjwani et al (2023)","Panjwani et al (2023)",1760,-0.104579029057585,0.00202839756592292,-0.249683921858678,FALSE,-0.0282100828468845,0.0418242688287909,FALSE,FALSE,5.43863170544855e-05
"Panjwani et al (2023)","Panjwani et al (2023)",1761,0.0896823844674667,0.00202839756592292,0.806245331247121,FALSE,-0.0282100828468845,0.0418242688287909,FALSE,FALSE,5.43863170544816e-05
"Panjwani et al (2023)","Panjwani et al (2023)",1762,-0.0438014604811687,0.00344827586206897,0.0790449434400202,FALSE,-0.0282100828468845,0.0418242688287909,FALSE,FALSE,1.7695221026369e-05
"Panjwani et al (2023)","Panjwani et al (2023)",1763,-0.231606316656966,0.00344827586206897,-0.920992529888097,FALSE,-0.0282100828468845,0.0418242688287909,TRUE,FALSE,1.7695221026368e-05
"Panjwani et al (2023)","Panjwani et al (2023)",1764,-0.0846865148666128,0.00236406619385343,-0.140855284176525,FALSE,-0.0282100828468845,0.0418242688287909,FALSE,FALSE,4.45134141528643e-05
"Panjwani et al (2023)","Panjwani et al (2023)",1765,-0.00807493863100286,0.00236406619385343,0.273521697323429,FALSE,-0.0282100828468845,0.0418242688287909,FALSE,FALSE,4.45134141528637e-05
"Panjwani et al (2023)","Panjwani et al (2023)",1766,0.032524267948072,0.00980392156862745,0.446851286276135,FALSE,-0.0282100828468845,0.0418242688287909,FALSE,FALSE,-7.00537791147828e-05
"Panjwani et al (2023)","Panjwani et al (2023)",1767,-0.45083518926793,0.00980392156862745,-1.92213444939237,FALSE,-0.0282100828468845,0.0418242688287909,TRUE,FALSE,-7.00537791147839e-05
"Panjwani et al (2023)","Panjwani et al (2023)",1768,-0.0282100828468845,0.00505050505050505,0.158509011088602,FALSE,-0.0282100828468845,0.0418242688287909,FALSE,FALSE,-1.26902789416174e-05
"Panjwani et al (2023)","Panjwani et al (2023)",1769,0.0939079966481781,0.00505050505050505,0.794467773915364,FALSE,-0.0282100828468845,0.0418242688287909,FALSE,FALSE,-1.2690278941627e-05
"Panjwani et al (2023)","Panjwani et al (2023)",1770,-0.0383036843713426,0.000367376928728876,0.113366769084565,FALSE,-0.0282100828468845,0.0418242688287909,FALSE,FALSE,0.00012900751224202
"Panjwani et al (2023)","Panjwani et al (2023)",1771,-0.0191553542449165,0.000367376928728876,0.220109412469843,FALSE,-0.0282100828468845,0.0418242688287909,FALSE,FALSE,0.000129007512242017
"Panjwani et al (2023)","Panjwani et al (2023)",1772,0.0315191971478319,0.00632911392405063,0.461622812039758,FALSE,-0.0282100828468845,0.0418242688287909,FALSE,FALSE,-3.18519475245016e-05
"Panjwani et al (2023)","Panjwani et al (2023)",1773,-0.00829580385934541,0.00632911392405063,0.257784978965692,FALSE,-0.0282100828468845,0.0418242688287909,FALSE,FALSE,-3.18519475245052e-05
"Panjwani et al (2023)","Panjwani et al (2023)",1774,0.0263127530480207,0.00279329608938547,0.456657686229721,FALSE,-0.0282100828468845,0.0418242688287909,FALSE,FALSE,3.30897621797205e-05
"Panjwani et al (2023)","Panjwani et al (2023)",1775,-0.0175429598117268,0.00279329608938547,0.220928762754814,FALSE,-0.0282100828468845,0.0418242688287909,FALSE,FALSE,3.30897621797146e-05
"Panjwani et al (2023)","Panjwani et al (2023)",1776,0.185225254854261,0.00285714285714286,1.30961961470573,FALSE,-0.0282100828468845,0.0418242688287909,TRUE,FALSE,3.14893522569274e-05
"Panjwani et al (2023)","Panjwani et al (2023)",1777,0.0228085778438384,0.00285714285714286,0.437418862870099,FALSE,-0.0282100828468845,0.0418242688287909,FALSE,FALSE,3.14893522569281e-05
"Panjwani et al (2023)","Panjwani et al (2023)",1778,0.0714488882504316,0.00934579439252336,0.641164231650038,FALSE,-0.0282100828468845,0.0418242688287909,FALSE,FALSE,-6.58846401126897e-05
"Panjwani et al (2023)","Panjwani et al (2023)",1779,-0.142536256222993,0.00934579439252336,-0.413419136147622,FALSE,-0.0282100828468845,0.0418242688287909,FALSE,FALSE,-6.58846401126918e-05
"Panjwani et al (2023)","Panjwani et al (2023)",1780,-0.0148867334947968,0.003584229390681,0.232564492887939,FALSE,-0.0282100828468845,0.0418242688287909,FALSE,FALSE,1.47560064108248e-05
"Panjwani et al (2023)","Panjwani et al (2023)",1781,0.0951350424337588,0.003584229390681,0.817289123280153,FALSE,-0.0282100828468845,0.0418242688287909,FALSE,FALSE,1.47560064108286e-05
"Panjwani et al (2023)","Panjwani et al (2023)",1782,0.0944626853949738,0.00462962962962963,0.801950705286075,FALSE,-0.0282100828468845,0.0418242688287909,FALSE,FALSE,-5.50993005369233e-06
"Panjwani et al (2023)","Panjwani et al (2023)",1783,-0.0525331853689057,0.00462962962962963,0.032022567412684,FALSE,-0.0282100828468845,0.0418242688287909,FALSE,FALSE,-5.50993005369312e-06
"Panjwani et al (2023)","Panjwani et al (2023)",1784,-0.104579029057585,0.00202839756592292,-0.249683921858677,FALSE,-0.0282100828468845,0.0418242688287909,FALSE,FALSE,5.43863170544797e-05
"Panjwani et al (2023)","Panjwani et al (2023)",1785,0.0807346514513291,0.00202839756592292,0.757608945516808,FALSE,-0.0282100828468845,0.0418242688287909,FALSE,FALSE,5.43863170544804e-05
"Panjwani et al (2023)","Panjwani et al (2023)",1786,-0.0438014604811687,0.00344827586206897,0.0790449434400201,FALSE,-0.0282100828468845,0.0418242688287909,FALSE,FALSE,1.7695221026364e-05
"Panjwani et al (2023)","Panjwani et al (2023)",1787,-0.162856899512741,0.00344827586206897,-0.554910444399664,FALSE,-0.0282100828468845,0.0418242688287909,TRUE,FALSE,1.7695221026361e-05
"Panjwani et al (2023)","Panjwani et al (2023)",1788,-0.0846865148666128,0.00236406619385343,-0.140855284176525,FALSE,-0.0282100828468845,0.0418242688287909,FALSE,FALSE,4.45134141528673e-05
"Panjwani et al (2023)","Panjwani et al (2023)",1789,-0.00807493863100286,0.00236406619385343,0.273521697323429,FALSE,-0.0282100828468845,0.0418242688287909,FALSE,FALSE,4.45134141528575e-05
"Panjwani et al (2023)","Panjwani et al (2023)",1790,0.0487756612675616,0.00980392156862745,0.526500744632351,FALSE,-0.0282100828468845,0.0418242688287909,FALSE,FALSE,-7.00537791147792e-05
"Panjwani et al (2023)","Panjwani et al (2023)",1791,-0.432514097331816,0.00980392156862745,-1.83234122240451,FALSE,-0.0282100828468845,0.0418242688287909,TRUE,FALSE,-7.0053779114784e-05
"Panjwani et al (2023)","Panjwani et al (2023)",1792,-0.0282100828468845,0.00505050505050505,0.158509011088602,FALSE,-0.0282100828468845,0.0418242688287909,FALSE,FALSE,-1.2690278941631e-05
"Panjwani et al (2023)","Panjwani et al (2023)",1793,0.0939079966481781,0.00505050505050505,0.794467773915364,FALSE,-0.0282100828468845,0.0418242688287909,FALSE,FALSE,-1.26902789416278e-05
"Panjwani et al (2023)","Panjwani et al (2023)",1794,0.077334193063275,0.000374953130858643,0.757902330632169,FALSE,-0.0282100828468845,0.0418242688287909,FALSE,FALSE,0.000128430838062678
"Panjwani et al (2023)","Panjwani et al (2023)",1795,0,0.000374953130858643,0.326852732328991,FALSE,-0.0282100828468845,0.0418242688287909,FALSE,FALSE,0.000128430838062665
"Panjwani et al (2023)","Panjwani et al (2023)",1796,0.0627507600138858,0.000246609124537608,0.677973180993689,FALSE,-0.0282100828468845,0.0418242688287909,FALSE,FALSE,0.000139153669747509
"Panjwani et al (2023)","Panjwani et al (2023)",1797,0,0.000364431486880466,0.326906175499576,FALSE,-0.0282100828468845,0.0418242688287909,FALSE,FALSE,0.000129233301142196
"Panjwani et al (2023)","Panjwani et al (2023)",1798,0.0302810258523333,0.0028328611898017,0.477714389950113,FALSE,-0.0282100828468845,0.0418242688287909,FALSE,FALSE,3.20952233304663e-05
"Panjwani et al (2023)","Panjwani et al (2023)",1799,0.0846985251231328,0.0028328611898017,0.770046674485813,FALSE,-0.0282100828468845,0.0418242688287909,FALSE,FALSE,3.20952233304742e-05
"Panjwani et al (2023)","Panjwani et al (2023)",1800,0.0706078418592776,0.0028328611898017,0.694351141166771,FALSE,-0.0282100828468845,0.0418242688287909,FALSE,FALSE,3.20952233304791e-05
"Panjwani et al (2023)","Panjwani et al (2023)",1801,-0.200062343242203,0.0028328611898017,-0.759696446956699,FALSE,-0.0282100828468845,0.0418242688287909,TRUE,FALSE,3.20952233304732e-05
"Panjwani et al (2023)","Panjwani et al (2023)",1802,0.0529751126278676,0.0028328611898017,0.599627640677224,FALSE,-0.0282100828468845,0.0418242688287909,FALSE,FALSE,3.2095223330479e-05
"Panjwani et al (2023)","Panjwani et al (2023)",1803,0.19313010270519,0.0028328611898017,1.35254405520213,FALSE,-0.0282100828468845,0.0418242688287909,TRUE,FALSE,3.20952233304827e-05
"Panjwani et al (2023)","Panjwani et al (2023)",1804,0.0317945792977728,0.0028328611898017,0.485845240180301,FALSE,-0.0282100828468845,0.0418242688287909,FALSE,FALSE,3.2095223330472e-05
"Panjwani et al (2023)","Panjwani et al (2023)",1805,0.0176657124741735,0.0028328611898017,0.409944583740916,FALSE,-0.0282100828468845,0.0418242688287909,FALSE,FALSE,3.20952233304763e-05
"Panjwani et al (2023)","Panjwani et al (2023)",1806,0.15833724830442,0.0028328611898017,1.16563589608441,FALSE,-0.0282100828468845,0.0418242688287909,TRUE,FALSE,3.20952233304804e-05
"Panjwani et al (2023)","Panjwani et al (2023)",1807,0,0.000374812593703148,0.326853445994091,FALSE,-0.0282100828468845,0.0418242688287909,FALSE,FALSE,0.000128441482307552
"Panjwani et al (2023)","Panjwani et al (2023)",1808,0.038688751370303,0.000374812593703148,0.542499419088049,FALSE,-0.0282100828468845,0.0418242688287909,FALSE,FALSE,0.000128441482307549
"Panjwani et al (2023)","Panjwani et al (2023)",1809,0.0157128374527735,0.000556483027267668,0.413268903029337,FALSE,-0.0282100828468845,0.0418242688287909,FALSE,FALSE,0.000116034282594304
"Panjwani et al (2023)","Panjwani et al (2023)",1810,0,0.000556483027267668,0.325934792359758,FALSE,-0.0282100828468845,0.0418242688287909,FALSE,FALSE,0.000116034282594309
"Panjwani et al (2023)","Panjwani et al (2023)",1811,0.0600360584155307,0.000401445202729827,0.661212320508691,FALSE,-0.0282100828468845,0.0418242688287909,FALSE,FALSE,0.000126458568908396
"Panjwani et al (2023)","Panjwani et al (2023)",1812,-0.0800107779895493,0.000401445202729827,-0.119065941875198,FALSE,-0.0282100828468845,0.0418242688287909,FALSE,FALSE,0.000126458568908414
"Panjwani et al (2023)","Panjwani et al (2023)",1813,0,0.000458295142071494,0.326430334474802,FALSE,-0.0282100828468845,0.0418242688287909,FALSE,FALSE,0.000122434343315761
"Panjwani et al (2023)","Panjwani et al (2023)",1814,0.0427732111866229,0.000458295142071494,0.564532584231917,FALSE,-0.0282100828468845,0.0418242688287909,FALSE,FALSE,0.000122434343315751
"Panjwani et al (2023)","Panjwani et al (2023)",1815,-0.0200508601245619,0.000402576489533011,0.215000104604361,FALSE,-0.0282100828468845,0.0418242688287909,FALSE,FALSE,0.000126375811763723
"Panjwani et al (2023)","Panjwani et al (2023)",1816,0.0400936647281827,0.000402576489533011,0.550092554949379,FALSE,-0.0282100828468845,0.0418242688287909,FALSE,FALSE,0.000126375811763714
"Panjwani et al (2023)","Panjwani et al (2023)",1817,-0.0187569619607062,0.000352236703064459,0.222382469163747,FALSE,-0.0282100828468845,0.0418242688287909,FALSE,FALSE,0.000130177895528815
"Panjwani et al (2023)","Panjwani et al (2023)",1818,-0.00937889341767677,0.000352236703064459,0.274673009914411,FALSE,-0.0282100828468845,0.0418242688287909,FALSE,FALSE,0.000130177895528824
"Panjwani et al (2023)","Panjwani et al (2023)",1819,-0.0204237643308827,0.000417710944026733,0.212872597887927,FALSE,-0.0282100828468845,0.0418242688287909,FALSE,FALSE,0.000125279626703857
"Panjwani et al (2023)","Panjwani et al (2023)",1820,0.0204237643308827,0.000417710944026733,0.440399042362569,FALSE,-0.0282100828468845,0.0418242688287909,FALSE,FALSE,0.00012527962670386
"Panjwani et al (2023)","Panjwani et al (2023)",1821,0,0.00168918918918919,0.320376760084861,FALSE,-0.0282100828468845,0.0418242688287909,FALSE,FALSE,6.54164434489218e-05
"Panjwani et al (2023)","Panjwani et al (2023)",1822,0.040984528286588,0.00168918918918919,0.54427984188984,FALSE,-0.0282100828468845,0.0418242688287909,FALSE,FALSE,6.54164434489178e-05
"Panjwani et al (2023)","Panjwani et al (2023)",1823,-0.0581687421596931,0.00840336134453781,0.002395211590921,FALSE,-0.0282100828468845,0.0418242688287909,FALSE,FALSE,-5.65826571752889e-05
"Panjwani et al (2023)","Panjwani et al (2023)",1824,0.0904125173225836,0.00840336134453781,0.743184080937967,FALSE,-0.0282100828468845,0.0418242688287909,FALSE,FALSE,-5.65826571752958e-05
"Panjwani et al (2023)","Panjwani et al (2023)",1825,-0.422161348682624,0.027027027027027,-1.49824604488383,FALSE,-0.0282100828468845,0.0418242688287909,TRUE,FALSE,-0.000144737313816285
"Panjwani et al (2023)","Panjwani et al (2023)",1826,0.109581862722653,0.027027027027027,0.693395599069234,FALSE,-0.0282100828468845,0.0418242688287909,TRUE,FALSE,-0.000144737313816286
"Panjwani et al (2023)","Panjwani et al (2023)",1827,0.192067233717896,0.027027027027027,1.03336867293761,FALSE,-0.0282100828468845,0.0418242688287909,TRUE,FALSE,-0.000144737313816282
"Panjwani et al (2023)","Panjwani et al (2023)",1828,-0.235001814622868,0.027027027027027,-0.726846203550302,FALSE,-0.0282100828468845,0.0418242688287909,TRUE,FALSE,-0.000144737313816279
"Panjwani et al (2023)","Panjwani et al (2023)",1829,0.157462378301924,0.027027027027027,0.890740726617076,FALSE,-0.0282100828468845,0.0418242688287909,TRUE,FALSE,-0.000144737313816286
"Panjwani et al (2023)","Panjwani et al (2023)",1830,-0.171027919281979,0.027027027027027,-0.463170334921064,FALSE,-0.0282100828468845,0.0418242688287909,TRUE,FALSE,-0.000144737313816282
"Panjwani et al (2023)","Panjwani et al (2023)",1831,-0.229870593994449,0.027027027027027,-0.705697279459979,FALSE,-0.0282100828468845,0.0418242688287909,TRUE,FALSE,-0.000144737313816283
"Panjwani et al (2023)","Panjwani et al (2023)",1832,0,0.000689179875947622,0.325268663909839,FALSE,-0.0282100828468845,0.0418242688287909,FALSE,FALSE,0.000108235625414839
"Panjwani et al (2023)","Panjwani et al (2023)",1833,0.0393275698192012,0.000689179875947622,0.543408409342679,FALSE,-0.0282100828468845,0.0418242688287909,FALSE,FALSE,0.000108235625414839
"Panjwani et al (2023)","Panjwani et al (2023)",1834,0.0698169793151456,0.00240963855421687,0.69436056481948,FALSE,-0.0282100828468845,0.0418242688287909,FALSE,FALSE,4.32412068500032e-05
"Panjwani et al (2023)","Panjwani et al (2023)",1835,-0.194419274027536,0.00240963855421687,-0.733887960403293,FALSE,-0.0282100828468845,0.0418242688287909,TRUE,FALSE,4.32412068500018e-05
"Panjwani et al (2023)","Panjwani et al (2023)",1836,-0.00867915176825665,0.000679347826086957,0.277169586468486,FALSE,-0.0282100828468845,0.0418242688287909,FALSE,FALSE,0.000108785560428452
"Panjwani et al (2023)","Panjwani et al (2023)",1837,-0.129823922708508,0.000679347826086957,-0.394890787088433,FALSE,-0.0282100828468845,0.0418242688287909,FALSE,FALSE,0.000108785560428453
"Panjwani et al (2023)","Panjwani et al (2023)",1838,-0.0641892119219995,0.000816993464052288,-0.0307095861318439,FALSE,-0.0282100828468845,0.0418242688287909,FALSE,FALSE,0.000101424960188217
"Panjwani et al (2023)","Panjwani et al (2023)",1839,0.14226033739324,0.000816993464052288,1.11215976475571,FALSE,-0.0282100828468845,0.0418242688287909,TRUE,FALSE,0.000101424960188218
"Panjwani et al (2023)","Panjwani et al (2023)",1840,0.016902280289227,0.00179533213644524,0.412063214816765,FALSE,-0.0282100828468845,0.0418242688287909,FALSE,FALSE,6.18354033014706e-05
"Panjwani et al (2023)","Panjwani et al (2023)",1841,0.0633441993028993,0.00179533213644524,0.665378851102416,FALSE,-0.0282100828468845,0.0418242688287909,FALSE,FALSE,6.18354033014606e-05
"Panjwani et al (2023)","Panjwani et al (2023)",1842,-0.0323366755418297,0.00423728813559322,0.138553909835988,FALSE,-0.0282100828468845,0.0418242688287909,FALSE,FALSE,1.65429263586349e-06
"Panjwani et al (2023)","Panjwani et al (2023)",1843,0.224505473727232,0.00423728813559322,1.49113856377824,FALSE,-0.0282100828468845,0.0418242688287909,TRUE,FALSE,1.6542926358604e-06
"Panjwani et al (2023)","Panjwani et al (2023)",1844,-0.0575079422876932,0.00169779286926995,0.00620369367183149,FALSE,-0.0282100828468845,0.0418242688287909,FALSE,FALSE,6.51213971200453e-05
"Panjwani et al (2023)","Panjwani et al (2023)",1845,0.102569425718505,0.00169779286926995,0.880611832518676,FALSE,-0.0282100828468845,0.0418242688287909,TRUE,FALSE,6.5121397120038e-05
"Panjwani et al (2023)","Panjwani et al (2023)",1846,0.0669524892005983,0.0104166666666667,0.611103063714395,FALSE,-0.0282100828468845,0.0418242688287909,FALSE,FALSE,-7.53070697895844e-05
"Panjwani et al (2023)","Panjwani et al (2023)",1847,0.368492949350972,0.0104166666666667,2.07821144321688,FALSE,-0.0282100828468845,0.0418242688287909,TRUE,FALSE,-7.53070697895836e-05
"Panjwani et al (2023)","Panjwani et al (2023)",1848,-0.0438047790880627,0.000142877553936277,0.0829859330336949,FALSE,-0.0282100828468845,0.0418242688287909,FALSE,FALSE,0.000150098216409078
"Panjwani et al (2023)","Panjwani et al (2023)",1849,-0.0119502945516592,0.000142877553936277,0.261185593963086,FALSE,-0.0282100828468845,0.0418242688287909,FALSE,FALSE,0.000150098216409084
"Panjwani et al (2023)","Panjwani et al (2023)",1850,-0.0835567903888007,0.000142877553936277,-0.139393899449781,FALSE,-0.0282100828468845,0.0418242688287909,FALSE,FALSE,0.000150098216409073
"Panjwani et al (2023)","Panjwani et al (2023)",1851,-0.0238988829136297,0.000142877553936277,0.194343062191627,FALSE,-0.0282100828468845,0.0418242688287909,FALSE,FALSE,0.000150098216409079
"Panjwani et al (2023)","Panjwani et al (2023)",1852,0.0482180615817754,0.000258732212160414,0.596694077128083,FALSE,-0.0282100828468845,0.0418242688287909,FALSE,FALSE,0.000138037826995654
"Panjwani et al (2023)","Panjwani et al (2023)",1853,-0.0321522921043063,0.000258732212160414,0.147906190177196,FALSE,-0.0282100828468845,0.0418242688287909,FALSE,FALSE,0.000138037826995642
"Panjwani et al (2023)","Panjwani et al (2023)",1854,0.0428265681729366,0.0002040399918384,0.567073012466341,FALSE,-0.0282100828468845,0.0418242688287909,FALSE,FALSE,0.000143302854787246
"Panjwani et al (2023)","Panjwani et al (2023)",1855,-0.0428265681729366,0.0002040399918384,0.088375247148723,FALSE,-0.0282100828468845,0.0418242688287909,FALSE,FALSE,0.000143302854787237
"Panjwani et al (2023)","Panjwani et al (2023)",1856,0.0155505136852181,0.000242013552758955,0.414386728203794,FALSE,-0.0282100828468845,0.0418242688287909,FALSE,FALSE,0.000139583687609874
"Panjwani et al (2023)","Panjwani et al (2023)",1857,-0.0388680638250973,0.000242013552758955,0.110433807234251,FALSE,-0.0282100828468845,0.0418242688287909,FALSE,FALSE,0.000139583687609875
"Panjwani et al (2023)","Panjwani et al (2023)",1858,0.0482180615817754,0.000258732212160414,0.596694077128083,FALSE,-0.0282100828468845,0.0418242688287909,FALSE,FALSE,0.000138037826995644
"Panjwani et al (2023)","Panjwani et al (2023)",1859,-0.0241160364036186,0.000258732212160414,0.192780625208247,FALSE,-0.0282100828468845,0.0418242688287909,FALSE,FALSE,0.000138037826995639
"Panjwani et al (2023)","Panjwani et al (2023)",1860,0.0310972685594054,0.000242013552758955,0.501222543688147,FALSE,-0.0282100828468845,0.0418242688287909,FALSE,FALSE,0.00013958368760987
"Panjwani et al (2023)","Panjwani et al (2023)",1861,-0.0388680638250973,0.000242013552758955,0.11043380723425,FALSE,-0.0282100828468845,0.0418242688287909,FALSE,FALSE,0.000139583687609866
"Pizzutilo et al (2020)","Pizzutilo et al (2020)",1862,-0.0838156779274354,0.00025879917184265,-0.140539695864027,FALSE,-0.0282100828468845,0.0418242688287909,FALSE,FALSE,0.000439882679962332
"Pizzutilo et al (2020)","Pizzutilo et al (2020)",1863,-0.0837423214051831,3.23279345682604e-05,-0.140628545078611,FALSE,-0.0282100828468845,0.0418242688287909,FALSE,FALSE,0.000473796750262511
"Pizzutilo et al (2020)","Pizzutilo et al (2020)",1864,-0.0697884573949521,3.23279345682604e-05,-0.0624057615169102,FALSE,-0.0282100828468845,0.0418242688287909,FALSE,FALSE,0.000473796750262507
"Pizzutilo et al (2020)","Pizzutilo et al (2020)",1865,-0.0786284897392545,3.23279345682604e-05,-0.111961349577665,FALSE,-0.0282100828468845,0.0418242688287909,FALSE,FALSE,0.000473796750262511
"Pizzutilo et al (2020)","Pizzutilo et al (2020)",1866,-0.0774277358116903,3.23279345682604e-05,-0.105230144907916,FALSE,-0.0282100828468845,0.0418242688287909,FALSE,FALSE,0.000473796750262508
"Pizzutilo et al (2020)","Pizzutilo et al (2020)",1867,-0.04866636822552,3.23279345682604e-05,0.0560007679046184,FALSE,-0.0282100828468845,0.0418242688287909,FALSE,FALSE,0.000473796750262513
"Pizzutilo et al (2020)","Pizzutilo et al (2020)",1868,-0.0535776795647632,3.23279345682604e-05,0.0284688639379416,FALSE,-0.0282100828468845,0.0418242688287909,FALSE,FALSE,0.00047379675026251
"Pizzutilo et al (2020)","Pizzutilo et al (2020)",1869,-0.0911428181049582,3.23279345682604e-05,-0.18211436228101,FALSE,-0.0282100828468845,0.0418242688287909,FALSE,FALSE,0.000473796750262507
"Pizzutilo et al (2020)","Pizzutilo et al (2020)",1870,-0.0801577599385261,3.23279345682604e-05,-0.120534155770794,FALSE,-0.0282100828468845,0.0418242688287909,FALSE,FALSE,0.000473796750262506
"Pizzutilo et al (2020)","Pizzutilo et al (2020)",1871,-0.0835765663764976,3.23279345682604e-05,-0.139699353012269,FALSE,-0.0282100828468845,0.0418242688287909,FALSE,FALSE,0.000473796750262504
"Pizzutilo et al (2020)","Pizzutilo et al (2020)",1872,-0.0851056151265457,3.23279345682604e-05,-0.148270917801964,FALSE,-0.0282100828468845,0.0418242688287909,FALSE,FALSE,0.000473796750262507
"Pizzutilo et al (2020)","Pizzutilo et al (2020)",1873,-0.0871788512157488,3.23279345682604e-05,-0.159893096272325,FALSE,-0.0282100828468845,0.0418242688287909,FALSE,FALSE,0.000473796750262503
"Pizzutilo et al (2020)","Pizzutilo et al (2020)",1874,-0.0733336456120552,3.23279345682604e-05,-0.0822794316622281,FALSE,-0.0282100828468845,0.0418242688287909,FALSE,FALSE,0.000473796750262509
"Pizzutilo et al (2020)","Pizzutilo et al (2020)",1875,-0.0826235866534377,3.23279345682604e-05,-0.134357124754852,FALSE,-0.0282100828468845,0.0418242688287909,FALSE,FALSE,0.000473796750262505
"Pizzutilo et al (2020)","Pizzutilo et al (2020)",1876,-0.0819321689793052,3.23279345682604e-05,-0.130481165018198,FALSE,-0.0282100828468845,0.0418242688287909,FALSE,FALSE,0.000473796750262504
"Pizzutilo et al (2020)","Pizzutilo et al (2020)",1877,-0.0683573207786584,3.23279345682604e-05,-0.0543830740590505,FALSE,-0.0282100828468845,0.0418242688287909,FALSE,FALSE,0.000473796750262509
"Pizzutilo et al (2020)","Pizzutilo et al (2020)",1878,-0.0708986417103648,3.23279345682604e-05,-0.0686292496743446,FALSE,-0.0282100828468845,0.0418242688287909,FALSE,FALSE,0.000473796750262512
"Pizzutilo et al (2020)","Pizzutilo et al (2020)",1879,-0.107308263180149,3.23279345682604e-05,-0.272734860686903,FALSE,-0.0282100828468845,0.0418242688287909,FALSE,FALSE,0.000473796750262503
"Pizzutilo et al (2020)","Pizzutilo et al (2020)",1880,-0.0853771777743184,3.23279345682604e-05,-0.149793247832169,FALSE,-0.0282100828468845,0.0418242688287909,FALSE,FALSE,0.000473796750262507
"Pizzutilo et al (2020)","Pizzutilo et al (2020)",1881,-0.0692675363906824,3.23279345682604e-05,-0.0594855746109856,FALSE,-0.0282100828468845,0.0418242688287909,FALSE,FALSE,0.000473796750262506
"Ratajczak & Mikolajewicz (2021)","Ratajczak & Mikolajewicz (2021)",1882,-0.151140435936467,0.00336700336700337,-0.49324228078537,FALSE,-0.0282100828468845,0.0418242688287909,FALSE,FALSE,0.00133685844688825
"Ratajczak & Mikolajewicz (2021)","Ratajczak & Mikolajewicz (2021)",1883,-0.161386696131526,0.00336700336700337,-0.547950372547942,FALSE,-0.0282100828468845,0.0418242688287909,TRUE,FALSE,0.00133685844688825
"Ratajczak & Mikolajewicz (2021)","Ratajczak & Mikolajewicz (2021)",1884,-0.202732554054082,0.00336700336700337,-0.768709258831186,FALSE,-0.0282100828468845,0.0418242688287909,TRUE,FALSE,0.00133685844688825
"Ratajczak & Mikolajewicz (2021)","Ratajczak & Mikolajewicz (2021)",1885,-0.118975075131091,0.00336700336700337,-0.321501033050382,FALSE,-0.0282100828468845,0.0418242688287909,FALSE,FALSE,0.00133685844688825
"Ratajczak & Mikolajewicz (2021)","Ratajczak & Mikolajewicz (2021)",1886,-0.0683734127037376,0.00336700336700337,-0.0513224177591761,FALSE,-0.0282100828468845,0.0418242688287909,FALSE,FALSE,0.00133685844688825
"Ratajczak & Mikolajewicz (2021)","Ratajczak & Mikolajewicz (2021)",1887,-0.130336356144127,0.00336700336700337,-0.382162581007291,FALSE,-0.0282100828468845,0.0418242688287909,FALSE,FALSE,0.00133685844688825
"Ririmasse et al (2026)","Ririmasse et al (2026)",1888,-0.0193170857630585,0.00016594756057086,0.21987076551432,FALSE,-0.0282100828468845,0.0418242688287909,FALSE,FALSE,0.000585007737266335
"Ririmasse et al (2026)","Ririmasse et al (2026)",1889,-0.0462207560723537,0.000422832980972516,0.0690915778782662,FALSE,-0.0282100828468845,0.0418242688287909,FALSE,FALSE,0.00051354296833249
"Ririmasse et al (2026)","Ririmasse et al (2026)",1890,-0.00300494683374445,0.000273373428102788,0.310611994765184,FALSE,-0.0282100828468845,0.0418242688287909,FALSE,FALSE,0.000551146684338132
"Ririmasse et al (2026)","Ririmasse et al (2026)",1891,-0.0249846551957336,0.000203998368013056,0.188051784768577,FALSE,-0.0282100828468845,0.0418242688287909,FALSE,FALSE,0.000572051575797228
"Ririmasse et al (2026)","Ririmasse et al (2026)",1892,-0.0505945547877829,0.000506842372022301,0.0446673275095594,FALSE,-0.0282100828468845,0.0418242688287909,FALSE,FALSE,0.000495282691318028
"Ririmasse et al (2026)","Ririmasse et al (2026)",1893,-0.00671899553732855,0.000341763499658237,0.289560106957326,FALSE,-0.0282100828468845,0.0418242688287909,FALSE,FALSE,0.000532945039612406
"Ririmasse et al (2026)","Ririmasse et al (2026)",1894,-0.0285326356623329,0.000816326530612245,0.166645921806755,FALSE,-0.0282100828468845,0.0418242688287909,FALSE,FALSE,0.000438503047233158
"Ririmasse et al (2026)","Ririmasse et al (2026)",1895,-0.0548668467000679,0.00239808153477218,0.0203707117445099,FALSE,-0.0282100828468845,0.0418242688287909,FALSE,FALSE,0.000251211161006608
"Ririmasse et al (2026)","Ririmasse et al (2026)",1896,-0.0311156394502826,0.00124223602484472,0.151365365975243,FALSE,-0.0282100828468845,0.0418242688287909,FALSE,FALSE,0.000376235476652306
"Ririmasse et al (2026)","Ririmasse et al (2026)",1897,0.00754505709799132,0.000128139415684264,0.370378462898878,FALSE,-0.0282100828468845,0.0418242688287909,FALSE,FALSE,0.000599403303105023
"Ririmasse et al (2026)","Ririmasse et al (2026)",1898,0.0257419804465101,0.000238777459407832,0.47142530449105,FALSE,-0.0282100828468845,0.0418242688287909,FALSE,FALSE,0.000561201959093529
"Ririmasse et al (2026)","Ririmasse et al (2026)",1899,0.00332594439430453,0.000276778300581234,0.34595287785003,FALSE,-0.0282100828468845,0.0418242688287909,FALSE,FALSE,0.000550191368111555
"Ririmasse et al (2026)","Ririmasse et al (2026)",1900,-0.00636472325227723,0.000220701831825204,0.292086625818047,FALSE,-0.0282100828468845,0.0418242688287909,FALSE,FALSE,0.000566737469405673
"Ririmasse et al (2026)","Ririmasse et al (2026)",1901,0.0239070353004848,0.000420521446593776,0.459861286649972,FALSE,-0.0282100828468845,0.0418242688287909,FALSE,FALSE,0.000514069535743443
"Ririmasse et al (2026)","Ririmasse et al (2026)",1902,0.0117551059650354,0.000465116279069767,0.391876147477001,FALSE,-0.0282100828468845,0.0418242688287909,FALSE,FALSE,0.000504148942020432
"Ririmasse et al (2026)","Ririmasse et al (2026)",1903,0.0115183730270767,0.000132731616671091,0.392593381960157,FALSE,-0.0282100828468845,0.0418242688287909,FALSE,FALSE,0.000597554045994785
"Ririmasse et al (2026)","Ririmasse et al (2026)",1904,0.0262934632813257,0.000249128051818635,0.474429977555744,FALSE,-0.0282100828468845,0.0418242688287909,FALSE,FALSE,0.00055812348215916
"Ririmasse et al (2026)","Ririmasse et al (2026)",1905,0.00337099292788046,0.000284333238555587,0.346163625326823,FALSE,-0.0282100828468845,0.0418242688287909,FALSE,FALSE,0.000548091829720906
"Safiullah et al (2021)","Safiullah et al (2021)",1906,-0.153596588408115,2.13963241115176e-05,-0.532302174091844,FALSE,-0.0282100828468845,0.0418242688287909,FALSE,FALSE,0.000463407442413178
"Safiullah et al (2021)","Safiullah et al (2021)",1907,-0.173829958292187,2.13963241115176e-05,-0.645744673322555,FALSE,-0.0282100828468845,0.0418242688287909,TRUE,FALSE,0.00046340744241318
"Safiullah et al (2021)","Safiullah et al (2021)",1908,-0.191818494283641,2.13963241115176e-05,-0.746601055233435,FALSE,-0.0282100828468845,0.0418242688287909,TRUE,FALSE,0.000463407442413184
"Safiullah et al (2021)","Safiullah et al (2021)",1909,-0.0690944363782117,0.00032123353678124,-0.058261425399488,FALSE,-0.0282100828468845,0.0418242688287909,FALSE,FALSE,0.000332836110187373
"Safiullah et al (2021)","Safiullah et al (2021)",1910,-0.0919860889779568,0.000376506024096386,-0.185829425944269,FALSE,-0.0282100828468845,0.0418242688287909,FALSE,FALSE,0.000318225424396552
"Safiullah et al (2021)","Safiullah et al (2021)",1911,-0.0123308254202106,0.000396039603960396,0.258154606552972,FALSE,-0.0282100828468845,0.0418242688287909,FALSE,FALSE,0.00031332354889945
"Safiullah et al (2021)","Safiullah et al (2021)",1912,-0.0748259495715178,0.000777000777000777,-0.0896113964022095,FALSE,-0.0282100828468845,0.0418242688287909,FALSE,FALSE,0.000235012605852247
"Safiullah et al (2021)","Safiullah et al (2021)",1913,-0.0999938660211777,0.000730460189919649,-0.229206348007696,FALSE,-0.0282100828468845,0.0418242688287909,FALSE,FALSE,0.000243292936746897
"Safiullah et al (2021)","Safiullah et al (2021)",1914,-0.00781370807236308,0.000839630562552477,0.281362025196767,FALSE,-0.0282100828468845,0.0418242688287909,FALSE,FALSE,0.000224273753543001
"Safiullah et al (2021)","Safiullah et al (2021)",1915,-0.019656262057452,0.000548546352166758,0.216804488936855,FALSE,-0.0282100828468845,0.0418242688287909,FALSE,FALSE,0.000278652488370197
"Safiullah et al (2021)","Safiullah et al (2021)",1916,-0.0832492613422827,0.000778816199376947,-0.136272745584833,FALSE,-0.0282100828468845,0.0418242688287909,FALSE,FALSE,0.000234694992838095
"Safiullah et al (2021)","Safiullah et al (2021)",1917,-0.0046544614589079,0.000751314800901578,0.299258511618264,FALSE,-0.0282100828468845,0.0418242688287909,FALSE,FALSE,0.000239549159365221
"Safiullah et al (2021)","Safiullah et al (2021)",1918,-0.113086684397142,0.000415973377703827,-0.303273946290296,FALSE,-0.0282100828468845,0.0418242688287909,FALSE,FALSE,0.000308445639899042
"Safiullah et al (2021)","Safiullah et al (2021)",1919,-0.104743912577079,0.000488758553274682,-0.25650163202864,FALSE,-0.0282100828468845,0.0418242688287909,FALSE,FALSE,0.000291572829530157
"Safiullah et al (2021)","Safiullah et al (2021)",1920,-0.127734976785443,0.000516528925619835,-0.384279677012447,FALSE,-0.0282100828468845,0.0418242688287909,FALSE,FALSE,0.000285476384503144
"Safiullah et al (2021)","Safiullah et al (2021)",1921,-0.138513075968642,0.00141643059490085,-0.438129259647587,FALSE,-0.0282100828468845,0.0418242688287909,FALSE,FALSE,0.000140989708429266
"Safiullah et al (2021)","Safiullah et al (2021)",1922,-0.180011251166705,0.00164744645799012,-0.663467082879723,FALSE,-0.0282100828468845,0.0418242688287909,TRUE,FALSE,0.00011316270149881
"Safiullah et al (2021)","Safiullah et al (2021)",1923,0.00824076316203842,0.00170648464163823,0.36534468871786,FALSE,-0.0282100828468845,0.0418242688287909,FALSE,FALSE,0.000106423467200945
"Safiullah et al (2021)","Safiullah et al (2021)",1924,-0.0445919745745924,0.00032123353678124,0.0784550309040869,FALSE,-0.0282100828468845,0.0418242688287909,FALSE,FALSE,0.00033283611018738
"Safiullah et al (2021)","Safiullah et al (2021)",1925,-0.0407136605558606,0.000376506024096386,0.100005470586874,FALSE,-0.0282100828468845,0.0418242688287909,FALSE,FALSE,0.000318225424396553
"Safiullah et al (2021)","Safiullah et al (2021)",1926,-0.0129274457948575,0.000396039603960396,0.254829576845455,FALSE,-0.0282100828468845,0.0418242688287909,FALSE,FALSE,0.000313323548899449
"Safiullah et al (2021)","Safiullah et al (2021)",1927,-0.120705191675355,0.000989119683481701,-0.342660979918623,FALSE,-0.0282100828468845,0.0418242688287909,FALSE,FALSE,0.000200260229344069
"Safiullah et al (2021)","Safiullah et al (2021)",1928,-0.0859075311475502,0.00123609394313968,-0.149947777516815,FALSE,-0.0282100828468845,0.0418242688287909,FALSE,FALSE,0.000164581721711853
"Safiullah et al (2021)","Safiullah et al (2021)",1929,-0.028998224330778,0.00110987791342952,0.1634274374832,FALSE,-0.0282100828468845,0.0418242688287909,FALSE,FALSE,0.000182267544633433
"Safiullah et al (2021)","Safiullah et al (2021)",1930,-0.0573782810632899,0.000352360817477097,0.00710662846457382,FALSE,-0.0282100828468845,0.0418242688287909,FALSE,FALSE,0.000324465340887534
"Safiullah et al (2021)","Safiullah et al (2021)",1931,-0.0798485675286233,0.000416319733555371,-0.118091919571318,FALSE,-0.0282100828468845,0.0418242688287909,FALSE,FALSE,0.000308361942520982
"Safiullah et al (2021)","Safiullah et al (2021)",1932,0.00230774668692294,0.000440722785368004,0.339496427131524,FALSE,-0.0282100828468845,0.0418242688287909,FALSE,FALSE,0.000302551257506597
"Safiullah et al (2021)","Safiullah et al (2021)",1933,-0.0804204160011861,0.00032123353678124,-0.121457026340731,FALSE,-0.0282100828468845,0.0418242688287909,FALSE,FALSE,0.000332836110187376
"Safiullah et al (2021)","Safiullah et al (2021)",1934,-0.0702992118879808,0.000376506024096386,-0.0649288472147962,FALSE,-0.0282100828468845,0.0418242688287909,FALSE,FALSE,0.000318225424396554
"Safiullah et al (2021)","Safiullah et al (2021)",1935,-0.0250971975736149,0.000396039603960396,0.187006237387051,FALSE,-0.0282100828468845,0.0418242688287909,FALSE,FALSE,0.000313323548899448
"Safiullah et al (2021)","Safiullah et al (2021)",1936,-0.063374400762745,0.00032123353678124,-0.0263453262930165,FALSE,-0.0282100828468845,0.0418242688287909,FALSE,FALSE,0.000332836110187379
"Safiullah et al (2021)","Safiullah et al (2021)",1937,-0.059113648562661,0.000376506024096386,-0.00257127153270783,FALSE,-0.0282100828468845,0.0418242688287909,FALSE,FALSE,0.000318225424396552
"Safiullah et al (2021)","Safiullah et al (2021)",1938,-0.0945304663820336,0.000396039603960396,-0.199952859701516,FALSE,-0.0282100828468845,0.0418242688287909,FALSE,FALSE,0.00031332354889945
"Safiullah et al (2025)","Safiullah et al (2025)",1939,0.0600721559210316,3.58371559633028e-05,0.665323556224994,FALSE,-0.0282100828468845,0.0418242688287909,FALSE,FALSE,0.000386195008133344
"Safiullah et al (2025)","Safiullah et al (2025)",1940,0.100335347731076,3.58371559633028e-05,0.890997069967537,FALSE,-0.0282100828468845,0.0418242688287909,TRUE,FALSE,0.000386195008133356
"Safiullah et al (2025)","Safiullah et al (2025)",1941,0.0701146706543251,3.58371559633028e-05,0.721611433186309,FALSE,-0.0282100828468845,0.0418242688287909,FALSE,FALSE,0.000386195008133352
"Safiullah et al (2025)","Safiullah et al (2025)",1942,-0.0369193507496746,0.000394632991318074,0.121035158183609,FALSE,-0.0282100828468845,0.0418242688287909,FALSE,FALSE,0.000243221562948681
"Safiullah et al (2025)","Safiullah et al (2025)",1943,-0.0747784472380836,0.000394632991318074,-0.0899464684618164,FALSE,-0.0282100828468845,0.0418242688287909,FALSE,FALSE,0.00024322156294868
"Safiullah et al (2025)","Safiullah et al (2025)",1944,-0.0393622000043332,0.000458505272810637,0.107317554022743,FALSE,-0.0282100828468845,0.0418242688287909,FALSE,FALSE,0.000227312340921595
"Safiullah et al (2025)","Safiullah et al (2025)",1945,-0.0543242589917852,0.000458505272810637,0.0240207135348608,FALSE,-0.0282100828468845,0.0418242688287909,FALSE,FALSE,0.000227312340921593
"Safiullah et al (2025)","Safiullah et al (2025)",1946,-0.0331494784783649,0.000394632991318074,0.142043947558441,FALSE,-0.0282100828468845,0.0418242688287909,FALSE,FALSE,0.00024322156294868
"Safiullah et al (2025)","Safiullah et al (2025)",1947,-0.0357289188918588,0.000394632991318074,0.127669211107968,FALSE,-0.0282100828468845,0.0418242688287909,FALSE,FALSE,0.000243221562948678
"Safiullah et al (2025)","Safiullah et al (2025)",1948,-0.0132663861237191,0.000458505272810637,0.25259828363609,FALSE,-0.0282100828468845,0.0418242688287909,FALSE,FALSE,0.000227312340921598
"Safiullah et al (2025)","Safiullah et al (2025)",1949,-0.0158338765917277,0.000458505272810637,0.23830453942968,FALSE,-0.0282100828468845,0.0418242688287909,FALSE,FALSE,0.000227312340921595
"Safiullah et al (2025)","Safiullah et al (2025)",1950,-0.0813066530587112,0.00236406619385343,-0.122547463413126,FALSE,-0.0282100828468845,0.0418242688287909,FALSE,FALSE,-4.08032332416537e-05
"Safiullah et al (2025)","Safiullah et al (2025)",1951,-0.220119845189472,0.00236406619385343,-0.873295442339107,FALSE,-0.0282100828468845,0.0418242688287909,TRUE,FALSE,-4.0803233241656e-05
"Safiullah et al (2025)","Safiullah et al (2025)",1952,-0.0295698391582072,0.00056980056980057,0.161557271127045,FALSE,-0.0282100828468845,0.0418242688287909,FALSE,FALSE,0.000202115187593671
"Safiullah et al (2025)","Safiullah et al (2025)",1953,-0.0405341030470956,0.00056980056980057,0.10062350635453,FALSE,-0.0282100828468845,0.0418242688287909,FALSE,FALSE,0.000202115187593673
"Safiullah et al (2025)","Safiullah et al (2025)",1954,-0.068745065138786,0.00236406619385343,-0.0546102119298418,FALSE,-0.0282100828468845,0.0418242688287909,FALSE,FALSE,-4.08032332416586e-05
"Safiullah et al (2025)","Safiullah et al (2025)",1955,-0.0711616572894067,0.00236406619385343,-0.0676799471986473,FALSE,-0.0282100828468845,0.0418242688287909,FALSE,FALSE,-4.0803233241661e-05
"Safiullah et al (2025)","Safiullah et al (2025)",1956,0.0157404290740263,0.00056980056980057,0.413368542200199,FALSE,-0.0282100828468845,0.0418242688287909,FALSE,FALSE,0.000202115187593669
"Safiullah et al (2025)","Safiullah et al (2025)",1957,0.0186020205901498,0.00056980056980057,0.429271802654848,FALSE,-0.0282100828468845,0.0418242688287909,FALSE,FALSE,0.000202115187593664
"Safiullah et al (2025)","Safiullah et al (2025)",1958,-0.0674215735379574,0.000712758374910905,-0.0486879636347867,FALSE,-0.0282100828468845,0.0418242688287909,FALSE,FALSE,0.000173275122829318
"Safiullah et al (2025)","Safiullah et al (2025)",1959,-0.059436951122369,0.000712758374910905,-0.00441242493451591,FALSE,-0.0282100828468845,0.0418242688287909,FALSE,FALSE,0.000173275122829315
"Safiullah et al (2025)","Safiullah et al (2025)",1960,-0.00717028595267675,0.00129032258064516,0.282902782292394,FALSE,-0.0282100828468845,0.0418242688287909,FALSE,FALSE,8.07470588061635e-05
"Safiullah et al (2025)","Safiullah et al (2025)",1961,-0.020434067997986,0.00129032258064516,0.210004901947702,FALSE,-0.0282100828468845,0.0418242688287909,FALSE,FALSE,8.07470588061597e-05
"Safiullah et al (2025)","Safiullah et al (2025)",1962,0.0405258429703164,0.000712758374910905,0.549891376557359,FALSE,-0.0282100828468845,0.0418242688287909,FALSE,FALSE,0.000173275122829318
"Safiullah et al (2025)","Safiullah et al (2025)",1963,0.0335966664137972,0.000712758374910905,0.51146839187242,FALSE,-0.0282100828468845,0.0418242688287909,FALSE,FALSE,0.000173275122829317
"Safiullah et al (2025)","Safiullah et al (2025)",1964,-0.0121892887223532,0.00129032258064516,0.25531829228014,FALSE,-0.0282100828468845,0.0418242688287909,FALSE,FALSE,8.07470588061609e-05
"Safiullah et al (2025)","Safiullah et al (2025)",1965,-0.0161325818488351,0.00129032258064516,0.233645913352593,FALSE,-0.0282100828468845,0.0418242688287909,FALSE,FALSE,8.07470588061607e-05
"Safiullah et al (2025)","Safiullah et al (2025)",1966,-0.0872987372255894,0.000662251655629139,-0.159036108366713,FALSE,-0.0282100828468845,0.0418242688287909,FALSE,FALSE,0.000183082405092998
"Safiullah et al (2025)","Safiullah et al (2025)",1967,-0.0611486505800677,0.000662251655629139,-0.0139170962308424,FALSE,-0.0282100828468845,0.0418242688287909,FALSE,FALSE,0.000183082405093001
"Safiullah et al (2025)","Safiullah et al (2025)",1968,0.0301070174867985,0.00149700598802395,0.486254981526946,FALSE,-0.0282100828468845,0.0418242688287909,FALSE,FALSE,5.35705326401714e-05
"Safiullah et al (2025)","Safiullah et al (2025)",1969,-0.0131251775706016,0.00149700598802395,0.249395063775074,FALSE,-0.0282100828468845,0.0418242688287909,FALSE,FALSE,5.35705326401669e-05
"Safiullah et al (2025)","Safiullah et al (2025)",1970,-0.00539880598902175,0.000662251655629139,0.295464761024549,FALSE,-0.0282100828468845,0.0418242688287909,FALSE,FALSE,0.000183082405092998
"Safiullah et al (2025)","Safiullah et al (2025)",1971,-0.00822669915213296,0.000662251655629139,0.279771464561733,FALSE,-0.0282100828468845,0.0418242688287909,FALSE,FALSE,0.000183082405093001
"Safiullah et al (2025)","Safiullah et al (2025)",1972,0.0698175403710199,0.00149700598802395,0.703820413301858,FALSE,-0.0282100828468845,0.0418242688287909,FALSE,FALSE,5.35705326401659e-05
"Safiullah et al (2025)","Safiullah et al (2025)",1973,0.0705877330959737,0.00149700598802395,0.708040133934674,FALSE,-0.0282100828468845,0.0418242688287909,FALSE,FALSE,5.35705326401696e-05
"Safiullah et al (2025)","Safiullah et al (2025)",1974,-0.0434657462044706,0.000394632991318074,0.0845533271356885,FALSE,-0.0282100828468845,0.0418242688287909,FALSE,FALSE,0.00024322156294868
"Safiullah et al (2025)","Safiullah et al (2025)",1975,-0.0807165692754339,0.000394632991318074,-0.123038506118943,FALSE,-0.0282100828468845,0.0418242688287909,FALSE,FALSE,0.000243221562948682
"Safiullah et al (2025)","Safiullah et al (2025)",1976,-0.0400036356205891,0.000458505272810637,0.103746550843613,FALSE,-0.0282100828468845,0.0418242688287909,FALSE,FALSE,0.000227312340921592
"Safiullah et al (2025)","Safiullah et al (2025)",1977,-0.0626552101032985,0.000458505272810637,-0.0223593940713213,FALSE,-0.0282100828468845,0.0418242688287909,FALSE,FALSE,0.0002273123409216
"Safiullah et al (2025)","Safiullah et al (2025)",1978,0.0575437435906678,0.000394632991318074,0.647460222447559,FALSE,-0.0282100828468845,0.0418242688287909,FALSE,FALSE,0.000243221562948682
"Safiullah et al (2025)","Safiullah et al (2025)",1979,-0.0198523187573921,0.000394632991318074,0.216146518615672,FALSE,-0.0282100828468845,0.0418242688287909,FALSE,FALSE,0.000243221562948686
"Safiullah et al (2025)","Safiullah et al (2025)",1980,0.00556345770251652,0.000458505272810637,0.35742787286048,FALSE,-0.0282100828468845,0.0418242688287909,FALSE,FALSE,0.000227312340921597
"Safiullah et al (2025)","Safiullah et al (2025)",1981,0.00299571896681155,0.000458505272810637,0.34313274649706,FALSE,-0.0282100828468845,0.0418242688287909,FALSE,FALSE,0.000227312340921596
"Safiullah et al (2025)","Safiullah et al (2025)",1982,-0.0414267687666911,0.000519210799584631,0.0957357651207966,FALSE,-0.0282100828468845,0.0418242688287909,FALSE,FALSE,0.000213219135153049
"Safiullah et al (2025)","Safiullah et al (2025)",1983,-0.0746113438706008,0.000519210799584631,-0.0888334015680615,FALSE,-0.0282100828468845,0.0418242688287909,FALSE,FALSE,0.000213219135153049
"Safiullah et al (2025)","Safiullah et al (2025)",1984,-0.00683048849021549,0.000519210799584631,0.288156689636747,FALSE,-0.0282100828468845,0.0418242688287909,FALSE,FALSE,0.00021321913515305
"Safiullah et al (2025)","Safiullah et al (2025)",1985,-0.0261807518586305,0.000519210799584631,0.180532530703414,FALSE,-0.0282100828468845,0.0418242688287909,FALSE,FALSE,0.000213219135153048
"Safiullah et al (2025)","Safiullah et al (2025)",1986,-0.113882344788903,0.00176991150442478,-0.301385019797487,FALSE,-0.0282100828468845,0.0418242688287909,FALSE,FALSE,2.08885187260395e-05
"Safiullah et al (2025)","Safiullah et al (2025)",1987,-0.0808927500741865,0.00176991150442478,-0.121383826515877,FALSE,-0.0282100828468845,0.0418242688287909,FALSE,FALSE,2.08885187260404e-05
"Safiullah et al (2025)","Safiullah et al (2025)",1988,-0.0486533215923727,0.00176991150442478,0.0545242332110527,FALSE,-0.0282100828468845,0.0418242688287909,FALSE,FALSE,2.0888518726036e-05
"Safiullah et al (2025)","Safiullah et al (2025)",1989,-0.0520057985368939,0.00176991150442478,0.0362321063849626,FALSE,-0.0282100828468845,0.0418242688287909,FALSE,FALSE,2.08885187260341e-05
"Safiullah et al (2025)","Safiullah et al (2025)",1990,0.0228938864013445,0.000458505272810637,0.453909911604181,FALSE,-0.0282100828468845,0.0418242688287909,FALSE,FALSE,0.000227312340921595
"Safiullah et al (2025)","Safiullah et al (2025)",1991,-0.0451732638730789,0.000610873549175321,0.074795369365046,FALSE,-0.0282100828468845,0.0418242688287909,FALSE,FALSE,0.00019347342319076
"Safiullah et al (2025)","Safiullah et al (2025)",1992,-0.131727543636138,0.000610873549175321,-0.405920062145637,FALSE,-0.0282100828468845,0.0418242688287909,FALSE,FALSE,0.00019347342319076
"Safiullah et al (2025)","Safiullah et al (2025)",1993,-0.0404858524673585,0.000610873549175321,0.100828871148405,FALSE,-0.0282100828468845,0.0418242688287909,FALSE,FALSE,0.000193473423190762
"Safiullah et al (2025)","Safiullah et al (2025)",1994,-0.0533121408079223,0.000610873549175321,0.029592708694124,FALSE,-0.0282100828468845,0.0418242688287909,FALSE,FALSE,0.000193473423190753
"Salvi et al (2021)","Salvi et al (2021)",1995,-0.00384197427795254,0.000218770509735288,0.306081503338287,FALSE,-0.0282100828468845,0.0418242688287909,FALSE,FALSE,0.00176986851358347
"Salvi et al (2021)","Salvi et al (2021)",1996,-0.011830110351731,0.000262329485834208,0.261179746958883,FALSE,-0.0282100828468845,0.0418242688287909,FALSE,FALSE,0.00175560186753475
"CLUSTER Sandra/Ofogbe","Sandra et al (2021)",1997,0.00100000033333353,4.34084299170899e-05,0.334308409878326,FALSE,-0.0282100828468845,0.0418242688287909,FALSE,FALSE,0.0019057414437554
"CLUSTER Sandra/Ofogbe","Sandra et al (2021)",1998,-0.0890727095552637,0.00069589422407794,-0.169617323238249,FALSE,-0.0282100828468845,0.0418242688287909,FALSE,FALSE,0.00168060378165932
"CLUSTER Sandra/Ofogbe","Sandra et al (2021)",1999,0.0415746088352356,0.00069589422407794,0.556379629668269,FALSE,-0.0282100828468845,0.0418242688287909,FALSE,FALSE,0.00168060378165932
"Schneider (2010)","Schneider (2010)",2000,0.484700278594052,0.004149377593361,2.86915641977822,FALSE,-0.0282100828468845,0.0418242688287909,TRUE,FALSE,0.00129500155326513
"Schneider (2010)","Schneider (2010)",2001,0.447692023527421,0.004149377593361,2.67374251543733,FALSE,-0.0282100828468845,0.0418242688287909,TRUE,FALSE,0.00129500155326513
"Schneider (2010)","Schneider (2010)",2002,-0.218481117399158,0.004149377593361,-0.843837392102681,FALSE,-0.0282100828468845,0.0418242688287909,TRUE,FALSE,0.00129500155326513
"Schneider (2010)","Schneider (2010)",2003,-0.222230815987684,0.004149377593361,-0.863636846034406,FALSE,-0.0282100828468845,0.0418242688287909,TRUE,FALSE,0.00129500155326513
"Schneider (2010)","Schneider (2010)",2004,-0.187461914003422,0.00628930817610063,-0.660331100870404,FALSE,-0.0282100828468845,0.0418242688287909,TRUE,FALSE,0.000887279614940589
"Schneider (2010)","Schneider (2010)",2005,-0.265228034654206,0.0126582278481013,-0.979611547280667,FALSE,-0.0282100828468845,0.0418242688287909,TRUE,FALSE,0.000127223439045501
"Schneider (2010)","Schneider (2010)",2006,-0.257693502709131,0.004149377593361,-1.05088971862132,FALSE,-0.0282100828468845,0.0418242688287909,TRUE,FALSE,0.00129500155326513
"Schneider (2010)","Schneider (2010)",2007,-0.578886840010198,0.0158730158730159,-2.38189289042252,FALSE,-0.0282100828468845,0.0418242688287909,TRUE,FALSE,-0.000118210463307361
"Schneider (2010)","Schneider (2010)",2008,-0.494047981855883,0.010752688172043,-2.11080266396716,FALSE,-0.0282100828468845,0.0418242688287909,TRUE,FALSE,0.000307393869833083
"Schneider (2010)","Schneider (2010)",2009,0.198573480902949,0.0126582278481013,1.21984713077989,FALSE,-0.0282100828468845,0.0418242688287909,TRUE,FALSE,0.000127223439045501
"Seltzer et al (2022)","Seltzer et al (2022)",2010,-0.0765506414224252,0.000516262261228704,-0.099645465649274,FALSE,-0.0282100828468845,0.0418242688287909,FALSE,FALSE,0.000799616779555746
"Seltzer et al (2022)","Seltzer et al (2022)",2011,-0.0358825453411599,0.000763941940412529,0.126212517667409,FALSE,-0.0282100828468845,0.0418242688287909,FALSE,FALSE,0.000736104122365669
"Seltzer et al (2022)","Seltzer et al (2022)",2012,-0.100472372125128,0.000763941940412529,-0.23188617690649,FALSE,-0.0282100828468845,0.0418242688287909,FALSE,FALSE,0.000736104122365668
"Seltzer et al (2022)","Seltzer et al (2022)",2013,-0.0445825768335249,0.000516795865633075,0.0782809036902544,FALSE,-0.0282100828468845,0.0418242688287909,FALSE,FALSE,0.00079946546149593
"Seltzer et al (2022)","Seltzer et al (2022)",2014,-0.0650626741712987,0.000765696784073507,-0.0355668799844837,FALSE,-0.0282100828468845,0.0418242688287909,FALSE,FALSE,0.00073569395759117
"Seltzer et al (2022)","Seltzer et al (2022)",2015,-0.0567291436704111,0.000765696784073507,0.0106345865833206,FALSE,-0.0282100828468845,0.0418242688287909,FALSE,FALSE,0.000735693957591167
"Seltzer et al (2022)","Seltzer et al (2022)",2016,-0.0724901826520762,0.000516262261228704,-0.0770458690092841,FALSE,-0.0282100828468845,0.0418242688287909,FALSE,FALSE,0.000799616779555747
"Seltzer et al (2022)","Seltzer et al (2022)",2017,-0.0616174745089843,0.000763941940412529,-0.0164669877409726,FALSE,-0.0282100828468845,0.0418242688287909,FALSE,FALSE,0.000736104122365666
"Seltzer et al (2022)","Seltzer et al (2022)",2018,-0.0879037970790334,0.000763941940412529,-0.162203526545554,FALSE,-0.0282100828468845,0.0418242688287909,FALSE,FALSE,0.000736104122365666
"Seltzer et al (2022)","Seltzer et al (2022)",2019,-0.0378306931488629,0.000516795865633075,0.115860047308995,FALSE,-0.0282100828468845,0.0418242688287909,FALSE,FALSE,0.000799465461495931
"Seltzer et al (2022)","Seltzer et al (2022)",2020,-0.0287871003115583,0.000765696784073507,0.165546527199927,FALSE,-0.0282100828468845,0.0418242688287909,FALSE,FALSE,0.000735693957591164
"Seltzer et al (2022)","Seltzer et al (2022)",2021,-0.0454154713717148,0.000765696784073507,0.0733580928345594,FALSE,-0.0282100828468845,0.0418242688287909,FALSE,FALSE,0.000735693957591166
"Shad et al (2022)","Shad et al (2022)",2022,-0.365443754271396,0.00245700245700246,-1.66217424077374,FALSE,-0.0282100828468845,0.0418242688287909,TRUE,FALSE,0.00347656283766784
"Shad et al (2022)","Shad et al (2022)",2023,-0.115692606253107,0.00245700245700246,-0.30559789197596,FALSE,-0.0282100828468845,0.0418242688287909,FALSE,FALSE,0.00347656283766785
"Shi et al (2025)","Shi et al (2025)",2024,-0.0435824117364245,0.000260756192959583,0.0840486441788138,FALSE,-0.0282100828468845,0.0418242688287909,FALSE,FALSE,0.00067656774533782
"Shi et al (2025)","Shi et al (2025)",2025,-0.0367731464828779,0.000260960334029228,0.122092201751726,FALSE,-0.0282100828468845,0.0418242688287909,FALSE,FALSE,0.000676503159825739
"Shi et al (2025)","Shi et al (2025)",2026,-0.0309800267373954,0.00026281208935611,0.154454270309291,FALSE,-0.0282100828468845,0.0418242688287909,FALSE,FALSE,0.00067591841535069
"Shi et al (2025)","Shi et al (2025)",2027,-0.0376729453857764,0.000287604256542997,0.117016401703881,FALSE,-0.0282100828468845,0.0418242688287909,FALSE,FALSE,0.000668272724429001
"Shi et al (2025)","Shi et al (2025)",2028,-0.0300069026410065,0.00026281208935611,0.159891019596459,FALSE,-0.0282100828468845,0.0418242688287909,FALSE,FALSE,0.00067591841535069
"Shi et al (2025)","Shi et al (2025)",2029,-0.0372193227753831,0.00026281208935611,0.119595932700718,FALSE,-0.0282100828468845,0.0418242688287909,FALSE,FALSE,0.000675918415350686
"Shi et al (2025)","Shi et al (2025)",2030,-0.0309800267373954,0.00026281208935611,0.154454270309291,FALSE,-0.0282100828468845,0.0418242688287909,FALSE,FALSE,0.000675918415350687
"Shi et al (2025)","Shi et al (2025)",2031,-0.033174624545229,0.000270929287455974,0.142175216695364,FALSE,-0.0282100828468845,0.0418242688287909,FALSE,FALSE,0.000673378291869099
"Shi et al (2025)","Shi et al (2025)",2032,0.0399466241028062,0.000643500643500643,0.54743301638836,FALSE,-0.0282100828468845,0.0418242688287909,FALSE,FALSE,0.000581642955628043
"Shi et al (2025)","Shi et al (2025)",2033,-0.0550155350776716,0.000454545454545455,0.0201160093728875,FALSE,-0.0282100828468845,0.0418242688287909,FALSE,FALSE,0.0006234502555941
"Shi et al (2025)","Shi et al (2025)",2034,-0.0444702345484419,0.000385208012326656,0.078936963601357,FALSE,-0.0282100828468845,0.0418242688287909,FALSE,FALSE,0.000640891055932734
"Shi et al (2025)","Shi et al (2025)",2035,-0.0460539903053573,0.00124688279301746,0.0691966377020887,FALSE,-0.0282100828468845,0.0418242688287909,FALSE,FALSE,0.00047893914766803
"Shi et al (2025)","Shi et al (2025)",2036,0.0352954159238814,0.00280112044817927,0.504984313231516,FALSE,-0.0282100828468845,0.0418242688287909,FALSE,FALSE,0.000301935303916932
"Shi et al (2025)","Shi et al (2025)",2037,-0.0569481891118066,0.000493096646942801,0.00934674085134697,FALSE,-0.0282100828468845,0.0418242688287909,FALSE,FALSE,0.000614313291231113
"Shi et al (2025)","Shi et al (2025)",2038,-0.00599222045982812,0.00058343057176196,0.292585318191926,FALSE,-0.0282100828468845,0.0418242688287909,FALSE,FALSE,0.000594185802359553
"Srivisal et al (2021)","Srivisal et al (2021)",2039,0.110017563993499,0.000441501103752759,0.939673227642214,FALSE,-0.0282100828468845,0.0418242688287909,TRUE,FALSE,0.00124173106378265
"Srivisal et al (2021)","Srivisal et al (2021)",2040,0.0291564610196083,0.0016750418760469,0.479758499444145,FALSE,-0.0282100828468845,0.0418242688287909,FALSE,FALSE,0.000948492108205243
"Srivisal et al (2021)","Srivisal et al (2021)",2041,-0.0428358331764522,0.000600600600600601,0.0872865659438723,FALSE,-0.0282100828468845,0.0418242688287909,FALSE,FALSE,0.00119079331190398
"Srivisal et al (2021)","Srivisal et al (2021)",2042,0.116217170263927,0.000602409638554217,0.971785194614479,FALSE,-0.0282100828468845,0.0418242688287909,TRUE,FALSE,0.00119025356713324
"Srivisal et al (2021)","Srivisal et al (2021)",2043,0.0355259793929332,0.00286532951289398,0.505681449947784,FALSE,-0.0282100828468845,0.0418242688287909,FALSE,FALSE,0.000764819452484827
"Srivisal et al (2021)","Srivisal et al (2021)",2044,-0.0483134178445358,0.000764525993883792,0.0567031893581238,FALSE,-0.0282100828468845,0.0418242688287909,FALSE,FALSE,0.00114466032311929
"Sze et al (2021)","Sze et al (2021)",2045,-0.014843829129343,7.19683339330695e-05,0.245284947170575,FALSE,-0.0282100828468845,0.0418242688287909,FALSE,FALSE,0.000535801287527576
"Sze et al (2021)","Sze et al (2021)",2046,0.00169649910031903,7.19683339330695e-05,0.337955671530034,FALSE,-0.0282100828468845,0.0418242688287909,FALSE,FALSE,0.000535801287527573
"Sze et al (2021)","Sze et al (2021)",2047,-0.014843829129343,7.19683339330695e-05,0.245284947170575,FALSE,-0.0282100828468845,0.0418242688287909,FALSE,FALSE,0.000535801287527573
"Sze et al (2021)","Sze et al (2021)",2048,0.00508947777034328,7.19683339330695e-05,0.356965559769341,FALSE,-0.0282100828468845,0.0418242688287909,FALSE,FALSE,0.00053580128752757
"Sze et al (2021)","Sze et al (2021)",2049,-0.0255351474286393,0.000479846449136276,0.184210985097038,FALSE,-0.0282100828468845,0.0418242688287909,FALSE,FALSE,0.000460914916104853
"Sze et al (2021)","Sze et al (2021)",2050,0.00841899588176191,0.000479846449136276,0.373226969609274,FALSE,-0.0282100828468845,0.0418242688287909,FALSE,FALSE,0.000460914916104851
"Sze et al (2021)","Sze et al (2021)",2051,-0.00709454823818588,0.000113288773082588,0.288513864736506,FALSE,-0.0282100828468845,0.0418242688287909,FALSE,FALSE,0.000524037081946224
"Sze et al (2021)","Sze et al (2021)",2052,-0.0234100672844483,0.000113288773082588,0.197162992298083,FALSE,-0.0282100828468845,0.0418242688287909,FALSE,FALSE,0.000524037081946228
"Sze et al (2021)","Sze et al (2021)",2053,0.0255378119454393,0.000113288773082588,0.471223012024217,FALSE,-0.0282100828468845,0.0418242688287909,FALSE,FALSE,0.000524037081946227
"Sze et al (2021)","Sze et al (2021)",2054,0.058449745624953,0.000213903743315508,0.654456685709541,FALSE,-0.0282100828468845,0.0418242688287909,FALSE,FALSE,0.000502028632526554
"Sze et al (2021)","Sze et al (2021)",2055,-0.0313250726321471,0.000213903743315508,0.152607411895656,FALSE,-0.0282100828468845,0.0418242688287909,FALSE,FALSE,0.000502028632526554
"Sze et al (2021)","Sze et al (2021)",2056,-0.0712159825103919,0.000213903743315508,-0.0703863467421015,FALSE,-0.0282100828468845,0.0418242688287909,FALSE,FALSE,0.000502028632526556
"Sze et al (2021)","Sze et al (2021)",2057,0.000169649990596623,7.19683339330695e-05,0.329401173032729,FALSE,-0.0282100828468845,0.0418242688287909,FALSE,FALSE,0.000535801287527577
"Sze et al (2021)","Sze et al (2021)",2058,0.0101788237150189,7.19683339330695e-05,0.385479708259041,FALSE,-0.0282100828468845,0.0418242688287909,FALSE,FALSE,0.000535801287527574
"Sze et al (2021)","Sze et al (2021)",2059,-0.0120454216651324,7.40466493891151e-05,0.260955069457723,FALSE,-0.0282100828468845,0.0418242688287909,FALSE,FALSE,0.000535142573157439
"Sze et al (2021)","Sze et al (2021)",2060,-0.0240890960773572,7.40466493891151e-05,0.193480055871698,FALSE,-0.0282100828468845,0.0418242688287909,FALSE,FALSE,0.00053514257315744
"Sze et al (2021)","Sze et al (2021)",2061,-0.00172081528643292,7.40466493891151e-05,0.318798957612486,FALSE,-0.0282100828468845,0.0418242688287909,FALSE,FALSE,0.000535142573157438
"Sze et al (2021)","Sze et al (2021)",2062,-0.171666663500579,5.99617444070683e-06,-0.634034103596945,FALSE,-0.0282100828468845,0.0418242688287909,TRUE,FALSE,0.00056789092639863
"Tan et al (2021)","Tan et al (2021)",2063,-0.117288043886373,0.00093984962406015,-0.324280197686943,FALSE,-0.0282100828468845,0.0418242688287909,FALSE,FALSE,0.00135153541071531
"Tan et al (2021)","Tan et al (2021)",2064,-0.0938466699176719,0.00093984962406015,-0.194562290719517,FALSE,-0.0282100828468845,0.0418242688287909,FALSE,FALSE,0.00135153541071531
"Tan et al (2021)","Tan et al (2021)",2065,-0.0551855320538157,0.00093984962406015,0.0193774677338315,FALSE,-0.0282100828468845,0.0418242688287909,FALSE,FALSE,0.00135153541071531
"Tan et al (2021)","Tan et al (2021)",2066,-0.0904934028508246,0.0001339405304045,-0.178225206110858,FALSE,-0.0282100828468845,0.0418242688287909,FALSE,FALSE,0.00155919894189744
"Tan et al (2021)","Tan et al (2021)",2067,-0.0819533192123726,0.0001339405304045,-0.130362799787509,FALSE,-0.0282100828468845,0.0418242688287909,FALSE,FALSE,0.00155919894189744
"Tan et al (2021)","Tan et al (2021)",2068,-0.0792069955784495,0.0001339405304045,-0.114971187336502,FALSE,-0.0282100828468845,0.0418242688287909,FALSE,FALSE,0.00155919894189744
"Tan et al (2026)","Tan et al (2026)",2069,-0.013447167346872,3.87641973872931e-05,0.253250170469173,FALSE,-0.0282100828468845,0.0418242688287909,FALSE,FALSE,0.000387440858194703
"Tan et al (2026)","Tan et al (2026)",2070,-0.022721952206658,3.87641973872931e-05,0.201267612669553,FALSE,-0.0282100828468845,0.0418242688287909,FALSE,FALSE,0.0003874408581947
"Tan et al (2026)","Tan et al (2026)",2071,-0.0142977460861452,4.30237060620402e-05,0.248466234487362,FALSE,-0.0282100828468845,0.0418242688287909,FALSE,FALSE,0.000386108931898876
"Tan et al (2026)","Tan et al (2026)",2072,-0.0203309493504238,4.30237060620402e-05,0.214654136701986,FALSE,-0.0282100828468845,0.0418242688287909,FALSE,FALSE,0.000386108931898875
"Tan et al (2026)","Tan et al (2026)",2073,-0.0145676884102865,3.87641973872931e-05,0.246969965394316,FALSE,-0.0282100828468845,0.0418242688287909,FALSE,FALSE,0.0003874408581947
"Tan et al (2026)","Tan et al (2026)",2074,-0.0264562578919311,3.87641973872931e-05,0.180337880706948,FALSE,-0.0282100828468845,0.0418242688287909,FALSE,FALSE,0.000387440858194698
"Tan et al (2026)","Tan et al (2026)",2075,-0.027700947061789,3.87641973872931e-05,0.173361748355325,FALSE,-0.0282100828468845,0.0418242688287909,FALSE,FALSE,0.000387440858194695
"Tan et al (2026)","Tan et al (2026)",2076,-0.0192771722442219,6.56254101588135e-05,0.220481522010214,FALSE,-0.0282100828468845,0.0418242688287909,FALSE,FALSE,0.000379913411706107
"Tan et al (2026)","Tan et al (2026)",2077,-0.0282610433061051,3.87641973872931e-05,0.170222566602468,FALSE,-0.0282100828468845,0.0418242688287909,FALSE,FALSE,0.000387440858194699
"Tan et al (2026)","Tan et al (2026)",2078,-0.0269541385851346,3.87641973872931e-05,0.177547399601129,FALSE,-0.0282100828468845,0.0418242688287909,FALSE,FALSE,0.000387440858194694
"Tan et al (2026)","Tan et al (2026)",2079,-0.0298318500435983,3.88033060416748e-05,0.161418538501772,FALSE,-0.0282100828468845,0.0418242688287909,FALSE,FALSE,0.000387428316815241
"Tan et al (2026)","Tan et al (2026)",2080,-0.0250374311107639,3.88033060416748e-05,0.188289889889526,FALSE,-0.0282100828468845,0.0418242688287909,FALSE,FALSE,0.000387428316815244
"Tan et al (2026)","Tan et al (2026)",2081,-0.0227998059848779,4.10290075083084e-05,0.200824123289707,FALSE,-0.0282100828468845,0.0418242688287909,FALSE,FALSE,0.000386724348899758
"Tan et al (2026)","Tan et al (2026)",2082,-0.0361163183672045,4.10290075083084e-05,0.126191529967964,FALSE,-0.0282100828468845,0.0418242688287909,FALSE,FALSE,0.000386724348899756
"Tan et al (2026)","Tan et al (2026)",2083,-0.0322004987173831,0.00012685525815045,0.147939675934035,FALSE,-0.0282100828468845,0.0418242688287909,FALSE,FALSE,0.000367052646067748
"Tan et al (2026)","Tan et al (2026)",2084,-0.0118812273230977,7.10227272727273e-05,0.261893667067229,FALSE,-0.0282100828468845,0.0418242688287909,FALSE,FALSE,0.000378594595331763
"Tan et al (2026)","Tan et al (2026)",2085,-0.019919468298679,0.000155086848635236,0.216579212333635,FALSE,-0.0282100828468845,0.0418242688287909,FALSE,FALSE,0.000362161918107861
"Tan et al (2026)","Tan et al (2026)",2086,-0.0265840408383601,5.51632833186231e-05,0.179575570509562,FALSE,-0.0282100828468845,0.0418242688287909,FALSE,FALSE,0.00038262732299535
"Tan et al (2026)","Tan et al (2026)",2087,-0.00712496720508473,0.000174185681936945,0.288070077242619,FALSE,-0.0282100828468845,0.0418242688287909,FALSE,FALSE,0.000359090272963959
"Tan et al (2026)","Tan et al (2026)",2088,-0.0419461935249147,0.000174185681936945,0.0933260309090918,FALSE,-0.0282100828468845,0.0418242688287909,FALSE,FALSE,0.000359090272963958
"Tan et al (2026)","Tan et al (2026)",2089,-0.022735846648188,0.000488042947779405,0.199785749976981,FALSE,-0.0282100828468845,0.0418242688287909,FALSE,FALSE,0.00032178449569693
"Tan et al (2026)","Tan et al (2026)",2090,-0.0107420043271724,4.86641685726799e-05,0.268369927930089,FALSE,-0.0282100828468845,0.0418242688287909,FALSE,FALSE,0.000384439403250085
"Tan et al (2026)","Tan et al (2026)",2091,-0.00541635693212678,3.87641973872931e-05,0.298260601748537,FALSE,-0.0282100828468845,0.0418242688287909,FALSE,FALSE,0.000387440858194697
"Tan et al (2026)","Tan et al (2026)",2092,-0.0194230502954485,3.87641973872931e-05,0.219757029067583,FALSE,-0.0282100828468845,0.0418242688287909,FALSE,FALSE,0.0003874408581947
"Tan et al (2026)","Tan et al (2026)",2093,-0.0257716612581013,3.87641973872931e-05,0.184174852089624,FALSE,-0.0282100828468845,0.0418242688287909,FALSE,FALSE,0.000387440858194695
"Tang et al (2023)","Tang et al (2023)",2094,-0.342828254415394,0.0017921146953405,-1.55105903677278,FALSE,-0.0282100828468845,0.0418242688287909,TRUE,FALSE,0.000811316494124682
"Tang et al (2023)","Tang et al (2023)",2095,-0.0854770230269459,0.0017921146953405,-0.146134422071273,FALSE,-0.0282100828468845,0.0418242688287909,FALSE,FALSE,0.000811316494124686
"Tang et al (2023)","Tang et al (2023)",2096,-0.16669966120072,0.0017921146953405,-0.589542767256491,FALSE,-0.0282100828468845,0.0418242688287909,TRUE,FALSE,0.000811316494124683
"Tang et al (2023)","Tang et al (2023)",2097,-0.113425950783411,0.0017921146953405,-0.298712423535363,FALSE,-0.0282100828468845,0.0418242688287909,FALSE,FALSE,0.000811316494124683
"Tang et al (2023)","Tang et al (2023)",2098,-0.144358170400134,0.00657894736842105,-0.43739778280698,FALSE,-0.0282100828468845,0.0418242688287909,FALSE,FALSE,0.00011581621669584
"Tang et al (2023)","Tang et al (2023)",2099,-0.11540490271066,0.0017921146953405,-0.30951586231785,FALSE,-0.0282100828468845,0.0418242688287909,FALSE,FALSE,0.000811316494124681
"Tang et al (2023)","Tang et al (2023)",2100,-0.10955281564691,0.0017921146953405,-0.277568312974949,FALSE,-0.0282100828468845,0.0418242688287909,FALSE,FALSE,0.00081131649412468
"Tang et al (2023)","Tang et al (2023)",2101,-0.0941820522264692,0.0017921146953405,-0.193656672997074,FALSE,-0.0282100828468845,0.0418242688287909,FALSE,FALSE,0.000811316494124678
"Tang et al (2023)","Tang et al (2023)",2102,-0.0825496819683493,0.0017921146953405,-0.130153563978385,FALSE,-0.0282100828468845,0.0418242688287909,FALSE,FALSE,0.000811316494124678
"Tang et al (2023)","Tang et al (2023)",2103,-0.0809372856905407,0.00226757369614512,-0.120525379861735,FALSE,-0.0282100828468845,0.0418242688287909,FALSE,FALSE,0.000708223180911568
"Tang et al (2023)","Tang et al (2023)",2104,-0.0955532682549416,0.0017921146953405,-0.201142377029188,FALSE,-0.0282100828468845,0.0418242688287909,FALSE,FALSE,0.000811316494124678
"Tang et al (2023)","Tang et al (2023)",2105,-0.235716197631767,0.0105263157894737,-0.8603618744214,FALSE,-0.0282100828468845,0.0418242688287909,TRUE,FALSE,-0.000189637435332105
"Tang et al (2023)","Tang et al (2023)",2106,-0.0951222028002971,0.0017921146953405,-0.198789116605641,FALSE,-0.0282100828468845,0.0418242688287909,FALSE,FALSE,0.000811316494124678
"Temiz (2022)","Temiz (2022)",2107,-0.0801713250375897,0.000241021932995903,-0.120326242711218,FALSE,-0.0282100828468845,0.0418242688287909,FALSE,FALSE,0.000702756306218019
"Temiz (2022)","Temiz (2022)",2108,-0.0701146706543251,0.000241021932995903,-0.0641196388117705,FALSE,-0.0282100828468845,0.0418242688287909,FALSE,FALSE,0.00070275630621802
"Temiz (2022)","Temiz (2022)",2109,-0.100335347731076,0.000241021932995903,-0.233022890459026,FALSE,-0.0282100828468845,0.0418242688287909,FALSE,FALSE,0.000702756306218014
"Temiz (2022)","Temiz (2022)",2110,-0.0500417292784913,0.000241021932995903,0.0480679557908464,FALSE,-0.0282100828468845,0.0418242688287909,FALSE,FALSE,0.000702756306218019
"Temiz (2022)","Temiz (2022)",2111,-0.0510807519011432,0.000241021932995903,0.0422608622219212,FALSE,-0.0282100828468845,0.0418242688287909,FALSE,FALSE,0.000702756306218017
"Temiz (2022)","Temiz (2022)",2112,-0.0510807519011432,0.000241021932995903,0.0422608622219212,FALSE,-0.0282100828468845,0.0418242688287909,FALSE,FALSE,0.000702756306218015
"Temiz (2022)","Temiz (2022)",2113,-0.0510807519011432,0.000241021932995903,0.0422608622219212,FALSE,-0.0282100828468845,0.0418242688287909,FALSE,FALSE,0.000702756306218015
"Temiz (2022)","Temiz (2022)",2114,-0.0510807519011432,0.000241021932995903,0.0422608622219212,FALSE,-0.0282100828468845,0.0418242688287909,FALSE,FALSE,0.000702756306218017
"Trinh et al (2024)","Trinh et al (2024)",2115,-0.0309549205656312,0.00011568718186025,0.154955519147318,FALSE,-0.0282100828468845,0.0418242688287909,FALSE,FALSE,0.000128128732170993
"Trinh et al (2024)","Trinh et al (2024)",2116,-0.00792597457803049,0.000553403431101273,0.28189918199468,FALSE,-0.0282100828468845,0.0418242688287909,FALSE,FALSE,4.79332426335456e-05
"Trinh et al (2024)","Trinh et al (2024)",2117,-0.0398020855831568,0.000146327187591454,0.105392697789168,FALSE,-0.0282100828468845,0.0418242688287909,FALSE,FALSE,0.000119658746436034
"Trinh et al (2024)","Trinh et al (2024)",2118,-0.024205129806995,0.000119817876827223,0.192717740816888,FALSE,-0.0282100828468845,0.0418242688287909,FALSE,FALSE,0.000126926201605735
"Trinh et al (2024)","Trinh et al (2024)",2119,-0.0172351881048965,0.000575043128234618,0.230081288436213,FALSE,-0.0282100828468845,0.0418242688287909,FALSE,FALSE,4.51061053719464e-05
"Trinh et al (2024)","Trinh et al (2024)",2120,-0.0288614710965247,0.000151446312282296,0.16657786235509,FALSE,-0.0282100828468845,0.0418242688287909,FALSE,FALSE,0.000118333837653054
"Trinh et al (2024)","Trinh et al (2024)",2121,-0.0267746564707563,0.000116225011622501,0.178348578589907,FALSE,-0.0282100828468845,0.0418242688287909,FALSE,FALSE,0.00012797095533938
"Trinh et al (2024)","Trinh et al (2024)",2122,0.030423989031442,0.000559284116331096,0.495003853132314,FALSE,-0.0282100828468845,0.0418242688287909,FALSE,FALSE,4.71592292005746e-05
"Trinh et al (2024)","Trinh et al (2024)",2123,-0.0374363046693218,0.000146778218112432,0.118625336963468,FALSE,-0.0282100828468845,0.0418242688287909,FALSE,FALSE,0.000119541087038752
"Trinh et al (2024)","Trinh et al (2024)",2124,-0.0339015173140874,0.000120365912373616,0.138454946087895,FALSE,-0.0282100828468845,0.0418242688287909,FALSE,FALSE,0.000126768226575091
"Trinh et al (2024)","Trinh et al (2024)",2125,0.0357532809049121,0.00058173356602676,0.524438607264432,FALSE,-0.0282100828468845,0.0418242688287909,FALSE,FALSE,4.42435172664488e-05
"Trinh et al (2024)","Trinh et al (2024)",2126,-0.0879100703187674,0.000151860288534548,-0.163694425658193,FALSE,-0.0282100828468845,0.0418242688287909,FALSE,FALSE,0.000118227684447029
"Trinh et al (2024)","Trinh et al (2024)",2127,-0.0310203125906374,0.000162680982593135,0.154475751281152,FALSE,-0.0282100828468845,0.0418242688287909,FALSE,FALSE,0.000115502864817001
"Trinh et al (2024)","Trinh et al (2024)",2128,-0.0349553694783638,0.00016803898504453,0.132458853608031,FALSE,-0.0282100828468845,0.0418242688287909,FALSE,FALSE,0.00011418740052872
"Trinh et al (2024)","Trinh et al (2024)",2129,-0.0394793889813797,0.000163238654913484,0.107169567433518,FALSE,-0.0282100828468845,0.0418242688287909,FALSE,FALSE,0.000115364941946662
"Trinh et al (2024)","Trinh et al (2024)",2130,-0.0926426347506589,0.000168634064080944,-0.190113382691998,FALSE,-0.0282100828468845,0.0418242688287909,FALSE,FALSE,0.000114042611045283
"Trinh et al (2024)","Trinh et al (2024)",2131,-0.0177538056623513,0.000426985482493595,0.22772225621243,FALSE,-0.0282100828468845,0.0418242688287909,FALSE,FALSE,6.57609359846854e-05
"Trinh et al (2024)","Trinh et al (2024)",2132,0.0125802674567509,0.000445632798573975,0.396537519928753,FALSE,-0.0282100828468845,0.0418242688287909,FALSE,FALSE,6.29716704776131e-05
"Trinh et al (2024)","Trinh et al (2024)",2133,0.0156138846651046,0.000429553264604811,0.413530498722101,FALSE,-0.0282100828468845,0.0418242688287909,FALSE,FALSE,6.53731256117121e-05
"Trinh et al (2024)","Trinh et al (2024)",2134,0.0467928458203184,0.000448028673835125,0.586989968357975,FALSE,-0.0282100828468845,0.0418242688287909,FALSE,FALSE,6.26177474215574e-05
"Trinh et al (2024)","Trinh et al (2024)",2135,-0.0369719700459289,0.000200400801603206,0.12112139074418,FALSE,-0.0282100828468845,0.0418242688287909,FALSE,FALSE,0.000106655889777785
"Trinh et al (2024)","Trinh et al (2024)",2136,-0.038851651520917,0.000207598090097571,0.11060365570714,FALSE,-0.0282100828468845,0.0418242688287909,FALSE,FALSE,0.000105066432114875
"Trinh et al (2024)","Trinh et al (2024)",2137,-0.0438213628662983,0.000201126307320998,0.0828398678235232,FALSE,-0.0282100828468845,0.0418242688287909,FALSE,FALSE,0.000106494374120523
"Trinh et al (2024)","Trinh et al (2024)",2138,-0.103005317512508,0.000208420175072947,-0.247900864008282,FALSE,-0.0282100828468845,0.0418242688287909,FALSE,FALSE,0.000104886667269055
"Trinh et al (2024)","Trinh et al (2024)",2139,-0.0208468556245539,0.000922509225092251,0.208895138575254,FALSE,-0.0282100828468845,0.0418242688287909,FALSE,FALSE,5.84436309681478e-06
"Trinh et al (2024)","Trinh et al (2024)",2140,0.00135384625458895,0.000954198473282443,0.33142356575285,FALSE,-0.0282100828468845,0.0418242688287909,FALSE,FALSE,2.70613568215045e-06
"Trinh et al (2024)","Trinh et al (2024)",2141,0.00913622324869042,0.000936329588014981,0.374513405200428,FALSE,-0.0282100828468845,0.0418242688287909,FALSE,FALSE,4.4684021818985e-06
"Trinh et al (2024)","Trinh et al (2024)",2142,0.0245143027927392,0.000967117988394584,0.459263633600204,FALSE,-0.0282100828468845,0.0418242688287909,FALSE,FALSE,1.4435028030319e-06
"Trinh et al (2024)","Trinh et al (2024)",2143,0.0137245110093798,0.000246609124537608,0.404165043133216,FALSE,-0.0282100828468845,0.0418242688287909,FALSE,FALSE,9.68995119091205e-05
"Trinh et al (2024)","Trinh et al (2024)",2144,0.0140648798962274,0.000259000259000259,0.405986865381905,FALSE,-0.0282100828468845,0.0418242688287909,FALSE,FALSE,9.44450137129438e-05
"Trinh et al (2024)","Trinh et al (2024)",2145,0.0143829347600871,0.00024703557312253,0.407839486796317,FALSE,-0.0282100828468845,0.0418242688287909,FALSE,FALSE,9.68140100332607e-05
"Trinh et al (2024)","Trinh et al (2024)",2146,0.00605132926238932,0.000259336099585062,0.361239477082972,FALSE,-0.0282100828468845,0.0418242688287909,FALSE,FALSE,9.43793301871767e-05
"Trinh et al (2024)","Trinh et al (2024)",2147,-0.107679507028213,0.000227738556137554,-0.273936796782532,FALSE,-0.0282100828468845,0.0418242688287909,FALSE,FALSE,0.000100761215031702
"Trinh et al (2024)","Trinh et al (2024)",2148,-0.0501993518498814,0.000232774674115456,0.0471716709593799,FALSE,-0.0282100828468845,0.0418242688287909,FALSE,FALSE,9.97152078028949e-05
"Trinh et al (2024)","Trinh et al (2024)",2149,-0.108037345898692,0.000229252636405319,-0.275929206616053,FALSE,-0.0282100828468845,0.0418242688287909,FALSE,FALSE,0.000100445516066544
"Trinh et al (2024)","Trinh et al (2024)",2150,-0.109247872879958,0.00023441162681669,-0.282668426344694,FALSE,-0.0282100828468845,0.0418242688287909,FALSE,FALSE,9.9377688454197e-05
"Trinh et al (2024)","Trinh et al (2024)",2151,0.0270944352548463,0.000488519785051295,0.477024465106414,FALSE,-0.0282100828468845,0.0418242688287909,FALSE,FALSE,5.6779897315189e-05
"Trinh et al (2024)","Trinh et al (2024)",2152,0.0266939526419377,0.000518941359626362,0.474571592710594,FALSE,-0.0282100828468845,0.0418242688287909,FALSE,FALSE,5.25593839636703e-05
"Trinh et al (2024)","Trinh et al (2024)",2153,0.0259856920471499,0.000487567040468064,0.470862793226965,FALSE,-0.0282100828468845,0.0418242688287909,FALSE,FALSE,5.6914278949328e-05
"Trinh et al (2024)","Trinh et al (2024)",2154,0.0150466606849461,0.000517330574236937,0.409811181103358,FALSE,-0.0282100828468845,0.0418242688287909,FALSE,FALSE,5.27795310719667e-05
"Trinh et al (2024)","Trinh et al (2024)",2155,-0.0689019755112363,0.00043859649122807,-0.0571114687844793,FALSE,-0.0282100828468845,0.0418242688287909,FALSE,FALSE,6.40168716822569e-05
"Trinh et al (2024)","Trinh et al (2024)",2156,-0.0609468228486289,0.000448631673396142,-0.0128150001800997,FALSE,-0.0282100828468845,0.0418242688287909,FALSE,FALSE,6.25288271320743e-05
"Trinh et al (2024)","Trinh et al (2024)",2157,-0.15072494538875,0.000445632798573975,-0.512644517043218,FALSE,-0.0282100828468845,0.0418242688287909,FALSE,FALSE,6.29716704776112e-05
"Trinh et al (2024)","Trinh et al (2024)",2158,-0.152507058091254,0.000456204379562044,-0.522479573569386,FALSE,-0.0282100828468845,0.0418242688287909,FALSE,FALSE,6.14174082132279e-05
"Trinh et al (2024)","Trinh et al (2024)",2159,-0.0241708979418875,0.000170357751277683,0.192756147652984,FALSE,-0.0282100828468845,0.0418242688287909,FALSE,FALSE,0.000113624663937462
"Trinh et al (2024)","Trinh et al (2024)",2160,-0.0411449548755944,0.000177304964539007,0.097834031367011,FALSE,-0.0282100828468845,0.0418242688287909,FALSE,FALSE,0.000111961367964337
"Trinh et al (2024)","Trinh et al (2024)",2161,-0.0359248750964761,0.00017096939647803,0.127031790812999,FALSE,-0.0282100828468845,0.0418242688287909,FALSE,FALSE,0.000113476868884271
"Trinh et al (2024)","Trinh et al (2024)",2162,-0.0951491229386859,0.000177872643187478,-0.204098715071054,FALSE,-0.0282100828468845,0.0418242688287909,FALSE,FALSE,0.000111826918096148
"Trinh et al (2024)","Trinh et al (2024)",2163,-0.0157492062666959,0.000368867576540022,0.239102239946131,FALSE,-0.0282100828468845,0.0418242688287909,FALSE,FALSE,7.48865648323396e-05
"Trinh et al (2024)","Trinh et al (2024)",2164,0.0202006414294668,0.000378644452858766,0.439422397005067,FALSE,-0.0282100828468845,0.0418242688287909,FALSE,FALSE,7.33017847657439e-05
"Trinh et al (2024)","Trinh et al (2024)",2165,-0.000193124570939417,0.000371333085777943,0.325800543957999,FALSE,-0.0282100828468845,0.0418242688287909,FALSE,FALSE,7.44848904123764e-05
"Trinh et al (2024)","Trinh et al (2024)",2166,0.0102604872575895,0.00038109756097561,0.384008957973959,FALSE,-0.0282100828468845,0.0418242688287909,FALSE,FALSE,7.29074821684305e-05
"Trinh et al (2024)","Trinh et al (2024)",2167,-0.0417286501594565,0.000300210147102972,0.0943907974236703,FALSE,-0.0282100828468845,0.0418242688287909,FALSE,FALSE,8.66859014112427e-05
"Trinh et al (2024)","Trinh et al (2024)",2168,-0.126485272612176,0.000314070351758794,-0.378476736894417,FALSE,-0.0282100828468845,0.0418242688287909,FALSE,FALSE,8.42002261917939e-05
"Trinh et al (2024)","Trinh et al (2024)",2169,-0.0377999800864374,0.000299850074962519,0.116313822491813,FALSE,-0.0282100828468845,0.0418242688287909,FALSE,FALSE,8.67512516778086e-05
"Trinh et al (2024)","Trinh et al (2024)",2170,-0.126385890880046,0.000313577924114142,-0.377925239727497,FALSE,-0.0282100828468845,0.0418242688287909,FALSE,FALSE,8.42875625933993e-05
"Trinh et al (2024)","Trinh et al (2024)",2171,-0.0321059344736476,0.000634115409004439,0.147323038154558,FALSE,-0.0282100828468845,0.0418242688287909,FALSE,FALSE,3.76655720664149e-05
"Trinh et al (2024)","Trinh et al (2024)",2172,0.00562097043522613,0.000647249190938511,0.35667441192548,FALSE,-0.0282100828468845,0.0418242688287909,FALSE,FALSE,3.60623836990965e-05
"Trinh et al (2024)","Trinh et al (2024)",2173,-0.00622381127012074,0.00063653723742839,0.290985046916217,FALSE,-0.0282100828468845,0.0418242688287909,FALSE,FALSE,3.73686172298601e-05
"Trinh et al (2024)","Trinh et al (2024)",2174,0.00462199857647668,0.000649772579597141,0.351116498754975,FALSE,-0.0282100828468845,0.0418242688287909,FALSE,FALSE,3.57563720985374e-05
"Trinh et al (2024)","Trinh et al (2024)",2175,-0.0349700261148591,0.000128073770491803,0.132459586840512,FALSE,-0.0282100828468845,0.0418242688287909,FALSE,FALSE,0.00012458341030691
"Trinh et al (2024)","Trinh et al (2024)",2176,-0.0251379217987606,0.000132573246718812,0.187460171618266,FALSE,-0.0282100828468845,0.0418242688287909,FALSE,FALSE,0.000123338410365907
"Trinh et al (2024)","Trinh et al (2024)",2177,-0.0243341792878322,0.000128799587841319,0.191968444253619,FALSE,-0.0282100828468845,0.0418242688287909,FALSE,FALSE,0.000124381111479682
"Trinh et al (2024)","Trinh et al (2024)",2178,-0.0324081093671603,0.00013331555792561,0.146782298559908,FALSE,-0.0282100828468845,0.0418242688287909,FALSE,FALSE,0.000123135060990955
"Trinh et al (2024)","Trinh et al (2024)",2179,0.0201774415151572,0.00153609831029186,0.431571469214009,FALSE,-0.0282100828468845,0.0418242688287909,FALSE,FALSE,-4.66847313887864e-05
"Trinh et al (2024)","Trinh et al (2024)",2180,-0.0452938325874435,0.0016025641025641,0.0730433395563903,FALSE,-0.0282100828468845,0.0418242688287909,FALSE,FALSE,-5.1560493572655e-05
"Trinh et al (2024)","Trinh et al (2024)",2181,-0.0764735931918506,0.00152671755725191,-0.0976079114053605,FALSE,-0.0282100828468845,0.0418242688287909,FALSE,FALSE,-4.59862896602417e-05
"Trinh et al (2024)","Trinh et al (2024)",2182,-0.104119235352506,0.00159235668789809,-0.248742657904891,FALSE,-0.0282100828468845,0.0418242688287909,FALSE,FALSE,-5.08198495264323e-05
"Trinh et al (2024)","Trinh et al (2024)",2183,-0.0334889192201084,0.000117453605825699,0.140770271192396,FALSE,-0.0282100828468845,0.0418242688287909,FALSE,FALSE,0.000127611902157031
"Trinh et al (2024)","Trinh et al (2024)",2184,-0.0247165157852072,0.000121624908781318,0.18985059448291,FALSE,-0.0282100828468845,0.0418242688287909,FALSE,FALSE,0.000126406670626616
"Trinh et al (2024)","Trinh et al (2024)",2185,-0.0292939971492592,0.000118008024545669,0.164244779792265,FALSE,-0.0282100828468845,0.0418242688287909,FALSE,FALSE,0.000127450490578595
"Trinh et al (2024)","Trinh et al (2024)",2186,-0.0341573531455352,0.000122189638318671,0.137019373981896,FALSE,-0.0282100828468845,0.0418242688287909,FALSE,FALSE,0.000126245101806478
"Trinh et al (2024)","Trinh et al (2024)",2187,-0.00650642388626243,0.000403877221324717,0.29046355645467,FALSE,-0.0282100828468845,0.0418242688287909,FALSE,FALSE,6.93070582866807e-05
"Trinh et al (2024)","Trinh et al (2024)",2188,0.00889406311119722,0.000419639110365086,0.376167451153481,FALSE,-0.0282100828468845,0.0418242688287909,FALSE,FALSE,6.68772137170543e-05
"Trinh et al (2024)","Trinh et al (2024)",2189,-0.047395139662127,0.000329380764163373,0.0627431754351531,FALSE,-0.0282100828468845,0.0418242688287909,FALSE,FALSE,8.15190353273059e-05
"Trinh et al (2024)","Trinh et al (2024)",2190,-0.0429584268161877,0.000341180484476288,0.0874731922114345,FALSE,-0.0282100828468845,0.0418242688287909,FALSE,FALSE,7.94960824135767e-05
"Trinh et al (2024)","Trinh et al (2024)",2191,-0.0776936360279087,0.000118638035354135,-0.106609427641875,FALSE,-0.0282100828468845,0.0418242688287909,FALSE,FALSE,0.000127267531450636
"Trinh et al (2024)","Trinh et al (2024)",2192,-0.0774640589678339,0.000117938436136337,-0.105325879464238,FALSE,-0.0282100828468845,0.0418242688287909,FALSE,FALSE,0.000127470729448367
"Trinh et al (2024)","Trinh et al (2024)",2193,-0.0293651114973401,0.000118581762124985,0.163845331862884,FALSE,-0.0282100828468845,0.0418242688287909,FALSE,FALSE,0.000127283853740742
"Trinh et al (2024)","Trinh et al (2024)",2194,-0.0356998136366796,0.000117716303708064,0.128396970257554,FALSE,-0.0282100828468845,0.0418242688287909,FALSE,FALSE,0.000127535373757496
"Trinh et al (2024)","Trinh et al (2024)",2195,-0.0360170495046077,0.000119817876827223,0.126617479975862,FALSE,-0.0282100828468845,0.0418242688287909,FALSE,FALSE,0.000126926201605716
"Trinh et al (2024)","Trinh et al (2024)",2196,-0.0360170495046077,0.000119817876827223,0.126617479975862,FALSE,-0.0282100828468845,0.0418242688287909,FALSE,FALSE,0.000126926201605723
"Trinh et al (2024)","Trinh et al (2024)",2197,-0.0324832518692839,0.000119817876827223,0.146392838379417,FALSE,-0.0282100828468845,0.0418242688287909,FALSE,FALSE,0.000126926201605721
"Trinh et al (2024)","Trinh et al (2024)",2198,-0.0252610703307843,0.000119817876827223,0.186808629864399,FALSE,-0.0282100828468845,0.0418242688287909,FALSE,FALSE,0.000126926201605722
"Trinh et al (2024)","Trinh et al (2024)",2199,0.0162884219968149,7.85114234121065e-05,0.419597466265499,FALSE,-0.0282100828468845,0.0418242688287909,FALSE,FALSE,0.000140101542677304
"Trinh et al (2024)","Trinh et al (2024)",2200,0.0138976666094548,6.84603272403642e-05,0.406274848870111,FALSE,-0.0282100828468845,0.0418242688287909,FALSE,FALSE,0.000143806463698519
"Trinh et al (2024)","Trinh et al (2024)",2201,0.0189086719792087,8.81523272214386e-05,0.434203611257625,FALSE,-0.0282100828468845,0.0418242688287909,FALSE,FALSE,0.000136764355224214
"Trinh et al (2024)","Trinh et al (2024)",2202,0.0193480764968899,8.32986255726781e-05,0.436697516189973,FALSE,-0.0282100828468845,0.0418242688287909,FALSE,FALSE,0.000138420363106763
"Trinh et al (2024)","Trinh et al (2024)",2203,0.0171479906250744,7.52162467092892e-05,0.424433120145013,FALSE,-0.0282100828468845,0.0418242688287909,FALSE,FALSE,0.000141288639611215
"Trinh et al (2024)","Trinh et al (2024)",2204,0.000315259798839569,7.52162467092892e-05,0.330168857100752,FALSE,-0.0282100828468845,0.0418242688287909,FALSE,FALSE,0.000141288639611217
"Trinh et al (2024)","Trinh et al (2024)",2205,0.00670108536340507,9.00333123255605e-05,0.365843667224682,FALSE,-0.0282100828468845,0.0418242688287909,FALSE,FALSE,0.000136134868165514
"Trinh et al (2024)","Trinh et al (2024)",2206,0.0153209218343581,8.47314014573801e-05,0.41413870107191,FALSE,-0.0282100828468845,0.0418242688287909,FALSE,FALSE,0.000137926626170077
"Trinh et al (2024)","Trinh et al (2024)",2207,-0.0236115324382334,0.00011401208528104,0.196057469368406,FALSE,-0.0282100828468845,0.0418242688287909,FALSE,FALSE,0.000128622502060297
"Trinh et al (2024)","Trinh et al (2024)",2208,-0.027699587651615,0.000118694362017804,0.173165587563309,FALSE,-0.0282100828468845,0.0418242688287909,FALSE,FALSE,0.000127251197542367
"Trinh et al (2024)","Trinh et al (2024)",2209,-0.0763196962739488,0.000114481969089868,-0.0989273582818393,FALSE,-0.0282100828468845,0.0418242688287909,FALSE,FALSE,0.000128483629697688
"Trinh et al (2024)","Trinh et al (2024)",2210,-0.077860201169444,0.000119146908137734,-0.107540660791582,FALSE,-0.0282100828468845,0.0418242688287909,FALSE,FALSE,0.00012712010636536
"Trinh et al (2024)","Trinh et al (2024)",2211,-0.0272822359697675,0.000102354145342886,0.175546256549058,FALSE,-0.0282100828468845,0.0418242688287909,FALSE,FALSE,0.000132164524465067
"Trinh et al (2024)","Trinh et al (2024)",2212,-0.0198965786035969,0.00010126582278481,0.216892118674181,FALSE,-0.0282100828468845,0.0418242688287909,FALSE,FALSE,0.00013250525720352
"Trinh et al (2024)","Trinh et al (2024)",2213,-0.0334090389845548,0.000103092783505155,0.141249078358519,FALSE,-0.0282100828468845,0.0418242688287909,FALSE,FALSE,0.000131934301625763
"Trinh et al (2024)","Trinh et al (2024)",2214,-0.0720287602157045,0.000101978380583316,-0.0749284535471709,FALSE,-0.0282100828468845,0.0418242688287909,FALSE,FALSE,0.000132281963570408
"Trinh et al (2024)","Trinh et al (2024)",2215,-0.0242392576983999,0.00010126582278481,0.19258300862423,FALSE,-0.0282100828468845,0.0418242688287909,FALSE,FALSE,0.000132505257203519
"Trinh et al (2024)","Trinh et al (2024)",2216,-0.0213325855209296,0.00010126582278481,0.208853751246178,FALSE,-0.0282100828468845,0.0418242688287909,FALSE,FALSE,0.000132505257203517
"Trinh et al (2024)","Trinh et al (2024)",2217,-0.0720287602157045,0.000101978380583316,-0.0749284535471709,FALSE,-0.0282100828468845,0.0418242688287909,FALSE,FALSE,0.000132281963570409
"Trinh et al (2024)","Trinh et al (2024)",2218,-0.0720287602157045,0.000101978380583316,-0.0749284535471709,FALSE,-0.0282100828468845,0.0418242688287909,FALSE,FALSE,0.000132281963570415
"Truong, Kim (2019)","Truong, Kim (2019)",2219,-0.0420388986167248,0.000219298245614035,0.0927878451663976,FALSE,-0.0282100828468845,0.0418242688287909,FALSE,FALSE,0.0009626607762167
"Truong, Kim (2019)","Truong, Kim (2019)",2220,-0.0353772355334073,0.000219298245614035,0.130043864652512,FALSE,-0.0282100828468845,0.0418242688287909,FALSE,FALSE,0.000962660776216704
"Truong, Kim (2019)","Truong, Kim (2019)",2221,-0.0387082816902272,0.000219298245614035,0.111414654652623,FALSE,-0.0282100828468845,0.0418242688287909,FALSE,FALSE,0.000962660776216698
"Truong, Kim (2019)","Truong, Kim (2019)",2222,-0.0456251946485319,0.000219298245614035,0.0727311246188544,FALSE,-0.0282100828468845,0.0418242688287909,FALSE,FALSE,0.000962660776216703
"Truong, Kim (2019)","Truong, Kim (2019)",2223,-0.0481864783813178,0.000219298245614035,0.058406888243541,FALSE,-0.0282100828468845,0.0418242688287909,FALSE,FALSE,0.000962660776216702
"Wang & Wijethilake (2026)","Wang & Wijethilake (2026)",2224,-0.159334821945307,0.00192307692307692,-0.549172175135901,FALSE,-0.0282100828468845,0.0418242688287909,TRUE,FALSE,0.00143321840629719
"Wang & Wijethilake (2026)","Wang & Wijethilake (2026)",2225,0.0883921306148713,0.00192307692307692,0.801615468343081,FALSE,-0.0282100828468845,0.0418242688287909,FALSE,FALSE,0.00143321840629718
"Wang & Wijethilake (2026)","Wang & Wijethilake (2026)",2226,0.119260837217249,0.00306748466257669,0.953617031190509,FALSE,-0.0282100828468845,0.0418242688287909,TRUE,FALSE,0.00114504167904249
"Wang & Wijethilake (2026)","Wang & Wijethilake (2026)",2227,-0.153292494464352,0.00523560209424084,-0.492120897898664,FALSE,-0.0282100828468845,0.0418242688287909,FALSE,FALSE,0.000745260894958042
"Wang & Wijethilake (2026)","Wang & Wijethilake (2026)",2228,0.140900364634378,0.00318471337579618,1.06780016386959,FALSE,-0.0282100828468845,0.0418242688287909,TRUE,FALSE,0.0011193888953255
"Wang & Wijethilake (2026)","Wang & Wijethilake (2026)",2229,-0.158081045370677,0.005,-0.518694168569188,FALSE,-0.0282100828468845,0.0418242688287909,TRUE,FALSE,0.000782432209785074
"Wang & Wijethilake (2026)","Wang & Wijethilake (2026)",2230,-0.0929838095057866,0.00245700245700246,-0.185853296199033,FALSE,-0.0282100828468845,0.0418242688287909,FALSE,FALSE,0.00128916834483025
"Wang & Wijethilake (2026)","Wang & Wijethilake (2026)",2231,-0.167921103935756,0.00909090909090909,-0.540425334534895,FALSE,-0.0282100828468845,0.0418242688287909,TRUE,FALSE,0.000270190056170796
"Wang et al (2020)","Wang et al (2020)",2232,0.15625949779936,0.00232558139534884,1.16401097675859,FALSE,-0.0282100828468845,0.0418242688287909,TRUE,FALSE,0.000628042107627353
"Wang et al (2020)","Wang et al (2020)",2233,0.251150665669721,0.00232558139534884,1.67786627428616,FALSE,-0.0282100828468845,0.0418242688287909,TRUE,FALSE,0.000628042107627354
"Wang et al (2020)","Wang et al (2020)",2234,-0.158554055974021,0.00232558139534884,-0.540769520420416,FALSE,-0.0282100828468845,0.0418242688287909,TRUE,FALSE,0.00062804210762735
"Wang et al (2020)","Wang et al (2020)",2235,-0.158554055974021,0.00232558139534884,-0.540769520420416,FALSE,-0.0282100828468845,0.0418242688287909,TRUE,FALSE,0.000628042107627349
"Wang et al (2020)","Wang et al (2020)",2236,-0.158554055974021,0.00232558139534884,-0.540769520420416,FALSE,-0.0282100828468845,0.0418242688287909,TRUE,FALSE,0.000628042107627353
"Wang et al (2020)","Wang et al (2020)",2237,-0.158554055974021,0.00232558139534884,-0.540769520420416,FALSE,-0.0282100828468845,0.0418242688287909,TRUE,FALSE,0.000628042107627354
"Wang et al (2020)","Wang et al (2020)",2238,-0.192331802967185,0.00342465753424658,-0.712215810877804,FALSE,-0.0282100828468845,0.0418242688287909,TRUE,FALSE,0.000392451743433105
"Wang et al (2020)","Wang et al (2020)",2239,-0.192331802967185,0.00342465753424658,-0.712215810877804,FALSE,-0.0282100828468845,0.0418242688287909,TRUE,FALSE,0.000392451743433113
"Wang et al (2020)","Wang et al (2020)",2240,-0.192331802967185,0.00342465753424658,-0.712215810877804,FALSE,-0.0282100828468845,0.0418242688287909,TRUE,FALSE,0.00039245174343311
"Wang et al (2020)","Wang et al (2020)",2241,-0.192331802967185,0.00342465753424658,-0.712215810877804,FALSE,-0.0282100828468845,0.0418242688287909,TRUE,FALSE,0.000392451743433108
"Wang et al (2020)","Wang et al (2020)",2242,-0.103462940705631,0.00280112044817927,-0.240779045228755,FALSE,-0.0282100828468845,0.0418242688287909,FALSE,FALSE,0.000518915446970143
"Wang et al (2020)","Wang et al (2020)",2243,-0.173982061745209,0.00280112044817927,-0.619978907703398,FALSE,-0.0282100828468845,0.0418242688287909,TRUE,FALSE,0.000518915446970145
"Wang et al (2020)","Wang et al (2020)",2244,-0.173982061745209,0.00280112044817927,-0.619978907703398,FALSE,-0.0282100828468845,0.0418242688287909,TRUE,FALSE,0.000518915446970144
"Wang et al (2020)","Wang et al (2020)",2245,-0.136061323324503,0.00280112044817927,-0.416069122923208,FALSE,-0.0282100828468845,0.0418242688287909,FALSE,FALSE,0.000518915446970141
"Wang et al (2020)","Wang et al (2020)",2246,-0.204579880896047,0.00387596899224806,-0.772516918009611,FALSE,-0.0282100828468845,0.0418242688287909,TRUE,FALSE,0.000310286118400191
"Wang et al (2020)","Wang et al (2020)",2247,-0.204579880896047,0.00387596899224806,-0.772516918009611,FALSE,-0.0282100828468845,0.0418242688287909,TRUE,FALSE,0.000310286118400188
"Wang et al (2020)","Wang et al (2020)",2248,-0.204579880896047,0.00387596899224806,-0.772516918009611,FALSE,-0.0282100828468845,0.0418242688287909,TRUE,FALSE,0.000310286118400187
"Wang et al (2020)","Wang et al (2020)",2249,-0.204579880896047,0.00387596899224806,-0.772516918009611,FALSE,-0.0282100828468845,0.0418242688287909,TRUE,FALSE,0.000310286118400186
"Wang et al (2022a)","Wang et al (2022a)",2250,-0.0382877289739631,0.000296823983377857,0.11428760284269,FALSE,-0.0282100828468845,0.0418242688287909,FALSE,FALSE,0.00602254206081316
"Wang et al (2025a)","Wang et al (2025a)",2251,-0.283347035759509,2.89268151576511e-05,-1.2597909803836,FALSE,-0.0282100828468845,0.0418242688287909,TRUE,FALSE,0.000547611410721059
"Wang et al (2025a)","Wang et al (2025a)",2252,-0.0490503820193941,0.000318471337579618,0.0535567179421216,FALSE,-0.0282100828468845,0.0418242688287909,FALSE,FALSE,0.000430883400523247
"Wang et al (2025a)","Wang et al (2025a)",2253,-0.0465412015848761,0.000380083618396047,0.0674933422608586,FALSE,-0.0282100828468845,0.0418242688287909,FALSE,FALSE,0.000415282030319323
"Wang et al (2025a)","Wang et al (2025a)",2254,-0.00934256015699005,0.000364963503649635,0.27494521129129,FALSE,-0.0282100828468845,0.0418242688287909,FALSE,FALSE,0.000418986997833768
"Wang et al (2025a)","Wang et al (2025a)",2255,-0.0274372258271955,0.000342935528120713,0.174102193355973,FALSE,-0.0282100828468845,0.0418242688287909,FALSE,FALSE,0.000424523705338426
"Wang et al (2025a)","Wang et al (2025a)",2256,-0.0871036586967636,0.000318471337579618,-0.158800910341432,FALSE,-0.0282100828468845,0.0418242688287909,FALSE,FALSE,0.000430883400523245
"Wang et al (2025a)","Wang et al (2025a)",2257,-0.0514890601423054,0.000378931413414172,0.0399092577829049,FALSE,-0.0282100828468845,0.0418242688287909,FALSE,FALSE,0.000415561755399038
"Wang et al (2025a)","Wang et al (2025a)",2258,-0.0509415254941717,0.000318471337579618,0.0430031262908005,FALSE,-0.0282100828468845,0.0418242688287909,FALSE,FALSE,0.000430883400523242
"Wang et al (2025a)","Wang et al (2025a)",2259,-0.0934356350034391,0.000428449014567267,-0.193800195311883,FALSE,-0.0282100828468845,0.0418242688287909,FALSE,FALSE,0.000403898587646261
"Wang et al (2025a)","Wang et al (2025a)",2260,-0.040171339863895,0.000350262697022767,0.103054577716006,FALSE,-0.0282100828468845,0.0418242688287909,FALSE,FALSE,0.000422662973070542
"Wang et al (2025a)","Wang et al (2025a)",2261,-0.0474597293598642,0.000319386777387416,0.0624325023862825,FALSE,-0.0282100828468845,0.0418242688287909,FALSE,FALSE,0.000430641159704773
"Wang et al (2025a)","Wang et al (2025a)",2262,-0.0555928409817476,0.000319693094629156,0.0170459657877279,FALSE,-0.0282100828468845,0.0418242688287909,FALSE,FALSE,0.000430560179622495
"Wang et al (2025a)","Wang et al (2025a)",2263,-0.0433401066605137,0.000366837857666911,0.0853576546949398,FALSE,-0.0282100828468845,0.0418242688287909,FALSE,FALSE,0.000418523629622139
"Wang et al (2025a)","Wang et al (2025a)",2264,0.00529095097633346,0.000318572793883402,0.356809834931655,FALSE,-0.0282100828468845,0.0418242688287909,FALSE,FALSE,0.000430856536535093
"Wang et al (2025a)","Wang et al (2025a)",2265,-0.0462338751920894,0.000325520833333333,0.0692665792679206,FALSE,-0.0282100828468845,0.0418242688287909,FALSE,FALSE,0.000429026760858769
"Wang et al (2025a)","Wang et al (2025a)",2266,-0.0504239146614585,0.000357909806728704,0.0458629388045827,FALSE,-0.0282100828468845,0.0418242688287909,FALSE,FALSE,0.000420741446365157
"Wang et al (2025a)","Wang et al (2025a)",2267,-0.12657301496656,0.00128369704749679,-0.373430567311086,FALSE,-0.0282100828468845,0.0418242688287909,FALSE,FALSE,0.000261718714424285
"Wang et al (2025a)","Wang et al (2025a)",2268,-0.0322554400300783,0.000424088210347752,0.147035764888986,FALSE,-0.0282100828468845,0.0418242688287909,FALSE,FALSE,0.000404897772118156
"Wang et al (2025a)","Wang et al (2025a)",2269,-0.0556268570192462,0.000643086816720257,0.0167699986834537,FALSE,-0.0282100828468845,0.0418242688287909,FALSE,FALSE,0.000359830282885187
"Wang et al (2025a)","Wang et al (2025a)",2270,-0.0381274297799959,0.000632911392405063,0.113947580540946,FALSE,-0.0282100828468845,0.0418242688287909,FALSE,FALSE,0.000361732868876082
"Wang et al (2025a)","Wang et al (2025a)",2271,-0.105878053591776,0.00540540540540541,-0.244780351587393,FALSE,-0.0282100828468845,0.0418242688287909,FALSE,FALSE,-5.71289866529352e-05
"Wang et al (2025a)","Wang et al (2025a)",2272,-0.0327596840288692,0.000338753387533875,0.14442109355828,FALSE,-0.0282100828468845,0.0418242688287909,FALSE,FALSE,0.000425594590856947
"Wang et al (2025a)","Wang et al (2025a)",2273,-0.017809779372484,0.000685400959561343,0.226586653959982,FALSE,-0.0282100828468845,0.0418242688287909,FALSE,FALSE,0.000352078855329908
"Wang et al (2025a)","Wang et al (2025a)",2274,-0.0654598463772506,0.000599161174355902,-0.0378501093886865,FALSE,-0.0282100828468845,0.0418242688287909,FALSE,FALSE,0.000368157648925705
"Wang et al (2025b)","Wang et al (2025b)",2275,-0.186119730239922,0.00263852242744063,-0.686754663214244,FALSE,-0.0282100828468845,0.0418242688287909,TRUE,FALSE,0.000638659968433868
"Wang et al (2025b)","Wang et al (2025b)",2276,-0.171936478895636,0.00263852242744063,-0.610297791824997,FALSE,-0.0282100828468845,0.0418242688287909,TRUE,FALSE,0.000638659968433867
"Wang et al (2025b)","Wang et al (2025b)",2277,-0.219340529601453,0.00263852242744063,-0.865836195549631,FALSE,-0.0282100828468845,0.0418242688287909,TRUE,FALSE,0.000638659968433867
"Wang et al (2025b)","Wang et al (2025b)",2278,-0.174533519085288,0.00263852242744063,-0.624297513253675,FALSE,-0.0282100828468845,0.0418242688287909,TRUE,FALSE,0.000638659968433872
"Wang et al (2025b)","Wang et al (2025b)",2279,-0.220191382304591,0.00263852242744063,-0.870422840326336,FALSE,-0.0282100828468845,0.0418242688287909,TRUE,FALSE,0.000638659968433873
"Wang et al (2025b)","Wang et al (2025b)",2280,-0.173093485102857,0.00263852242744063,-0.616534801424183,FALSE,-0.0282100828468845,0.0418242688287909,TRUE,FALSE,0.000638659968433868
"Wang et al (2025b)","Wang et al (2025b)",2281,-0.181488584758064,0.00263852242744063,-0.661789802485468,FALSE,-0.0282100828468845,0.0418242688287909,TRUE,FALSE,0.000638659968433871
"Wang et al (2025b)","Wang et al (2025b)",2282,-0.0975229291900731,0.00263852242744063,-0.209160770323372,FALSE,-0.0282100828468845,0.0418242688287909,FALSE,FALSE,0.000638659968433872
"Wang et al (2025b)","Wang et al (2025b)",2283,-0.138038898578943,0.00263852242744063,-0.4275679736917,FALSE,-0.0282100828468845,0.0418242688287909,FALSE,FALSE,0.000638659968433869
"Wang et al (2025b)","Wang et al (2025b)",2284,-0.190612102753811,0.00265957446808511,-0.710753880497427,FALSE,-0.0282100828468845,0.0418242688287909,TRUE,FALSE,0.000634144210501627
"Wang et al (2025b)","Wang et al (2025b)",2285,-0.223048126462263,0.00265957446808511,-0.885550731057315,FALSE,-0.0282100828468845,0.0418242688287909,TRUE,FALSE,0.000634144210501628
"Wang et al (2025b)","Wang et al (2025b)",2286,0.0908725432935076,0.00840336134453781,0.745302783075559,FALSE,-0.0282100828468845,0.0418242688287909,FALSE,FALSE,-0.00014422220568653
"Wang et al (2025b)","Wang et al (2025b)",2287,-0.26537300899183,0.00840336134453781,-1.03066588951148,FALSE,-0.0282100828468845,0.0418242688287909,TRUE,FALSE,-0.000144222205686535
"Wang et al (2025b)","Wang et al (2025b)",2288,-0.172762935245319,0.00263852242744063,-0.614752924523605,FALSE,-0.0282100828468845,0.0418242688287909,TRUE,FALSE,0.000638659968433869
"Wang et al (2025b)","Wang et al (2025b)",2289,-0.218002179106208,0.00263852242744063,-0.858621623290788,FALSE,-0.0282100828468845,0.0418242688287909,TRUE,FALSE,0.000638659968433869
"Wang et al (2025b)","Wang et al (2025b)",2290,-0.219015220216798,0.00263852242744063,-0.864082568177419,FALSE,-0.0282100828468845,0.0418242688287909,TRUE,FALSE,0.00063865996843387
"Wu et al (2020)","Wu et al (2020)",2291,-0.0979943304633728,0.00196078431372549,-0.214129867660376,FALSE,-0.0282100828468845,0.0418242688287909,FALSE,FALSE,0.00110793126728958
"Wu et al (2020)","Wu et al (2020)",2292,-0.0908901592903552,0.00196078431372549,-0.175430795395317,FALSE,-0.0282100828468845,0.0418242688287909,FALSE,FALSE,0.00110793126728958
"Wu et al (2020)","Wu et al (2020)",2293,-0.132068971544558,0.00444444444444444,-0.385676020572149,FALSE,-0.0282100828468845,0.0418242688287909,FALSE,FALSE,0.000547732916485257
"Wu et al (2020)","Wu et al (2020)",2294,-0.111032438926943,0.00444444444444444,-0.275144460586086,FALSE,-0.0282100828468845,0.0418242688287909,FALSE,FALSE,0.000547732916485261
"Wu et al (2020)","Wu et al (2020)",2295,-0.0543699211931051,0.00357142857142857,0.0228863861509773,FALSE,-0.0282100828468845,0.0418242688287909,FALSE,FALSE,0.000713929808624776
"Wu et al (2020)","Wu et al (2020)",2296,0.00806728940015711,0.00357142857142857,0.355029279182253,FALSE,-0.0282100828468845,0.0418242688287909,FALSE,FALSE,0.000713929808624775
"Wu et al (2020)","Wu et al (2020)",2297,-0.120787009599451,0.00440528634361234,-0.326575129979023,FALSE,-0.0282100828468845,0.0418242688287909,FALSE,FALSE,0.000554675133879168
"Wu et al (2020)","Wu et al (2020)",2298,-0.125248557736906,0.00440528634361234,-0.35003013670504,FALSE,-0.0282100828468845,0.0418242688287909,FALSE,FALSE,0.000554675133879166
"Wu et al (2020)","Wu et al (2020)",2299,-0.16726592634743,0.00347222222222222,-0.578499248669694,FALSE,-0.0282100828468845,0.0418242688287909,TRUE,FALSE,0.00073449787154044
"Wu et al (2020)","Wu et al (2020)",2300,-0.0983248371571758,0.00347222222222222,-0.211234818783782,FALSE,-0.0282100828468845,0.0418242688287909,FALSE,FALSE,0.000734497871540441
"Wu et al (2020)","Wu et al (2020)",2301,-0.031954373869363,0.0045662100456621,0.140110739533167,FALSE,-0.0282100828468845,0.0418242688287909,FALSE,FALSE,0.000526421708390557
"Wu et al (2020)","Wu et al (2020)",2302,-0.0967935497252166,0.0045662100456621,-0.199993308149116,FALSE,-0.0282100828468845,0.0418242688287909,FALSE,FALSE,0.00052642170839056
"Xiang & Gong (2026)","Xiang & Gong (2026)",2303,-0.381416673003527,0.000274574409665019,-1.80295756754503,FALSE,-0.0282100828468845,0.0418242688287909,TRUE,FALSE,0.000767947224644986
"Xiang & Gong (2026)","Xiang & Gong (2026)",2304,-0.148749133477031,0.000274800769442154,-0.5031595192397,FALSE,-0.0282100828468845,0.0418242688287909,FALSE,FALSE,0.000767888730459532
"Xiang & Gong (2026)","Xiang & Gong (2026)",2305,-0.0956304323373672,0.000274800769442154,-0.206413178260533,FALSE,-0.0282100828468845,0.0418242688287909,FALSE,FALSE,0.000767888730459538
"Xiang & Gong (2026)","Xiang & Gong (2026)",2306,-0.0652406396707437,0.000274800769442154,-0.0366413355111204,FALSE,-0.0282100828468845,0.0418242688287909,FALSE,FALSE,0.00076788873045954
"Xiang & Gong (2026)","Xiang & Gong (2026)",2307,-0.0430694293818095,0.000274800769442154,0.0872175952828065,FALSE,-0.0282100828468845,0.0418242688287909,FALSE,FALSE,0.000767888730459538
"Xiang & Gong (2026)","Xiang & Gong (2026)",2308,-0.032968898128494,0.000274800769442154,0.143643969178629,FALSE,-0.0282100828468845,0.0418242688287909,FALSE,FALSE,0.000767888730459539
"Xiang & Gong (2026)","Xiang & Gong (2026)",2309,-0.0693738426731345,0.000274800769442154,-0.0597313742577141,FALSE,-0.0282100828468845,0.0418242688287909,FALSE,FALSE,0.000767888730459536
"Xiang & Gong (2026)","Xiang & Gong (2026)",2310,-0.0914285812484336,0.000275330396475771,-0.182938135637951,FALSE,-0.0282100828468845,0.0418242688287909,FALSE,FALSE,0.000767751956421849
"Xiang & Gong (2026)","Xiang & Gong (2026)",2311,-0.0817660766225632,0.000274800769442154,-0.128960289915535,FALSE,-0.0282100828468845,0.0418242688287909,FALSE,FALSE,0.000767888730459534
"Xiang & Gong (2026)","Xiang & Gong (2026)",2312,-0.0700032959817877,0.000360880548538434,-0.0631667956226867,FALSE,-0.0282100828468845,0.0418242688287909,FALSE,FALSE,0.000747071498519302
"Xiang & Gong (2026)","Xiang & Gong (2026)",2313,-0.0498066927256501,0.000276090557702927,0.0495789404718158,FALSE,-0.0282100828468845,0.0418242688287909,FALSE,FALSE,0.00076755586321772
"Xiang & Gong (2026)","Xiang & Gong (2026)",2314,-0.103050402186542,0.000274800769442154,-0.247864660613783,FALSE,-0.0282100828468845,0.0418242688287909,FALSE,FALSE,0.000767888730459535
"Yang et al (2024)","Yang et al (2024)",2315,-0.0391278491257042,0.000302846759539673,0.108924355858338,FALSE,-0.0282100828468845,0.0418242688287909,FALSE,FALSE,0.000428038873898492
"Yang et al (2024)","Yang et al (2024)",2316,-0.0565023578826639,0.000302846759539673,0.011942028089436,FALSE,-0.0282100828468845,0.0418242688287909,FALSE,FALSE,0.000428038873898487
"Yang et al (2024)","Yang et al (2024)",2317,-0.0550550606500386,0.000302846759539673,0.0200206596385015,FALSE,-0.0282100828468845,0.0418242688287909,FALSE,FALSE,0.000428038873898491
"Yang et al (2024)","Yang et al (2024)",2318,-0.0463689630085962,0.000302846759539673,0.0685053667619546,FALSE,-0.0282100828468845,0.0418242688287909,FALSE,FALSE,0.000428038873898493
"Yang et al (2024)","Yang et al (2024)",2319,-0.0387322572085762,0.000375657400450789,0.111005635872874,FALSE,-0.0282100828468845,0.0418242688287909,FALSE,FALSE,0.000408232686028742
"Yang et al (2024)","Yang et al (2024)",2320,-0.050343256823005,0.000375657400450789,0.0462691688362989,FALSE,-0.0282100828468845,0.0418242688287909,FALSE,FALSE,0.000408232686028741
"Yang et al (2024)","Yang et al (2024)",2321,-0.0155067235444581,0.00194174757281553,0.234810398786917,FALSE,-0.0282100828468845,0.0418242688287909,FALSE,FALSE,0.000165546457576009
"Yang et al (2024)","Yang et al (2024)",2322,-0.034089443308184,0.000359195402298851,0.136926751045793,FALSE,-0.0282100828468845,0.0418242688287909,FALSE,FALSE,0.000412530657372791
"Yang et al (2024)","Yang et al (2024)",2323,-0.0490831510808557,0.000603864734299517,0.0531071674698967,FALSE,-0.0282100828468845,0.0418242688287909,FALSE,FALSE,0.000356297186237569
"Yang et al (2024)","Yang et al (2024)",2324,-0.0287522633648732,0.000608642726719416,0.166042838669825,FALSE,-0.0282100828468845,0.0418242688287909,FALSE,FALSE,0.000355328020802213
"Yang et al (2024)","Yang et al (2024)",2325,-0.044341679713896,0.000302846759539673,0.0798214077342368,FALSE,-0.0282100828468845,0.0418242688287909,FALSE,FALSE,0.000428038873898489
"Yang et al (2024)","Yang et al (2024)",2326,-0.0512458409918042,0.000302846759539673,0.0412832457988528,FALSE,-0.0282100828468845,0.0418242688287909,FALSE,FALSE,0.00042803887389849
"Yang et al (2024)","Yang et al (2024)",2327,-0.0321075776307031,0.000302846759539673,0.148110630456298,FALSE,-0.0282100828468845,0.0418242688287909,FALSE,FALSE,0.000428038873898488
"Yang et al (2024)","Yang et al (2024)",2328,-0.0215676230349387,0.000302846759539673,0.206943334481171,FALSE,-0.0282100828468845,0.0418242688287909,FALSE,FALSE,0.000428038873898487
"Yang et al (2024)","Yang et al (2024)",2329,-0.038258770171604,0.000302846759539673,0.113775445530145,FALSE,-0.0282100828468845,0.0418242688287909,FALSE,FALSE,0.000428038873898488
"Yang et al (2024)","Yang et al (2024)",2330,-0.0651835537365831,0.000302846759539673,-0.0365153178711274,FALSE,-0.0282100828468845,0.0418242688287909,FALSE,FALSE,0.000428038873898488
"Yang et al (2024)","Yang et al (2024)",2331,-0.0546415258616963,0.000302846759539673,0.0223289589376564,FALSE,-0.0282100828468845,0.0418242688287909,FALSE,FALSE,0.000428038873898489
"Yang et al (2024)","Yang et al (2024)",2332,-0.0550550606500386,0.000302846759539673,0.0200206596385015,FALSE,-0.0282100828468845,0.0418242688287909,FALSE,FALSE,0.000428038873898491
"Yang et al (2024)","Yang et al (2024)",2333,-0.0552973252436206,0.000681663258350375,0.0185627614657062,FALSE,-0.0282100828468845,0.0418242688287909,FALSE,FALSE,0.000340975276312519
"Yang et al (2024)","Yang et al (2024)",2334,-0.0693665637201438,0.000684462696783025,-0.0595012738246967,FALSE,-0.0282100828468845,0.0418242688287909,FALSE,FALSE,0.000340441164026925
"Yang et al (2024)","Yang et al (2024)",2335,-0.0533444081157948,0.000691085003455425,0.0293947999045766,FALSE,-0.0282100828468845,0.0418242688287909,FALSE,FALSE,0.000339182144118483
"Yang et al (2024)","Yang et al (2024)",2336,-0.0851432849301639,0.000655307994757536,-0.14710567994093,FALSE,-0.0282100828468845,0.0418242688287909,FALSE,FALSE,0.000346060098310661
"Yang et al (2024)","Yang et al (2024)",2337,-0.0444580488022263,0.000482392667631452,0.0789504650314945,FALSE,-0.0282100828468845,0.0418242688287909,FALSE,FALSE,0.000382395516370817
"Yang et al (2024)","Yang et al (2024)",2338,-0.0483029822860087,0.000470809792843691,0.0575596005972882,FALSE,-0.0282100828468845,0.0418242688287909,FALSE,FALSE,0.000385050026737494
"Yilmaz (2022)","Yilmaz (2022)",2339,-0.21840781899612,6.61288189392937e-05,-0.898237399147941,FALSE,-0.0282100828468845,0.0418242688287909,TRUE,FALSE,0.00211171716482642
"Yilmaz (2022)","Yilmaz (2022)",2340,-0.0705974879281974,6.61288189392937e-05,-0.0682582879713464,FALSE,-0.0282100828468845,0.0418242688287909,FALSE,FALSE,0.00211171716482642
"Yilmaz (2022)","Yilmaz (2022)",2341,0.0167193776291176,6.61288189392937e-05,0.422040150185079,FALSE,-0.0282100828468845,0.0418242688287909,FALSE,FALSE,0.00211171716482642
"Yilmaz (2022)","Yilmaz (2022)",2342,0.388723024436646,6.61288189392937e-05,2.51090128662271,FALSE,-0.0282100828468845,0.0418242688287909,TRUE,FALSE,0.00211171716482642
"Zhang et al (2023)","Zhang et al (2023)",2343,-0.00677215593474102,3.18319274232055e-05,0.290666912258305,FALSE,-0.0282100828468845,0.0418242688287909,FALSE,FALSE,9.56924421711022e-05
"Zhang et al (2023)","Zhang et al (2023)",2344,-0.0122432701992994,3.18319274232055e-05,0.260008922226494,FALSE,-0.0282100828468845,0.0418242688287909,FALSE,FALSE,9.56924421710983e-05
"Zhang et al (2023)","Zhang et al (2023)",2345,-0.0145324524497886,3.18319274232055e-05,0.24718123791525,FALSE,-0.0282100828468845,0.0418242688287909,FALSE,FALSE,9.56924421711097e-05
"Zhang et al (2023)","Zhang et al (2023)",2346,-0.0145324524497886,3.18319274232055e-05,0.24718123791525,FALSE,-0.0282100828468845,0.0418242688287909,FALSE,FALSE,9.56924421710978e-05
"Zhang et al (2023)","Zhang et al (2023)",2347,-0.00328825169045413,3.18319274232055e-05,0.310189352556259,FALSE,-0.0282100828468845,0.0418242688287909,FALSE,FALSE,9.56924421711127e-05
"Zhang et al (2023)","Zhang et al (2023)",2348,-0.00756424688315822,3.18319274232055e-05,0.286228343581687,FALSE,-0.0282100828468845,0.0418242688287909,FALSE,FALSE,9.56924421710917e-05
"Zhang et al (2023)","Zhang et al (2023)",2349,-0.00854224316154507,3.18319274232055e-05,0.280748033958442,FALSE,-0.0282100828468845,0.0418242688287909,FALSE,FALSE,9.56924421711011e-05
"Zhang et al (2023)","Zhang et al (2023)",2350,-0.00956509067642047,3.18319274232055e-05,0.275016395502589,FALSE,-0.0282100828468845,0.0418242688287909,FALSE,FALSE,9.56924421711006e-05
"Zhang et al (2023)","Zhang et al (2023)",2351,-0.0145324524497886,3.18319274232055e-05,0.24718123791525,FALSE,-0.0282100828468845,0.0418242688287909,FALSE,FALSE,9.56924421711004e-05
"Zhang et al (2023)","Zhang et al (2023)",2352,-0.0402339258847279,3.18319274232055e-05,0.103160207048548,FALSE,-0.0282100828468845,0.0418242688287909,FALSE,FALSE,9.5692442171099e-05
"Zhang et al (2023)","Zhang et al (2023)",2353,-0.0402339258847279,3.18319274232055e-05,0.103160207048548,FALSE,-0.0282100828468845,0.0418242688287909,FALSE,FALSE,9.56924421710879e-05
"Zhang et al (2023)","Zhang et al (2023)",2354,-0.0402339258847279,3.18319274232055e-05,0.103160207048548,FALSE,-0.0282100828468845,0.0418242688287909,FALSE,FALSE,9.56924421711001e-05
"Zhang et al (2023)","Zhang et al (2023)",2355,-0.000566622415178674,3.18319274232055e-05,0.325440301294837,FALSE,-0.0282100828468845,0.0418242688287909,FALSE,FALSE,9.56924421710865e-05
"Zhang et al (2023)","Zhang et al (2023)",2356,-0.00217388435200418,3.18319274232055e-05,0.316433832401122,FALSE,-0.0282100828468845,0.0418242688287909,FALSE,FALSE,9.56924421710936e-05
"Zhang et al (2023)","Zhang et al (2023)",2357,-0.00271778632004289,3.18319274232055e-05,0.313386017950886,FALSE,-0.0282100828468845,0.0418242688287909,FALSE,FALSE,9.56924421711018e-05
"Zhang et al (2023)","Zhang et al (2023)",2358,-0.00287771123435738,3.18319274232055e-05,0.31248986111851,FALSE,-0.0282100828468845,0.0418242688287909,FALSE,FALSE,9.56924421710961e-05
"Zhang et al (2023)","Zhang et al (2023)",2359,0.00209792155498231,3.18319274232055e-05,0.340371366252792,FALSE,-0.0282100828468845,0.0418242688287909,FALSE,FALSE,9.56924421710901e-05
"Zhang et al (2023)","Zhang et al (2023)",2360,-0.00303998296854634,3.18319274232055e-05,0.311580553623063,FALSE,-0.0282100828468845,0.0418242688287909,FALSE,FALSE,9.56924421710903e-05
"Zhang et al (2023)","Zhang et al (2023)",2361,-0.00389455787326251,3.18319274232055e-05,0.306791849230625,FALSE,-0.0282100828468845,0.0418242688287909,FALSE,FALSE,9.56924421710997e-05
"Zhang et al (2023)","Zhang et al (2023)",2362,-0.00426187261555815,3.18319274232055e-05,0.304733560705966,FALSE,-0.0282100828468845,0.0418242688287909,FALSE,FALSE,9.56924421710964e-05
"Zhang et al (2023)","Zhang et al (2023)",2363,0.00337241910922619,3.18319274232055e-05,0.347513153359432,FALSE,-0.0282100828468845,0.0418242688287909,FALSE,FALSE,9.56924421711009e-05
"Zhang et al (2023)","Zhang et al (2023)",2364,0.00435653147258362,3.18319274232055e-05,0.353027735136939,FALSE,-0.0282100828468845,0.0418242688287909,FALSE,FALSE,9.56924421711004e-05
"Zhang et al (2023)","Zhang et al (2023)",2365,0.00464821400950852,3.18319274232055e-05,0.354662210287171,FALSE,-0.0282100828468845,0.0418242688287909,FALSE,FALSE,9.56924421711037e-05
"Zhang et al (2023)","Zhang et al (2023)",2366,0.00464821400950852,3.18319274232055e-05,0.354662210287171,FALSE,-0.0282100828468845,0.0418242688287909,FALSE,FALSE,9.56924421710963e-05
"Zhang et al (2023)","Zhang et al (2023)",2367,-0.0402339258847279,3.18319274232055e-05,0.103160207048548,FALSE,-0.0282100828468845,0.0418242688287909,FALSE,FALSE,9.56924421711094e-05
"Zhang et al (2023)","Zhang et al (2023)",2368,-0.0402339258847279,3.18319274232055e-05,0.103160207048548,FALSE,-0.0282100828468845,0.0418242688287909,FALSE,FALSE,9.56924421711039e-05
"Zhang et al (2023)","Zhang et al (2023)",2369,-0.0131248721125724,3.18319274232055e-05,0.255068769021463,FALSE,-0.0282100828468845,0.0418242688287909,FALSE,FALSE,9.56924421711026e-05
"Zhang et al (2023)","Zhang et al (2023)",2370,-0.0402339258847279,3.18319274232055e-05,0.103160207048548,FALSE,-0.0282100828468845,0.0418242688287909,FALSE,FALSE,9.56924421711059e-05
"Zhang et al (2023)","Zhang et al (2023)",2371,-0.0131248721125724,3.18319274232055e-05,0.255068769021463,FALSE,-0.0282100828468845,0.0418242688287909,FALSE,FALSE,9.5692442171106e-05
"Zhang et al (2023)","Zhang et al (2023)",2372,-0.011057748403187,3.18319274232055e-05,0.266652123894416,FALSE,-0.0282100828468845,0.0418242688287909,FALSE,FALSE,9.56924421710975e-05
"Zhang et al (2023)","Zhang et al (2023)",2373,-0.0402339258847279,3.18319274232055e-05,0.103160207048548,FALSE,-0.0282100828468845,0.0418242688287909,FALSE,FALSE,9.56924421710959e-05
"Zhang et al (2023)","Zhang et al (2023)",2374,-0.0402339258847279,3.18319274232055e-05,0.103160207048548,FALSE,-0.0282100828468845,0.0418242688287909,FALSE,FALSE,9.56924421710976e-05
"Zhang et al (2023)","Zhang et al (2023)",2375,-0.0402339258847279,3.18319274232055e-05,0.103160207048548,FALSE,-0.0282100828468845,0.0418242688287909,FALSE,FALSE,9.56924421710945e-05
"Zhang et al (2023)","Zhang et al (2023)",2376,-0.00901667451118525,3.18319274232055e-05,0.278089505752905,FALSE,-0.0282100828468845,0.0418242688287909,FALSE,FALSE,9.56924421710996e-05
"Zhang et al (2023)","Zhang et al (2023)",2377,-0.00901667451118525,3.18319274232055e-05,0.278089505752905,FALSE,-0.0282100828468845,0.0418242688287909,FALSE,FALSE,9.56924421711067e-05
"Zhang et al (2023)","Zhang et al (2023)",2378,-0.00854224316154507,3.18319274232055e-05,0.280748033958442,FALSE,-0.0282100828468845,0.0418242688287909,FALSE,FALSE,9.56924421711041e-05
"Zhang et al (2023)","Zhang et al (2023)",2379,-0.00691979821774868,3.18319274232055e-05,0.289839582500262,FALSE,-0.0282100828468845,0.0418242688287909,FALSE,FALSE,9.56924421710907e-05
"Zhang et al (2023)","Zhang et al (2023)",2380,-0.00812152787083082,3.18319274232055e-05,0.28310555832464,FALSE,-0.0282100828468845,0.0418242688287909,FALSE,FALSE,9.56924421711045e-05
"Zhang et al (2023)","Zhang et al (2023)",2381,-0.00812152787083082,3.18319274232055e-05,0.28310555832464,FALSE,-0.0282100828468845,0.0418242688287909,FALSE,FALSE,9.56924421710976e-05
"Zhang et al (2023)","Zhang et al (2023)",2382,0.00328825169045413,3.18319274232055e-05,0.34704151197873,FALSE,-0.0282100828468845,0.0418242688287909,FALSE,FALSE,9.56924421711033e-05
"Zhang et al (2023)","Zhang et al (2023)",2383,0.00303998296854634,3.18319274232055e-05,0.345650310911926,FALSE,-0.0282100828468845,0.0418242688287909,FALSE,FALSE,9.56924421710944e-05
"Zhang et al (2023)","Zhang et al (2023)",2384,0.00303998296854634,3.18319274232055e-05,0.345650310911926,FALSE,-0.0282100828468845,0.0418242688287909,FALSE,FALSE,9.56924421711099e-05
"Zhang et al (2023)","Zhang et al (2023)",2385,-0.0192877063582101,0.000113340133741358,0.220254236747149,FALSE,-0.0282100828468845,0.0418242688287909,FALSE,FALSE,7.79855976704582e-05
"Zhang et al (2023)","Zhang et al (2023)",2386,-0.075937880033866,0.000113340133741358,-0.0967801794611529,FALSE,-0.0282100828468845,0.0418242688287909,FALSE,FALSE,7.79855976704567e-05
"Zhang et al (2023)","Zhang et al (2023)",2387,-0.075937880033866,0.000113340133741358,-0.0967801794611529,FALSE,-0.0282100828468845,0.0418242688287909,FALSE,FALSE,7.79855976704564e-05
"Zhang et al (2023)","Zhang et al (2023)",2388,-0.075937880033866,0.000113340133741358,-0.0967801794611529,FALSE,-0.0282100828468845,0.0418242688287909,FALSE,FALSE,7.79855976704639e-05
"Zhang et al (2023)","Zhang et al (2023)",2389,-0.00636295346440749,0.000113340133741358,0.292585727057904,FALSE,-0.0282100828468845,0.0418242688287909,FALSE,FALSE,7.79855976704682e-05
"Zhang et al (2023)","Zhang et al (2023)",2390,-0.020863837107398,0.000113340133741358,0.211433651398238,FALSE,-0.0282100828468845,0.0418242688287909,FALSE,FALSE,7.79855976704536e-05
"Zhang et al (2023)","Zhang et al (2023)",2391,-0.0247643646426003,0.000113340133741358,0.18960491920216,FALSE,-0.0282100828468845,0.0418242688287909,FALSE,FALSE,7.79855976704544e-05
"Zhang et al (2023)","Zhang et al (2023)",2392,-0.027420453080644,0.000113340133741358,0.174740508509017,FALSE,-0.0282100828468845,0.0418242688287909,FALSE,FALSE,7.79855976704592e-05
"Zhang et al (2023)","Zhang et al (2023)",2393,-0.0103691692043849,0.000113340133741358,0.270165526272641,FALSE,-0.0282100828468845,0.0418242688287909,FALSE,FALSE,7.79855976704412e-05
"Zhang et al (2023)","Zhang et al (2023)",2394,-0.027420453080644,0.000113340133741358,0.174740508509017,FALSE,-0.0282100828468845,0.0418242688287909,FALSE,FALSE,7.79855976704605e-05
"Zhang et al (2023)","Zhang et al (2023)",2395,-0.027420453080644,0.000113340133741358,0.174740508509017,FALSE,-0.0282100828468845,0.0418242688287909,FALSE,FALSE,7.79855976704561e-05
"Zhang et al (2023)","Zhang et al (2023)",2396,-0.075937880033866,0.000113340133741358,-0.0967801794611529,FALSE,-0.0282100828468845,0.0418242688287909,FALSE,FALSE,7.79855976704624e-05
"Zhang et al (2023)","Zhang et al (2023)",2397,-0.00792711038345465,3.18319274232055e-05,0.284194998080742,FALSE,-0.0282100828468845,0.0418242688287909,FALSE,FALSE,9.56924421710953e-05
"Zhang et al (2023)","Zhang et al (2023)",2398,-0.0145324524497886,3.18319274232055e-05,0.24718123791525,FALSE,-0.0282100828468845,0.0418242688287909,FALSE,FALSE,9.56924421711031e-05
"Zhang et al (2023)","Zhang et al (2023)",2399,-0.0402339258847279,3.18319274232055e-05,0.103160207048547,FALSE,-0.0282100828468845,0.0418242688287909,FALSE,FALSE,9.56924421711033e-05
"Zhang et al (2023)","Zhang et al (2023)",2400,-0.0402339258847279,3.18319274232055e-05,0.103160207048547,FALSE,-0.0282100828468845,0.0418242688287909,FALSE,FALSE,9.56924421710985e-05
"Zhang et al (2023)","Zhang et al (2023)",2401,-0.00217388435200418,3.18319274232055e-05,0.316433832401121,FALSE,-0.0282100828468845,0.0418242688287909,FALSE,FALSE,9.56924421710965e-05
"Zhang et al (2023)","Zhang et al (2023)",2402,-0.00380531021125781,3.18319274232055e-05,0.307291958312576,FALSE,-0.0282100828468845,0.0418242688287909,FALSE,FALSE,9.56924421711085e-05
"Zhang et al (2023)","Zhang et al (2023)",2403,-0.00398479097270683,3.18319274232055e-05,0.306286218141684,FALSE,-0.0282100828468845,0.0418242688287909,FALSE,FALSE,9.56924421711034e-05
"Zhang et al (2023)","Zhang et al (2023)",2404,-0.00426187261555815,3.18319274232055e-05,0.304733560705966,FALSE,-0.0282100828468845,0.0418242688287909,FALSE,FALSE,9.56924421711105e-05
"Zhang et al (2023)","Zhang et al (2023)",2405,-0.0131248721125724,3.18319274232055e-05,0.255068769021462,FALSE,-0.0282100828468845,0.0418242688287909,FALSE,FALSE,9.56924421711035e-05
"Zhang et al (2023)","Zhang et al (2023)",2406,-0.0402339258847279,3.18319274232055e-05,0.103160207048547,FALSE,-0.0282100828468845,0.0418242688287909,FALSE,FALSE,9.56924421710946e-05
"Zhang et al (2023)","Zhang et al (2023)",2407,-0.0402339258847279,3.18319274232055e-05,0.103160207048547,FALSE,-0.0282100828468845,0.0418242688287909,FALSE,FALSE,9.56924421711046e-05
"Zhang et al (2023)","Zhang et al (2023)",2408,-0.0402339258847279,3.18319274232055e-05,0.103160207048547,FALSE,-0.0282100828468845,0.0418242688287909,FALSE,FALSE,9.56924421711032e-05
"Zhang et al (2023)","Zhang et al (2023)",2409,-0.0276310467961138,0.0001150880423524,0.173557228408868,FALSE,-0.0282100828468845,0.0418242688287909,FALSE,FALSE,7.76959551292555e-05
"Zhang et al (2023)","Zhang et al (2023)",2410,-0.0765215881287632,0.0001150880423524,-0.100043972238563,FALSE,-0.0282100828468845,0.0418242688287909,FALSE,FALSE,7.76959551292639e-05
"Zhang et al (2023)","Zhang et al (2023)",2411,-0.0765215881287632,0.0001150880423524,-0.100043972238563,FALSE,-0.0282100828468845,0.0418242688287909,FALSE,FALSE,7.76959551292507e-05
"Zhang et al (2023)","Zhang et al (2023)",2412,-0.0276310467961138,0.0001150880423524,0.173557228408868,FALSE,-0.0282100828468845,0.0418242688287909,FALSE,FALSE,7.76959551292559e-05
"Zhang et al (2023)","Zhang et al (2023)",2413,-0.00074984213178969,4.40082735554284e-05,0.324351556229147,FALSE,-0.0282100828468845,0.0418242688287909,FALSE,FALSE,9.2187315771948e-05
"Zhang et al (2023)","Zhang et al (2023)",2414,-0.00932062132041588,4.40082735554284e-05,0.276333601225592,FALSE,-0.0282100828468845,0.0418242688287909,FALSE,FALSE,9.21873157719353e-05
"Zhang et al (2023)","Zhang et al (2023)",2415,-0.0136237711392185,4.40082735554284e-05,0.252225121725032,FALSE,-0.0282100828468845,0.0418242688287909,FALSE,FALSE,9.21873157719465e-05
"Zhang et al (2023)","Zhang et al (2023)",2416,-0.0154321541579641,4.40082735554284e-05,0.242093621133049,FALSE,-0.0282100828468845,0.0418242688287909,FALSE,FALSE,9.21873157719446e-05
"Zhang et al (2023)","Zhang et al (2023)",2417,-0.00689070198846812,9.52018278750952e-05,0.289714613749222,FALSE,-0.0282100828468845,0.0418242688287909,FALSE,FALSE,8.11341102708798e-05
"Zhang et al (2023)","Zhang et al (2023)",2418,-0.004699726874378,9.52018278750952e-05,0.30197960829409,FALSE,-0.0282100828468845,0.0418242688287909,FALSE,FALSE,8.11341102708667e-05
"Zhang et al (2023)","Zhang et al (2023)",2419,-0.00415749806163611,9.52018278750952e-05,0.305014984363667,FALSE,-0.0282100828468845,0.0418242688287909,FALSE,FALSE,8.11341102708711e-05
"Zhang et al (2023)","Zhang et al (2023)",2420,-0.00554191408250137,9.52018278750952e-05,0.297265076646988,FALSE,-0.0282100828468845,0.0418242688287909,FALSE,FALSE,8.1134110270874e-05
"Zhang et al (2023)","Zhang et al (2023)",2421,0.000956430061990633,4.78285823608188e-05,0.333890930597742,FALSE,-0.0282100828468845,0.0418242688287909,FALSE,FALSE,9.11903992482348e-05
"Zhang et al (2023)","Zhang et al (2023)",2422,-0.00812555745275103,4.78285823608188e-05,0.283012022449494,FALSE,-0.0282100828468845,0.0418242688287909,FALSE,FALSE,9.11903992482435e-05
"Zhang et al (2023)","Zhang et al (2023)",2423,-0.0135541575904854,4.78285823608188e-05,0.252600039683274,FALSE,-0.0282100828468845,0.0418242688287909,FALSE,FALSE,9.1190399248243e-05
"Zhang et al (2023)","Zhang et al (2023)",2424,-0.015007341421468,4.78285823608188e-05,0.244459045595903,FALSE,-0.0282100828468845,0.0418242688287909,FALSE,FALSE,9.1190399248234e-05
"Zhang et al (2023)","Zhang et al (2023)",2425,-0.0506090461407314,5.03600745329103e-05,0.0450103449556468,FALSE,-0.0282100828468845,0.0418242688287909,FALSE,FALSE,9.05514913404773e-05
"Zhang et al (2023)","Zhang et al (2023)",2426,-0.0506090461407314,5.03600745329103e-05,0.0450103449556468,FALSE,-0.0282100828468845,0.0418242688287909,FALSE,FALSE,9.05514913404707e-05
"Zhang et al (2023)","Zhang et al (2023)",2427,-0.0506090461407314,5.03600745329103e-05,0.0450103449556468,FALSE,-0.0282100828468845,0.0418242688287909,FALSE,FALSE,9.05514913404794e-05
"Zhang et al (2023)","Zhang et al (2023)",2428,-0.0506090461407314,5.03600745329103e-05,0.0450103449556468,FALSE,-0.0282100828468845,0.0418242688287909,FALSE,FALSE,9.05514913404723e-05
"Zhang et al (2023)","Zhang et al (2023)",2429,-0.00434855024594539,5.03600745329103e-05,0.304159404158019,FALSE,-0.0282100828468845,0.0418242688287909,FALSE,FALSE,9.05514913404745e-05
"Zhang et al (2023)","Zhang et al (2023)",2430,-0.00536046548661465,5.03600745329103e-05,0.298490703951942,FALSE,-0.0282100828468845,0.0418242688287909,FALSE,FALSE,9.05514913404737e-05
"Zhang et al (2023)","Zhang et al (2023)",2431,-0.00478621306868774,5.03600745329103e-05,0.301707638205931,FALSE,-0.0282100828468845,0.0418242688287909,FALSE,FALSE,9.0551491340474e-05
"Zhang et al (2023)","Zhang et al (2023)",2432,-0.00524289626934799,5.03600745329103e-05,0.299149321017248,FALSE,-0.0282100828468845,0.0418242688287909,FALSE,FALSE,9.05514913404746e-05
"Zhang et al (2023)","Zhang et al (2023)",2433,-0.0182786878108918,5.03600745329103e-05,0.226123447675279,FALSE,-0.0282100828468845,0.0418242688287909,FALSE,FALSE,9.05514913404728e-05
"Zhang et al (2023)","Zhang et al (2023)",2434,-0.0506090461407314,5.03600745329103e-05,0.0450103449556468,FALSE,-0.0282100828468845,0.0418242688287909,FALSE,FALSE,9.05514913404832e-05
"Zhang et al (2023)","Zhang et al (2023)",2435,-0.0506090461407314,5.03600745329103e-05,0.0450103449556468,FALSE,-0.0282100828468845,0.0418242688287909,FALSE,FALSE,9.05514913404721e-05
"Zhang et al (2023)","Zhang et al (2023)",2436,-0.0506090461407314,5.03600745329103e-05,0.0450103449556468,FALSE,-0.0282100828468845,0.0418242688287909,FALSE,FALSE,9.05514913404641e-05
"Zhang et al (2023)","Zhang et al (2023)",2437,-0.0617598109164893,0.000352360817477097,-0.0173627582940114,FALSE,-0.0282100828468845,0.0418242688287909,FALSE,FALSE,4.92651530659438e-05
"Zhang et al (2023)","Zhang et al (2023)",2438,-0.0336993593519723,0.000171203561034069,0.139476214941263,FALSE,-0.0282100828468845,0.0418242688287909,FALSE,FALSE,6.93505632290921e-05
"Zhang et al (2023)","Zhang et al (2023)",2439,-0.145607032129436,0.00196078431372549,-0.473110470477214,FALSE,-0.0282100828468845,0.0418242688287909,FALSE,FALSE,-3.69792687061436e-05
"Zhang et al (2023)","Zhang et al (2023)",2440,-0.0367789757080641,0.000352360817477097,0.121914549158247,FALSE,-0.0282100828468845,0.0418242688287909,FALSE,FALSE,4.92651530659435e-05
"Zhang et al (2023)","Zhang et al (2023)",2441,-0.0256410234874918,0.000171203561034069,0.184532320917814,FALSE,-0.0282100828468845,0.0418242688287909,FALSE,FALSE,6.93505632290952e-05
"Zhang et al (2023)","Zhang et al (2023)",2442,-0.086630766796475,0.00196078431372549,-0.152247882590971,FALSE,-0.0282100828468845,0.0418242688287909,FALSE,FALSE,-3.69792687061404e-05
"Zhang et al (2023)","Zhang et al (2023)",2443,-0.0246876223998008,0.000158704967465482,0.189900020434094,FALSE,-0.0282100828468845,0.0418242688287909,FALSE,FALSE,7.10735909113607e-05
"Zhang et al (2023)","Zhang et al (2023)",2444,-0.0617598109164893,0.000352360817477097,-0.0173627582940113,FALSE,-0.0282100828468845,0.0418242688287909,FALSE,FALSE,4.92651530659468e-05
"Zhang et al (2023)","Zhang et al (2023)",2445,-0.043052259854265,0.000171203561034069,0.0871818847834814,FALSE,-0.0282100828468845,0.0418242688287909,FALSE,FALSE,6.93505632290919e-05
"Zhang et al (2023)","Zhang et al (2023)",2446,-0.145607032129436,0.00196078431372549,-0.473110470477214,FALSE,-0.0282100828468845,0.0418242688287909,FALSE,FALSE,-3.6979268706137e-05
"Zhang et al (2023)","Zhang et al (2023)",2447,-0.0268617797386026,0.000187899285982713,0.177660562912025,FALSE,-0.0282100828468845,0.0418242688287909,FALSE,FALSE,6.71448202657781e-05
"Zhang et al (2023)","Zhang et al (2023)",2448,-0.048339728271853,0.000352360817477097,0.0574591185942898,FALSE,-0.0282100828468845,0.0418242688287909,FALSE,FALSE,4.92651530659407e-05
"Zhang et al (2023)","Zhang et al (2023)",2449,-0.0324462337066225,0.000158704967465482,0.146511195607485,FALSE,-0.0282100828468845,0.0418242688287909,FALSE,FALSE,7.1073590911383e-05
"Zhang et al (2023)","Zhang et al (2023)",2450,-0.0617598109164893,0.000352360817477097,-0.0173627582940114,FALSE,-0.0282100828468845,0.0418242688287909,FALSE,FALSE,4.92651530659417e-05
"Zhang et al (2023)","Zhang et al (2023)",2451,-0.0336993593519723,0.000171203561034069,0.139476214941263,FALSE,-0.0282100828468845,0.0418242688287909,FALSE,FALSE,6.93505632290801e-05
"Zhang et al (2023)","Zhang et al (2023)",2452,-0.145607032129436,0.00196078431372549,-0.473110470477215,FALSE,-0.0282100828468845,0.0418242688287909,FALSE,FALSE,-3.69792687061444e-05
"Zhang et al (2023)","Zhang et al (2023)",2453,-0.0353039059923698,0.000187899285982713,0.130471008264792,FALSE,-0.0282100828468845,0.0418242688287909,FALSE,FALSE,6.71448202657788e-05
"Zhang et al (2023)","Zhang et al (2023)",2454,-0.048339728271853,0.000352360817477097,0.0574591185942898,FALSE,-0.0282100828468845,0.0418242688287909,FALSE,FALSE,4.92651530659406e-05
"Zhang et al (2023)","Zhang et al (2023)",2455,-0.0256410234874918,0.000171203561034069,0.184532320917813,FALSE,-0.0282100828468845,0.0418242688287909,FALSE,FALSE,6.93505632290841e-05
"Zhang et al (2023)","Zhang et al (2023)",2456,-0.0324462337066225,0.000158704967465482,0.146511195607485,FALSE,-0.0282100828468845,0.0418242688287909,FALSE,FALSE,7.10735909113822e-05
"Zhang et al (2023)","Zhang et al (2023)",2457,-0.0617598109164893,0.000352360817477097,-0.0173627582940113,FALSE,-0.0282100828468845,0.0418242688287909,FALSE,FALSE,4.92651530659435e-05
"Zhang et al (2023)","Zhang et al (2023)",2458,-0.043052259854265,0.000171203561034069,0.0871818847834816,FALSE,-0.0282100828468845,0.0418242688287909,FALSE,FALSE,6.93505632290838e-05
"Zhang et al (2023)","Zhang et al (2023)",2459,-0.145607032129436,0.00196078431372549,-0.473110470477214,FALSE,-0.0282100828468845,0.0418242688287909,FALSE,FALSE,-3.69792687061481e-05
"Zhang et al (2023)","Zhang et al (2023)",2460,-0.0353039059923698,0.000187899285982713,0.130471008264792,FALSE,-0.0282100828468845,0.0418242688287909,FALSE,FALSE,6.71448202657718e-05
"Zhang et al (2023)","Zhang et al (2023)",2461,-0.0617598109164893,0.000352360817477097,-0.0173627582940113,FALSE,-0.0282100828468845,0.0418242688287909,FALSE,FALSE,4.92651530659459e-05
"Zhang et al (2023)","Zhang et al (2023)",2462,-0.0256410234874918,0.000171203561034069,0.184532320917813,FALSE,-0.0282100828468845,0.0418242688287909,FALSE,FALSE,6.93505632290795e-05
"Zheng (2021)","Zheng (2021)",2463,-0.0737316281466947,3.58256009744563e-05,-0.0846109237335345,FALSE,-0.0282100828468845,0.0418242688287909,FALSE,FALSE,0.00113976904135233
"Zheng (2021)","Zheng (2021)",2464,-0.0439045664946884,3.58256009744563e-05,0.0827172621098699,FALSE,-0.0282100828468845,0.0418242688287909,FALSE,FALSE,0.00113976904135232
"Zheng (2021)","Zheng (2021)",2465,-0.0737316281466947,3.58256009744563e-05,-0.0846109237335345,FALSE,-0.0282100828468845,0.0418242688287909,FALSE,FALSE,0.00113976904135233
"Zheng (2021)","Zheng (2021)",2466,-0.0737316281466947,3.58256009744563e-05,-0.0846109237335345,FALSE,-0.0282100828468845,0.0418242688287909,FALSE,FALSE,0.00113976904135233
"Zheng (2021)","Zheng (2021)",2467,-0.0762420110770464,0.000537056928034372,-0.0979183807916041,FALSE,-0.0282100828468845,0.0418242688287909,FALSE,FALSE,0.00105924395371803
"Zheng (2021)","Zheng (2021)",2468,-0.0577071179329572,3.58256009744563e-05,0.00528570283924899,FALSE,-0.0282100828468845,0.0418242688287909,FALSE,FALSE,0.00113976904135233
"Zheng (2021)","Zheng (2021)",2469,-0.0439045664946884,3.58256009744563e-05,0.0827172621098699,FALSE,-0.0282100828468845,0.0418242688287909,FALSE,FALSE,0.00113976904135233
"Zheng (2021)","Zheng (2021)",2470,-0.0439045664946884,3.58256009744563e-05,0.0827172621098699,FALSE,-0.0282100828468845,0.0418242688287909,FALSE,FALSE,0.00113976904135233
"Zhou et al (2018)","Zhou et al (2018)",2471,-0.0129433346315002,0.00105042016806723,0.251791384085829,FALSE,-0.0282100828468845,0.0418242688287909,FALSE,FALSE,0.000649921452042817
"Zhou et al (2018)","Zhou et al (2018)",2472,-0.0389861443001366,0.00138504155124654,0.107539078919403,FALSE,-0.0282100828468845,0.0418242688287909,FALSE,FALSE,0.000574721492286457
"Zhou et al (2018)","Zhou et al (2018)",2473,0.0619421466566898,0.00440528634361234,0.633547294850983,FALSE,-0.0282100828468845,0.0418242688287909,FALSE,FALSE,0.000146691841262456
"Zhou et al (2018)","Zhou et al (2018)",2474,0.0656421064871648,0.00105042016806723,0.68553253453115,FALSE,-0.0282100828468845,0.0418242688287909,FALSE,FALSE,0.000649921452042808
"Zhou et al (2018)","Zhou et al (2018)",2475,0.0404705352775228,0.00138504155124654,0.54383793505867,FALSE,-0.0282100828468845,0.0418242688287909,FALSE,FALSE,0.000574721492286458
"Zhou et al (2018)","Zhou et al (2018)",2476,0.154992490297319,0.00440528634361234,1.12250734803248,FALSE,-0.0282100828468845,0.0418242688287909,TRUE,FALSE,0.00014669184126246
"Zhou et al (2018)","Zhou et al (2018)",2477,0.063704605735261,0.00105042016806723,0.674838775061753,FALSE,-0.0282100828468845,0.0418242688287909,FALSE,FALSE,0.000649921452042811
"Zhou et al (2018)","Zhou et al (2018)",2478,0.0382439164088822,0.00138504155124654,0.531611508399392,FALSE,-0.0282100828468845,0.0418242688287909,FALSE,FALSE,0.000574721492286457
"Zhou et al (2018)","Zhou et al (2018)",2479,0.164758087179148,0.00440528634361234,1.17382351285107,FALSE,-0.0282100828468845,0.0418242688287909,TRUE,FALSE,0.00014669184126246
"Zhou et al (2018)","Zhou et al (2018)",2480,0.211753698900648,0.0161290322580645,1.23466019471844,FALSE,-0.0282100828468845,0.0418242688287909,TRUE,FALSE,-0.000474484608108233
"Zhou et al (2018)","Zhou et al (2018)",2481,0.158922471285605,0.00617283950617284,1.11619359154994,FALSE,-0.0282100828468845,0.0418242688287909,TRUE,FALSE,-1.05115594650082e-05
"Zhou et al (2018)","Zhou et al (2018)",2482,0.0646733864162134,0.00105042016806723,0.680185822060586,FALSE,-0.0282100828468845,0.0418242688287909,FALSE,FALSE,0.000649921452042816
"Zhou et al (2018)","Zhou et al (2018)",2483,0.0630587187191859,0.00105042016806723,0.671273893661049,FALSE,-0.0282100828468845,0.0418242688287909,FALSE,FALSE,0.000649921452042817
"Zhou et al (2018)","Zhou et al (2018)",2484,0.0445521411587556,0.00138504155124654,0.566250147432239,FALSE,-0.0282100828468845,0.0418242688287909,FALSE,FALSE,0.00057472149228646
"Zhou et al (2018)","Zhou et al (2018)",2485,0.0415837702039366,0.00138504155124654,0.549950739263304,FALSE,-0.0282100828468845,0.0418242688287909,FALSE,FALSE,0.00057472149228646
"Zhou et al (2018)","Zhou et al (2018)",2486,0.143907107591415,0.00440528634361234,1.06425598532554,FALSE,-0.0282100828468845,0.0418242688287909,TRUE,FALSE,0.000146691841262459
"Zhou et al (2018)","Zhou et al (2018)",2487,0.153689282211831,0.00440528634361234,1.11565926268583,FALSE,-0.0282100828468845,0.0418242688287909,TRUE,FALSE,0.000146691841262459
"Zhou et al (2018)","Zhou et al (2018)",2488,0.0672565028123886,0.00105042016806723,0.694442965132664,FALSE,-0.0282100828468845,0.0418242688287909,FALSE,FALSE,0.000649921452042813
"Zhou et al (2018)","Zhou et al (2018)",2489,0.0389861443001366,0.00138504155124654,0.535687102568066,FALSE,-0.0282100828468845,0.0418242688287909,FALSE,FALSE,0.000574721492286462
"Zhou et al (2018)","Zhou et al (2018)",2490,0.165408583662303,0.00440528634361234,1.17724173553089,FALSE,-0.0282100828468845,0.0418242688287909,TRUE,FALSE,0.000146691841262458
"Zhou et al (2018)","Zhou et al (2018)",2491,0.064027539307933,0.00105042016806723,0.67662116092527,FALSE,-0.0282100828468845,0.0418242688287909,FALSE,FALSE,0.000649921452042814
"Zhou et al (2018)","Zhou et al (2018)",2492,0.0630587187191859,0.00105042016806723,0.671273893661049,FALSE,-0.0282100828468845,0.0418242688287909,FALSE,FALSE,0.000649921452042811
"Zhou et al (2024)","Zhou et al (2024)",2493,-0.0751581774436012,2.47243237897444e-05,-0.0926172139128101,FALSE,-0.0282100828468845,0.0418242688287909,FALSE,FALSE,0.000311521129089959
"Zhou et al (2024)","Zhou et al (2024)",2494,-0.0287848981312729,2.47243237897444e-05,0.167328019777308,FALSE,-0.0282100828468845,0.0418242688287909,FALSE,FALSE,0.000311521129089961
"Zhou et al (2024)","Zhou et al (2024)",2495,-0.0162582847369801,2.47243237897444e-05,0.237545901592268,FALSE,-0.0282100828468845,0.0418242688287909,FALSE,FALSE,0.000311521129089957
"Zhou et al (2024)","Zhou et al (2024)",2496,-0.0843900877455103,0.0003000300030003,-0.143724694053735,FALSE,-0.0282100828468845,0.0418242688287909,FALSE,FALSE,0.000264887379459712
"Zhou et al (2024)","Zhou et al (2024)",2497,-0.0067573964120094,2.92269472453602e-05,0.290782621481795,FALSE,-0.0282100828468845,0.0418242688287909,FALSE,FALSE,0.000309922049342714
"Zhou et al (2024)","Zhou et al (2024)",2498,-0.0291445710713605,0.000544662309368192,0.163988840856987,FALSE,-0.0282100828468845,0.0418242688287909,FALSE,FALSE,0.000241589690687832
"Zhou et al (2024)","Zhou et al (2024)",2499,0.0363492327528489,0.000647668393782383,0.527287523947042,FALSE,-0.0282100828468845,0.0418242688287909,FALSE,FALSE,0.000233371218601486
"Zhou et al (2024)","Zhou et al (2024)",2500,-0.101789228246644,0.000558035714285714,-0.23985815170169,FALSE,-0.0282100828468845,0.0418242688287909,FALSE,FALSE,0.000240482043897808
"Zhou et al (2024)","Zhou et al (2024)",2501,-0.184857646555485,0.0022075055187638,-0.684320111740067,FALSE,-0.0282100828468845,0.0418242688287909,TRUE,FALSE,0.000150189822994344
"Zhou et al (2024)","Zhou et al (2024)",2502,-0.0132255907916887,2.47243237897444e-05,0.254545655502485,FALSE,-0.0282100828468845,0.0418242688287909,FALSE,FALSE,0.000311521129089956
"Zhou et al (2024)","Zhou et al (2024)",2503,-0.00308274148618851,2.47243237897444e-05,0.311401357150071,FALSE,-0.0282100828468845,0.0418242688287909,FALSE,FALSE,0.000311521129089957
"Zhou et al (2024)","Zhou et al (2024)",2504,-0.00760734911564659,2.47243237897444e-05,0.286038686986633,FALSE,-0.0282100828468845,0.0418242688287909,FALSE,FALSE,0.000311521129089958
"Zhou et al (2024)","Zhou et al (2024)",2505,-0.0131261559917216,2.47243237897444e-05,0.255103036880246,FALSE,-0.0282100828468845,0.0418242688287909,FALSE,FALSE,0.000311521129089959
"Zhou et al (2024)","Zhou et al (2024)",2506,-0.0167554341558503,2.47243237897444e-05,0.234759132491969,FALSE,-0.0282100828468845,0.0418242688287909,FALSE,FALSE,0.000311521129089958
"Zhou et al (2024)","Zhou et al (2024)",2507,0.000745825665264158,2.47243237897444e-05,0.332862375168223,FALSE,-0.0282100828468845,0.0418242688287909,FALSE,FALSE,0.000311521129089952
"Zhou et al (2024)","Zhou et al (2024)",2508,-0.00899950904792762,2.47243237897444e-05,0.278234939994891,FALSE,-0.0282100828468845,0.0418242688287909,FALSE,FALSE,0.000311521129089951
"Zhou et al (2024)","Zhou et al (2024)",2509,0.00452466068350612,2.47243237897444e-05,0.354044619910449,FALSE,-0.0282100828468845,0.0418242688287909,FALSE,FALSE,0.000311521129089956
"Zhou et al (2024)","Zhou et al (2024)",2510,-0.0102922134254439,2.47243237897444e-05,0.270988690721845,FALSE,-0.0282100828468845,0.0418242688287909,FALSE,FALSE,0.000311521129089951
"Zhou et al (2024)","Zhou et al (2024)",2511,-0.0188931279337438,2.47243237897444e-05,0.22277629847866,FALSE,-0.0282100828468845,0.0418242688287909,FALSE,FALSE,0.000311521129089956
"Zhou et al (2024)","Zhou et al (2024)",2512,0.00328162734138029,2.47243237897444e-05,0.34707680142974,FALSE,-0.0282100828468845,0.0418242688287909,FALSE,FALSE,0.000311521129089951
"Zhou et al (2024)","Zhou et al (2024)",2513,-0.0197818399602525,2.4709050925354e-05,0.21779467821797,FALSE,-0.0282100828468845,0.0418242688287909,FALSE,FALSE,0.000311526784509866
"Zhou et al (2024)","Zhou et al (2024)",2514,-0.00780381887012888,2.4709050925354e-05,0.284937444545225,FALSE,-0.0282100828468845,0.0418242688287909,FALSE,FALSE,0.000311526784509864
"Zhou et al (2024)","Zhou et al (2024)",2515,-0.0343403430585982,2.4709050925354e-05,0.136187026649144,FALSE,-0.0282100828468845,0.0418242688287909,FALSE,FALSE,0.000311526784509866
"Zhou et al (2024)","Zhou et al (2024)",2516,-0.00427473369925091,2.4709050925354e-05,0.304719722368448,FALSE,-0.0282100828468845,0.0418242688287909,FALSE,FALSE,0.000311526784509867
"Zhou et al (2024)","Zhou et al (2024)",2517,-0.0169490562956222,2.4709050925354e-05,0.233673839743806,FALSE,-0.0282100828468845,0.0418242688287909,FALSE,FALSE,0.000311526784509867
"Zhou et al (2024)","Zhou et al (2024)",2518,-0.0189428407532369,2.47243237897444e-05,0.222497633465701,FALSE,-0.0282100828468845,0.0418242688287909,FALSE,FALSE,0.000311521129089949
"Zhou et al (2024)","Zhou et al (2024)",2519,-0.023958321851326,2.48163589438158e-05,0.194383098419315,FALSE,-0.0282100828468845,0.0418242688287909,FALSE,FALSE,0.000311487085199772
"Zhou et al (2024)","Zhou et al (2024)",2520,-0.0147096723881013,2.57320776079461e-05,0.24622278322774,FALSE,-0.0282100828468845,0.0418242688287909,FALSE,FALSE,0.000311151655514163
"Zhou et al (2024)","Zhou et al (2024)",2521,-0.0276298038201889,2.59000259000259e-05,0.173799764304362,FALSE,-0.0282100828468845,0.0418242688287909,FALSE,FALSE,0.000311090770743841
"Zhou et al (2024)","Zhou et al (2024)",2522,-0.0189428407532369,2.47243237897444e-05,0.222497633465701,FALSE,-0.0282100828468845,0.0418242688287909,FALSE,FALSE,0.000311521129089954
"Zhou et al (2024)","Zhou et al (2024)",2523,-0.0191416915618918,2.47243237897444e-05,0.221382976044621,FALSE,-0.0282100828468845,0.0418242688287909,FALSE,FALSE,0.000311521129089953
"Zhou et al (2024)","Zhou et al (2024)",2524,-0.012430108813289,2.47243237897444e-05,0.25900472658475,FALSE,-0.0282100828468845,0.0418242688287909,FALSE,FALSE,0.000311521129089951
"Zhu, Zhao (2022)","Zhu, Zhao (2022)",2525,0.0480369150448111,9.79527867567832e-05,0.597278366426053,FALSE,-0.0282100828468845,0.0418242688287909,FALSE,FALSE,0.000348480505179927
"Zhu, Zhao (2022)","Zhu, Zhao (2022)",2526,-0.024044127685705,9.79527867567832e-05,0.193676149394127,FALSE,-0.0282100828468845,0.0418242688287909,FALSE,FALSE,0.00034848050517993
"Zhu, Zhao (2022)","Zhu, Zhao (2022)",2527,-0.0211751217237927,9.79527867567832e-05,0.209740528085688,FALSE,-0.0282100828468845,0.0418242688287909,FALSE,FALSE,0.000348480505179928
"Zhu, Zhao (2022)","Zhu, Zhao (2022)",2528,-0.00989549466998853,9.79527867567832e-05,0.272898361459835,FALSE,-0.0282100828468845,0.0418242688287909,FALSE,FALSE,0.000348480505179925
"Zhu, Zhao (2022)","Zhu, Zhao (2022)",2529,-0.00791644224570213,9.79527867567832e-05,0.283979637698452,FALSE,-0.0282100828468845,0.0418242688287909,FALSE,FALSE,0.000348480505179926
"Zhu, Zhao (2022)","Zhu, Zhao (2022)",2530,-0.0212828379182333,0.000112170499158721,0.209090831067107,FALSE,-0.0282100828468845,0.0418242688287909,FALSE,FALSE,0.000344568029064545
"Zhu, Zhao (2022)","Zhu, Zhao (2022)",2531,-0.0422422748106727,0.000774593338497289,0.0908337473056526,FALSE,-0.0282100828468845,0.0418242688287909,FALSE,FALSE,0.000246028862557009
"Zhu, Zhao (2022)","Zhu, Zhao (2022)",2532,-0.0296684540494065,0.000220264317180617,0.161875439748998,FALSE,-0.0282100828468845,0.0418242688287909,FALSE,FALSE,0.00032046113023836
"Zhu, Zhao (2022)","Zhu, Zhao (2022)",2533,-0.0140779134726771,0.000176491351923756,0.249172638762442,FALSE,-0.0282100828468845,0.0418242688287909,FALSE,FALSE,0.000329314237897504
"Zhu, Zhao (2022)","Zhu, Zhao (2022)",2534,-0.0301845431760555,0.000173882802990784,0.159106042242674,FALSE,-0.0282100828468845,0.0418242688287909,FALSE,FALSE,0.000329873872638181
"Zhu, Zhao (2022)","Zhu, Zhao (2022)",2535,-0.0163243980945265,0.000224466891133558,0.236432167758643,FALSE,-0.0282100828468845,0.0418242688287909,FALSE,FALSE,0.000319658252265505
"Zhu, Zhao (2022)","Zhu, Zhao (2022)",2536,-0.0157622329997405,0.000134390538906061,0.239911618641689,FALSE,-0.0282100828468845,0.0418242688287909,FALSE,FALSE,0.00033890809158991
"Zhu, Zhao (2022)","Zhu, Zhao (2022)",2537,-0.0406640890543241,0.000361663652802893,0.100208865358453,FALSE,-0.0282100828468845,0.0418242688287909,FALSE,FALSE,0.000296595991088901
"Zhu, Zhao (2022)","Zhu, Zhao (2022)",2538,-0.0207814173609658,9.79719800137161e-05,0.211944926818947,FALSE,-0.0282100828468845,0.0418242688287909,FALSE,FALSE,0.000348475043871758
"Zhu, Zhao (2022)","Zhu, Zhao (2022)",2539,-0.0214940321117202,9.81546917942678e-05,0.207954200657588,FALSE,-0.0282100828468845,0.0418242688287909,FALSE,FALSE,0.000348423080515842
"Zhu, Zhao (2022)","Zhu, Zhao (2022)",2540,-0.0193942702442358,9.79527867567832e-05,0.219712020979332,FALSE,-0.0282100828468845,0.0418242688287909,FALSE,FALSE,0.00034848050517993
"Zhu, Zhao (2022)","Zhu, Zhao (2022)",2541,-0.0227580446252828,9.79527867567832e-05,0.200877293478768,FALSE,-0.0282100828468845,0.0418242688287909,FALSE,FALSE,0.000348480505179927
"Zhu, Zhao (2022)","Zhu, Zhao (2022)",2542,-0.0184048813750645,9.79527867567832e-05,0.225251890076359,FALSE,-0.0282100828468845,0.0418242688287909,FALSE,FALSE,0.00034848050517993
"Zhu, Zhao (2022)","Zhu, Zhao (2022)",2543,-0.0224612508045384,9.79527867567832e-05,0.202539126320195,FALSE,-0.0282100828468845,0.0418242688287909,FALSE,FALSE,0.000348480505179929
"Zhu, Zhao (2022)","Zhu, Zhao (2022)",2544,-0.022164455005579,9.79527867567832e-05,0.204200970238208,FALSE,-0.0282100828468845,0.0418242688287909,FALSE,FALSE,0.000348480505179929
"Zhu, Zhao (2022)","Zhu, Zhao (2022)",2545,-0.0217687242415296,9.79527867567832e-05,0.206416779106501,FALSE,-0.0282100828468845,0.0418242688287909,FALSE,FALSE,0.000348480505179931
"Zhu, Zhao (2022)","Zhu, Zhao (2022)",2546,-0.0226591135731144,9.79527867567832e-05,0.201431236519489,FALSE,-0.0282100828468845,0.0418242688287909,FALSE,FALSE,0.000348480505179932
"Zhu, Zhao (2022)","Zhu, Zhao (2022)",2547,-0.0273086166117858,9.79527867567832e-05,0.17539734933614,FALSE,-0.0282100828468845,0.0418242688287909,FALSE,FALSE,0.000348480505179929
"Zhu, Zhao (2022)","Zhu, Zhao (2022)",2548,-0.0329465742545071,9.79527867567832e-05,0.143828824271351,FALSE,-0.0282100828468845,0.0418242688287909,FALSE,FALSE,0.000348480505179928
"Zhu, Zhao (2022)","Zhu, Zhao (2022)",2549,-0.0455043128797811,9.79527867567832e-05,0.073514481441758,FALSE,-0.0282100828468845,0.0418242688287909,FALSE,FALSE,0.000348480505179933
"Zhu, Zhao (2022)","Zhu, Zhao (2022)",2550,-0.0316608099656593,9.79527867567832e-05,0.15102818346347,FALSE,-0.0282100828468845,0.0418242688287909,FALSE,FALSE,0.000348480505179929
"Zhu, Zhao (2022)","Zhu, Zhao (2022)",2551,-0.0261215615649185,9.79527867567832e-05,0.182044007465736,FALSE,-0.0282100828468845,0.0418242688287909,FALSE,FALSE,0.000348480505179931
"Zhu, Zhao (2022)","Zhu, Zhao (2022)",2552,-0.0201262815036066,9.83380863408398e-05,0.215611980069343,FALSE,-0.0282100828468845,0.0418242688287909,FALSE,FALSE,0.000348370970235471
"Devalle et al (2017)","Devalle et al (2017)",2553,0.0894133289702284,0.0188679245283019,0.658868342025866,FALSE,-0.0282100828468845,0.0418242688287909,FALSE,FALSE,0.00170713171297297
"Devalle et al (2017)","Devalle et al (2017)",2554,0.147791384253324,0.0188679245283019,0.918774003210384,FALSE,-0.0282100828468845,0.0418242688287909,TRUE,FALSE,0.00170713171297296
"Devalle et al (2017)","Devalle et al (2017)",2555,-0.305260027268999,0.0188679245283019,-1.09826178346108,FALSE,-0.0282100828468845,0.0418242688287909,TRUE,FALSE,0.00170713171297296
"Azmi et al (2021)","Azmi et al (2021)",2556,0.109283296083441,0.00401606425702811,0.888420453739642,FALSE,-0.0282100828468845,0.0418242688287909,TRUE,FALSE,0.00240565327617097
"Azmi et al (2021)","Azmi et al (2021)",2557,0.0618214764550318,0.00401606425702811,0.636872291208164,FALSE,-0.0282100828468845,0.0418242688287909,FALSE,FALSE,0.00240565327617097
"Chen et al (2020)","Chen et al (2020)",2558,-0.00201099033485445,4.27259132663961e-05,0.317302000356171,FALSE,-0.0282100828468845,0.0418242688287909,FALSE,FALSE,0.000225989482480239
"Chen et al (2020)","Chen et al (2020)",2559,-0.00212298555025007,4.27259132663961e-05,0.316674445797962,FALSE,-0.0282100828468845,0.0418242688287909,FALSE,FALSE,0.000225989482480233
"Chen et al (2020)","Chen et al (2020)",2560,-0.00414372725096969,4.27259132663961e-05,0.305351411498952,FALSE,-0.0282100828468845,0.0418242688287909,FALSE,FALSE,0.000225989482480233
"Chen et al (2020)","Chen et al (2020)",2561,-0.000204673314655434,4.27259132663961e-05,0.327423526312365,FALSE,-0.0282100828468845,0.0418242688287909,FALSE,FALSE,0.00022598948248024
"Chen et al (2020)","Chen et al (2020)",2562,-0.00244431214974767,4.27259132663961e-05,0.314873922699933,FALSE,-0.0282100828468845,0.0418242688287909,FALSE,FALSE,0.000225989482480237
"Chen et al (2020)","Chen et al (2020)",2563,-0.000319780157604096,4.27259132663961e-05,0.326778536044537,FALSE,-0.0282100828468845,0.0418242688287909,FALSE,FALSE,0.000225989482480235
"Chen et al (2020)","Chen et al (2020)",2564,-0.00034776958749302,4.27259132663961e-05,0.32662169993108,FALSE,-0.0282100828468845,0.0418242688287909,FALSE,FALSE,0.000225989482480232
"Chen et al (2020)","Chen et al (2020)",2565,-0.00167383881179054,4.27259132663961e-05,0.319191196911206,FALSE,-0.0282100828468845,0.0418242688287909,FALSE,FALSE,0.000225989482480236
"Chen et al (2020)","Chen et al (2020)",2566,0.000527389917264702,4.27259132663961e-05,0.331525573140579,FALSE,-0.0282100828468845,0.0418242688287909,FALSE,FALSE,0.000225989482480228
"Chen et al (2020)","Chen et al (2020)",2567,-0.0025307140295393,4.27259132663961e-05,0.314389777968307,FALSE,-0.0282100828468845,0.0418242688287909,FALSE,FALSE,0.000225989482480223
"Chen et al (2020)","Chen et al (2020)",2568,-0.00227973605801407,4.27259132663961e-05,0.315796109207408,FALSE,-0.0282100828468845,0.0418242688287909,FALSE,FALSE,0.000225989482480226
"Chen et al (2020)","Chen et al (2020)",2569,-0.00188857461024711,4.27259132663961e-05,0.31798794524857,FALSE,-0.0282100828468845,0.0418242688287909,FALSE,FALSE,0.000225989482480228
"Chen et al (2020)","Chen et al (2020)",2570,0.0238433200021538,4.27259132663961e-05,0.462174174082748,FALSE,-0.0282100828468845,0.0418242688287909,FALSE,FALSE,0.000225989482480231
"Chen et al (2020)","Chen et al (2020)",2571,0.0694018888281816,4.27259132663961e-05,0.71745728980566,FALSE,-0.0282100828468845,0.0418242688287909,FALSE,FALSE,0.000225989482480225
"Chen et al (2020)","Chen et al (2020)",2572,-0.00568096166470148,4.27259132663961e-05,0.296737664385154,FALSE,-0.0282100828468845,0.0418242688287909,FALSE,FALSE,0.000225989482480229
"Chen et al (2020)","Chen et al (2020)",2573,-0.00557401290685899,4.27259132663961e-05,0.297336941597504,FALSE,-0.0282100828468845,0.0418242688287909,FALSE,FALSE,0.000225989482480224
"Chen et al (2020)","Chen et al (2020)",2574,-0.000229617898825352,4.27259132663961e-05,0.32728375170286,FALSE,-0.0282100828468845,0.0418242688287909,FALSE,FALSE,0.000225989482480215
"Chen et al (2020)","Chen et al (2020)",2575,-0.00021782732054168,4.27259132663961e-05,0.327349819089039,FALSE,-0.0282100828468845,0.0418242688287909,FALSE,FALSE,0.000225989482480228
"Chen et al (2020)","Chen et al (2020)",2576,-0.000225540886310944,4.27259132663961e-05,0.327306596855469,FALSE,-0.0282100828468845,0.0418242688287909,FALSE,FALSE,0.000225989482480219
"Chen et al (2020)","Chen et al (2020)",2577,-0.000335434617369559,4.27259132663961e-05,0.326690817765257,FALSE,-0.0282100828468845,0.0418242688287909,FALSE,FALSE,0.000225989482480221
"Drago et al (2018)","Drago et al (2018)",2578,-3.39181826206507,0.00049480455220188,-18.6101634092257,TRUE,-0.0282100828468845,0.0418242688287909,TRUE,TRUE,0.00371250668362974
"Du et al (2015)","Du et al (2015)",2579,0.0512435933828022,0.0006265664160401,0.610234821675017,FALSE,-0.0282100828468845,0.0418242688287909,FALSE,FALSE,0.000322307361829613
"Du et al (2015)","Du et al (2015)",2580,0.047496990113256,0.0006265664160401,0.589428704071281,FALSE,-0.0282100828468845,0.0418242688287909,FALSE,FALSE,0.00032230736182961
"Du et al (2015)","Du et al (2015)",2581,0.0702142559955336,0.0006265664160401,0.715585137399551,FALSE,-0.0282100828468845,0.0418242688287909,FALSE,FALSE,0.000322307361829617
"Du et al (2015)","Du et al (2015)",2582,0.0674699027127396,0.0006265664160401,0.700344842914108,FALSE,-0.0282100828468845,0.0418242688287909,FALSE,FALSE,0.000322307361829613
"Du et al (2015)","Du et al (2015)",2583,-0.0594835179520168,0.0006265664160401,-0.00466916858203916,FALSE,-0.0282100828468845,0.0418242688287909,FALSE,FALSE,0.00032230736182961
"Du et al (2015)","Du et al (2015)",2584,-0.060232410387008,0.0006265664160401,-0.00882801406259137,FALSE,-0.0282100828468845,0.0418242688287909,FALSE,FALSE,0.000322307361829608
"Du et al (2015)","Du et al (2015)",2585,0.0582352900480438,0.0006265664160401,0.649062007955745,FALSE,-0.0282100828468845,0.0418242688287909,FALSE,FALSE,0.000322307361829609
"Du et al (2015)","Du et al (2015)",2586,0.05374093292748,0.0006265664160401,0.624103367801951,FALSE,-0.0282100828468845,0.0418242688287909,FALSE,FALSE,0.00032230736182961
"Du et al (2015)","Du et al (2015)",2587,-0.0689668868967858,0.0006265664160401,-0.0573334288063062,FALSE,-0.0282100828468845,0.0418242688287909,FALSE,FALSE,0.00032230736182961
"Du et al (2015)","Du et al (2015)",2588,0.060232410387008,0.0006265664160401,0.660152672659706,FALSE,-0.0282100828468845,0.0418242688287909,FALSE,FALSE,0.000322307361829611
"Du et al (2015)","Du et al (2015)",2589,-0.0524923040399452,0.0006265664160401,0.0341553368118955,FALSE,-0.0282100828468845,0.0418242688287909,FALSE,FALSE,0.000322307361829609
"Du et al (2015)","Du et al (2015)",2590,-0.0567372970893643,0.0006265664160401,0.0105814971873042,FALSE,-0.0282100828468845,0.0418242688287909,FALSE,FALSE,0.000322307361829604
"Du et al (2015)","Du et al (2015)",2591,0.0649745951886261,0.0006265664160401,0.686487581264283,FALSE,-0.0282100828468845,0.0418242688287909,FALSE,FALSE,0.00032230736182961
"Eichholtz et al (2019)","Eichholtz et al (2019)",2592,-0.0295264771323825,0.000178667143112382,0.162828905800208,FALSE,-0.0282100828468845,0.0418242688287909,FALSE,FALSE,0.000380115339527228
"Eichholtz et al (2019)","Eichholtz et al (2019)",2593,-0.0298908936779519,0.000178667143112382,0.160790944049296,FALSE,-0.0282100828468845,0.0418242688287909,FALSE,FALSE,0.000380115339527225
"Eichholtz et al (2019)","Eichholtz et al (2019)",2594,-0.0289258137042336,0.00421940928270042,0.156535247081088,FALSE,-0.0282100828468845,0.0418242688287909,FALSE,FALSE,-8.86714364661565e-05
"Eichholtz et al (2019)","Eichholtz et al (2019)",2595,-0.00852385393586316,0.0007627765064836,0.277736466152065,FALSE,-0.0282100828468845,0.0418242688287909,FALSE,FALSE,0.000242561090645012
"Eichholtz et al (2019)","Eichholtz et al (2019)",2596,-0.0294864676022307,0.0007627765064836,0.161577423476059,FALSE,-0.0282100828468845,0.0418242688287909,FALSE,FALSE,0.000242561090645013
"Eichholtz et al (2019)","Eichholtz et al (2019)",2597,0.02147079087191,0.0007627765064836,0.443944234025388,FALSE,-0.0282100828468845,0.0418242688287909,FALSE,FALSE,0.000242561090645013
"Eichholtz et al (2019)","Eichholtz et al (2019)",2598,0.0570960979194578,0.001230012300123,0.636762258642599,FALSE,-0.0282100828468845,0.0418242688287909,FALSE,FALSE,0.000171801769472142
"Eichholtz et al (2019)","Eichholtz et al (2019)",2599,-0.0336459860421335,0.000278473962684489,0.139573316954013,FALSE,-0.0282100828468845,0.0418242688287909,FALSE,FALSE,0.000348005415415903
"Eichholtz et al (2019)","Eichholtz et al (2019)",2600,-0.0347900964195608,0.000278473962684489,0.133185171461613,FALSE,-0.0282100828468845,0.0418242688287909,FALSE,FALSE,0.000348005415415902
"Eichholtz et al (2019)","Eichholtz et al (2019)",2601,-0.00349030460738555,0.000278473962684489,0.307947701303905,FALSE,-0.0282100828468845,0.0418242688287909,FALSE,FALSE,0.000348005415415907
"Eichholtz et al (2019)","Eichholtz et al (2019)",2602,-0.0472268032410105,0.000623052959501558,0.0634092767825551,FALSE,-0.0282100828468845,0.0418242688287909,FALSE,FALSE,0.000268080033126503
"Eichholtz et al (2019)","Eichholtz et al (2019)",2603,-0.0483582911978036,0.000623052959501558,0.0571257703303935,FALSE,-0.0282100828468845,0.0418242688287909,FALSE,FALSE,0.000268080033126506
"Eichholtz et al (2019)","Eichholtz et al (2019)",2604,-0.0382114180527462,0.000178667143112382,0.114259274097619,FALSE,-0.0282100828468845,0.0418242688287909,FALSE,FALSE,0.000380115339527228
"Eichholtz et al (2019)","Eichholtz et al (2019)",2605,-0.00142444118459187,0.000178667143112382,0.319986628413702,FALSE,-0.0282100828468845,0.0418242688287909,FALSE,FALSE,0.000380115339527226
"Eichholtz et al (2019)","Eichholtz et al (2019)",2606,-0.0428111083986449,0.000346380325597506,0.0883071555834714,FALSE,-0.0282100828468845,0.0418242688287909,FALSE,FALSE,0.000329391481918412
"Eichholtz et al (2019)","Eichholtz et al (2019)",2607,0.00112756657356429,0.000346380325597506,0.333375057454128,FALSE,-0.0282100828468845,0.0418242688287909,FALSE,FALSE,0.000329391481918404
"Eichholtz et al (2019)","Eichholtz et al (2019)",2608,-0.0421214498540205,0.000182581705313128,0.0923872495956464,FALSE,-0.0282100828468845,0.0418242688287909,FALSE,FALSE,0.000378708531961176
"Eichholtz et al (2019)","Eichholtz et al (2019)",2609,-0.0230268787153495,0.000182581705313128,0.199164967116626,FALSE,-0.0282100828468845,0.0418242688287909,FALSE,FALSE,0.000378708531961177
"Eichholtz et al (2019)","Eichholtz et al (2019)",2610,-0.0510689744528651,0.000352485019386676,0.042245038331505,FALSE,-0.0282100828468845,0.0418242688287909,FALSE,FALSE,0.000327811684013254
"Eichholtz et al (2019)","Eichholtz et al (2019)",2611,-0.028395830424103,0.000352485019386676,0.168692261954736,FALSE,-0.0282100828468845,0.0418242688287909,FALSE,FALSE,0.000327811684013252
"Eichholtz et al (2019)","Eichholtz et al (2019)",2612,-0.0427650425328656,0.000352485019386676,0.0885557367996252,FALSE,-0.0282100828468845,0.0418242688287909,FALSE,FALSE,0.000327811684013255
"Eichholtz et al (2019)","Eichholtz et al (2019)",2613,-0.0137265816314531,0.000352485019386676,0.250502079777796,FALSE,-0.0282100828468845,0.0418242688287909,FALSE,FALSE,0.000327811684013256
"Eichholtz et al (2019)","Eichholtz et al (2019)",2614,-0.0515767715169666,0.000614628149969269,0.0392575483048145,FALSE,-0.0282100828468845,0.0418242688287909,FALSE,FALSE,0.000269709864810787
"Eichholtz et al (2019)","Eichholtz et al (2019)",2615,-0.0311666833674481,0.000614628149969269,0.152616059398385,FALSE,-0.0282100828468845,0.0418242688287909,FALSE,FALSE,0.000269709864810786
"Eichholtz et al (2019)","Eichholtz et al (2019)",2616,-0.0734708570625322,0.000614628149969269,-0.0823431484202077,FALSE,-0.0282100828468845,0.0418242688287909,FALSE,FALSE,0.00026970986481078
"Ferriani (2022)","Ferriani (2022)",2617,-0.0013566778536088,0.00138504155124654,0.314378493852322,FALSE,-0.0282100828468845,0.0418242688287909,FALSE,FALSE,0.000357899928950345
"Ferriani (2022)","Ferriani (2022)",2618,-0.0010433788585652,0.00144717800289436,0.315803682042375,FALSE,-0.0282100828468845,0.0418242688287909,FALSE,FALSE,0.000342782199493104
"Ferriani (2022)","Ferriani (2022)",2619,-0.00166680870957925,0.00156494522691706,0.311834174241715,FALSE,-0.0282100828468845,0.0418242688287909,FALSE,FALSE,0.00031511563346716
"Ferriani (2022)","Ferriani (2022)",2620,-0.00165484139781474,0.00156494522691706,0.311899691573715,FALSE,-0.0282100828468845,0.0418242688287909,FALSE,FALSE,0.000315115633467157
"Ferriani (2022)","Ferriani (2022)",2621,-0.00159436075715182,0.00149925037481259,0.312537821614374,FALSE,-0.0282100828468845,0.0418242688287909,FALSE,FALSE,0.000330395528114494
"Ferriani (2022)","Ferriani (2022)",2622,-0.00164152542324857,0.00149925037481259,0.312279351137807,FALSE,-0.0282100828468845,0.0418242688287909,FALSE,FALSE,0.000330395528114495
"Ferriani (2022)","Ferriani (2022)",2623,-0.00136438489904651,0.00156494522691706,0.313489851104578,FALSE,-0.0282100828468845,0.0418242688287909,FALSE,FALSE,0.000315115633467156
"Ferriani (2022)","Ferriani (2022)",2624,-0.0013013512018178,0.00156494522691706,0.313834941108895,FALSE,-0.0282100828468845,0.0418242688287909,FALSE,FALSE,0.000315115633467155
"Ferriani (2022)","Ferriani (2022)",2625,-0.000887058081441978,0.00149925037481259,0.316413961843854,FALSE,-0.0282100828468845,0.0418242688287909,FALSE,FALSE,0.000330395528114495
"Ferriani (2022)","Ferriani (2022)",2626,-0.000962886500625621,0.00149925037481259,0.315998409073832,FALSE,-0.0282100828468845,0.0418242688287909,FALSE,FALSE,0.00033039552811449
"Ferriani (2022)","Ferriani (2022)",2627,0.00273779448672025,0.00149925037481259,0.336278776933502,FALSE,-0.0282100828468845,0.0418242688287909,FALSE,FALSE,0.000330395528114495
"Ferriani (2022)","Ferriani (2022)",2628,-0.00218323820166319,0.00191938579654511,0.307382846675469,FALSE,-0.0282100828468845,0.0418242688287909,FALSE,FALSE,0.000238523076950199
"Ferriani (2022)","Ferriani (2022)",2629,-0.00217348888238578,0.00191938579654511,0.307435935901,FALSE,-0.0282100828468845,0.0418242688287909,FALSE,FALSE,0.000238523076950203
"Ferriani (2022)","Ferriani (2022)",2630,-0.00209593987063808,0.00185185185185185,0.308166207458044,FALSE,-0.0282100828468845,0.0418242688287909,FALSE,FALSE,0.000252426077078836
"Ferriani (2022)","Ferriani (2022)",2631,-0.00217724905164253,0.00185185185185185,0.30772299396439,FALSE,-0.0282100828468845,0.0418242688287909,FALSE,FALSE,0.000252426077078838
"Ferriani (2022)","Ferriani (2022)",2632,-0.00163410910439652,0.00191938579654511,0.310373090164374,FALSE,-0.0282100828468845,0.0418242688287909,FALSE,FALSE,0.000238523076950205
"Ferriani (2022)","Ferriani (2022)",2633,-0.00160894092802424,0.00191938579654511,0.310510141680856,FALSE,-0.0282100828468845,0.0418242688287909,FALSE,FALSE,0.000238523076950206
"Ferriani (2022)","Ferriani (2022)",2634,-0.000768610805676651,0.00185185185185185,0.315401431633756,FALSE,-0.0282100828468845,0.0418242688287909,FALSE,FALSE,0.00025242607707884
"Ferriani (2022)","Ferriani (2022)",2635,-0.00122611705113454,0.00185185185185185,0.312907581137253,FALSE,-0.0282100828468845,0.0418242688287909,FALSE,FALSE,0.000252426077078838
"Ferriani (2022)","Ferriani (2022)",2636,0.00402318672884284,0.00185185185185185,0.341521351917334,FALSE,-0.0282100828468845,0.0418242688287909,FALSE,FALSE,0.000252426077078838
"Fonseka et al (2019a)","Fonseka et al (2019a)",2637,-0.427902796066753,0.00196850393700787,-2.00898634939272,FALSE,-0.0282100828468845,0.0418242688287909,TRUE,FALSE,0.000126099593535724
"Fonseka et al (2019a)","Fonseka et al (2019a)",2638,-0.427902796066753,0.00196850393700787,-2.00898634939272,FALSE,-0.0282100828468845,0.0418242688287909,TRUE,FALSE,0.000126099593535725
"Fonseka et al (2019a)","Fonseka et al (2019a)",2639,0.175529682451937,0.00196850393700787,1.27418308643266,FALSE,-0.0282100828468845,0.0418242688287909,TRUE,FALSE,0.000126099593535715
"Fonseka et al (2019a)","Fonseka et al (2019a)",2640,-0.044093819405741,0.00196850393700787,0.0792504396879374,FALSE,-0.0282100828468845,0.0418242688287909,FALSE,FALSE,0.000126099593535719
"Fonseka et al (2019a)","Fonseka et al (2019a)",2641,-0.427902796066753,0.00196850393700787,-2.00898634939272,FALSE,-0.0282100828468845,0.0418242688287909,TRUE,FALSE,0.000126099593535728
"Fonseka et al (2019a)","Fonseka et al (2019a)",2642,-0.795549259371303,0.00196850393700787,-4.00928576064392,TRUE,-0.0282100828468845,0.0418242688287909,TRUE,TRUE,0.000126099593535723
"Fonseka et al (2019a)","Fonseka et al (2019a)",2643,-0.795549259371303,0.00196850393700787,-4.00928576064392,TRUE,-0.0282100828468845,0.0418242688287909,TRUE,TRUE,0.000126099593535724
"Fonseka et al (2019a)","Fonseka et al (2019a)",2644,-1.09254355858462,0.00196850393700787,-5.62517923754985,TRUE,-0.0282100828468845,0.0418242688287909,TRUE,TRUE,0.000126099593535727
"Fonseka et al (2019b)","Fonseka et al (2019b)",2645,-0.215181633396727,0.000799360511590727,-0.866733731247586,FALSE,-0.0282100828468845,0.0418242688287909,TRUE,FALSE,0.00169692304859927
"Fonseka et al (2019b)","Fonseka et al (2019b)",2646,-0.1702291564026,0.000799360511590727,-0.617328657932792,FALSE,-0.0282100828468845,0.0418242688287909,TRUE,FALSE,0.00169692304859927
"Ge, Liu (2015)","Ge, Liu (2015)",2647,-0.0531933889776608,2.39790902333165e-05,0.0304957262979276,FALSE,-0.0282100828468845,0.0418242688287909,FALSE,FALSE,0.00212416583536877
"Ge, Liu (2015)","Ge, Liu (2015)",2648,-0.0534245878741721,2.39790902333165e-05,0.0291966253045209,FALSE,-0.0282100828468845,0.0418242688287909,FALSE,FALSE,0.00212416583536876
"Ge, Liu (2015)","Ge, Liu (2015)",2649,-0.0534245878741721,2.39790902333165e-05,0.0291966253045209,FALSE,-0.0282100828468845,0.0418242688287909,FALSE,FALSE,0.00212416583536876
"Hoepner et al (2016)","Hoepner et al (2016)",2650,-0.220931783021176,0.00169779286926995,-0.887310597702003,FALSE,-0.0282100828468845,0.0418242688287909,TRUE,FALSE,0.000943339780240582
"Hoepner et al (2016)","Hoepner et al (2016)",2651,-0.165119768649803,0.00213219616204691,-0.578364053830175,FALSE,-0.0282100828468845,0.0418242688287909,TRUE,FALSE,0.000839062912892802
"Hoepner et al (2016)","Hoepner et al (2016)",2652,-0.187737382370956,0.00213219616204691,-0.70121972250521,FALSE,-0.0282100828468845,0.0418242688287909,TRUE,FALSE,0.0008390629128928
"Hoepner et al (2016)","Hoepner et al (2016)",2653,-0.180298942473442,0.00213219616204691,-0.66081517237119,FALSE,-0.0282100828468845,0.0418242688287909,TRUE,FALSE,0.0008390629128928
"Hoepner et al (2016)","Hoepner et al (2016)",2654,-0.183248307554041,0.00213219616204691,-0.676835705023801,FALSE,-0.0282100828468845,0.0418242688287909,TRUE,FALSE,0.0008390629128928
"Jung et al (2016)","Jung et al (2016)",2655,-0.180903543666524,0.00258397932816537,-0.659600139805868,FALSE,-0.0282100828468845,0.0418242688287909,TRUE,FALSE,0.00080296971240112
"Kim, Kim (2022)","Kim, Kim (2022)",2656,-0.132015626938468,0.00196078431372549,-0.399246804605614,FALSE,-0.0282100828468845,0.0418242688287909,FALSE,FALSE,0.000359218698930936
"Kim, Kim (2022)","Kim, Kim (2022)",2657,-0.0791797708974807,0.00196078431372549,-0.11167364869456,FALSE,-0.0282100828468845,0.0418242688287909,FALSE,FALSE,0.000359218698930939
"Kim, Kim (2022)","Kim, Kim (2022)",2658,-0.0805039701834276,0.00196078431372549,-0.118880954419284,FALSE,-0.0282100828468845,0.0418242688287909,FALSE,FALSE,0.00035921869893094
"Kim, Kim (2022)","Kim, Kim (2022)",2659,-0.107835898074633,0.00196078431372549,-0.267642219017895,FALSE,-0.0282100828468845,0.0418242688287909,FALSE,FALSE,0.000359218698930947
"Kim, Kim (2022)","Kim, Kim (2022)",2660,-0.0791797708974807,0.00196078431372549,-0.11167364869456,FALSE,-0.0282100828468845,0.0418242688287909,FALSE,FALSE,0.000359218698930943
"Kim, Kim (2022)","Kim, Kim (2022)",2661,-0.0752063507595224,0.00196078431372549,-0.090047256042819,FALSE,-0.0282100828468845,0.0418242688287909,FALSE,FALSE,0.000359218698930944
"Kim, Kim (2022)","Kim, Kim (2022)",2662,-0.0747647853270286,0.00196078431372549,-0.0876439190955584,FALSE,-0.0282100828468845,0.0418242688287909,FALSE,FALSE,0.000359218698930945
"Kordschia (2020)","Kordschia (2020)",2663,-0.434409747246291,0.000321646831778707,-2.09945740000839,FALSE,-0.0282100828468845,0.0418242688287909,TRUE,FALSE,0.00170014501094328
"Lemma et al (2017)","Lemma et al (2017)",2664,0.0363574811188099,0.010752688172043,0.46052481487275,FALSE,-0.0282100828468845,0.0418242688287909,FALSE,FALSE,0.000264378744091266
"Lemma et al (2017)","Lemma et al (2017)",2665,0.0635967316702724,0.010752688172043,0.59258178550543,FALSE,-0.0282100828468845,0.0418242688287909,FALSE,FALSE,0.000264378744091264
"Lemma et al (2017)","Lemma et al (2017)",2666,-0.0988339665441283,0.010752688172043,-0.194888703207892,FALSE,-0.0282100828468845,0.0418242688287909,FALSE,FALSE,0.000264378744091265
"Li et al (2014)","Li et al (2014)",2667,-0.0750295045649784,0.000955109837631328,-0.09050062073127,FALSE,-0.0282100828468845,0.0418242688287909,FALSE,FALSE,0.000474111028977936
"Li et al (2014)","Li et al (2014)",2668,-0.112101064454237,0.000955109837631328,-0.295371317375872,FALSE,-0.0282100828468845,0.0418242688287909,FALSE,FALSE,0.000474111028977935
"Li et al (2014)","Li et al (2014)",2669,-0.0453503924539723,0.0020746887966805,0.0722690831766378,FALSE,-0.0282100828468845,0.0418242688287909,FALSE,FALSE,0.000306429620569467
"Li et al (2014)","Li et al (2014)",2670,-0.0832369398286803,0.00177935943060498,-0.134171443421973,FALSE,-0.0282100828468845,0.0418242688287909,FALSE,FALSE,0.000344336169308714
"Li et al (2014)","Li et al (2014)",2671,-0.0617462040919022,0.000955109837631328,-0.0170923522422172,FALSE,-0.0282100828468845,0.0418242688287909,FALSE,FALSE,0.000474111028977938
"Li et al (2014)","Li et al (2014)",2672,-0.0654613360846738,0.0020746887966805,-0.0370013668533049,FALSE,-0.0282100828468845,0.0418242688287909,FALSE,FALSE,0.000306429620569466
"Li et al (2014)","Li et al (2014)",2673,-0.098763428996075,0.00177935943060498,-0.218906034449509,FALSE,-0.0282100828468845,0.0418242688287909,FALSE,FALSE,0.000344336169308715
"Li et al (2014)","Li et al (2014)",2674,-0.0740507496931607,0.000955109837631328,-0.0850916713093254,FALSE,-0.0282100828468845,0.0418242688287909,FALSE,FALSE,0.000474111028977936
"Li et al (2014)","Li et al (2014)",2675,-0.0648410141708023,0.0020746887966805,-0.0336309205959397,FALSE,-0.0282100828468845,0.0418242688287909,FALSE,FALSE,0.000306429620569465
"Li et al (2014)","Li et al (2014)",2676,-0.0995996662218028,0.00177935943060498,-0.223469733207168,FALSE,-0.0282100828468845,0.0418242688287909,FALSE,FALSE,0.000344336169308713
"Li et al (2022)","Li et al (2022)",2677,-0.0418420188608463,0.000192566917003659,0.0939227442056629,FALSE,-0.0282100828468845,0.0418242688287909,FALSE,FALSE,0.000542744586953507
"Li et al (2022)","Li et al (2022)",2678,0.0360155641044414,0.000192566917003659,0.529318022105051,FALSE,-0.0282100828468845,0.0418242688287909,FALSE,FALSE,0.000542744586953506
"Li et al (2022)","Li et al (2022)",2679,-0.0489632493294371,5.89553118735998e-05,0.0542115511297357,FALSE,-0.0282100828468845,0.0418242688287909,FALSE,FALSE,0.000581466947828476
"Li et al (2022)","Li et al (2022)",2680,-0.0376111628262275,5.89553118735998e-05,0.117830252666616,FALSE,-0.0282100828468845,0.0418242688287909,FALSE,FALSE,0.000581466947828479
"Li et al (2022)","Li et al (2022)",2681,-0.0654428412838322,5.89553118735998e-05,-0.0381424176054236,FALSE,-0.0282100828468845,0.0418242688287909,FALSE,FALSE,0.000581466947828475
"Li et al (2022)","Li et al (2022)",2682,-0.0610409539836936,0.000106157112526539,-0.0134619897382805,FALSE,-0.0282100828468845,0.0418242688287909,FALSE,FALSE,0.000565204023242915
"Li et al (2022)","Li et al (2022)",2683,-0.073719856918284,0.000140706345856198,-0.0844151608151689,FALSE,-0.0282100828468845,0.0418242688287909,FALSE,FALSE,0.000555450213905265
"Li et al (2022)","Li et al (2022)",2684,0.0147035016296166,0.000101502233049127,0.410729664611709,FALSE,-0.0282100828468845,0.0418242688287909,FALSE,FALSE,0.000566627560437345
"Li et al (2022)","Li et al (2022)",2685,0.00340031384835492,0.000515198351365276,0.345176750395596,FALSE,-0.0282100828468845,0.0418242688287909,FALSE,FALSE,0.000486092084913232
"Li et al (2022)","Li et al (2022)",2686,-0.11233044320921,0.000285143997718848,-0.299821948897354,FALSE,-0.0282100828468845,0.0418242688287909,FALSE,FALSE,0.000523585639506994
"Li et al (2022)","Li et al (2022)",2687,-0.0750282199791197,9.22339051835455e-05,-0.0918100817961096,FALSE,-0.0282100828468845,0.0418242688287909,FALSE,FALSE,0.000569557811254699
"Li et al (2022)","Li et al (2022)",2688,-0.0518662288627259,0.000163478829491581,0.0378822477466106,FALSE,-0.0282100828468845,0.0418242688287909,FALSE,FALSE,0.000549637173051667
"Li et al (2022)","Li et al (2022)",2689,-0.0510511252509455,7.01163932127331e-05,0.0425035357030677,FALSE,-0.0282100828468845,0.0418242688287909,FALSE,FALSE,0.000577180202308954
"Li et al (2022)","Li et al (2022)",2690,-0.0692267260553229,0.000370782350760104,-0.0590489635229681,FALSE,-0.0282100828468845,0.0418242688287909,FALSE,FALSE,0.000508367833229811
"Maaloul, Wegener (2021)","Maaloul, Wegener (2021)",2691,0.180972122044546,0.0037037037037037,1.2714090392613,FALSE,-0.0282100828468845,0.0418242688287909,TRUE,FALSE,6.59415002243491e-05
"Maaloul, Wegener (2021)","Maaloul, Wegener (2021)",2692,0.0847233841102273,0.00214592274678112,0.778157466896583,FALSE,-0.0282100828468845,0.0418242688287909,FALSE,FALSE,0.000316733409770352
"CLUSTER Sandra/Ofogbe","Ofogbe et al (2021)",2693,0.0103662718271357,0.00209643605870021,0.374932052370785,FALSE,-0.0282100828468845,0.0418242688287909,FALSE,FALSE,0.00143389013024483
"Oikonomou et al (2014)","Oikonomou et al (2014)",2694,-0.0500459317178914,0.000128485159964024,0.0478344861482043,FALSE,-0.0282100828468845,0.0418242688287909,FALSE,FALSE,0.00173142030593013
"Okimoto, Takaoka (2022)","Okimoto, Takaoka (2022)",2695,-0.0255375482414534,0.000490918016691213,0.184205180081997,FALSE,-0.0282100828468845,0.0418242688287909,FALSE,FALSE,0.00103199133991153
"Okimoto, Takaoka (2022)","Okimoto, Takaoka (2022)",2696,-0.0772304671460286,0.00042571306939123,-0.10381053612494,FALSE,-0.0282100828468845,0.0418242688287909,FALSE,FALSE,0.00105322493734003
"Okimoto, Takaoka (2022)","Okimoto, Takaoka (2022)",2697,-0.022133140444648,0.000490918016691213,0.203166003842891,FALSE,-0.0282100828468845,0.0418242688287909,FALSE,FALSE,0.00103199133991153
"Okimoto, Takaoka (2022)","Okimoto, Takaoka (2022)",2698,-0.177003538348224,0.00323624595469256,-0.632615791769777,FALSE,-0.0282100828468845,0.0418242688287909,TRUE,FALSE,0.000549882125827688
"Salvi et al (2021)","Salvi et al (2021)",2699,0.0118301103517313,0.00026281208935611,0.393552069691045,FALSE,-0.0282100828468845,0.0418242688287909,FALSE,FALSE,0.00175544971447894
"Salvi et al (2021)","Salvi et al (2021)",2700,0.147218165111564,0.0011001100110011,1.13610023500556,FALSE,-0.0282100828468845,0.0418242688287909,TRUE,FALSE,0.00157051191920155
"Salvi et al (2021)","Salvi et al (2021)",2701,-0.0788623758654532,0.000319182891797,-0.113747326730006,FALSE,-0.0282100828468845,0.0418242688287909,FALSE,FALSE,0.00173841845801313
"Srivisal et al (2021)","Srivisal et al (2021)",2702,0.116217170263927,0.000603500301750151,0.971768652652836,FALSE,-0.0282100828468845,0.0418242688287909,TRUE,FALSE,0.00118992852783105
"Srivisal et al (2021)","Srivisal et al (2021)",2703,-0.0483134178445358,0.000765110941086458,0.0567027527572701,FALSE,-0.0282100828468845,0.0418242688287909,FALSE,FALSE,0.00114450467427492
"Temiz (2022)","Temiz (2022)",2704,-0.0465410105094278,0.000154631204577084,0.0677254554804237,FALSE,-0.0282100828468845,0.0418242688287909,FALSE,FALSE,0.000725334793293205
"Temiz (2022)","Temiz (2022)",2705,-0.0465410105094278,0.000154631204577084,0.0677254554804237,FALSE,-0.0282100828468845,0.0418242688287909,FALSE,FALSE,0.000725334793293204
"Temiz (2022)","Temiz (2022)",2706,-0.0310335612120402,0.000154631204577084,0.15451565784655,FALSE,-0.0282100828468845,0.0418242688287909,FALSE,FALSE,0.000725334793293203
"Temiz (2022)","Temiz (2022)",2707,-0.0155186484849257,0.000154631204577084,0.24134763062662,FALSE,-0.0282100828468845,0.0418242688287909,FALSE,FALSE,0.000725334793293203
"Temiz (2022)","Temiz (2022)",2708,-0.0362037239426717,0.000154631204577084,0.125579921153031,FALSE,-0.0282100828468845,0.0418242688287909,FALSE,FALSE,0.000725334793293205
"Truong, Kim (2019)","Truong, Kim (2019)",2709,-0.0420388986167248,0.000658761528326746,0.0921568067117458,FALSE,-0.0282100828468845,0.0418242688287909,FALSE,FALSE,0.000851868521397755
"Truong, Kim (2019)","Truong, Kim (2019)",2710,-0.0387082816902272,0.000658761528326746,0.110654906629477,FALSE,-0.0282100828468845,0.0418242688287909,FALSE,FALSE,0.000851868521397754
"Truong, Kim (2019)","Truong, Kim (2019)",2711,-0.0456251946485319,0.000658761528326746,0.0722386762887749,FALSE,-0.0282100828468845,0.0418242688287909,FALSE,FALSE,0.000851868521397752
"Truong, Kim (2019)","Truong, Kim (2019)",2712,-0.0481864783813178,0.000658761528326746,0.0580134190909871,FALSE,-0.0282100828468845,0.0418242688287909,FALSE,FALSE,0.000851868521397752
"Truong, Kim (2019)","Truong, Kim (2019)",2713,-0.0353772355334073,0.000658761528326746,0.12915539047354,FALSE,-0.0282100828468845,0.0418242688287909,FALSE,FALSE,0.000851868521397752
