analysis_id,spec,subset,term,metric,estimator,rho,k_es,k_study,k_cluster,est_z,se_z,t_stat,df,p,ci_lb_z,ci_ub_z,pi_lb_z,pi_ub_z,est_r,ci_lb_r,ci_ub_r,pi_lb_r,pi_ub_r,sigma2_cluster,sigma2_study,sigma2_esid,pct_cluster,pct_study,pct_esid,pct_sampling,typical_v,value,ms_input,ms_label,note
H1,own_x0.5,defined,power_delta_0.00,count,3LMA-RVE_CR2,0.6,2705,,112,,,,11.576259399726865,,,,,,,,,,,,,,,,,,,0.032,FALSE,,"H1 scenario own_x0.5: fixed VC (cluster/study/esid) = 0.00987277/5.10461e-10/0.00594159 (= T1/A2 components x 0.5); design X = [1, pp_mid] on 2,705/112; CR2/Satterthwaite two-sided alpha=.05, df precomputed y-free; delta enters as noncentral shift of one B=5000 stream [DEC-045/H-Q14/R1]"
H1,own_x0.5,defined,power_delta_0.01,count,3LMA-RVE_CR2,0.6,2705,,112,,,,11.576259399726865,,,,,,,,,,,,,,,,,,,0.052,FALSE,,"H1 scenario own_x0.5: fixed VC (cluster/study/esid) = 0.00987277/5.10461e-10/0.00594159 (= T1/A2 components x 0.5); design X = [1, pp_mid] on 2,705/112; CR2/Satterthwaite two-sided alpha=.05, df precomputed y-free; delta enters as noncentral shift of one B=5000 stream [DEC-045/H-Q14/R1]"
H1,own_x0.5,defined,power_delta_0.02,count,3LMA-RVE_CR2,0.6,2705,,112,,,,11.576259399726865,,,,,,,,,,,,,,,,,,,0.1142,FALSE,,"H1 scenario own_x0.5: fixed VC (cluster/study/esid) = 0.00987277/5.10461e-10/0.00594159 (= T1/A2 components x 0.5); design X = [1, pp_mid] on 2,705/112; CR2/Satterthwaite two-sided alpha=.05, df precomputed y-free; delta enters as noncentral shift of one B=5000 stream [DEC-045/H-Q14/R1]"
H1,own_x0.5,defined,power_delta_0.03,count,3LMA-RVE_CR2,0.6,2705,,112,,,,11.576259399726865,,,,,,,,,,,,,,,,,,,0.238,FALSE,,"H1 scenario own_x0.5: fixed VC (cluster/study/esid) = 0.00987277/5.10461e-10/0.00594159 (= T1/A2 components x 0.5); design X = [1, pp_mid] on 2,705/112; CR2/Satterthwaite two-sided alpha=.05, df precomputed y-free; delta enters as noncentral shift of one B=5000 stream [DEC-045/H-Q14/R1]"
H1,own_x0.5,defined,power_delta_0.04,count,3LMA-RVE_CR2,0.6,2705,,112,,,,11.576259399726865,,,,,,,,,,,,,,,,,,,0.4132,FALSE,,"H1 scenario own_x0.5: fixed VC (cluster/study/esid) = 0.00987277/5.10461e-10/0.00594159 (= T1/A2 components x 0.5); design X = [1, pp_mid] on 2,705/112; CR2/Satterthwaite two-sided alpha=.05, df precomputed y-free; delta enters as noncentral shift of one B=5000 stream [DEC-045/H-Q14/R1]"
H1,own_x0.5,defined,power_delta_0.05,count,3LMA-RVE_CR2,0.6,2705,,112,,,,11.576259399726865,,,,,,,,,,,,,,,,,,,0.6004,FALSE,,"H1 scenario own_x0.5: fixed VC (cluster/study/esid) = 0.00987277/5.10461e-10/0.00594159 (= T1/A2 components x 0.5); design X = [1, pp_mid] on 2,705/112; CR2/Satterthwaite two-sided alpha=.05, df precomputed y-free; delta enters as noncentral shift of one B=5000 stream [DEC-045/H-Q14/R1]"
H1,own_x0.5,defined,power_delta_0.06,count,3LMA-RVE_CR2,0.6,2705,,112,,,,11.576259399726865,,,,,,,,,,,,,,,,,,,0.7684,FALSE,,"H1 scenario own_x0.5: fixed VC (cluster/study/esid) = 0.00987277/5.10461e-10/0.00594159 (= T1/A2 components x 0.5); design X = [1, pp_mid] on 2,705/112; CR2/Satterthwaite two-sided alpha=.05, df precomputed y-free; delta enters as noncentral shift of one B=5000 stream [DEC-045/H-Q14/R1]"
H1,own_x0.5,defined,power_delta_0.07,count,3LMA-RVE_CR2,0.6,2705,,112,,,,11.576259399726865,,,,,,,,,,,,,,,,,,,0.8868,FALSE,,"H1 scenario own_x0.5: fixed VC (cluster/study/esid) = 0.00987277/5.10461e-10/0.00594159 (= T1/A2 components x 0.5); design X = [1, pp_mid] on 2,705/112; CR2/Satterthwaite two-sided alpha=.05, df precomputed y-free; delta enters as noncentral shift of one B=5000 stream [DEC-045/H-Q14/R1]"
H1,own_x0.5,defined,power_delta_0.08,count,3LMA-RVE_CR2,0.6,2705,,112,,,,11.576259399726865,,,,,,,,,,,,,,,,,,,0.9526,FALSE,,"H1 scenario own_x0.5: fixed VC (cluster/study/esid) = 0.00987277/5.10461e-10/0.00594159 (= T1/A2 components x 0.5); design X = [1, pp_mid] on 2,705/112; CR2/Satterthwaite two-sided alpha=.05, df precomputed y-free; delta enters as noncentral shift of one B=5000 stream [DEC-045/H-Q14/R1]"
H1,own_x0.5,defined,mde_power80,Fisher_z,3LMA-RVE_CR2,0.6,2705,,112,,,,11.576259399726865,,,,,,,,,,,,,,,,,,,0.06266891891891892,FALSE,,"H1 scenario own_x0.5: fixed VC (cluster/study/esid) = 0.00987277/5.10461e-10/0.00594159 (= T1/A2 components x 0.5); design X = [1, pp_mid] on 2,705/112; CR2/Satterthwaite two-sided alpha=.05, df precomputed y-free; delta enters as noncentral shift of one B=5000 stream [DEC-045/H-Q14/R1]; MDE = smallest delta with power >= .80, linear interpolation on the 9-point grid; NA = above grid ceiling 0.08"
H1,own_x0.5,defined,mde_power90,Fisher_z,3LMA-RVE_CR2,0.6,2705,,112,,,,11.576259399726865,,,,,,,,,,,,,,,,,,,0.07200607902735563,FALSE,,"H1 scenario own_x0.5: fixed VC (cluster/study/esid) = 0.00987277/5.10461e-10/0.00594159 (= T1/A2 components x 0.5); design X = [1, pp_mid] on 2,705/112; CR2/Satterthwaite two-sided alpha=.05, df precomputed y-free; delta enters as noncentral shift of one B=5000 stream [DEC-045/H-Q14/R1]; co-reported 90% criterion"
H1,own_x1.0,defined,power_delta_0.00,count,3LMA-RVE_CR2,0.6,2705,,112,,,,11.81936075709822,,,,,,,,,,,,,,,,,,,0.0344,FALSE,,"H1 scenario own_x1.0: fixed VC (cluster/study/esid) = 0.0197455/1.02092e-09/0.0118832 (= T1/A2 components x 1.0); design X = [1, pp_mid] on 2,705/112; CR2/Satterthwaite two-sided alpha=.05, df precomputed y-free; delta enters as noncentral shift of one B=5000 stream [DEC-045/H-Q14/R1]"
H1,own_x1.0,defined,power_delta_0.01,count,3LMA-RVE_CR2,0.6,2705,,112,,,,11.81936075709822,,,,,,,,,,,,,,,,,,,0.0502,FALSE,,"H1 scenario own_x1.0: fixed VC (cluster/study/esid) = 0.0197455/1.02092e-09/0.0118832 (= T1/A2 components x 1.0); design X = [1, pp_mid] on 2,705/112; CR2/Satterthwaite two-sided alpha=.05, df precomputed y-free; delta enters as noncentral shift of one B=5000 stream [DEC-045/H-Q14/R1]"
H1,own_x1.0,defined,power_delta_0.02,count,3LMA-RVE_CR2,0.6,2705,,112,,,,11.81936075709822,,,,,,,,,,,,,,,,,,,0.085,FALSE,,"H1 scenario own_x1.0: fixed VC (cluster/study/esid) = 0.0197455/1.02092e-09/0.0118832 (= T1/A2 components x 1.0); design X = [1, pp_mid] on 2,705/112; CR2/Satterthwaite two-sided alpha=.05, df precomputed y-free; delta enters as noncentral shift of one B=5000 stream [DEC-045/H-Q14/R1]"
H1,own_x1.0,defined,power_delta_0.03,count,3LMA-RVE_CR2,0.6,2705,,112,,,,11.81936075709822,,,,,,,,,,,,,,,,,,,0.1478,FALSE,,"H1 scenario own_x1.0: fixed VC (cluster/study/esid) = 0.0197455/1.02092e-09/0.0118832 (= T1/A2 components x 1.0); design X = [1, pp_mid] on 2,705/112; CR2/Satterthwaite two-sided alpha=.05, df precomputed y-free; delta enters as noncentral shift of one B=5000 stream [DEC-045/H-Q14/R1]"
H1,own_x1.0,defined,power_delta_0.04,count,3LMA-RVE_CR2,0.6,2705,,112,,,,11.81936075709822,,,,,,,,,,,,,,,,,,,0.2384,FALSE,,"H1 scenario own_x1.0: fixed VC (cluster/study/esid) = 0.0197455/1.02092e-09/0.0118832 (= T1/A2 components x 1.0); design X = [1, pp_mid] on 2,705/112; CR2/Satterthwaite two-sided alpha=.05, df precomputed y-free; delta enters as noncentral shift of one B=5000 stream [DEC-045/H-Q14/R1]"
H1,own_x1.0,defined,power_delta_0.05,count,3LMA-RVE_CR2,0.6,2705,,112,,,,11.81936075709822,,,,,,,,,,,,,,,,,,,0.3532,FALSE,,"H1 scenario own_x1.0: fixed VC (cluster/study/esid) = 0.0197455/1.02092e-09/0.0118832 (= T1/A2 components x 1.0); design X = [1, pp_mid] on 2,705/112; CR2/Satterthwaite two-sided alpha=.05, df precomputed y-free; delta enters as noncentral shift of one B=5000 stream [DEC-045/H-Q14/R1]"
H1,own_x1.0,defined,power_delta_0.06,count,3LMA-RVE_CR2,0.6,2705,,112,,,,11.81936075709822,,,,,,,,,,,,,,,,,,,0.4792,FALSE,,"H1 scenario own_x1.0: fixed VC (cluster/study/esid) = 0.0197455/1.02092e-09/0.0118832 (= T1/A2 components x 1.0); design X = [1, pp_mid] on 2,705/112; CR2/Satterthwaite two-sided alpha=.05, df precomputed y-free; delta enters as noncentral shift of one B=5000 stream [DEC-045/H-Q14/R1]"
H1,own_x1.0,defined,power_delta_0.07,count,3LMA-RVE_CR2,0.6,2705,,112,,,,11.81936075709822,,,,,,,,,,,,,,,,,,,0.6112,FALSE,,"H1 scenario own_x1.0: fixed VC (cluster/study/esid) = 0.0197455/1.02092e-09/0.0118832 (= T1/A2 components x 1.0); design X = [1, pp_mid] on 2,705/112; CR2/Satterthwaite two-sided alpha=.05, df precomputed y-free; delta enters as noncentral shift of one B=5000 stream [DEC-045/H-Q14/R1]"
H1,own_x1.0,defined,power_delta_0.08,count,3LMA-RVE_CR2,0.6,2705,,112,,,,11.81936075709822,,,,,,,,,,,,,,,,,,,0.7304,FALSE,,"H1 scenario own_x1.0: fixed VC (cluster/study/esid) = 0.0197455/1.02092e-09/0.0118832 (= T1/A2 components x 1.0); design X = [1, pp_mid] on 2,705/112; CR2/Satterthwaite two-sided alpha=.05, df precomputed y-free; delta enters as noncentral shift of one B=5000 stream [DEC-045/H-Q14/R1]"
H1,own_x1.0,defined,mde_power80,Fisher_z,3LMA-RVE_CR2,0.6,2705,,112,,,,11.81936075709822,,,,,,,,,,,,,,,,,,,,TRUE,h1_mde_primary,"H1 scenario own_x1.0: fixed VC (cluster/study/esid) = 0.0197455/1.02092e-09/0.0118832 (= T1/A2 components x 1.0); design X = [1, pp_mid] on 2,705/112; CR2/Satterthwaite two-sided alpha=.05, df precomputed y-free; delta enters as noncentral shift of one B=5000 stream [DEC-045/H-Q14/R1]; MDE = smallest delta with power >= .80, linear interpolation on the 9-point grid; NA = above grid ceiling 0.08"
H1,own_x1.0,defined,mde_power90,Fisher_z,3LMA-RVE_CR2,0.6,2705,,112,,,,11.81936075709822,,,,,,,,,,,,,,,,,,,,FALSE,,"H1 scenario own_x1.0: fixed VC (cluster/study/esid) = 0.0197455/1.02092e-09/0.0118832 (= T1/A2 components x 1.0); design X = [1, pp_mid] on 2,705/112; CR2/Satterthwaite two-sided alpha=.05, df precomputed y-free; delta enters as noncentral shift of one B=5000 stream [DEC-045/H-Q14/R1]; co-reported 90% criterion"
H1,own_x2.0,defined,power_delta_0.00,count,3LMA-RVE_CR2,0.6,2705,,112,,,,11.975627774319879,,,,,,,,,,,,,,,,,,,0.0364,FALSE,,"H1 scenario own_x2.0: fixed VC (cluster/study/esid) = 0.0394911/2.04184e-09/0.0237664 (= T1/A2 components x 2.0); design X = [1, pp_mid] on 2,705/112; CR2/Satterthwaite two-sided alpha=.05, df precomputed y-free; delta enters as noncentral shift of one B=5000 stream [DEC-045/H-Q14/R1]"
H1,own_x2.0,defined,power_delta_0.01,count,3LMA-RVE_CR2,0.6,2705,,112,,,,11.975627774319879,,,,,,,,,,,,,,,,,,,0.0426,FALSE,,"H1 scenario own_x2.0: fixed VC (cluster/study/esid) = 0.0394911/2.04184e-09/0.0237664 (= T1/A2 components x 2.0); design X = [1, pp_mid] on 2,705/112; CR2/Satterthwaite two-sided alpha=.05, df precomputed y-free; delta enters as noncentral shift of one B=5000 stream [DEC-045/H-Q14/R1]"
H1,own_x2.0,defined,power_delta_0.02,count,3LMA-RVE_CR2,0.6,2705,,112,,,,11.975627774319879,,,,,,,,,,,,,,,,,,,0.0638,FALSE,,"H1 scenario own_x2.0: fixed VC (cluster/study/esid) = 0.0394911/2.04184e-09/0.0237664 (= T1/A2 components x 2.0); design X = [1, pp_mid] on 2,705/112; CR2/Satterthwaite two-sided alpha=.05, df precomputed y-free; delta enters as noncentral shift of one B=5000 stream [DEC-045/H-Q14/R1]"
H1,own_x2.0,defined,power_delta_0.03,count,3LMA-RVE_CR2,0.6,2705,,112,,,,11.975627774319879,,,,,,,,,,,,,,,,,,,0.0936,FALSE,,"H1 scenario own_x2.0: fixed VC (cluster/study/esid) = 0.0394911/2.04184e-09/0.0237664 (= T1/A2 components x 2.0); design X = [1, pp_mid] on 2,705/112; CR2/Satterthwaite two-sided alpha=.05, df precomputed y-free; delta enters as noncentral shift of one B=5000 stream [DEC-045/H-Q14/R1]"
H1,own_x2.0,defined,power_delta_0.04,count,3LMA-RVE_CR2,0.6,2705,,112,,,,11.975627774319879,,,,,,,,,,,,,,,,,,,0.1446,FALSE,,"H1 scenario own_x2.0: fixed VC (cluster/study/esid) = 0.0394911/2.04184e-09/0.0237664 (= T1/A2 components x 2.0); design X = [1, pp_mid] on 2,705/112; CR2/Satterthwaite two-sided alpha=.05, df precomputed y-free; delta enters as noncentral shift of one B=5000 stream [DEC-045/H-Q14/R1]"
H1,own_x2.0,defined,power_delta_0.05,count,3LMA-RVE_CR2,0.6,2705,,112,,,,11.975627774319879,,,,,,,,,,,,,,,,,,,0.2014,FALSE,,"H1 scenario own_x2.0: fixed VC (cluster/study/esid) = 0.0394911/2.04184e-09/0.0237664 (= T1/A2 components x 2.0); design X = [1, pp_mid] on 2,705/112; CR2/Satterthwaite two-sided alpha=.05, df precomputed y-free; delta enters as noncentral shift of one B=5000 stream [DEC-045/H-Q14/R1]"
H1,own_x2.0,defined,power_delta_0.06,count,3LMA-RVE_CR2,0.6,2705,,112,,,,11.975627774319879,,,,,,,,,,,,,,,,,,,0.278,FALSE,,"H1 scenario own_x2.0: fixed VC (cluster/study/esid) = 0.0394911/2.04184e-09/0.0237664 (= T1/A2 components x 2.0); design X = [1, pp_mid] on 2,705/112; CR2/Satterthwaite two-sided alpha=.05, df precomputed y-free; delta enters as noncentral shift of one B=5000 stream [DEC-045/H-Q14/R1]"
H1,own_x2.0,defined,power_delta_0.07,count,3LMA-RVE_CR2,0.6,2705,,112,,,,11.975627774319879,,,,,,,,,,,,,,,,,,,0.358,FALSE,,"H1 scenario own_x2.0: fixed VC (cluster/study/esid) = 0.0394911/2.04184e-09/0.0237664 (= T1/A2 components x 2.0); design X = [1, pp_mid] on 2,705/112; CR2/Satterthwaite two-sided alpha=.05, df precomputed y-free; delta enters as noncentral shift of one B=5000 stream [DEC-045/H-Q14/R1]"
H1,own_x2.0,defined,power_delta_0.08,count,3LMA-RVE_CR2,0.6,2705,,112,,,,11.975627774319879,,,,,,,,,,,,,,,,,,,0.4476,FALSE,,"H1 scenario own_x2.0: fixed VC (cluster/study/esid) = 0.0394911/2.04184e-09/0.0237664 (= T1/A2 components x 2.0); design X = [1, pp_mid] on 2,705/112; CR2/Satterthwaite two-sided alpha=.05, df precomputed y-free; delta enters as noncentral shift of one B=5000 stream [DEC-045/H-Q14/R1]"
H1,own_x2.0,defined,mde_power80,Fisher_z,3LMA-RVE_CR2,0.6,2705,,112,,,,11.975627774319879,,,,,,,,,,,,,,,,,,,,FALSE,,"H1 scenario own_x2.0: fixed VC (cluster/study/esid) = 0.0394911/2.04184e-09/0.0237664 (= T1/A2 components x 2.0); design X = [1, pp_mid] on 2,705/112; CR2/Satterthwaite two-sided alpha=.05, df precomputed y-free; delta enters as noncentral shift of one B=5000 stream [DEC-045/H-Q14/R1]; MDE = smallest delta with power >= .80, linear interpolation on the 9-point grid; NA = above grid ceiling 0.08"
H1,own_x2.0,defined,mde_power90,Fisher_z,3LMA-RVE_CR2,0.6,2705,,112,,,,11.975627774319879,,,,,,,,,,,,,,,,,,,,FALSE,,"H1 scenario own_x2.0: fixed VC (cluster/study/esid) = 0.0394911/2.04184e-09/0.0237664 (= T1/A2 components x 2.0); design X = [1, pp_mid] on 2,705/112; CR2/Satterthwaite two-sided alpha=.05, df precomputed y-free; delta enters as noncentral shift of one B=5000 stream [DEC-045/H-Q14/R1]; co-reported 90% criterion"
H1,coe_x0.5,defined,power_delta_0.00,count,3LMA-RVE_CR2,0.6,2705,,112,,,,12.748854875187643,,,,,,,,,,,,,,,,,,,0.039,FALSE,,"H1 scenario coe_x0.5: fixed VC (cluster/study/esid) = 0.00013994/7.23543e-12/8.4218e-05 (one-level lower bound: tau2_COE = (0.083/3.92)^2 x 0.5, allocated by T1/A2 proportions [S4]); design X = [1, pp_mid] on 2,705/112; CR2/Satterthwaite two-sided alpha=.05, df precomputed y-free; delta enters as noncentral shift of one B=5000 stream [DEC-045/H-Q14/R1]"
H1,coe_x0.5,defined,power_delta_0.01,count,3LMA-RVE_CR2,0.6,2705,,112,,,,12.748854875187643,,,,,,,,,,,,,,,,,,,0.8244,FALSE,,"H1 scenario coe_x0.5: fixed VC (cluster/study/esid) = 0.00013994/7.23543e-12/8.4218e-05 (one-level lower bound: tau2_COE = (0.083/3.92)^2 x 0.5, allocated by T1/A2 proportions [S4]); design X = [1, pp_mid] on 2,705/112; CR2/Satterthwaite two-sided alpha=.05, df precomputed y-free; delta enters as noncentral shift of one B=5000 stream [DEC-045/H-Q14/R1]"
H1,coe_x0.5,defined,power_delta_0.02,count,3LMA-RVE_CR2,0.6,2705,,112,,,,12.748854875187643,,,,,,,,,,,,,,,,,,,1,FALSE,,"H1 scenario coe_x0.5: fixed VC (cluster/study/esid) = 0.00013994/7.23543e-12/8.4218e-05 (one-level lower bound: tau2_COE = (0.083/3.92)^2 x 0.5, allocated by T1/A2 proportions [S4]); design X = [1, pp_mid] on 2,705/112; CR2/Satterthwaite two-sided alpha=.05, df precomputed y-free; delta enters as noncentral shift of one B=5000 stream [DEC-045/H-Q14/R1]"
H1,coe_x0.5,defined,power_delta_0.03,count,3LMA-RVE_CR2,0.6,2705,,112,,,,12.748854875187643,,,,,,,,,,,,,,,,,,,1,FALSE,,"H1 scenario coe_x0.5: fixed VC (cluster/study/esid) = 0.00013994/7.23543e-12/8.4218e-05 (one-level lower bound: tau2_COE = (0.083/3.92)^2 x 0.5, allocated by T1/A2 proportions [S4]); design X = [1, pp_mid] on 2,705/112; CR2/Satterthwaite two-sided alpha=.05, df precomputed y-free; delta enters as noncentral shift of one B=5000 stream [DEC-045/H-Q14/R1]"
H1,coe_x0.5,defined,power_delta_0.04,count,3LMA-RVE_CR2,0.6,2705,,112,,,,12.748854875187643,,,,,,,,,,,,,,,,,,,1,FALSE,,"H1 scenario coe_x0.5: fixed VC (cluster/study/esid) = 0.00013994/7.23543e-12/8.4218e-05 (one-level lower bound: tau2_COE = (0.083/3.92)^2 x 0.5, allocated by T1/A2 proportions [S4]); design X = [1, pp_mid] on 2,705/112; CR2/Satterthwaite two-sided alpha=.05, df precomputed y-free; delta enters as noncentral shift of one B=5000 stream [DEC-045/H-Q14/R1]"
H1,coe_x0.5,defined,power_delta_0.05,count,3LMA-RVE_CR2,0.6,2705,,112,,,,12.748854875187643,,,,,,,,,,,,,,,,,,,1,FALSE,,"H1 scenario coe_x0.5: fixed VC (cluster/study/esid) = 0.00013994/7.23543e-12/8.4218e-05 (one-level lower bound: tau2_COE = (0.083/3.92)^2 x 0.5, allocated by T1/A2 proportions [S4]); design X = [1, pp_mid] on 2,705/112; CR2/Satterthwaite two-sided alpha=.05, df precomputed y-free; delta enters as noncentral shift of one B=5000 stream [DEC-045/H-Q14/R1]"
H1,coe_x0.5,defined,power_delta_0.06,count,3LMA-RVE_CR2,0.6,2705,,112,,,,12.748854875187643,,,,,,,,,,,,,,,,,,,1,FALSE,,"H1 scenario coe_x0.5: fixed VC (cluster/study/esid) = 0.00013994/7.23543e-12/8.4218e-05 (one-level lower bound: tau2_COE = (0.083/3.92)^2 x 0.5, allocated by T1/A2 proportions [S4]); design X = [1, pp_mid] on 2,705/112; CR2/Satterthwaite two-sided alpha=.05, df precomputed y-free; delta enters as noncentral shift of one B=5000 stream [DEC-045/H-Q14/R1]"
H1,coe_x0.5,defined,power_delta_0.07,count,3LMA-RVE_CR2,0.6,2705,,112,,,,12.748854875187643,,,,,,,,,,,,,,,,,,,1,FALSE,,"H1 scenario coe_x0.5: fixed VC (cluster/study/esid) = 0.00013994/7.23543e-12/8.4218e-05 (one-level lower bound: tau2_COE = (0.083/3.92)^2 x 0.5, allocated by T1/A2 proportions [S4]); design X = [1, pp_mid] on 2,705/112; CR2/Satterthwaite two-sided alpha=.05, df precomputed y-free; delta enters as noncentral shift of one B=5000 stream [DEC-045/H-Q14/R1]"
H1,coe_x0.5,defined,power_delta_0.08,count,3LMA-RVE_CR2,0.6,2705,,112,,,,12.748854875187643,,,,,,,,,,,,,,,,,,,1,FALSE,,"H1 scenario coe_x0.5: fixed VC (cluster/study/esid) = 0.00013994/7.23543e-12/8.4218e-05 (one-level lower bound: tau2_COE = (0.083/3.92)^2 x 0.5, allocated by T1/A2 proportions [S4]); design X = [1, pp_mid] on 2,705/112; CR2/Satterthwaite two-sided alpha=.05, df precomputed y-free; delta enters as noncentral shift of one B=5000 stream [DEC-045/H-Q14/R1]"
H1,coe_x0.5,defined,mde_power80,Fisher_z,3LMA-RVE_CR2,0.6,2705,,112,,,,12.748854875187643,,,,,,,,,,,,,,,,,,,0.009689330277565572,FALSE,,"H1 scenario coe_x0.5: fixed VC (cluster/study/esid) = 0.00013994/7.23543e-12/8.4218e-05 (one-level lower bound: tau2_COE = (0.083/3.92)^2 x 0.5, allocated by T1/A2 proportions [S4]); design X = [1, pp_mid] on 2,705/112; CR2/Satterthwaite two-sided alpha=.05, df precomputed y-free; delta enters as noncentral shift of one B=5000 stream [DEC-045/H-Q14/R1]; MDE = smallest delta with power >= .80, linear interpolation on the 9-point grid; NA = above grid ceiling 0.08"
H1,coe_x0.5,defined,mde_power90,Fisher_z,3LMA-RVE_CR2,0.6,2705,,112,,,,12.748854875187643,,,,,,,,,,,,,,,,,,,0.014305239179954443,FALSE,,"H1 scenario coe_x0.5: fixed VC (cluster/study/esid) = 0.00013994/7.23543e-12/8.4218e-05 (one-level lower bound: tau2_COE = (0.083/3.92)^2 x 0.5, allocated by T1/A2 proportions [S4]); design X = [1, pp_mid] on 2,705/112; CR2/Satterthwaite two-sided alpha=.05, df precomputed y-free; delta enters as noncentral shift of one B=5000 stream [DEC-045/H-Q14/R1]; co-reported 90% criterion"
H1,coe_x1.0,defined,power_delta_0.00,count,3LMA-RVE_CR2,0.6,2705,,112,,,,11.076163688947947,,,,,,,,,,,,,,,,,,,0.0332,FALSE,,"H1 scenario coe_x1.0: fixed VC (cluster/study/esid) = 0.00027988/1.44709e-11/0.000168436 (one-level lower bound: tau2_COE = (0.083/3.92)^2 x 1.0, allocated by T1/A2 proportions [S4]); design X = [1, pp_mid] on 2,705/112; CR2/Satterthwaite two-sided alpha=.05, df precomputed y-free; delta enters as noncentral shift of one B=5000 stream [DEC-045/H-Q14/R1]"
H1,coe_x1.0,defined,power_delta_0.01,count,3LMA-RVE_CR2,0.6,2705,,112,,,,11.076163688947947,,,,,,,,,,,,,,,,,,,0.5816,FALSE,,"H1 scenario coe_x1.0: fixed VC (cluster/study/esid) = 0.00027988/1.44709e-11/0.000168436 (one-level lower bound: tau2_COE = (0.083/3.92)^2 x 1.0, allocated by T1/A2 proportions [S4]); design X = [1, pp_mid] on 2,705/112; CR2/Satterthwaite two-sided alpha=.05, df precomputed y-free; delta enters as noncentral shift of one B=5000 stream [DEC-045/H-Q14/R1]"
H1,coe_x1.0,defined,power_delta_0.02,count,3LMA-RVE_CR2,0.6,2705,,112,,,,11.076163688947947,,,,,,,,,,,,,,,,,,,0.9906,FALSE,,"H1 scenario coe_x1.0: fixed VC (cluster/study/esid) = 0.00027988/1.44709e-11/0.000168436 (one-level lower bound: tau2_COE = (0.083/3.92)^2 x 1.0, allocated by T1/A2 proportions [S4]); design X = [1, pp_mid] on 2,705/112; CR2/Satterthwaite two-sided alpha=.05, df precomputed y-free; delta enters as noncentral shift of one B=5000 stream [DEC-045/H-Q14/R1]"
H1,coe_x1.0,defined,power_delta_0.03,count,3LMA-RVE_CR2,0.6,2705,,112,,,,11.076163688947947,,,,,,,,,,,,,,,,,,,1,FALSE,,"H1 scenario coe_x1.0: fixed VC (cluster/study/esid) = 0.00027988/1.44709e-11/0.000168436 (one-level lower bound: tau2_COE = (0.083/3.92)^2 x 1.0, allocated by T1/A2 proportions [S4]); design X = [1, pp_mid] on 2,705/112; CR2/Satterthwaite two-sided alpha=.05, df precomputed y-free; delta enters as noncentral shift of one B=5000 stream [DEC-045/H-Q14/R1]"
H1,coe_x1.0,defined,power_delta_0.04,count,3LMA-RVE_CR2,0.6,2705,,112,,,,11.076163688947947,,,,,,,,,,,,,,,,,,,1,FALSE,,"H1 scenario coe_x1.0: fixed VC (cluster/study/esid) = 0.00027988/1.44709e-11/0.000168436 (one-level lower bound: tau2_COE = (0.083/3.92)^2 x 1.0, allocated by T1/A2 proportions [S4]); design X = [1, pp_mid] on 2,705/112; CR2/Satterthwaite two-sided alpha=.05, df precomputed y-free; delta enters as noncentral shift of one B=5000 stream [DEC-045/H-Q14/R1]"
H1,coe_x1.0,defined,power_delta_0.05,count,3LMA-RVE_CR2,0.6,2705,,112,,,,11.076163688947947,,,,,,,,,,,,,,,,,,,1,FALSE,,"H1 scenario coe_x1.0: fixed VC (cluster/study/esid) = 0.00027988/1.44709e-11/0.000168436 (one-level lower bound: tau2_COE = (0.083/3.92)^2 x 1.0, allocated by T1/A2 proportions [S4]); design X = [1, pp_mid] on 2,705/112; CR2/Satterthwaite two-sided alpha=.05, df precomputed y-free; delta enters as noncentral shift of one B=5000 stream [DEC-045/H-Q14/R1]"
H1,coe_x1.0,defined,power_delta_0.06,count,3LMA-RVE_CR2,0.6,2705,,112,,,,11.076163688947947,,,,,,,,,,,,,,,,,,,1,FALSE,,"H1 scenario coe_x1.0: fixed VC (cluster/study/esid) = 0.00027988/1.44709e-11/0.000168436 (one-level lower bound: tau2_COE = (0.083/3.92)^2 x 1.0, allocated by T1/A2 proportions [S4]); design X = [1, pp_mid] on 2,705/112; CR2/Satterthwaite two-sided alpha=.05, df precomputed y-free; delta enters as noncentral shift of one B=5000 stream [DEC-045/H-Q14/R1]"
H1,coe_x1.0,defined,power_delta_0.07,count,3LMA-RVE_CR2,0.6,2705,,112,,,,11.076163688947947,,,,,,,,,,,,,,,,,,,1,FALSE,,"H1 scenario coe_x1.0: fixed VC (cluster/study/esid) = 0.00027988/1.44709e-11/0.000168436 (one-level lower bound: tau2_COE = (0.083/3.92)^2 x 1.0, allocated by T1/A2 proportions [S4]); design X = [1, pp_mid] on 2,705/112; CR2/Satterthwaite two-sided alpha=.05, df precomputed y-free; delta enters as noncentral shift of one B=5000 stream [DEC-045/H-Q14/R1]"
H1,coe_x1.0,defined,power_delta_0.08,count,3LMA-RVE_CR2,0.6,2705,,112,,,,11.076163688947947,,,,,,,,,,,,,,,,,,,1,FALSE,,"H1 scenario coe_x1.0: fixed VC (cluster/study/esid) = 0.00027988/1.44709e-11/0.000168436 (one-level lower bound: tau2_COE = (0.083/3.92)^2 x 1.0, allocated by T1/A2 proportions [S4]); design X = [1, pp_mid] on 2,705/112; CR2/Satterthwaite two-sided alpha=.05, df precomputed y-free; delta enters as noncentral shift of one B=5000 stream [DEC-045/H-Q14/R1]"
H1,coe_x1.0,defined,mde_power80,Fisher_z,3LMA-RVE_CR2,0.6,2705,,112,,,,11.076163688947947,,,,,,,,,,,,,,,,,,,0.015339853300733498,FALSE,,"H1 scenario coe_x1.0: fixed VC (cluster/study/esid) = 0.00027988/1.44709e-11/0.000168436 (one-level lower bound: tau2_COE = (0.083/3.92)^2 x 1.0, allocated by T1/A2 proportions [S4]); design X = [1, pp_mid] on 2,705/112; CR2/Satterthwaite two-sided alpha=.05, df precomputed y-free; delta enters as noncentral shift of one B=5000 stream [DEC-045/H-Q14/R1]; MDE = smallest delta with power >= .80, linear interpolation on the 9-point grid; NA = above grid ceiling 0.08"
H1,coe_x1.0,defined,mde_power90,Fisher_z,3LMA-RVE_CR2,0.6,2705,,112,,,,11.076163688947947,,,,,,,,,,,,,,,,,,,0.017784841075794623,FALSE,,"H1 scenario coe_x1.0: fixed VC (cluster/study/esid) = 0.00027988/1.44709e-11/0.000168436 (one-level lower bound: tau2_COE = (0.083/3.92)^2 x 1.0, allocated by T1/A2 proportions [S4]); design X = [1, pp_mid] on 2,705/112; CR2/Satterthwaite two-sided alpha=.05, df precomputed y-free; delta enters as noncentral shift of one B=5000 stream [DEC-045/H-Q14/R1]; co-reported 90% criterion"
H1,coe_x2.0,defined,power_delta_0.00,count,3LMA-RVE_CR2,0.6,2705,,112,,,,10.458401840123614,,,,,,,,,,,,,,,,,,,0.0342,FALSE,,"H1 scenario coe_x2.0: fixed VC (cluster/study/esid) = 0.00055976/2.89417e-11/0.000336872 (one-level lower bound: tau2_COE = (0.083/3.92)^2 x 2.0, allocated by T1/A2 proportions [S4]); design X = [1, pp_mid] on 2,705/112; CR2/Satterthwaite two-sided alpha=.05, df precomputed y-free; delta enters as noncentral shift of one B=5000 stream [DEC-045/H-Q14/R1]"
H1,coe_x2.0,defined,power_delta_0.01,count,3LMA-RVE_CR2,0.6,2705,,112,,,,10.458401840123614,,,,,,,,,,,,,,,,,,,0.3634,FALSE,,"H1 scenario coe_x2.0: fixed VC (cluster/study/esid) = 0.00055976/2.89417e-11/0.000336872 (one-level lower bound: tau2_COE = (0.083/3.92)^2 x 2.0, allocated by T1/A2 proportions [S4]); design X = [1, pp_mid] on 2,705/112; CR2/Satterthwaite two-sided alpha=.05, df precomputed y-free; delta enters as noncentral shift of one B=5000 stream [DEC-045/H-Q14/R1]"
H1,coe_x2.0,defined,power_delta_0.02,count,3LMA-RVE_CR2,0.6,2705,,112,,,,10.458401840123614,,,,,,,,,,,,,,,,,,,0.9136,FALSE,,"H1 scenario coe_x2.0: fixed VC (cluster/study/esid) = 0.00055976/2.89417e-11/0.000336872 (one-level lower bound: tau2_COE = (0.083/3.92)^2 x 2.0, allocated by T1/A2 proportions [S4]); design X = [1, pp_mid] on 2,705/112; CR2/Satterthwaite two-sided alpha=.05, df precomputed y-free; delta enters as noncentral shift of one B=5000 stream [DEC-045/H-Q14/R1]"
H1,coe_x2.0,defined,power_delta_0.03,count,3LMA-RVE_CR2,0.6,2705,,112,,,,10.458401840123614,,,,,,,,,,,,,,,,,,,0.9984,FALSE,,"H1 scenario coe_x2.0: fixed VC (cluster/study/esid) = 0.00055976/2.89417e-11/0.000336872 (one-level lower bound: tau2_COE = (0.083/3.92)^2 x 2.0, allocated by T1/A2 proportions [S4]); design X = [1, pp_mid] on 2,705/112; CR2/Satterthwaite two-sided alpha=.05, df precomputed y-free; delta enters as noncentral shift of one B=5000 stream [DEC-045/H-Q14/R1]"
H1,coe_x2.0,defined,power_delta_0.04,count,3LMA-RVE_CR2,0.6,2705,,112,,,,10.458401840123614,,,,,,,,,,,,,,,,,,,1,FALSE,,"H1 scenario coe_x2.0: fixed VC (cluster/study/esid) = 0.00055976/2.89417e-11/0.000336872 (one-level lower bound: tau2_COE = (0.083/3.92)^2 x 2.0, allocated by T1/A2 proportions [S4]); design X = [1, pp_mid] on 2,705/112; CR2/Satterthwaite two-sided alpha=.05, df precomputed y-free; delta enters as noncentral shift of one B=5000 stream [DEC-045/H-Q14/R1]"
H1,coe_x2.0,defined,power_delta_0.05,count,3LMA-RVE_CR2,0.6,2705,,112,,,,10.458401840123614,,,,,,,,,,,,,,,,,,,1,FALSE,,"H1 scenario coe_x2.0: fixed VC (cluster/study/esid) = 0.00055976/2.89417e-11/0.000336872 (one-level lower bound: tau2_COE = (0.083/3.92)^2 x 2.0, allocated by T1/A2 proportions [S4]); design X = [1, pp_mid] on 2,705/112; CR2/Satterthwaite two-sided alpha=.05, df precomputed y-free; delta enters as noncentral shift of one B=5000 stream [DEC-045/H-Q14/R1]"
H1,coe_x2.0,defined,power_delta_0.06,count,3LMA-RVE_CR2,0.6,2705,,112,,,,10.458401840123614,,,,,,,,,,,,,,,,,,,1,FALSE,,"H1 scenario coe_x2.0: fixed VC (cluster/study/esid) = 0.00055976/2.89417e-11/0.000336872 (one-level lower bound: tau2_COE = (0.083/3.92)^2 x 2.0, allocated by T1/A2 proportions [S4]); design X = [1, pp_mid] on 2,705/112; CR2/Satterthwaite two-sided alpha=.05, df precomputed y-free; delta enters as noncentral shift of one B=5000 stream [DEC-045/H-Q14/R1]"
H1,coe_x2.0,defined,power_delta_0.07,count,3LMA-RVE_CR2,0.6,2705,,112,,,,10.458401840123614,,,,,,,,,,,,,,,,,,,1,FALSE,,"H1 scenario coe_x2.0: fixed VC (cluster/study/esid) = 0.00055976/2.89417e-11/0.000336872 (one-level lower bound: tau2_COE = (0.083/3.92)^2 x 2.0, allocated by T1/A2 proportions [S4]); design X = [1, pp_mid] on 2,705/112; CR2/Satterthwaite two-sided alpha=.05, df precomputed y-free; delta enters as noncentral shift of one B=5000 stream [DEC-045/H-Q14/R1]"
H1,coe_x2.0,defined,power_delta_0.08,count,3LMA-RVE_CR2,0.6,2705,,112,,,,10.458401840123614,,,,,,,,,,,,,,,,,,,1,FALSE,,"H1 scenario coe_x2.0: fixed VC (cluster/study/esid) = 0.00055976/2.89417e-11/0.000336872 (one-level lower bound: tau2_COE = (0.083/3.92)^2 x 2.0, allocated by T1/A2 proportions [S4]); design X = [1, pp_mid] on 2,705/112; CR2/Satterthwaite two-sided alpha=.05, df precomputed y-free; delta enters as noncentral shift of one B=5000 stream [DEC-045/H-Q14/R1]"
H1,coe_x2.0,defined,mde_power80,Fisher_z,3LMA-RVE_CR2,0.6,2705,,112,,,,10.458401840123614,,,,,,,,,,,,,,,,,,,0.017935296255906945,FALSE,,"H1 scenario coe_x2.0: fixed VC (cluster/study/esid) = 0.00055976/2.89417e-11/0.000336872 (one-level lower bound: tau2_COE = (0.083/3.92)^2 x 2.0, allocated by T1/A2 proportions [S4]); design X = [1, pp_mid] on 2,705/112; CR2/Satterthwaite two-sided alpha=.05, df precomputed y-free; delta enters as noncentral shift of one B=5000 stream [DEC-045/H-Q14/R1]; MDE = smallest delta with power >= .80, linear interpolation on the 9-point grid; NA = above grid ceiling 0.08"
H1,coe_x2.0,defined,mde_power90,Fisher_z,3LMA-RVE_CR2,0.6,2705,,112,,,,10.458401840123614,,,,,,,,,,,,,,,,,,,0.01975281715739731,FALSE,,"H1 scenario coe_x2.0: fixed VC (cluster/study/esid) = 0.00055976/2.89417e-11/0.000336872 (one-level lower bound: tau2_COE = (0.083/3.92)^2 x 2.0, allocated by T1/A2 proportions [S4]); design X = [1, pp_mid] on 2,705/112; CR2/Satterthwaite two-sided alpha=.05, df precomputed y-free; delta enters as noncentral shift of one B=5000 stream [DEC-045/H-Q14/R1]; co-reported 90% criterion"
H1,calibration,defined,rejection_rate,count,3LMA-RVE_CR2,0.6,2705,,112,,,,,,,,,,,,,,,,,,,,,,,0.765,FALSE,,calibration subset [H-Q14]: 200 full REML (ladder) + CR2/Satt refits at delta = 0.080000 (primary scenario; MDE above grid ceiling -> calibrated at 0.08 (disclosed)); optimism = 0.80 - rejection rate (positive = stream optimistic); n effective = 200/200
H1,calibration,defined,optimism_diff,count,3LMA-RVE_CR2,0.6,,,,,,,,,,,,,,,,,,,,,,,,,,0.03500000000000003,FALSE,,calibration subset [H-Q14]: 200 full REML (ladder) + CR2/Satt refits at delta = 0.080000 (primary scenario; MDE above grid ceiling -> calibrated at 0.08 (disclosed)); optimism = 0.80 - rejection rate (positive = stream optimistic); reported as a design row [DEC-045]
H5,perm_race,defined,p_perm,count,3LMA-RVE_CR2,0.6,2705,,112,,,,,,,,,,,,,,,,,,,,,,,0.40119760479041916,TRUE,h5_p_perm,"time-translation permutation [H-Q20]: p = (1 + 200) / (500 + 1); observed |t_race| = 1.052421 (pp_mid coefficient of the T8 race model; point estimate/p_CR2 live in T8 — single-home [4a]); B = 500, exceed count = 200 of 500 effective"
H5,perm_race,defined,eff_B,count,3LMA-RVE_CR2,0.6,,,,,,,,,,,,,,,,,,,,,,,,,,500,FALSE,,"effective replicates (finite race statistic) of 500; failed replicates dropped from the denominator, share <= 0.01 enforced"
H4,perm_sup,defined,p_perm,count,3LMA-RVE_CR2,0.6,2705,,112,,,,,,,,,,,,,,,,,,,,,,,0.3413173652694611,TRUE,h4_p_perm,"time-translation permutation, identical list as H5 [H-Q16/H-Q20]: p = (1 + 170) / (500 + 1); observed sup |t| = 2.122533 (from TH_a_results.csv observed_sup); admissible years fixed at the observed design: 2008, 2009, 2010, 2011, 2012, 2013, 2014, 2015, 2016, 2017, 2018, 2019; exceed count = 170 of 500 effective"
H4,perm_sup,defined,eff_B,count,3LMA-RVE_CR2,0.6,,,,,,,,,,,,,,,,,,,,,,,,,,500,FALSE,,effective replicates (finite sup statistic) of 500
H3,core_curve,defined,observed_share_sig,count,3LMA-RVE_CR2,0.6,2705,,112,,,,,,,,,,,,,,,,,,,,,,,0,FALSE,,"Simonsohn whole-curve statistic 1: share of the 10 core cells with p < .05 (observed); core = B3 coding family x 3LMA-RVE x rho .6 x dfE x outlier none x full set [S3]; per-cell |t|: paris_mid=0.5620, tie_break_median=0.5525, end_any_exposure=0.9270, share_recut_2017=0.4463, share_recut_2018=0.1404, share_recut_2019=0.1846, end_lag1=0.3087, end_lag2=1.5221, end_lag3=0.9796, clean_window=0.7455"
H3,core_curve,defined,observed_median_t,count,3LMA-RVE_CR2,0.6,2705,,112,,,,,,,,,,,,,,,,,,,,,,,0.5572324589493823,FALSE,,Simonsohn whole-curve statistic 2: median |t| over the 10 core cells (observed)
H3,core_curve,defined,p_perm_share_sig,count,3LMA-RVE_CR2,0.6,,,,,,,,,,,,,,,,,,,,,,,,,,1,TRUE,h3_p_perm_share,joint permutation [H-Q15/R3]: ONE cluster time-translation per replicate applied to all 10 core cells (codings re-derived); p = (1 + 500)/(500 + 1)
H3,core_curve,defined,p_perm_median_t,count,3LMA-RVE_CR2,0.6,,,,,,,,,,,,,,,,,,,,,,,,,,0.8542914171656687,FALSE,,"joint permutation, statistic 2; p = (1 + 427)/(500 + 1)"
H3,core_curve,defined,eff_B,count,3LMA-RVE_CR2,0.6,,,,,,,,,,,,,,,,,,,,,,,,,,500,FALSE,,effective replicates of 500; mean estimable core cells per replicate = 10.00
H3,paris_mid|none|full|dfE,3LMA-RVE_CR2|r0.4,diff,Fisher_z,3LMA-RVE_CR2,0.4,2705,113,112,0.01035256718513719,0.01805594134457936,0.5733607009221467,14.548891425726287,0.5751566436506139,,,,,,,,,,,,,,,,,,,FALSE,,"multiverse cell 1/1260: coding=paris_mid, outlier=none, es_set=full, df_basis=dfE, estimator=3LMA-RVE_CR2, rho=0.4 [DEC-045 S2]; descriptive curve cell"
H3,tie_break_median|none|full|dfE,3LMA-RVE_CR2|r0.4,diff,Fisher_z,3LMA-RVE_CR2,0.4,2705,113,112,0.009911376735104747,0.017712346149223148,0.5595744714790059,11.925927509558825,0.586125867754609,,,,,,,,,,,,,,,,,,,FALSE,,"multiverse cell 2/1260: coding=tie_break_median, outlier=none, es_set=full, df_basis=dfE, estimator=3LMA-RVE_CR2, rho=0.4 [DEC-045 S2]; descriptive curve cell"
H3,end_any_exposure|none|full|dfE,3LMA-RVE_CR2|r0.4,diff,Fisher_z,3LMA-RVE_CR2,0.4,2705,113,112,-0.019464102918309155,0.02093939968670739,-0.9295444573162824,41.79430816838626,0.3579450076543096,,,,,,,,,,,,,,,,,,,FALSE,,"multiverse cell 3/1260: coding=end_any_exposure, outlier=none, es_set=full, df_basis=dfE, estimator=3LMA-RVE_CR2, rho=0.4 [DEC-045 S2]; descriptive curve cell"
H3,share_recut_2017|none|full|dfE,3LMA-RVE_CR2|r0.4,diff,Fisher_z,3LMA-RVE_CR2,0.4,2705,113,112,0.008082905806350835,0.017984533416232636,0.4494365029817952,10.562897338845898,0.6621986324180438,,,,,,,,,,,,,,,,,,,FALSE,,"multiverse cell 4/1260: coding=share_recut_2017, outlier=none, es_set=full, df_basis=dfE, estimator=3LMA-RVE_CR2, rho=0.4 [DEC-045 S2]; descriptive curve cell"
H3,share_recut_2018|none|full|dfE,3LMA-RVE_CR2|r0.4,diff,Fisher_z,3LMA-RVE_CR2,0.4,2705,113,112,0.002788425195585781,0.022096204808335313,0.1261947569626938,18.78860298857088,0.9009183999157139,,,,,,,,,,,,,,,,,,,FALSE,,"multiverse cell 5/1260: coding=share_recut_2018, outlier=none, es_set=full, df_basis=dfE, estimator=3LMA-RVE_CR2, rho=0.4 [DEC-045 S2]; descriptive curve cell"
H3,share_recut_2019|none|full|dfE,3LMA-RVE_CR2|r0.4,diff,Fisher_z,3LMA-RVE_CR2,0.4,2705,113,112,0.004183308904128484,0.022561734684834283,0.1854161021998212,15.453956415619375,0.8553143326387915,,,,,,,,,,,,,,,,,,,FALSE,,"multiverse cell 6/1260: coding=share_recut_2019, outlier=none, es_set=full, df_basis=dfE, estimator=3LMA-RVE_CR2, rho=0.4 [DEC-045 S2]; descriptive curve cell"
H3,end_lag1|none|full|dfE,3LMA-RVE_CR2|r0.4,diff,Fisher_z,3LMA-RVE_CR2,0.4,2705,113,112,-0.005889567709338184,0.02061523215685454,-0.28569009868656314,17.272106279741198,0.7785134060274371,,,,,,,,,,,,,,,,,,,FALSE,,"multiverse cell 7/1260: coding=end_lag1, outlier=none, es_set=full, df_basis=dfE, estimator=3LMA-RVE_CR2, rho=0.4 [DEC-045 S2]; descriptive curve cell"
H3,end_lag2|none|full|dfE,3LMA-RVE_CR2|r0.4,diff,Fisher_z,3LMA-RVE_CR2,0.4,2705,113,112,0.04001194708092722,0.0259770713389683,1.5402793701730786,21.35114085179533,0.13818295733664246,,,,,,,,,,,,,,,,,,,FALSE,,"multiverse cell 8/1260: coding=end_lag2, outlier=none, es_set=full, df_basis=dfE, estimator=3LMA-RVE_CR2, rho=0.4 [DEC-045 S2]; descriptive curve cell"
H3,end_lag3|none|full|dfE,3LMA-RVE_CR2|r0.4,diff,Fisher_z,3LMA-RVE_CR2,0.4,2705,113,112,0.021576415160342345,0.0216492837467663,0.996634134076845,21.57590871996066,0.3299889648733968,,,,,,,,,,,,,,,,,,,FALSE,,"multiverse cell 9/1260: coding=end_lag3, outlier=none, es_set=full, df_basis=dfE, estimator=3LMA-RVE_CR2, rho=0.4 [DEC-045 S2]; descriptive curve cell"
H3,clean_window|none|full|dfE,3LMA-RVE_CR2|r0.4,diff,Fisher_z,3LMA-RVE_CR2,0.4,929,40,40,-0.015121059039515987,0.018232502059534313,-0.829346350278279,24.40570942794774,0.4149468028543718,,,,,,,,,,,,,,,,,,,FALSE,,"multiverse cell 10/1260: coding=clean_window, outlier=none, es_set=full, df_basis=dfE, estimator=3LMA-RVE_CR2, rho=0.4 [DEC-045 S2]; descriptive curve cell"
H3,paris_mid|rstudent|full|dfE,3LMA-RVE_CR2|r0.4,diff,Fisher_z,3LMA-RVE_CR2,0.4,2692,113,112,-0.01346897596835954,0.010764883798123206,-1.2511956674077407,38.278542272059624,0.21845626400253973,,,,,,,,,,,,,,,,,,,FALSE,,"multiverse cell 11/1260: coding=paris_mid, outlier=rstudent, es_set=full, df_basis=dfE, estimator=3LMA-RVE_CR2, rho=0.4 [DEC-045 S2]; descriptive curve cell"
H3,tie_break_median|rstudent|full|dfE,3LMA-RVE_CR2|r0.4,diff,Fisher_z,3LMA-RVE_CR2,0.4,2692,113,112,-0.012635373453865756,0.011411001065162232,-1.1072975439851225,29.33315877381167,0.2771631812873897,,,,,,,,,,,,,,,,,,,FALSE,,"multiverse cell 12/1260: coding=tie_break_median, outlier=rstudent, es_set=full, df_basis=dfE, estimator=3LMA-RVE_CR2, rho=0.4 [DEC-045 S2]; descriptive curve cell"
H3,end_any_exposure|rstudent|full|dfE,3LMA-RVE_CR2|r0.4,diff,Fisher_z,3LMA-RVE_CR2,0.4,2692,113,112,0.0013730712606657702,0.01028584335052862,0.1334913641860202,36.104774686388765,0.8945460935811459,,,,,,,,,,,,,,,,,,,FALSE,,"multiverse cell 13/1260: coding=end_any_exposure, outlier=rstudent, es_set=full, df_basis=dfE, estimator=3LMA-RVE_CR2, rho=0.4 [DEC-045 S2]; descriptive curve cell"
H3,share_recut_2017|rstudent|full|dfE,3LMA-RVE_CR2|r0.4,diff,Fisher_z,3LMA-RVE_CR2,0.4,2692,113,112,-0.013241964853489621,0.011923809200850888,-1.110548200699544,25.654154332687575,0.2770638079833277,,,,,,,,,,,,,,,,,,,FALSE,,"multiverse cell 14/1260: coding=share_recut_2017, outlier=rstudent, es_set=full, df_basis=dfE, estimator=3LMA-RVE_CR2, rho=0.4 [DEC-045 S2]; descriptive curve cell"
H3,share_recut_2018|rstudent|full|dfE,3LMA-RVE_CR2|r0.4,diff,Fisher_z,3LMA-RVE_CR2,0.4,2692,113,112,-0.01483678861342904,0.01486499676037602,-0.9981023778611126,18.26652837894083,0.3312688799990414,,,,,,,,,,,,,,,,,,,FALSE,,"multiverse cell 15/1260: coding=share_recut_2018, outlier=rstudent, es_set=full, df_basis=dfE, estimator=3LMA-RVE_CR2, rho=0.4 [DEC-045 S2]; descriptive curve cell"
H3,share_recut_2019|rstudent|full|dfE,3LMA-RVE_CR2|r0.4,diff,Fisher_z,3LMA-RVE_CR2,0.4,2692,113,112,-0.014020845323524163,0.015963296594425243,-0.878317660803256,15.020647363551594,0.39360452763977416,,,,,,,,,,,,,,,,,,,FALSE,,"multiverse cell 16/1260: coding=share_recut_2019, outlier=rstudent, es_set=full, df_basis=dfE, estimator=3LMA-RVE_CR2, rho=0.4 [DEC-045 S2]; descriptive curve cell"
H3,end_lag1|rstudent|full|dfE,3LMA-RVE_CR2|r0.4,diff,Fisher_z,3LMA-RVE_CR2,0.4,2692,113,112,0.004295794258450676,0.008980107607378218,0.47836779315664035,43.46449314557851,0.6347859706216292,,,,,,,,,,,,,,,,,,,FALSE,,"multiverse cell 17/1260: coding=end_lag1, outlier=rstudent, es_set=full, df_basis=dfE, estimator=3LMA-RVE_CR2, rho=0.4 [DEC-045 S2]; descriptive curve cell"
H3,end_lag2|rstudent|full|dfE,3LMA-RVE_CR2|r0.4,diff,Fisher_z,3LMA-RVE_CR2,0.4,2692,113,112,0.012265135956863266,0.008677177837245798,1.4134936712045436,57.66544557906614,0.16288632989315896,,,,,,,,,,,,,,,,,,,FALSE,,"multiverse cell 18/1260: coding=end_lag2, outlier=rstudent, es_set=full, df_basis=dfE, estimator=3LMA-RVE_CR2, rho=0.4 [DEC-045 S2]; descriptive curve cell"
H3,end_lag3|rstudent|full|dfE,3LMA-RVE_CR2|r0.4,diff,Fisher_z,3LMA-RVE_CR2,0.4,2692,113,112,6.72902690524585e-5,0.009093249521797622,0.007400024478725186,64.25170511364948,0.9941186172461975,,,,,,,,,,,,,,,,,,,FALSE,,"multiverse cell 19/1260: coding=end_lag3, outlier=rstudent, es_set=full, df_basis=dfE, estimator=3LMA-RVE_CR2, rho=0.4 [DEC-045 S2]; descriptive curve cell"
H3,clean_window|rstudent|full|dfE,3LMA-RVE_CR2|r0.4,diff,Fisher_z,3LMA-RVE_CR2,0.4,924,40,40,-0.02179190675157345,0.019455275082916463,-1.120102730940503,24.44897290636541,0.2735530589703291,,,,,,,,,,,,,,,,,,,FALSE,,"multiverse cell 20/1260: coding=clean_window, outlier=rstudent, es_set=full, df_basis=dfE, estimator=3LMA-RVE_CR2, rho=0.4 [DEC-045 S2]; descriptive curve cell"
H3,paris_mid|winsor|full|dfE,3LMA-RVE_CR2|r0.4,diff,Fisher_z,3LMA-RVE_CR2,0.4,2705,113,112,-0.009589407397459365,0.011375724383627526,-0.8429711439968507,32.209329435330915,0.4054612179106928,,,,,,,,,,,,,,,,,,,FALSE,,"multiverse cell 21/1260: coding=paris_mid, outlier=winsor, es_set=full, df_basis=dfE, estimator=3LMA-RVE_CR2, rho=0.4 [DEC-045 S2]; descriptive curve cell"
H3,tie_break_median|winsor|full|dfE,3LMA-RVE_CR2|r0.4,diff,Fisher_z,3LMA-RVE_CR2,0.4,2705,113,112,-0.00775802317411655,0.011793914604296688,-0.6577988254459799,24.939374398859957,0.5166936082228335,,,,,,,,,,,,,,,,,,,FALSE,,"multiverse cell 22/1260: coding=tie_break_median, outlier=winsor, es_set=full, df_basis=dfE, estimator=3LMA-RVE_CR2, rho=0.4 [DEC-045 S2]; descriptive curve cell"
H3,end_any_exposure|winsor|full|dfE,3LMA-RVE_CR2|r0.4,diff,Fisher_z,3LMA-RVE_CR2,0.4,2705,113,112,0.0014185543980924156,0.010766904666890911,0.13175136605923365,37.08356870019868,0.8958931944364682,,,,,,,,,,,,,,,,,,,FALSE,,"multiverse cell 23/1260: coding=end_any_exposure, outlier=winsor, es_set=full, df_basis=dfE, estimator=3LMA-RVE_CR2, rho=0.4 [DEC-045 S2]; descriptive curve cell"
H3,share_recut_2017|winsor|full|dfE,3LMA-RVE_CR2|r0.4,diff,Fisher_z,3LMA-RVE_CR2,0.4,2705,113,112,-0.008580584513557775,0.012366978256578058,-0.6938303226169027,21.813508748436057,0.4951116596088717,,,,,,,,,,,,,,,,,,,FALSE,,"multiverse cell 24/1260: coding=share_recut_2017, outlier=winsor, es_set=full, df_basis=dfE, estimator=3LMA-RVE_CR2, rho=0.4 [DEC-045 S2]; descriptive curve cell"
H3,share_recut_2018|winsor|full|dfE,3LMA-RVE_CR2|r0.4,diff,Fisher_z,3LMA-RVE_CR2,0.4,2705,113,112,-0.011194389335371605,0.01497414373214154,-0.7475812664562042,18.34588987469706,0.4641881114720564,,,,,,,,,,,,,,,,,,,FALSE,,"multiverse cell 25/1260: coding=share_recut_2018, outlier=winsor, es_set=full, df_basis=dfE, estimator=3LMA-RVE_CR2, rho=0.4 [DEC-045 S2]; descriptive curve cell"
H3,share_recut_2019|winsor|full|dfE,3LMA-RVE_CR2|r0.4,diff,Fisher_z,3LMA-RVE_CR2,0.4,2705,113,112,-0.010164083495091715,0.016050490460319488,-0.6332568789857028,15.09008391394073,0.5360460785825081,,,,,,,,,,,,,,,,,,,FALSE,,"multiverse cell 26/1260: coding=share_recut_2019, outlier=winsor, es_set=full, df_basis=dfE, estimator=3LMA-RVE_CR2, rho=0.4 [DEC-045 S2]; descriptive curve cell"
H3,end_lag1|winsor|full|dfE,3LMA-RVE_CR2|r0.4,diff,Fisher_z,3LMA-RVE_CR2,0.4,2705,113,112,0.006896529396555516,0.009534538084225355,0.7233207666311223,36.46303149367764,0.47409763375979863,,,,,,,,,,,,,,,,,,,FALSE,,"multiverse cell 27/1260: coding=end_lag1, outlier=winsor, es_set=full, df_basis=dfE, estimator=3LMA-RVE_CR2, rho=0.4 [DEC-045 S2]; descriptive curve cell"
H3,end_lag2|winsor|full|dfE,3LMA-RVE_CR2|r0.4,diff,Fisher_z,3LMA-RVE_CR2,0.4,2705,113,112,0.01849002225380255,0.009151718563072382,2.020387987936022,48.33096635693029,0.0489034564429325,,,,,,,,,,,,,,,,,,,FALSE,,"multiverse cell 28/1260: coding=end_lag2, outlier=winsor, es_set=full, df_basis=dfE, estimator=3LMA-RVE_CR2, rho=0.4 [DEC-045 S2]; descriptive curve cell"
H3,end_lag3|winsor|full|dfE,3LMA-RVE_CR2|r0.4,diff,Fisher_z,3LMA-RVE_CR2,0.4,2705,113,112,0.0055385858383681305,0.009293148897456704,0.5959859138686456,52.17353011904625,0.5537615754939886,,,,,,,,,,,,,,,,,,,FALSE,,"multiverse cell 29/1260: coding=end_lag3, outlier=winsor, es_set=full, df_basis=dfE, estimator=3LMA-RVE_CR2, rho=0.4 [DEC-045 S2]; descriptive curve cell"
H3,clean_window|winsor|full|dfE,3LMA-RVE_CR2|r0.4,diff,Fisher_z,3LMA-RVE_CR2,0.4,929,40,40,-0.017891642120393104,0.019147274241309763,-0.9344224088978856,24.41105195040857,0.35923793947356464,,,,,,,,,,,,,,,,,,,FALSE,,"multiverse cell 30/1260: coding=clean_window, outlier=winsor, es_set=full, df_basis=dfE, estimator=3LMA-RVE_CR2, rho=0.4 [DEC-045 S2]; descriptive curve cell"
H3,paris_mid|none|no_starbound|dfE,3LMA-RVE_CR2|r0.4,diff,Fisher_z,3LMA-RVE_CR2,0.4,2607,110,109,0.0062420600093321885,0.019138713043557166,0.3261483671930338,13.85408438316565,0.7491865065095097,,,,,,,,,,,,,,,,,,,FALSE,,"multiverse cell 31/1260: coding=paris_mid, outlier=none, es_set=no_starbound, df_basis=dfE, estimator=3LMA-RVE_CR2, rho=0.4 [DEC-045 S2]; descriptive curve cell"
H3,tie_break_median|none|no_starbound|dfE,3LMA-RVE_CR2|r0.4,diff,Fisher_z,3LMA-RVE_CR2,0.4,2607,110,109,0.005784636942762697,0.018862019571967512,0.3066817379067801,11.400547257055926,0.7646144525124658,,,,,,,,,,,,,,,,,,,FALSE,,"multiverse cell 32/1260: coding=tie_break_median, outlier=none, es_set=no_starbound, df_basis=dfE, estimator=3LMA-RVE_CR2, rho=0.4 [DEC-045 S2]; descriptive curve cell"
H3,end_any_exposure|none|no_starbound|dfE,3LMA-RVE_CR2|r0.4,diff,Fisher_z,3LMA-RVE_CR2,0.4,2607,110,109,-0.01790506643922738,0.02185374711748429,-0.819313335281631,37.630947436283314,0.4177666208652856,,,,,,,,,,,,,,,,,,,FALSE,,"multiverse cell 33/1260: coding=end_any_exposure, outlier=none, es_set=no_starbound, df_basis=dfE, estimator=3LMA-RVE_CR2, rho=0.4 [DEC-045 S2]; descriptive curve cell"
H3,share_recut_2017|none|no_starbound|dfE,3LMA-RVE_CR2|r0.4,diff,Fisher_z,3LMA-RVE_CR2,0.4,2607,110,109,0.00389574309469827,0.019242450905292318,0.202455659825891,10.112122957768895,0.8435758577482327,,,,,,,,,,,,,,,,,,,FALSE,,"multiverse cell 34/1260: coding=share_recut_2017, outlier=none, es_set=no_starbound, df_basis=dfE, estimator=3LMA-RVE_CR2, rho=0.4 [DEC-045 S2]; descriptive curve cell"
H3,share_recut_2018|none|no_starbound|dfE,3LMA-RVE_CR2|r0.4,diff,Fisher_z,3LMA-RVE_CR2,0.4,2607,110,109,-0.0034643961164807988,0.02276063845543174,-0.1522099708786523,18.953439110587667,0.8806299261014134,,,,,,,,,,,,,,,,,,,FALSE,,"multiverse cell 35/1260: coding=share_recut_2018, outlier=none, es_set=no_starbound, df_basis=dfE, estimator=3LMA-RVE_CR2, rho=0.4 [DEC-045 S2]; descriptive curve cell"
H3,share_recut_2019|none|no_starbound|dfE,3LMA-RVE_CR2|r0.4,diff,Fisher_z,3LMA-RVE_CR2,0.4,2607,110,109,-0.00250084429478422,0.023226488260793505,-0.10767207968350793,15.570035957105086,0.9156310623024414,,,,,,,,,,,,,,,,,,,FALSE,,"multiverse cell 36/1260: coding=share_recut_2019, outlier=none, es_set=no_starbound, df_basis=dfE, estimator=3LMA-RVE_CR2, rho=0.4 [DEC-045 S2]; descriptive curve cell"
H3,end_lag1|none|no_starbound|dfE,3LMA-RVE_CR2|r0.4,diff,Fisher_z,3LMA-RVE_CR2,0.4,2607,110,109,-0.012284667142184132,0.02241277499780743,-0.5481100463189365,15.621888880984132,0.5913632367361539,,,,,,,,,,,,,,,,,,,FALSE,,"multiverse cell 37/1260: coding=end_lag1, outlier=none, es_set=no_starbound, df_basis=dfE, estimator=3LMA-RVE_CR2, rho=0.4 [DEC-045 S2]; descriptive curve cell"
H3,end_lag2|none|no_starbound|dfE,3LMA-RVE_CR2|r0.4,diff,Fisher_z,3LMA-RVE_CR2,0.4,2607,110,109,0.03600753739545363,0.02717903024669898,1.324827893733512,19.39525031339147,0.20062638592792564,,,,,,,,,,,,,,,,,,,FALSE,,"multiverse cell 38/1260: coding=end_lag2, outlier=none, es_set=no_starbound, df_basis=dfE, estimator=3LMA-RVE_CR2, rho=0.4 [DEC-045 S2]; descriptive curve cell"
H3,end_lag3|none|no_starbound|dfE,3LMA-RVE_CR2|r0.4,diff,Fisher_z,3LMA-RVE_CR2,0.4,2607,110,109,0.017936184469213308,0.022572983300747102,0.7945863526430585,19.90793906202613,0.4362248367439149,,,,,,,,,,,,,,,,,,,FALSE,,"multiverse cell 39/1260: coding=end_lag3, outlier=none, es_set=no_starbound, df_basis=dfE, estimator=3LMA-RVE_CR2, rho=0.4 [DEC-045 S2]; descriptive curve cell"
H3,clean_window|none|no_starbound|dfE,3LMA-RVE_CR2|r0.4,diff,Fisher_z,3LMA-RVE_CR2,0.4,905,38,38,-0.02071692438305924,0.018902929151062856,-1.0959637111000011,24.9433471425223,0.2835639480460428,,,,,,,,,,,,,,,,,,,FALSE,,"multiverse cell 40/1260: coding=clean_window, outlier=none, es_set=no_starbound, df_basis=dfE, estimator=3LMA-RVE_CR2, rho=0.4 [DEC-045 S2]; descriptive curve cell"
H3,paris_mid|rstudent|no_starbound|dfE,3LMA-RVE_CR2|r0.4,diff,Fisher_z,3LMA-RVE_CR2,0.4,2594,110,109,-0.017913082432659246,0.011318158343495383,-1.582685264599961,36.94898209842408,0.12201645793730809,,,,,,,,,,,,,,,,,,,FALSE,,"multiverse cell 41/1260: coding=paris_mid, outlier=rstudent, es_set=no_starbound, df_basis=dfE, estimator=3LMA-RVE_CR2, rho=0.4 [DEC-045 S2]; descriptive curve cell"
H3,tie_break_median|rstudent|no_starbound|dfE,3LMA-RVE_CR2|r0.4,diff,Fisher_z,3LMA-RVE_CR2,0.4,2594,110,109,-0.01720683865158256,0.01204100212803195,-1.4290204809053502,28.325434834713327,0.16393456245555824,,,,,,,,,,,,,,,,,,,FALSE,,"multiverse cell 42/1260: coding=tie_break_median, outlier=rstudent, es_set=no_starbound, df_basis=dfE, estimator=3LMA-RVE_CR2, rho=0.4 [DEC-045 S2]; descriptive curve cell"
H3,end_any_exposure|rstudent|no_starbound|dfE,3LMA-RVE_CR2|r0.4,diff,Fisher_z,3LMA-RVE_CR2,0.4,2594,110,109,0.0010545855096371765,0.011131598175993468,0.09473801452081766,32.547394586579294,0.9251037873241127,,,,,,,,,,,,,,,,,,,FALSE,,"multiverse cell 43/1260: coding=end_any_exposure, outlier=rstudent, es_set=no_starbound, df_basis=dfE, estimator=3LMA-RVE_CR2, rho=0.4 [DEC-045 S2]; descriptive curve cell"
H3,share_recut_2017|rstudent|no_starbound|dfE,3LMA-RVE_CR2|r0.4,diff,Fisher_z,3LMA-RVE_CR2,0.4,2594,110,109,-0.01797580368475879,0.012617811525141444,-1.4246372002737047,24.73132718017153,0.16675968390978113,,,,,,,,,,,,,,,,,,,FALSE,,"multiverse cell 44/1260: coding=share_recut_2017, outlier=rstudent, es_set=no_starbound, df_basis=dfE, estimator=3LMA-RVE_CR2, rho=0.4 [DEC-045 S2]; descriptive curve cell"
H3,share_recut_2018|rstudent|no_starbound|dfE,3LMA-RVE_CR2|r0.4,diff,Fisher_z,3LMA-RVE_CR2,0.4,2594,110,109,-0.020784365113103012,0.014856633009589892,-1.398995660705006,18.49354345384877,0.17836249273803387,,,,,,,,,,,,,,,,,,,FALSE,,"multiverse cell 45/1260: coding=share_recut_2018, outlier=rstudent, es_set=no_starbound, df_basis=dfE, estimator=3LMA-RVE_CR2, rho=0.4 [DEC-045 S2]; descriptive curve cell"
H3,share_recut_2019|rstudent|no_starbound|dfE,3LMA-RVE_CR2|r0.4,diff,Fisher_z,3LMA-RVE_CR2,0.4,2594,110,109,-0.020351903151339258,0.01589511292810076,-1.2803874526339099,15.184478034457442,0.2196229277135554,,,,,,,,,,,,,,,,,,,FALSE,,"multiverse cell 46/1260: coding=share_recut_2019, outlier=rstudent, es_set=no_starbound, df_basis=dfE, estimator=3LMA-RVE_CR2, rho=0.4 [DEC-045 S2]; descriptive curve cell"
H3,end_lag1|rstudent|no_starbound|dfE,3LMA-RVE_CR2|r0.4,diff,Fisher_z,3LMA-RVE_CR2,0.4,2594,110,109,-0.0014519965535779028,0.010130877437176599,-0.1433238692879265,38.33633159200084,0.8867851189385536,,,,,,,,,,,,,,,,,,,FALSE,,"multiverse cell 47/1260: coding=end_lag1, outlier=rstudent, es_set=no_starbound, df_basis=dfE, estimator=3LMA-RVE_CR2, rho=0.4 [DEC-045 S2]; descriptive curve cell"
H3,end_lag2|rstudent|no_starbound|dfE,3LMA-RVE_CR2|r0.4,diff,Fisher_z,3LMA-RVE_CR2,0.4,2594,110,109,0.007936872327951129,0.009454037798857267,0.8395219584282262,51.66217357780778,0.4050447067971168,,,,,,,,,,,,,,,,,,,FALSE,,"multiverse cell 48/1260: coding=end_lag2, outlier=rstudent, es_set=no_starbound, df_basis=dfE, estimator=3LMA-RVE_CR2, rho=0.4 [DEC-045 S2]; descriptive curve cell"
H3,end_lag3|rstudent|no_starbound|dfE,3LMA-RVE_CR2|r0.4,diff,Fisher_z,3LMA-RVE_CR2,0.4,2594,110,109,-0.0038152532460515934,0.009682253176529659,-0.39404601144906926,58.97509170753867,0.6949682935042671,,,,,,,,,,,,,,,,,,,FALSE,,"multiverse cell 49/1260: coding=end_lag3, outlier=rstudent, es_set=no_starbound, df_basis=dfE, estimator=3LMA-RVE_CR2, rho=0.4 [DEC-045 S2]; descriptive curve cell"
H3,clean_window|rstudent|no_starbound|dfE,3LMA-RVE_CR2|r0.4,diff,Fisher_z,3LMA-RVE_CR2,0.4,900,38,38,-0.027573373962527785,0.019493306537344924,-1.4145047126665358,25.053887496254166,0.16952209592419426,,,,,,,,,,,,,,,,,,,FALSE,,"multiverse cell 50/1260: coding=clean_window, outlier=rstudent, es_set=no_starbound, df_basis=dfE, estimator=3LMA-RVE_CR2, rho=0.4 [DEC-045 S2]; descriptive curve cell"
H3,paris_mid|winsor|no_starbound|dfE,3LMA-RVE_CR2|r0.4,diff,Fisher_z,3LMA-RVE_CR2,0.4,2607,110,109,-0.01369648544918755,0.011958854340140138,-1.145300800530283,30.88773391931071,0.26088139568330665,,,,,,,,,,,,,,,,,,,FALSE,,"multiverse cell 51/1260: coding=paris_mid, outlier=winsor, es_set=no_starbound, df_basis=dfE, estimator=3LMA-RVE_CR2, rho=0.4 [DEC-045 S2]; descriptive curve cell"
H3,tie_break_median|winsor|no_starbound|dfE,3LMA-RVE_CR2|r0.4,diff,Fisher_z,3LMA-RVE_CR2,0.4,2607,110,109,-0.011963495600614715,0.012457114128769646,-0.9603745680538543,23.917109329770057,0.34647590862748445,,,,,,,,,,,,,,,,,,,FALSE,,"multiverse cell 52/1260: coding=tie_break_median, outlier=winsor, es_set=no_starbound, df_basis=dfE, estimator=3LMA-RVE_CR2, rho=0.4 [DEC-045 S2]; descriptive curve cell"
H3,end_any_exposure|winsor|no_starbound|dfE,3LMA-RVE_CR2|r0.4,diff,Fisher_z,3LMA-RVE_CR2,0.4,2607,110,109,0.0014426255619549785,0.011637334438080281,0.12396529202033976,33.36197279354082,0.9020866433030912,,,,,,,,,,,,,,,,,,,FALSE,,"multiverse cell 53/1260: coding=end_any_exposure, outlier=winsor, es_set=no_starbound, df_basis=dfE, estimator=3LMA-RVE_CR2, rho=0.4 [DEC-045 S2]; descriptive curve cell"
H3,share_recut_2017|winsor|no_starbound|dfE,3LMA-RVE_CR2|r0.4,diff,Fisher_z,3LMA-RVE_CR2,0.4,2607,110,109,-0.012935408272289485,0.01309903577276973,-0.987508431664841,20.908377466543364,0.33468430625483025,,,,,,,,,,,,,,,,,,,FALSE,,"multiverse cell 54/1260: coding=share_recut_2017, outlier=winsor, es_set=no_starbound, df_basis=dfE, estimator=3LMA-RVE_CR2, rho=0.4 [DEC-045 S2]; descriptive curve cell"
H3,share_recut_2018|winsor|no_starbound|dfE,3LMA-RVE_CR2|r0.4,diff,Fisher_z,3LMA-RVE_CR2,0.4,2607,110,109,-0.016856104726119113,0.014839297114919216,-1.135909915111291,18.55207309452901,0.2704558985706864,,,,,,,,,,,,,,,,,,,FALSE,,"multiverse cell 55/1260: coding=share_recut_2018, outlier=winsor, es_set=no_starbound, df_basis=dfE, estimator=3LMA-RVE_CR2, rho=0.4 [DEC-045 S2]; descriptive curve cell"
H3,share_recut_2019|winsor|no_starbound|dfE,3LMA-RVE_CR2|r0.4,diff,Fisher_z,3LMA-RVE_CR2,0.4,2607,110,109,-0.01622521088405314,0.01583443722216607,-1.0246787212203563,15.238286131000653,0.32150717200011425,,,,,,,,,,,,,,,,,,,FALSE,,"multiverse cell 56/1260: coding=share_recut_2019, outlier=winsor, es_set=no_starbound, df_basis=dfE, estimator=3LMA-RVE_CR2, rho=0.4 [DEC-045 S2]; descriptive curve cell"
H3,end_lag1|winsor|no_starbound|dfE,3LMA-RVE_CR2|r0.4,diff,Fisher_z,3LMA-RVE_CR2,0.4,2607,110,109,0.0018231487973146207,0.010651713084502624,0.17116014887475273,32.0574071774806,0.8651736542188417,,,,,,,,,,,,,,,,,,,FALSE,,"multiverse cell 57/1260: coding=end_lag1, outlier=winsor, es_set=no_starbound, df_basis=dfE, estimator=3LMA-RVE_CR2, rho=0.4 [DEC-045 S2]; descriptive curve cell"
H3,end_lag2|winsor|no_starbound|dfE,3LMA-RVE_CR2|r0.4,diff,Fisher_z,3LMA-RVE_CR2,0.4,2607,110,109,0.014845408102504114,0.009860514155996673,1.5055409756169638,43.01018088076632,0.13949444645131534,,,,,,,,,,,,,,,,,,,FALSE,,"multiverse cell 58/1260: coding=end_lag2, outlier=winsor, es_set=no_starbound, df_basis=dfE, estimator=3LMA-RVE_CR2, rho=0.4 [DEC-045 S2]; descriptive curve cell"
H3,end_lag3|winsor|no_starbound|dfE,3LMA-RVE_CR2|r0.4,diff,Fisher_z,3LMA-RVE_CR2,0.4,2607,110,109,0.0021793377810348583,0.00986158840265815,0.2209925715868883,47.54951917595351,0.8260444574361593,,,,,,,,,,,,,,,,,,,FALSE,,"multiverse cell 59/1260: coding=end_lag3, outlier=winsor, es_set=no_starbound, df_basis=dfE, estimator=3LMA-RVE_CR2, rho=0.4 [DEC-045 S2]; descriptive curve cell"
H3,clean_window|winsor|no_starbound|dfE,3LMA-RVE_CR2|r0.4,diff,Fisher_z,3LMA-RVE_CR2,0.4,905,38,38,-0.02327827796761406,0.019179860978683412,-1.2136833522143693,25.026326212635855,0.23619896631547374,,,,,,,,,,,,,,,,,,,FALSE,,"multiverse cell 60/1260: coding=clean_window, outlier=winsor, es_set=no_starbound, df_basis=dfE, estimator=3LMA-RVE_CR2, rho=0.4 [DEC-045 S2]; descriptive curve cell"
H3,paris_mid|none|full|k10,3LMA-RVE_CR2|r0.4,diff,Fisher_z,3LMA-RVE_CR2,0.4,2705,113,112,0.010302669489583915,0.018084190753809345,0.5697058624209496,14.410522069850137,0.5776510710063382,,,,,,,,,,,,,,,,,,,FALSE,,"multiverse cell 61/1260: coding=paris_mid, outlier=none, es_set=full, df_basis=k10, estimator=3LMA-RVE_CR2, rho=0.4 [DEC-045 S2]; descriptive curve cell"
H3,tie_break_median|none|full|k10,3LMA-RVE_CR2|r0.4,diff,Fisher_z,3LMA-RVE_CR2,0.4,2705,113,112,0.00988393430669847,0.017742860130725124,0.5570654468262738,11.817765386555827,0.5878779999255013,,,,,,,,,,,,,,,,,,,FALSE,,"multiverse cell 62/1260: coding=tie_break_median, outlier=none, es_set=full, df_basis=k10, estimator=3LMA-RVE_CR2, rho=0.4 [DEC-045 S2]; descriptive curve cell"
H3,end_any_exposure|none|full|k10,3LMA-RVE_CR2|r0.4,diff,Fisher_z,3LMA-RVE_CR2,0.4,2705,113,112,-0.01992712277493875,0.020987355750580167,-0.9494822983780552,41.70925852053667,0.34784481784692667,,,,,,,,,,,,,,,,,,,FALSE,,"multiverse cell 63/1260: coding=end_any_exposure, outlier=none, es_set=full, df_basis=k10, estimator=3LMA-RVE_CR2, rho=0.4 [DEC-045 S2]; descriptive curve cell"
H3,share_recut_2017|none|full|k10,3LMA-RVE_CR2|r0.4,diff,Fisher_z,3LMA-RVE_CR2,0.4,2705,113,112,0.00806690564131373,0.018020190558963384,0.4476592861167713,10.468510462944176,0.6635205671577666,,,,,,,,,,,,,,,,,,,FALSE,,"multiverse cell 64/1260: coding=share_recut_2017, outlier=none, es_set=full, df_basis=k10, estimator=3LMA-RVE_CR2, rho=0.4 [DEC-045 S2]; descriptive curve cell"
H3,share_recut_2018|none|full|k10,3LMA-RVE_CR2|r0.4,diff,Fisher_z,3LMA-RVE_CR2,0.4,2705,113,112,0.0027332611892450648,0.022154082603223234,0.12337505633600003,18.789027803200902,0.9031203191813031,,,,,,,,,,,,,,,,,,,FALSE,,"multiverse cell 65/1260: coding=share_recut_2018, outlier=none, es_set=full, df_basis=k10, estimator=3LMA-RVE_CR2, rho=0.4 [DEC-045 S2]; descriptive curve cell"
H3,share_recut_2019|none|full|k10,3LMA-RVE_CR2|r0.4,diff,Fisher_z,3LMA-RVE_CR2,0.4,2705,113,112,0.004114131095385158,0.022637752382583056,0.18173761360471774,15.454076000255517,0.8581509626939265,,,,,,,,,,,,,,,,,,,FALSE,,"multiverse cell 66/1260: coding=share_recut_2019, outlier=none, es_set=full, df_basis=k10, estimator=3LMA-RVE_CR2, rho=0.4 [DEC-045 S2]; descriptive curve cell"
H3,end_lag1|none|full|k10,3LMA-RVE_CR2|r0.4,diff,Fisher_z,3LMA-RVE_CR2,0.4,2705,113,112,-0.006137823708149609,0.020682636132204908,-0.29676215686028584,17.082057554586978,0.7702262032605595,,,,,,,,,,,,,,,,,,,FALSE,,"multiverse cell 67/1260: coding=end_lag1, outlier=none, es_set=full, df_basis=k10, estimator=3LMA-RVE_CR2, rho=0.4 [DEC-045 S2]; descriptive curve cell"
H3,end_lag2|none|full|k10,3LMA-RVE_CR2|r0.4,diff,Fisher_z,3LMA-RVE_CR2,0.4,2705,113,112,0.039862783525596274,0.02600296880693817,1.5330089353089558,21.105994386536313,0.14012739241172006,,,,,,,,,,,,,,,,,,,FALSE,,"multiverse cell 68/1260: coding=end_lag2, outlier=none, es_set=full, df_basis=k10, estimator=3LMA-RVE_CR2, rho=0.4 [DEC-045 S2]; descriptive curve cell"
H3,end_lag3|none|full|k10,3LMA-RVE_CR2|r0.4,diff,Fisher_z,3LMA-RVE_CR2,0.4,2705,113,112,0.021462917397092933,0.021669788351374005,0.9904534852428333,21.33991687984381,0.33305087460601257,,,,,,,,,,,,,,,,,,,FALSE,,"multiverse cell 69/1260: coding=end_lag3, outlier=none, es_set=full, df_basis=k10, estimator=3LMA-RVE_CR2, rho=0.4 [DEC-045 S2]; descriptive curve cell"
H3,clean_window|none|full|k10,3LMA-RVE_CR2|r0.4,diff,Fisher_z,3LMA-RVE_CR2,0.4,929,40,40,-0.015550423389623091,0.018330655591856294,-0.8483288179028159,24.40768085268549,0.4044980381453388,,,,,,,,,,,,,,,,,,,FALSE,,"multiverse cell 70/1260: coding=clean_window, outlier=none, es_set=full, df_basis=k10, estimator=3LMA-RVE_CR2, rho=0.4 [DEC-045 S2]; descriptive curve cell"
H3,paris_mid|rstudent|full|k10,3LMA-RVE_CR2|r0.4,diff,Fisher_z,3LMA-RVE_CR2,0.4,2692,113,112,-0.013535600372947751,0.010822585319653537,-1.2506808653536274,37.91283663738638,0.21871474594382462,,,,,,,,,,,,,,,,,,,FALSE,,"multiverse cell 71/1260: coding=paris_mid, outlier=rstudent, es_set=full, df_basis=k10, estimator=3LMA-RVE_CR2, rho=0.4 [DEC-045 S2]; descriptive curve cell"
H3,tie_break_median|rstudent|full|k10,3LMA-RVE_CR2|r0.4,diff,Fisher_z,3LMA-RVE_CR2,0.4,2692,113,112,-0.012668342880951089,0.01147791131601899,-1.1037149993719404,29.062483444220987,0.2787719996718864,,,,,,,,,,,,,,,,,,,FALSE,,"multiverse cell 72/1260: coding=tie_break_median, outlier=rstudent, es_set=full, df_basis=k10, estimator=3LMA-RVE_CR2, rho=0.4 [DEC-045 S2]; descriptive curve cell"
H3,end_any_exposure|rstudent|full|k10,3LMA-RVE_CR2|r0.4,diff,Fisher_z,3LMA-RVE_CR2,0.4,2692,113,112,9.010481699374059e-4,0.010400368710900295,0.08663617559952909,36.04461853353488,0.9314402099177944,,,,,,,,,,,,,,,,,,,FALSE,,"multiverse cell 73/1260: coding=end_any_exposure, outlier=rstudent, es_set=full, df_basis=k10, estimator=3LMA-RVE_CR2, rho=0.4 [DEC-045 S2]; descriptive curve cell"
H3,share_recut_2017|rstudent|full|k10,3LMA-RVE_CR2|r0.4,diff,Fisher_z,3LMA-RVE_CR2,0.4,2692,113,112,-0.013274336908778231,0.01199870524240159,-1.1063141097815081,25.411398625518796,0.27895438849602394,,,,,,,,,,,,,,,,,,,FALSE,,"multiverse cell 74/1260: coding=share_recut_2017, outlier=rstudent, es_set=full, df_basis=k10, estimator=3LMA-RVE_CR2, rho=0.4 [DEC-045 S2]; descriptive curve cell"
H3,share_recut_2018|rstudent|full|k10,3LMA-RVE_CR2|r0.4,diff,Fisher_z,3LMA-RVE_CR2,0.4,2692,113,112,-0.014948587164113826,0.014940905933582495,-1.0005141074152717,18.25858195842173,0.3301377965763804,,,,,,,,,,,,,,,,,,,FALSE,,"multiverse cell 75/1260: coding=share_recut_2018, outlier=rstudent, es_set=full, df_basis=k10, estimator=3LMA-RVE_CR2, rho=0.4 [DEC-045 S2]; descriptive curve cell"
H3,share_recut_2019|rstudent|full|k10,3LMA-RVE_CR2|r0.4,diff,Fisher_z,3LMA-RVE_CR2,0.4,2692,113,112,-0.014078579879819489,0.01606405208405969,-0.8764027784614582,15.013276460447493,0.39461812116916906,,,,,,,,,,,,,,,,,,,FALSE,,"multiverse cell 76/1260: coding=share_recut_2019, outlier=rstudent, es_set=full, df_basis=k10, estimator=3LMA-RVE_CR2, rho=0.4 [DEC-045 S2]; descriptive curve cell"
H3,end_lag1|rstudent|full|k10,3LMA-RVE_CR2|r0.4,diff,Fisher_z,3LMA-RVE_CR2,0.4,2692,113,112,0.003914643529103187,0.009044773399301964,0.4328072530159022,42.92003244060596,0.6673219816221718,,,,,,,,,,,,,,,,,,,FALSE,,"multiverse cell 77/1260: coding=end_lag1, outlier=rstudent, es_set=full, df_basis=k10, estimator=3LMA-RVE_CR2, rho=0.4 [DEC-045 S2]; descriptive curve cell"
H3,end_lag2|rstudent|full|k10,3LMA-RVE_CR2|r0.4,diff,Fisher_z,3LMA-RVE_CR2,0.4,2692,113,112,0.012001064571074131,0.008717974809631584,1.376588580849695,56.90020561319422,0.17403237665539475,,,,,,,,,,,,,,,,,,,FALSE,,"multiverse cell 78/1260: coding=end_lag2, outlier=rstudent, es_set=full, df_basis=k10, estimator=3LMA-RVE_CR2, rho=0.4 [DEC-045 S2]; descriptive curve cell"
H3,end_lag3|rstudent|full|k10,3LMA-RVE_CR2|r0.4,diff,Fisher_z,3LMA-RVE_CR2,0.4,2692,113,112,-1.266701250617827e-4,0.00913153190056594,-0.01387172781534412,63.42588358448602,0.9889758598778595,,,,,,,,,,,,,,,,,,,FALSE,,"multiverse cell 79/1260: coding=end_lag3, outlier=rstudent, es_set=full, df_basis=k10, estimator=3LMA-RVE_CR2, rho=0.4 [DEC-045 S2]; descriptive curve cell"
H3,clean_window|rstudent|full|k10,3LMA-RVE_CR2|r0.4,diff,Fisher_z,3LMA-RVE_CR2,0.4,924,40,40,-0.022540767719724353,0.019699536839190408,-1.144228308702242,24.45257490541306,0.26360660560713584,,,,,,,,,,,,,,,,,,,FALSE,,"multiverse cell 80/1260: coding=clean_window, outlier=rstudent, es_set=full, df_basis=k10, estimator=3LMA-RVE_CR2, rho=0.4 [DEC-045 S2]; descriptive curve cell"
H3,paris_mid|winsor|full|k10,3LMA-RVE_CR2|r0.4,diff,Fisher_z,3LMA-RVE_CR2,0.4,2705,113,112,-0.00963769227150238,0.01142017757998929,-0.843917899174333,31.924487296629707,0.4049948473625846,,,,,,,,,,,,,,,,,,,FALSE,,"multiverse cell 81/1260: coding=paris_mid, outlier=winsor, es_set=full, df_basis=k10, estimator=3LMA-RVE_CR2, rho=0.4 [DEC-045 S2]; descriptive curve cell"
H3,tie_break_median|winsor|full|k10,3LMA-RVE_CR2|r0.4,diff,Fisher_z,3LMA-RVE_CR2,0.4,2705,113,112,-0.007780373873636885,0.011845571380171564,-0.6568171026904233,24.72270245725263,0.5173665512988271,,,,,,,,,,,,,,,,,,,FALSE,,"multiverse cell 82/1260: coding=tie_break_median, outlier=winsor, es_set=full, df_basis=k10, estimator=3LMA-RVE_CR2, rho=0.4 [DEC-045 S2]; descriptive curve cell"
H3,end_any_exposure|winsor|full|k10,3LMA-RVE_CR2|r0.4,diff,Fisher_z,3LMA-RVE_CR2,0.4,2705,113,112,0.0011085039529143415,0.0107776027013573,0.10285255298701443,36.979297369838484,0.9186357449557205,,,,,,,,,,,,,,,,,,,FALSE,,"multiverse cell 83/1260: coding=end_any_exposure, outlier=winsor, es_set=full, df_basis=k10, estimator=3LMA-RVE_CR2, rho=0.4 [DEC-045 S2]; descriptive curve cell"
H3,share_recut_2017|winsor|full|k10,3LMA-RVE_CR2|r0.4,diff,Fisher_z,3LMA-RVE_CR2,0.4,2705,113,112,-0.008598522994301513,0.012426090782666538,-0.6919732959214981,21.62183739163977,0.4963184757330924,,,,,,,,,,,,,,,,,,,FALSE,,"multiverse cell 84/1260: coding=share_recut_2017, outlier=winsor, es_set=full, df_basis=k10, estimator=3LMA-RVE_CR2, rho=0.4 [DEC-045 S2]; descriptive curve cell"
H3,share_recut_2018|winsor|full|k10,3LMA-RVE_CR2|r0.4,diff,Fisher_z,3LMA-RVE_CR2,0.4,2705,113,112,-0.011278103155849775,0.01503787012868128,-0.7499800875616944,18.335187657055293,0.46278248942064526,,,,,,,,,,,,,,,,,,,FALSE,,"multiverse cell 85/1260: coding=share_recut_2018, outlier=winsor, es_set=full, df_basis=k10, estimator=3LMA-RVE_CR2, rho=0.4 [DEC-045 S2]; descriptive curve cell"
H3,share_recut_2019|winsor|full|k10,3LMA-RVE_CR2|r0.4,diff,Fisher_z,3LMA-RVE_CR2,0.4,2705,113,112,-0.010196527534045742,0.016135553260811036,-0.6319292167570351,15.080373590363585,0.5368961825647337,,,,,,,,,,,,,,,,,,,FALSE,,"multiverse cell 86/1260: coding=share_recut_2019, outlier=winsor, es_set=full, df_basis=k10, estimator=3LMA-RVE_CR2, rho=0.4 [DEC-045 S2]; descriptive curve cell"
H3,end_lag1|winsor|full|k10,3LMA-RVE_CR2|r0.4,diff,Fisher_z,3LMA-RVE_CR2,0.4,2705,113,112,0.006610868860254582,0.009553975959114183,0.6919494971041902,36.04867868985991,0.4934020805650988,,,,,,,,,,,,,,,,,,,FALSE,,"multiverse cell 87/1260: coding=end_lag1, outlier=winsor, es_set=full, df_basis=k10, estimator=3LMA-RVE_CR2, rho=0.4 [DEC-045 S2]; descriptive curve cell"
H3,end_lag2|winsor|full|k10,3LMA-RVE_CR2|r0.4,diff,Fisher_z,3LMA-RVE_CR2,0.4,2705,113,112,0.01831114540677084,0.009160014773530812,1.999030117253036,47.758145476927574,0.05131335954974702,,,,,,,,,,,,,,,,,,,FALSE,,"multiverse cell 88/1260: coding=end_lag2, outlier=winsor, es_set=full, df_basis=k10, estimator=3LMA-RVE_CR2, rho=0.4 [DEC-045 S2]; descriptive curve cell"
H3,end_lag3|winsor|full|k10,3LMA-RVE_CR2|r0.4,diff,Fisher_z,3LMA-RVE_CR2,0.4,2705,113,112,0.005419596916206734,0.00930991534289989,0.5821317076035427,51.592904956605125,0.5630133015974915,,,,,,,,,,,,,,,,,,,FALSE,,"multiverse cell 89/1260: coding=end_lag3, outlier=winsor, es_set=full, df_basis=k10, estimator=3LMA-RVE_CR2, rho=0.4 [DEC-045 S2]; descriptive curve cell"
H3,clean_window|winsor|full|k10,3LMA-RVE_CR2|r0.4,diff,Fisher_z,3LMA-RVE_CR2,0.4,929,40,40,-0.01829607868125916,0.01925907377316726,-0.9499978501951742,24.399918769810842,0.351429017095501,,,,,,,,,,,,,,,,,,,FALSE,,"multiverse cell 90/1260: coding=clean_window, outlier=winsor, es_set=full, df_basis=k10, estimator=3LMA-RVE_CR2, rho=0.4 [DEC-045 S2]; descriptive curve cell"
H3,paris_mid|none|no_starbound|k10,3LMA-RVE_CR2|r0.4,diff,Fisher_z,3LMA-RVE_CR2,0.4,2607,110,109,0.006207608409228085,0.019170451447072055,0.32381127937267157,13.723388736762715,0.7509630094128835,,,,,,,,,,,,,,,,,,,FALSE,,"multiverse cell 91/1260: coding=paris_mid, outlier=none, es_set=no_starbound, df_basis=k10, estimator=3LMA-RVE_CR2, rho=0.4 [DEC-045 S2]; descriptive curve cell"
H3,tie_break_median|none|no_starbound|k10,3LMA-RVE_CR2|r0.4,diff,Fisher_z,3LMA-RVE_CR2,0.4,2607,110,109,0.005772920282624806,0.018896136979896175,0.3055079611651146,11.298165970342442,0.7655345506365514,,,,,,,,,,,,,,,,,,,FALSE,,"multiverse cell 92/1260: coding=tie_break_median, outlier=none, es_set=no_starbound, df_basis=k10, estimator=3LMA-RVE_CR2, rho=0.4 [DEC-045 S2]; descriptive curve cell"
H3,end_any_exposure|none|no_starbound|k10,3LMA-RVE_CR2|r0.4,diff,Fisher_z,3LMA-RVE_CR2,0.4,2607,110,109,-0.018423462552882186,0.02190271664768925,-0.8411496550509352,37.55131215222494,0.4055887989247531,,,,,,,,,,,,,,,,,,,FALSE,,"multiverse cell 93/1260: coding=end_any_exposure, outlier=none, es_set=no_starbound, df_basis=k10, estimator=3LMA-RVE_CR2, rho=0.4 [DEC-045 S2]; descriptive curve cell"
H3,share_recut_2017|none|no_starbound|k10,3LMA-RVE_CR2|r0.4,diff,Fisher_z,3LMA-RVE_CR2,0.4,2607,110,109,0.0038960409039524926,0.01928212356466765,0.20205455539614706,10.022790791884757,0.843916312149525,,,,,,,,,,,,,,,,,,,FALSE,,"multiverse cell 94/1260: coding=share_recut_2017, outlier=none, es_set=no_starbound, df_basis=k10, estimator=3LMA-RVE_CR2, rho=0.4 [DEC-045 S2]; descriptive curve cell"
H3,share_recut_2018|none|no_starbound|k10,3LMA-RVE_CR2|r0.4,diff,Fisher_z,3LMA-RVE_CR2,0.4,2607,110,109,-0.0035140919548041563,0.02281235111461204,-0.15404339242145312,18.953905788366125,0.8792038860904602,,,,,,,,,,,,,,,,,,,FALSE,,"multiverse cell 95/1260: coding=share_recut_2018, outlier=none, es_set=no_starbound, df_basis=k10, estimator=3LMA-RVE_CR2, rho=0.4 [DEC-045 S2]; descriptive curve cell"
H3,share_recut_2019|none|no_starbound|k10,3LMA-RVE_CR2|r0.4,diff,Fisher_z,3LMA-RVE_CR2,0.4,2607,110,109,-0.002566218364375053,0.023293423533995956,-0.11016922268337864,15.570195216348774,0.9136826651790326,,,,,,,,,,,,,,,,,,,FALSE,,"multiverse cell 96/1260: coding=share_recut_2019, outlier=none, es_set=no_starbound, df_basis=k10, estimator=3LMA-RVE_CR2, rho=0.4 [DEC-045 S2]; descriptive curve cell"
H3,end_lag1|none|no_starbound|k10,3LMA-RVE_CR2|r0.4,diff,Fisher_z,3LMA-RVE_CR2,0.4,2607,110,109,-0.012511902566592174,0.022497387047016495,-0.5561491448070832,15.453611820445786,0.586072198402934,,,,,,,,,,,,,,,,,,,FALSE,,"multiverse cell 97/1260: coding=end_lag1, outlier=none, es_set=no_starbound, df_basis=k10, estimator=3LMA-RVE_CR2, rho=0.4 [DEC-045 S2]; descriptive curve cell"
H3,end_lag2|none|no_starbound|k10,3LMA-RVE_CR2|r0.4,diff,Fisher_z,3LMA-RVE_CR2,0.4,2607,110,109,0.03587336439683363,0.02720371287305746,1.3186936858300173,19.177107381113068,0.20280374646129198,,,,,,,,,,,,,,,,,,,FALSE,,"multiverse cell 98/1260: coding=end_lag2, outlier=none, es_set=no_starbound, df_basis=k10, estimator=3LMA-RVE_CR2, rho=0.4 [DEC-045 S2]; descriptive curve cell"
H3,end_lag3|none|no_starbound|k10,3LMA-RVE_CR2|r0.4,diff,Fisher_z,3LMA-RVE_CR2,0.4,2607,110,109,0.017837464535625236,0.02259435685240685,0.789465469282659,19.693449663959417,0.43924232603243263,,,,,,,,,,,,,,,,,,,FALSE,,"multiverse cell 99/1260: coding=end_lag3, outlier=none, es_set=no_starbound, df_basis=k10, estimator=3LMA-RVE_CR2, rho=0.4 [DEC-045 S2]; descriptive curve cell"
H3,clean_window|none|no_starbound|k10,3LMA-RVE_CR2|r0.4,diff,Fisher_z,3LMA-RVE_CR2,0.4,905,38,38,-0.02120155273619216,0.018987687851751665,-1.1165947587576472,24.94576803811701,0.27480768132047817,,,,,,,,,,,,,,,,,,,FALSE,,"multiverse cell 100/1260: coding=clean_window, outlier=none, es_set=no_starbound, df_basis=k10, estimator=3LMA-RVE_CR2, rho=0.4 [DEC-045 S2]; descriptive curve cell"
H3,paris_mid|rstudent|no_starbound|k10,3LMA-RVE_CR2|r0.4,diff,Fisher_z,3LMA-RVE_CR2,0.4,2594,110,109,-0.01794347187812919,0.01138826303170348,-1.5756109450736113,36.52542593763671,0.12373851779147114,,,,,,,,,,,,,,,,,,,FALSE,,"multiverse cell 101/1260: coding=paris_mid, outlier=rstudent, es_set=no_starbound, df_basis=k10, estimator=3LMA-RVE_CR2, rho=0.4 [DEC-045 S2]; descriptive curve cell"
H3,tie_break_median|rstudent|no_starbound|k10,3LMA-RVE_CR2|r0.4,diff,Fisher_z,3LMA-RVE_CR2,0.4,2594,110,109,-0.017201889575593793,0.012120610732895035,-1.4192263042412783,28.013424027134548,0.16686506862076506,,,,,,,,,,,,,,,,,,,FALSE,,"multiverse cell 102/1260: coding=tie_break_median, outlier=rstudent, es_set=no_starbound, df_basis=k10, estimator=3LMA-RVE_CR2, rho=0.4 [DEC-045 S2]; descriptive curve cell"
H3,end_any_exposure|rstudent|no_starbound|k10,3LMA-RVE_CR2|r0.4,diff,Fisher_z,3LMA-RVE_CR2,0.4,2594,110,109,4.824907891943439e-4,0.011269072296103546,0.04281548440870084,32.48782096388835,0.9661106906869903,,,,,,,,,,,,,,,,,,,FALSE,,"multiverse cell 103/1260: coding=end_any_exposure, outlier=rstudent, es_set=no_starbound, df_basis=k10, estimator=3LMA-RVE_CR2, rho=0.4 [DEC-045 S2]; descriptive curve cell"
H3,share_recut_2017|rstudent|no_starbound|k10,3LMA-RVE_CR2|r0.4,diff,Fisher_z,3LMA-RVE_CR2,0.4,2594,110,109,-0.017971034947719615,0.012706466178010451,-1.414322022815432,24.454862186143245,0.1698735960543517,,,,,,,,,,,,,,,,,,,FALSE,,"multiverse cell 104/1260: coding=share_recut_2017, outlier=rstudent, es_set=no_starbound, df_basis=k10, estimator=3LMA-RVE_CR2, rho=0.4 [DEC-045 S2]; descriptive curve cell"
H3,share_recut_2018|rstudent|no_starbound|k10,3LMA-RVE_CR2|r0.4,diff,Fisher_z,3LMA-RVE_CR2,0.4,2594,110,109,-0.020884115394042363,0.01492473600202087,-1.3992954643361577,18.487229701239116,0.17827955621588212,,,,,,,,,,,,,,,,,,,FALSE,,"multiverse cell 105/1260: coding=share_recut_2018, outlier=rstudent, es_set=no_starbound, df_basis=k10, estimator=3LMA-RVE_CR2, rho=0.4 [DEC-045 S2]; descriptive curve cell"
H3,share_recut_2019|rstudent|no_starbound|k10,3LMA-RVE_CR2|r0.4,diff,Fisher_z,3LMA-RVE_CR2,0.4,2594,110,109,-0.02039702367638485,0.015986186542930297,-1.2759155300489844,15.178574877857265,0.22116546476735294,,,,,,,,,,,,,,,,,,,FALSE,,"multiverse cell 106/1260: coding=share_recut_2019, outlier=rstudent, es_set=no_starbound, df_basis=k10, estimator=3LMA-RVE_CR2, rho=0.4 [DEC-045 S2]; descriptive curve cell"
H3,end_lag1|rstudent|no_starbound|k10,3LMA-RVE_CR2|r0.4,diff,Fisher_z,3LMA-RVE_CR2,0.4,2594,110,109,-0.001789391788667584,0.010227295648789575,-0.1749623605414558,37.7877616511303,0.8620433335219054,,,,,,,,,,,,,,,,,,,FALSE,,"multiverse cell 107/1260: coding=end_lag1, outlier=rstudent, es_set=no_starbound, df_basis=k10, estimator=3LMA-RVE_CR2, rho=0.4 [DEC-045 S2]; descriptive curve cell"
H3,end_lag2|rstudent|no_starbound|k10,3LMA-RVE_CR2|r0.4,diff,Fisher_z,3LMA-RVE_CR2,0.4,2594,110,109,0.007713839713024154,0.009513071418127213,0.8108674237770765,50.85946812863888,0.42122018080446866,,,,,,,,,,,,,,,,,,,FALSE,,"multiverse cell 108/1260: coding=end_lag2, outlier=rstudent, es_set=no_starbound, df_basis=k10, estimator=3LMA-RVE_CR2, rho=0.4 [DEC-045 S2]; descriptive curve cell"
H3,end_lag3|rstudent|no_starbound|k10,3LMA-RVE_CR2|r0.4,diff,Fisher_z,3LMA-RVE_CR2,0.4,2594,110,109,-0.003970762866211591,0.009734374487703215,-0.4079114555565528,58.07384499999186,0.6848386699214046,,,,,,,,,,,,,,,,,,,FALSE,,"multiverse cell 109/1260: coding=end_lag3, outlier=rstudent, es_set=no_starbound, df_basis=k10, estimator=3LMA-RVE_CR2, rho=0.4 [DEC-045 S2]; descriptive curve cell"
H3,clean_window|rstudent|no_starbound|k10,3LMA-RVE_CR2|r0.4,diff,Fisher_z,3LMA-RVE_CR2,0.4,900,38,38,-0.028373040326305533,0.019726787347016026,-1.4383001056985278,25.060463033789702,0.16272109299807014,,,,,,,,,,,,,,,,,,,FALSE,,"multiverse cell 110/1260: coding=clean_window, outlier=rstudent, es_set=no_starbound, df_basis=k10, estimator=3LMA-RVE_CR2, rho=0.4 [DEC-045 S2]; descriptive curve cell"
H3,paris_mid|winsor|no_starbound|k10,3LMA-RVE_CR2|r0.4,diff,Fisher_z,3LMA-RVE_CR2,0.4,2607,110,109,-0.013703233109797097,0.012011036779243157,-1.1408867828527762,30.57212316409873,0.26277563882838567,,,,,,,,,,,,,,,,,,,FALSE,,"multiverse cell 111/1260: coding=paris_mid, outlier=winsor, es_set=no_starbound, df_basis=k10, estimator=3LMA-RVE_CR2, rho=0.4 [DEC-045 S2]; descriptive curve cell"
H3,tie_break_median|winsor|no_starbound|k10,3LMA-RVE_CR2|r0.4,diff,Fisher_z,3LMA-RVE_CR2,0.4,2607,110,109,-0.011944702558255839,0.012516536639382151,-0.9543137133216957,23.678465285127128,0.349566628167293,,,,,,,,,,,,,,,,,,,FALSE,,"multiverse cell 112/1260: coding=tie_break_median, outlier=winsor, es_set=no_starbound, df_basis=k10, estimator=3LMA-RVE_CR2, rho=0.4 [DEC-045 S2]; descriptive curve cell"
H3,end_any_exposure|winsor|no_starbound|k10,3LMA-RVE_CR2|r0.4,diff,Fisher_z,3LMA-RVE_CR2,0.4,2607,110,109,0.0010536339716590848,0.01165172094806104,0.09042732625985346,33.2589206704458,0.9284900524935646,,,,,,,,,,,,,,,,,,,FALSE,,"multiverse cell 113/1260: coding=end_any_exposure, outlier=winsor, es_set=no_starbound, df_basis=k10, estimator=3LMA-RVE_CR2, rho=0.4 [DEC-045 S2]; descriptive curve cell"
H3,share_recut_2017|winsor|no_starbound|k10,3LMA-RVE_CR2|r0.4,diff,Fisher_z,3LMA-RVE_CR2,0.4,2607,110,109,-0.01291276635845287,0.01316672397325542,-0.9807121638367756,20.698777662654262,0.33805941180049914,,,,,,,,,,,,,,,,,,,FALSE,,"multiverse cell 114/1260: coding=share_recut_2017, outlier=winsor, es_set=no_starbound, df_basis=k10, estimator=3LMA-RVE_CR2, rho=0.4 [DEC-045 S2]; descriptive curve cell"
H3,share_recut_2018|winsor|no_starbound|k10,3LMA-RVE_CR2|r0.4,diff,Fisher_z,3LMA-RVE_CR2,0.4,2607,110,109,-0.016914411115971785,0.014894927098309885,-1.1355820007934816,18.542510856735475,0.270597046063603,,,,,,,,,,,,,,,,,,,FALSE,,"multiverse cell 115/1260: coding=share_recut_2018, outlier=winsor, es_set=no_starbound, df_basis=k10, estimator=3LMA-RVE_CR2, rho=0.4 [DEC-045 S2]; descriptive curve cell"
H3,share_recut_2019|winsor|no_starbound|k10,3LMA-RVE_CR2|r0.4,diff,Fisher_z,3LMA-RVE_CR2,0.4,2607,110,109,-0.01623206018820083,0.015909797076598217,-1.0202556393429196,15.229608909074777,0.3235417681589937,,,,,,,,,,,,,,,,,,,FALSE,,"multiverse cell 116/1260: coding=share_recut_2019, outlier=winsor, es_set=no_starbound, df_basis=k10, estimator=3LMA-RVE_CR2, rho=0.4 [DEC-045 S2]; descriptive curve cell"
H3,end_lag1|winsor|no_starbound|k10,3LMA-RVE_CR2|r0.4,diff,Fisher_z,3LMA-RVE_CR2,0.4,2607,110,109,0.0016002731156976036,0.01069030346005379,0.14969389051277235,31.659920942523016,0.8819556864605456,,,,,,,,,,,,,,,,,,,FALSE,,"multiverse cell 117/1260: coding=end_lag1, outlier=winsor, es_set=no_starbound, df_basis=k10, estimator=3LMA-RVE_CR2, rho=0.4 [DEC-045 S2]; descriptive curve cell"
H3,end_lag2|winsor|no_starbound|k10,3LMA-RVE_CR2|r0.4,diff,Fisher_z,3LMA-RVE_CR2,0.4,2607,110,109,0.01472042692569668,0.00987773392319892,1.4902635604634151,42.44388754896651,0.14354950948028425,,,,,,,,,,,,,,,,,,,FALSE,,"multiverse cell 118/1260: coding=end_lag2, outlier=winsor, es_set=no_starbound, df_basis=k10, estimator=3LMA-RVE_CR2, rho=0.4 [DEC-045 S2]; descriptive curve cell"
H3,end_lag3|winsor|no_starbound|k10,3LMA-RVE_CR2|r0.4,diff,Fisher_z,3LMA-RVE_CR2,0.4,2607,110,109,0.002108088391504323,0.009885830944273045,0.21324341913064562,46.947357911763326,0.8320604328289403,,,,,,,,,,,,,,,,,,,FALSE,,"multiverse cell 119/1260: coding=end_lag3, outlier=winsor, es_set=no_starbound, df_basis=k10, estimator=3LMA-RVE_CR2, rho=0.4 [DEC-045 S2]; descriptive curve cell"
H3,clean_window|winsor|no_starbound|k10,3LMA-RVE_CR2|r0.4,diff,Fisher_z,3LMA-RVE_CR2,0.4,905,38,38,-0.023712359683945777,0.019270242836140306,-1.2305169107404563,25.014494546020792,0.22994988833534774,,,,,,,,,,,,,,,,,,,FALSE,,"multiverse cell 120/1260: coding=clean_window, outlier=winsor, es_set=no_starbound, df_basis=k10, estimator=3LMA-RVE_CR2, rho=0.4 [DEC-045 S2]; descriptive curve cell"
H3,paris_mid|none|full|k20,3LMA-RVE_CR2|r0.4,diff,Fisher_z,3LMA-RVE_CR2,0.4,2704,113,112,0.010036765653256077,0.018140474255237345,0.5532802236610963,14.254217125071678,0.588644953073017,,,,,,,,,,,,,,,,,,,FALSE,,"multiverse cell 121/1260: coding=paris_mid, outlier=none, es_set=full, df_basis=k20, estimator=3LMA-RVE_CR2, rho=0.4 [DEC-045 S2]; descriptive curve cell"
H3,tie_break_median|none|full|k20,3LMA-RVE_CR2|r0.4,diff,Fisher_z,3LMA-RVE_CR2,0.4,2704,113,112,0.009659382673396437,0.017805366628314293,0.542498386864777,11.695925923470748,0.597660577315668,,,,,,,,,,,,,,,,,,,FALSE,,"multiverse cell 122/1260: coding=tie_break_median, outlier=none, es_set=full, df_basis=k20, estimator=3LMA-RVE_CR2, rho=0.4 [DEC-045 S2]; descriptive curve cell"
H3,end_any_exposure|none|full|k20,3LMA-RVE_CR2|r0.4,diff,Fisher_z,3LMA-RVE_CR2,0.4,2704,113,112,-0.020213176775001583,0.02105951467143377,-0.959812089232037,41.58932935560523,0.3426968819504851,,,,,,,,,,,,,,,,,,,FALSE,,"multiverse cell 123/1260: coding=end_any_exposure, outlier=none, es_set=full, df_basis=k20, estimator=3LMA-RVE_CR2, rho=0.4 [DEC-045 S2]; descriptive curve cell"
H3,share_recut_2017|none|full|k20,3LMA-RVE_CR2|r0.4,diff,Fisher_z,3LMA-RVE_CR2,0.4,2704,113,112,0.007863111781319806,0.018092278292184835,0.4346114764726102,10.36242007052964,0.6727557981992016,,,,,,,,,,,,,,,,,,,FALSE,,"multiverse cell 124/1260: coding=share_recut_2017, outlier=none, es_set=full, df_basis=k20, estimator=3LMA-RVE_CR2, rho=0.4 [DEC-045 S2]; descriptive curve cell"
H3,share_recut_2018|none|full|k20,3LMA-RVE_CR2|r0.4,diff,Fisher_z,3LMA-RVE_CR2,0.4,2704,113,112,0.0024271613390971503,0.022217695391199912,0.10924451417488204,18.7908468911987,0.9141667539082259,,,,,,,,,,,,,,,,,,,FALSE,,"multiverse cell 125/1260: coding=share_recut_2018, outlier=none, es_set=full, df_basis=k20, estimator=3LMA-RVE_CR2, rho=0.4 [DEC-045 S2]; descriptive curve cell"
H3,share_recut_2019|none|full|k20,3LMA-RVE_CR2|r0.4,diff,Fisher_z,3LMA-RVE_CR2,0.4,2704,113,112,0.0038177403188664263,0.02272377832102664,0.16800640566598982,15.455138365692179,0.8687570559091404,,,,,,,,,,,,,,,,,,,FALSE,,"multiverse cell 126/1260: coding=share_recut_2019, outlier=none, es_set=full, df_basis=k20, estimator=3LMA-RVE_CR2, rho=0.4 [DEC-045 S2]; descriptive curve cell"
H3,end_lag1|none|full|k20,3LMA-RVE_CR2|r0.4,diff,Fisher_z,3LMA-RVE_CR2,0.4,2704,113,112,-0.006187936101456716,0.02073876130078776,-0.2983753953145537,16.862164881327384,0.769062156518973,,,,,,,,,,,,,,,,,,,FALSE,,"multiverse cell 127/1260: coding=end_lag1, outlier=none, es_set=full, df_basis=k20, estimator=3LMA-RVE_CR2, rho=0.4 [DEC-045 S2]; descriptive curve cell"
H3,end_lag2|none|full|k20,3LMA-RVE_CR2|r0.4,diff,Fisher_z,3LMA-RVE_CR2,0.4,2704,113,112,0.03996900076288444,0.026035351817227922,1.5351818958880534,20.836391058197197,0.139785188444271,,,,,,,,,,,,,,,,,,,FALSE,,"multiverse cell 128/1260: coding=end_lag2, outlier=none, es_set=full, df_basis=k20, estimator=3LMA-RVE_CR2, rho=0.4 [DEC-045 S2]; descriptive curve cell"
H3,end_lag3|none|full|k20,3LMA-RVE_CR2|r0.4,diff,Fisher_z,3LMA-RVE_CR2,0.4,2704,113,112,0.021677107052643356,0.02167812686247352,0.9999529567366852,21.075014012942972,0.32867689370439723,,,,,,,,,,,,,,,,,,,FALSE,,"multiverse cell 129/1260: coding=end_lag3, outlier=none, es_set=full, df_basis=k20, estimator=3LMA-RVE_CR2, rho=0.4 [DEC-045 S2]; descriptive curve cell"
H3,clean_window|none|full|k20,3LMA-RVE_CR2|r0.4,diff,Fisher_z,3LMA-RVE_CR2,0.4,929,40,40,-0.01606570148253674,0.018461619214600312,-0.8702216905129986,24.41611982590947,0.3926546847820157,,,,,,,,,,,,,,,,,,,FALSE,,"multiverse cell 130/1260: coding=clean_window, outlier=none, es_set=full, df_basis=k20, estimator=3LMA-RVE_CR2, rho=0.4 [DEC-045 S2]; descriptive curve cell"
H3,paris_mid|rstudent|full|k20,3LMA-RVE_CR2|r0.4,diff,Fisher_z,3LMA-RVE_CR2,0.4,2691,113,112,-0.01368794263244625,0.010892971574637143,-1.256584811468418,37.515432133516526,0.21667227043782267,,,,,,,,,,,,,,,,,,,FALSE,,"multiverse cell 131/1260: coding=paris_mid, outlier=rstudent, es_set=full, df_basis=k20, estimator=3LMA-RVE_CR2, rho=0.4 [DEC-045 S2]; descriptive curve cell"
H3,tie_break_median|rstudent|full|k20,3LMA-RVE_CR2|r0.4,diff,Fisher_z,3LMA-RVE_CR2,0.4,2691,113,112,-0.012781826706910193,0.011558929495328826,-1.1057967532439368,28.76900008533352,0.27797632359974556,,,,,,,,,,,,,,,,,,,FALSE,,"multiverse cell 132/1260: coding=tie_break_median, outlier=rstudent, es_set=full, df_basis=k20, estimator=3LMA-RVE_CR2, rho=0.4 [DEC-045 S2]; descriptive curve cell"
H3,end_any_exposure|rstudent|full|k20,3LMA-RVE_CR2|r0.4,diff,Fisher_z,3LMA-RVE_CR2,0.4,2691,113,112,4.602614361699786e-4,0.010541015163419225,0.043663862449153525,35.99813836311875,0.9654136527766486,,,,,,,,,,,,,,,,,,,FALSE,,"multiverse cell 133/1260: coding=end_any_exposure, outlier=rstudent, es_set=full, df_basis=k20, estimator=3LMA-RVE_CR2, rho=0.4 [DEC-045 S2]; descriptive curve cell"
H3,share_recut_2017|rstudent|full|k20,3LMA-RVE_CR2|r0.4,diff,Fisher_z,3LMA-RVE_CR2,0.4,2691,113,112,-0.013386660642224248,0.012088836704818707,-1.1073572229566322,25.14892017459983,0.2786189314623181,,,,,,,,,,,,,,,,,,,FALSE,,"multiverse cell 134/1260: coding=share_recut_2017, outlier=rstudent, es_set=full, df_basis=k20, estimator=3LMA-RVE_CR2, rho=0.4 [DEC-045 S2]; descriptive curve cell"
H3,share_recut_2018|rstudent|full|k20,3LMA-RVE_CR2|r0.4,diff,Fisher_z,3LMA-RVE_CR2,0.4,2691,113,112,-0.015159003675661288,0.015024771018155372,-1.0089340900665784,18.256229259664035,0.3261925006076748,,,,,,,,,,,,,,,,,,,FALSE,,"multiverse cell 135/1260: coding=share_recut_2018, outlier=rstudent, es_set=full, df_basis=k20, estimator=3LMA-RVE_CR2, rho=0.4 [DEC-045 S2]; descriptive curve cell"
H3,share_recut_2019|rstudent|full|k20,3LMA-RVE_CR2|r0.4,diff,Fisher_z,3LMA-RVE_CR2,0.4,2691,113,112,-0.014211400950163405,0.016175702133946226,-0.8785647035586449,15.009879914657372,0.39348451566920717,,,,,,,,,,,,,,,,,,,FALSE,,"multiverse cell 136/1260: coding=share_recut_2019, outlier=rstudent, es_set=full, df_basis=k20, estimator=3LMA-RVE_CR2, rho=0.4 [DEC-045 S2]; descriptive curve cell"
H3,end_lag1|rstudent|full|k20,3LMA-RVE_CR2|r0.4,diff,Fisher_z,3LMA-RVE_CR2,0.4,2691,113,112,0.0035883504495843044,0.009122924885367234,0.3933333327494408,42.33036081304448,0.696047435505353,,,,,,,,,,,,,,,,,,,FALSE,,"multiverse cell 137/1260: coding=end_lag1, outlier=rstudent, es_set=full, df_basis=k20, estimator=3LMA-RVE_CR2, rho=0.4 [DEC-045 S2]; descriptive curve cell"
H3,end_lag2|rstudent|full|k20,3LMA-RVE_CR2|r0.4,diff,Fisher_z,3LMA-RVE_CR2,0.4,2691,113,112,0.011811167300353621,0.008767808324096507,1.347106011418278,56.0616243688841,0.18336618267710847,,,,,,,,,,,,,,,,,,,FALSE,,"multiverse cell 138/1260: coding=end_lag2, outlier=rstudent, es_set=full, df_basis=k20, estimator=3LMA-RVE_CR2, rho=0.4 [DEC-045 S2]; descriptive curve cell"
H3,end_lag3|rstudent|full|k20,3LMA-RVE_CR2|r0.4,diff,Fisher_z,3LMA-RVE_CR2,0.4,2691,113,112,-2.2316198925993735e-4,0.009178294379736994,-0.02431410238405669,62.46855032644237,0.9806795672183976,,,,,,,,,,,,,,,,,,,FALSE,,"multiverse cell 139/1260: coding=end_lag3, outlier=rstudent, es_set=full, df_basis=k20, estimator=3LMA-RVE_CR2, rho=0.4 [DEC-045 S2]; descriptive curve cell"
H3,clean_window|rstudent|full|k20,3LMA-RVE_CR2|r0.4,diff,Fisher_z,3LMA-RVE_CR2,0.4,924,40,40,-0.023385955288981505,0.01998022571159176,-1.1704550101960998,24.45815162307572,0.2530965305868251,,,,,,,,,,,,,,,,,,,FALSE,,"multiverse cell 140/1260: coding=clean_window, outlier=rstudent, es_set=full, df_basis=k20, estimator=3LMA-RVE_CR2, rho=0.4 [DEC-045 S2]; descriptive curve cell"
H3,paris_mid|winsor|full|k20,3LMA-RVE_CR2|r0.4,diff,Fisher_z,3LMA-RVE_CR2,0.4,2704,113,112,-0.009802235642099831,0.01148345133906293,-0.8535966542354602,31.59175725948262,0.3997546817712292,,,,,,,,,,,,,,,,,,,FALSE,,"multiverse cell 141/1260: coding=paris_mid, outlier=winsor, es_set=full, df_basis=k20, estimator=3LMA-RVE_CR2, rho=0.4 [DEC-045 S2]; descriptive curve cell"
H3,tie_break_median|winsor|full|k20,3LMA-RVE_CR2|r0.4,diff,Fisher_z,3LMA-RVE_CR2,0.4,2704,113,112,-0.007910672086984392,0.011918104382639287,-0.6637525426029671,24.470393125733555,0.5130543591840273,,,,,,,,,,,,,,,,,,,FALSE,,"multiverse cell 142/1260: coding=tie_break_median, outlier=winsor, es_set=full, df_basis=k20, estimator=3LMA-RVE_CR2, rho=0.4 [DEC-045 S2]; descriptive curve cell"
H3,end_any_exposure|winsor|full|k20,3LMA-RVE_CR2|r0.4,diff,Fisher_z,3LMA-RVE_CR2,0.4,2704,113,112,8.803722771946951e-4,0.010803636439043364,0.08148851381309995,36.888154625928735,0.9354940056593971,,,,,,,,,,,,,,,,,,,FALSE,,"multiverse cell 143/1260: coding=end_any_exposure, outlier=winsor, es_set=full, df_basis=k20, estimator=3LMA-RVE_CR2, rho=0.4 [DEC-045 S2]; descriptive curve cell"
H3,share_recut_2017|winsor|full|k20,3LMA-RVE_CR2|r0.4,diff,Fisher_z,3LMA-RVE_CR2,0.4,2704,113,112,-0.008722717086639055,0.012507796326759161,-0.6973824052425356,21.39935676066771,0.4930713704733689,,,,,,,,,,,,,,,,,,,FALSE,,"multiverse cell 144/1260: coding=share_recut_2017, outlier=winsor, es_set=full, df_basis=k20, estimator=3LMA-RVE_CR2, rho=0.4 [DEC-045 S2]; descriptive curve cell"
H3,share_recut_2018|winsor|full|k20,3LMA-RVE_CR2|r0.4,diff,Fisher_z,3LMA-RVE_CR2,0.4,2704,113,112,-0.01149555060194269,0.015110493850263891,-0.7607660421861018,18.32959547084109,0.4564727557676945,,,,,,,,,,,,,,,,,,,FALSE,,"multiverse cell 145/1260: coding=share_recut_2018, outlier=winsor, es_set=full, df_basis=k20, estimator=3LMA-RVE_CR2, rho=0.4 [DEC-045 S2]; descriptive curve cell"
H3,share_recut_2019|winsor|full|k20,3LMA-RVE_CR2|r0.4,diff,Fisher_z,3LMA-RVE_CR2,0.4,2704,113,112,-0.010339976633651965,0.016231702960839527,-0.6370235248019328,15.074316584008868,0.5336652152664578,,,,,,,,,,,,,,,,,,,FALSE,,"multiverse cell 146/1260: coding=share_recut_2019, outlier=winsor, es_set=full, df_basis=k20, estimator=3LMA-RVE_CR2, rho=0.4 [DEC-045 S2]; descriptive curve cell"
H3,end_lag1|winsor|full|k20,3LMA-RVE_CR2|r0.4,diff,Fisher_z,3LMA-RVE_CR2,0.4,2704,113,112,0.006429693885807136,0.00957973943913047,0.671176280593154,35.570598677567915,0.5064436606196501,,,,,,,,,,,,,,,,,,,FALSE,,"multiverse cell 147/1260: coding=end_lag1, outlier=winsor, es_set=full, df_basis=k20, estimator=3LMA-RVE_CR2, rho=0.4 [DEC-045 S2]; descriptive curve cell"
H3,end_lag2|winsor|full|k20,3LMA-RVE_CR2|r0.4,diff,Fisher_z,3LMA-RVE_CR2,0.4,2704,113,112,0.01826279641670961,0.009172647467800513,1.9910060297006924,47.09607271133963,0.052299466974651355,,,,,,,,,,,,,,,,,,,FALSE,,"multiverse cell 148/1260: coding=end_lag2, outlier=winsor, es_set=full, df_basis=k20, estimator=3LMA-RVE_CR2, rho=0.4 [DEC-045 S2]; descriptive curve cell"
H3,end_lag3|winsor|full|k20,3LMA-RVE_CR2|r0.4,diff,Fisher_z,3LMA-RVE_CR2,0.4,2704,113,112,0.005469159139857106,0.009331992701794748,0.5860655183329994,50.869749006704154,0.5604230043683636,,,,,,,,,,,,,,,,,,,FALSE,,"multiverse cell 149/1260: coding=end_lag3, outlier=winsor, es_set=full, df_basis=k20, estimator=3LMA-RVE_CR2, rho=0.4 [DEC-045 S2]; descriptive curve cell"
H3,clean_window|winsor|full|k20,3LMA-RVE_CR2|r0.4,diff,Fisher_z,3LMA-RVE_CR2,0.4,929,40,40,-0.018754609337746586,0.019387408373320994,-0.9673603081242564,24.38979994626642,0.34285921894257343,,,,,,,,,,,,,,,,,,,FALSE,,"multiverse cell 150/1260: coding=clean_window, outlier=winsor, es_set=full, df_basis=k20, estimator=3LMA-RVE_CR2, rho=0.4 [DEC-045 S2]; descriptive curve cell"
H3,paris_mid|none|no_starbound|k20,3LMA-RVE_CR2|r0.4,diff,Fisher_z,3LMA-RVE_CR2,0.4,2606,110,109,0.005952049346512611,0.019235458106620383,0.3094311200451243,13.576665399295885,0.7616915388622152,,,,,,,,,,,,,,,,,,,FALSE,,"multiverse cell 151/1260: coding=paris_mid, outlier=none, es_set=no_starbound, df_basis=k20, estimator=3LMA-RVE_CR2, rho=0.4 [DEC-045 S2]; descriptive curve cell"
H3,tie_break_median|none|no_starbound|k20,3LMA-RVE_CR2|r0.4,diff,Fisher_z,3LMA-RVE_CR2,0.4,2606,110,109,0.0055602497859930655,0.0189680005429382,0.29313842402135265,11.183494870866074,0.7747842788408804,,,,,,,,,,,,,,,,,,,FALSE,,"multiverse cell 152/1260: coding=tie_break_median, outlier=none, es_set=no_starbound, df_basis=k20, estimator=3LMA-RVE_CR2, rho=0.4 [DEC-045 S2]; descriptive curve cell"
H3,end_any_exposure|none|no_starbound|k20,3LMA-RVE_CR2|r0.4,diff,Fisher_z,3LMA-RVE_CR2,0.4,2606,110,109,-0.01876979043499548,0.021977999774283496,-0.8540263275895584,37.437930501049465,0.39852220810582273,,,,,,,,,,,,,,,,,,,FALSE,,"multiverse cell 153/1260: coding=end_any_exposure, outlier=none, es_set=no_starbound, df_basis=k20, estimator=3LMA-RVE_CR2, rho=0.4 [DEC-045 S2]; descriptive curve cell"
H3,share_recut_2017|none|no_starbound|k20,3LMA-RVE_CR2|r0.4,diff,Fisher_z,3LMA-RVE_CR2,0.4,2606,110,109,0.0037053504478161137,0.019364298394694557,0.19134958428606472,9.922969267122925,0.8521103005447734,,,,,,,,,,,,,,,,,,,FALSE,,"multiverse cell 154/1260: coding=share_recut_2017, outlier=none, es_set=no_starbound, df_basis=k20, estimator=3LMA-RVE_CR2, rho=0.4 [DEC-045 S2]; descriptive curve cell"
H3,share_recut_2018|none|no_starbound|k20,3LMA-RVE_CR2|r0.4,diff,Fisher_z,3LMA-RVE_CR2,0.4,2606,110,109,-0.0038223573249449305,0.022868979854542303,-0.16714157558653508,18.9558501903081,0.8690287945832366,,,,,,,,,,,,,,,,,,,FALSE,,"multiverse cell 155/1260: coding=share_recut_2018, outlier=none, es_set=no_starbound, df_basis=k20, estimator=3LMA-RVE_CR2, rho=0.4 [DEC-045 S2]; descriptive curve cell"
H3,share_recut_2019|none|no_starbound|k20,3LMA-RVE_CR2|r0.4,diff,Fisher_z,3LMA-RVE_CR2,0.4,2606,110,109,-0.00286610991589116,0.02336961127404521,-0.12264260120896077,15.5713460944923,0.9039590465872127,,,,,,,,,,,,,,,,,,,FALSE,,"multiverse cell 156/1260: coding=share_recut_2019, outlier=none, es_set=no_starbound, df_basis=k20, estimator=3LMA-RVE_CR2, rho=0.4 [DEC-045 S2]; descriptive curve cell"
H3,end_lag1|none|no_starbound|k20,3LMA-RVE_CR2|r0.4,diff,Fisher_z,3LMA-RVE_CR2,0.4,2606,110,109,-0.012541782354746456,0.02256871016556999,-0.5557155133251588,15.258041585356093,0.5864622343451649,,,,,,,,,,,,,,,,,,,FALSE,,"multiverse cell 157/1260: coding=end_lag1, outlier=none, es_set=no_starbound, df_basis=k20, estimator=3LMA-RVE_CR2, rho=0.4 [DEC-045 S2]; descriptive curve cell"
H3,end_lag2|none|no_starbound|k20,3LMA-RVE_CR2|r0.4,diff,Fisher_z,3LMA-RVE_CR2,0.4,2606,110,109,0.03599495764843693,0.027233327179509218,1.321724569722061,18.936097361071877,0.20200643099606613,,,,,,,,,,,,,,,,,,,FALSE,,"multiverse cell 158/1260: coding=end_lag2, outlier=none, es_set=no_starbound, df_basis=k20, estimator=3LMA-RVE_CR2, rho=0.4 [DEC-045 S2]; descriptive curve cell"
H3,end_lag3|none|no_starbound|k20,3LMA-RVE_CR2|r0.4,diff,Fisher_z,3LMA-RVE_CR2,0.4,2606,110,109,0.018069286428243167,0.022600191526681655,0.7995191725216431,19.451861215315542,0.433644824892072,,,,,,,,,,,,,,,,,,,FALSE,,"multiverse cell 159/1260: coding=end_lag3, outlier=none, es_set=no_starbound, df_basis=k20, estimator=3LMA-RVE_CR2, rho=0.4 [DEC-045 S2]; descriptive curve cell"
H3,clean_window|none|no_starbound|k20,3LMA-RVE_CR2|r0.4,diff,Fisher_z,3LMA-RVE_CR2,0.4,905,38,38,-0.021774802755191926,0.01910491289273016,-1.1397488634181483,24.95460080823024,0.2652130825029692,,,,,,,,,,,,,,,,,,,FALSE,,"multiverse cell 160/1260: coding=clean_window, outlier=none, es_set=no_starbound, df_basis=k20, estimator=3LMA-RVE_CR2, rho=0.4 [DEC-045 S2]; descriptive curve cell"
H3,paris_mid|rstudent|no_starbound|k20,3LMA-RVE_CR2|r0.4,diff,Fisher_z,3LMA-RVE_CR2,0.4,2593,110,109,-0.01806297716395089,0.011473467615590325,-1.574325894240259,36.06746003908504,0.12414431522443448,,,,,,,,,,,,,,,,,,,FALSE,,"multiverse cell 161/1260: coding=paris_mid, outlier=rstudent, es_set=no_starbound, df_basis=k20, estimator=3LMA-RVE_CR2, rho=0.4 [DEC-045 S2]; descriptive curve cell"
H3,tie_break_median|rstudent|no_starbound|k20,3LMA-RVE_CR2|r0.4,diff,Fisher_z,3LMA-RVE_CR2,0.4,2593,110,109,-0.017279784014400563,0.012216982293642108,-1.4144068968155261,27.67633751161641,0.16839460550782867,,,,,,,,,,,,,,,,,,,FALSE,,"multiverse cell 162/1260: coding=tie_break_median, outlier=rstudent, es_set=no_starbound, df_basis=k20, estimator=3LMA-RVE_CR2, rho=0.4 [DEC-045 S2]; descriptive curve cell"
H3,end_any_exposure|rstudent|no_starbound|k20,3LMA-RVE_CR2|r0.4,diff,Fisher_z,3LMA-RVE_CR2,0.4,2593,110,109,-6.039769020934477e-5,0.011436915714978386,-0.005280942145113894,32.43809398660797,0.9958187819409392,,,,,,,,,,,,,,,,,,,FALSE,,"multiverse cell 163/1260: coding=end_any_exposure, outlier=rstudent, es_set=no_starbound, df_basis=k20, estimator=3LMA-RVE_CR2, rho=0.4 [DEC-045 S2]; descriptive curve cell"
H3,share_recut_2017|rstudent|no_starbound|k20,3LMA-RVE_CR2|r0.4,diff,Fisher_z,3LMA-RVE_CR2,0.4,2593,110,109,-0.018048009258593768,0.012813199653970717,-1.408548196078473,24.156947834863338,0.17171025890538694,,,,,,,,,,,,,,,,,,,FALSE,,"multiverse cell 164/1260: coding=share_recut_2017, outlier=rstudent, es_set=no_starbound, df_basis=k20, estimator=3LMA-RVE_CR2, rho=0.4 [DEC-045 S2]; descriptive curve cell"
H3,share_recut_2018|rstudent|no_starbound|k20,3LMA-RVE_CR2|r0.4,diff,Fisher_z,3LMA-RVE_CR2,0.4,2593,110,109,-0.02108623878248205,0.015000634939917202,-1.4056897502632273,18.48646043688693,0.1764008720474447,,,,,,,,,,,,,,,,,,,FALSE,,"multiverse cell 165/1260: coding=share_recut_2018, outlier=rstudent, es_set=no_starbound, df_basis=k20, estimator=3LMA-RVE_CR2, rho=0.4 [DEC-045 S2]; descriptive curve cell"
H3,share_recut_2019|rstudent|no_starbound|k20,3LMA-RVE_CR2|r0.4,diff,Fisher_z,3LMA-RVE_CR2,0.4,2593,110,109,-0.020520957588260634,0.01608839630532912,-1.275512934838836,15.17662494663412,0.22130650841647748,,,,,,,,,,,,,,,,,,,FALSE,,"multiverse cell 166/1260: coding=share_recut_2019, outlier=rstudent, es_set=no_starbound, df_basis=k20, estimator=3LMA-RVE_CR2, rho=0.4 [DEC-045 S2]; descriptive curve cell"
H3,end_lag1|rstudent|no_starbound|k20,3LMA-RVE_CR2|r0.4,diff,Fisher_z,3LMA-RVE_CR2,0.4,2593,110,109,-0.002068326455228753,0.010338452233699563,-0.20006151873360375,37.192345005215344,0.842522377742841,,,,,,,,,,,,,,,,,,,FALSE,,"multiverse cell 167/1260: coding=end_lag1, outlier=rstudent, es_set=no_starbound, df_basis=k20, estimator=3LMA-RVE_CR2, rho=0.4 [DEC-045 S2]; descriptive curve cell"
H3,end_lag2|rstudent|no_starbound|k20,3LMA-RVE_CR2|r0.4,diff,Fisher_z,3LMA-RVE_CR2,0.4,2593,110,109,0.007569314383310995,0.009581603676209114,0.7899840819032639,49.98131438501065,0.4332691636752588,,,,,,,,,,,,,,,,,,,FALSE,,"multiverse cell 168/1260: coding=end_lag2, outlier=rstudent, es_set=no_starbound, df_basis=k20, estimator=3LMA-RVE_CR2, rho=0.4 [DEC-045 S2]; descriptive curve cell"
H3,end_lag3|rstudent|no_starbound|k20,3LMA-RVE_CR2|r0.4,diff,Fisher_z,3LMA-RVE_CR2,0.4,2593,110,109,-0.004023487835513435,0.009795672409647358,-0.4107413628441542,57.040161613784356,0.6828011502837368,,,,,,,,,,,,,,,,,,,FALSE,,"multiverse cell 169/1260: coding=end_lag3, outlier=rstudent, es_set=no_starbound, df_basis=k20, estimator=3LMA-RVE_CR2, rho=0.4 [DEC-045 S2]; descriptive curve cell"
H3,clean_window|rstudent|no_starbound|k20,3LMA-RVE_CR2|r0.4,diff,Fisher_z,3LMA-RVE_CR2,0.4,900,38,38,-0.029272109267085462,0.020000412176018886,-1.4635753008222314,25.069023930988838,0.15573701898130834,,,,,,,,,,,,,,,,,,,FALSE,,"multiverse cell 170/1260: coding=clean_window, outlier=rstudent, es_set=no_starbound, df_basis=k20, estimator=3LMA-RVE_CR2, rho=0.4 [DEC-045 S2]; descriptive curve cell"
H3,paris_mid|winsor|no_starbound|k20,3LMA-RVE_CR2|r0.4,diff,Fisher_z,3LMA-RVE_CR2,0.4,2606,110,109,-0.013831157768937834,0.012085181012818495,-1.1444725365939838,30.209600953647616,0.261414893801487,,,,,,,,,,,,,,,,,,,FALSE,,"multiverse cell 171/1260: coding=paris_mid, outlier=winsor, es_set=no_starbound, df_basis=k20, estimator=3LMA-RVE_CR2, rho=0.4 [DEC-045 S2]; descriptive curve cell"
H3,tie_break_median|winsor|no_starbound|k20,3LMA-RVE_CR2|r0.4,diff,Fisher_z,3LMA-RVE_CR2,0.4,2606,110,109,-0.012037488621202769,0.012600337740932308,-0.955330632297171,23.404708150321483,0.3491746141869163,,,,,,,,,,,,,,,,,,,FALSE,,"multiverse cell 172/1260: coding=tie_break_median, outlier=winsor, es_set=no_starbound, df_basis=k20, estimator=3LMA-RVE_CR2, rho=0.4 [DEC-045 S2]; descriptive curve cell"
H3,end_any_exposure|winsor|no_starbound|k20,3LMA-RVE_CR2|r0.4,diff,Fisher_z,3LMA-RVE_CR2,0.4,2606,110,109,7.481915088765473e-4,0.011683147585808401,0.06404023431026247,33.16567450584372,0.9493226274104763,,,,,,,,,,,,,,,,,,,FALSE,,"multiverse cell 173/1260: coding=end_any_exposure, outlier=winsor, es_set=no_starbound, df_basis=k20, estimator=3LMA-RVE_CR2, rho=0.4 [DEC-045 S2]; descriptive curve cell"
H3,share_recut_2017|winsor|no_starbound|k20,3LMA-RVE_CR2|r0.4,diff,Fisher_z,3LMA-RVE_CR2,0.4,2606,110,109,-0.012999339376628248,0.013260724228595196,-0.9802887951320711,20.459048426415986,0.33839434349184017,,,,,,,,,,,,,,,,,,,FALSE,,"multiverse cell 174/1260: coding=share_recut_2017, outlier=winsor, es_set=no_starbound, df_basis=k20, estimator=3LMA-RVE_CR2, rho=0.4 [DEC-045 S2]; descriptive curve cell"
H3,share_recut_2018|winsor|no_starbound|k20,3LMA-RVE_CR2|r0.4,diff,Fisher_z,3LMA-RVE_CR2,0.4,2606,110,109,-0.017111994332220187,0.014959203190358922,-1.1439108162691927,18.53799560532663,0.26721731161565676,,,,,,,,,,,,,,,,,,,FALSE,,"multiverse cell 175/1260: coding=share_recut_2018, outlier=winsor, es_set=no_starbound, df_basis=k20, estimator=3LMA-RVE_CR2, rho=0.4 [DEC-045 S2]; descriptive curve cell"
H3,share_recut_2019|winsor|no_starbound|k20,3LMA-RVE_CR2|r0.4,diff,Fisher_z,3LMA-RVE_CR2,0.4,2606,110,109,-0.01635529601043576,0.01599635949057541,-1.0224386379958408,15.224546822107046,0.3225460945853683,,,,,,,,,,,,,,,,,,,FALSE,,"multiverse cell 176/1260: coding=share_recut_2019, outlier=winsor, es_set=no_starbound, df_basis=k20, estimator=3LMA-RVE_CR2, rho=0.4 [DEC-045 S2]; descriptive curve cell"
H3,end_lag1|winsor|no_starbound|k20,3LMA-RVE_CR2|r0.4,diff,Fisher_z,3LMA-RVE_CR2,0.4,2606,110,109,0.0014870344799666549,0.010735443069651426,0.13851635841378815,31.199796054955257,0.8907225300022207,,,,,,,,,,,,,,,,,,,FALSE,,"multiverse cell 177/1260: coding=end_lag1, outlier=winsor, es_set=no_starbound, df_basis=k20, estimator=3LMA-RVE_CR2, rho=0.4 [DEC-045 S2]; descriptive curve cell"
H3,end_lag2|winsor|no_starbound|k20,3LMA-RVE_CR2|r0.4,diff,Fisher_z,3LMA-RVE_CR2,0.4,2606,110,109,0.014731874541023413,0.009898585048096268,1.4882808471556952,41.79119785671858,0.14418452589352465,,,,,,,,,,,,,,,,,,,FALSE,,"multiverse cell 178/1260: coding=end_lag2, outlier=winsor, es_set=no_starbound, df_basis=k20, estimator=3LMA-RVE_CR2, rho=0.4 [DEC-045 S2]; descriptive curve cell"
H3,end_lag3|winsor|no_starbound|k20,3LMA-RVE_CR2|r0.4,diff,Fisher_z,3LMA-RVE_CR2,0.4,2606,110,109,0.0022130902161497934,0.009914913130780368,0.2232082305672817,46.205526253575556,0.8243573278340461,,,,,,,,,,,,,,,,,,,FALSE,,"multiverse cell 179/1260: coding=end_lag3, outlier=winsor, es_set=no_starbound, df_basis=k20, estimator=3LMA-RVE_CR2, rho=0.4 [DEC-045 S2]; descriptive curve cell"
H3,clean_window|winsor|no_starbound|k20,3LMA-RVE_CR2|r0.4,diff,Fisher_z,3LMA-RVE_CR2,0.4,905,38,38,-0.02420137784223543,0.01937806540708776,-1.2489057774252061,25.00347840613244,0.22326637161955518,,,,,,,,,,,,,,,,,,,FALSE,,"multiverse cell 180/1260: coding=clean_window, outlier=winsor, es_set=no_starbound, df_basis=k20, estimator=3LMA-RVE_CR2, rho=0.4 [DEC-045 S2]; descriptive curve cell"
H3,paris_mid|none|full|dfE,one_per_cluster|r0.4,diff,Fisher_z,one_per_cluster,0.4,2705,113,112,0.016378332135541476,0.04940331804204692,0.33152291758221497,111,0.740874637776666,,,,,,,,,,,,,,,,,,,FALSE,,"multiverse cell 181/1260: coding=paris_mid, outlier=none, es_set=full, df_basis=dfE, estimator=one_per_cluster, rho=0.4 [DEC-045 S2]; cluster x cell aggregates (D2/H2b convention)"
H3,tie_break_median|none|full|dfE,one_per_cluster|r0.4,diff,Fisher_z,one_per_cluster,0.4,2705,113,112,0.004256121895748019,0.05240602623247886,0.0812143602887843,111,0.9354177360800806,,,,,,,,,,,,,,,,,,,FALSE,,"multiverse cell 182/1260: coding=tie_break_median, outlier=none, es_set=full, df_basis=dfE, estimator=one_per_cluster, rho=0.4 [DEC-045 S2]; cluster x cell aggregates (D2/H2b convention)"
H3,end_any_exposure|none|full|dfE,one_per_cluster|r0.4,diff,Fisher_z,one_per_cluster,0.4,2705,113,112,-0.03999919687414636,0.05204740434564658,-0.7685147295437035,110,0.44382826318116553,,,,,,,,,,,,,,,,,,,FALSE,,"multiverse cell 183/1260: coding=end_any_exposure, outlier=none, es_set=full, df_basis=dfE, estimator=one_per_cluster, rho=0.4 [DEC-045 S2]; cluster x cell aggregates (D2/H2b convention)"
H3,share_recut_2017|none|full|dfE,one_per_cluster|r0.4,diff,Fisher_z,one_per_cluster,0.4,2705,113,112,-2.5360812547880335e-4,0.054789372792748765,-0.004628783148113857,111,0.9963150872914783,,,,,,,,,,,,,,,,,,,FALSE,,"multiverse cell 184/1260: coding=share_recut_2017, outlier=none, es_set=full, df_basis=dfE, estimator=one_per_cluster, rho=0.4 [DEC-045 S2]; cluster x cell aggregates (D2/H2b convention)"
H3,share_recut_2018|none|full|dfE,one_per_cluster|r0.4,diff,Fisher_z,one_per_cluster,0.4,2705,113,112,0.019400062187601742,0.0653085844854544,0.29705225339744645,110,0.7669868252654339,,,,,,,,,,,,,,,,,,,FALSE,,"multiverse cell 185/1260: coding=share_recut_2018, outlier=none, es_set=full, df_basis=dfE, estimator=one_per_cluster, rho=0.4 [DEC-045 S2]; cluster x cell aggregates (D2/H2b convention)"
H3,share_recut_2019|none|full|dfE,one_per_cluster|r0.4,diff,Fisher_z,one_per_cluster,0.4,2705,113,112,0.022973334560226613,0.06943022756105209,0.3308837572226804,110,0.7413617489525439,,,,,,,,,,,,,,,,,,,FALSE,,"multiverse cell 186/1260: coding=share_recut_2019, outlier=none, es_set=full, df_basis=dfE, estimator=one_per_cluster, rho=0.4 [DEC-045 S2]; cluster x cell aggregates (D2/H2b convention)"
H3,end_lag1|none|full|dfE,one_per_cluster|r0.4,diff,Fisher_z,one_per_cluster,0.4,2705,113,112,-0.042542668272264245,0.046301401553338506,-0.9188203131012296,111,0.36018187995419193,,,,,,,,,,,,,,,,,,,FALSE,,"multiverse cell 187/1260: coding=end_lag1, outlier=none, es_set=full, df_basis=dfE, estimator=one_per_cluster, rho=0.4 [DEC-045 S2]; cluster x cell aggregates (D2/H2b convention)"
H3,end_lag2|none|full|dfE,one_per_cluster|r0.4,diff,Fisher_z,one_per_cluster,0.4,2705,113,112,0.03196543795016284,0.044349239472322374,0.7207663159615609,111,0.47256854677618565,,,,,,,,,,,,,,,,,,,FALSE,,"multiverse cell 188/1260: coding=end_lag2, outlier=none, es_set=full, df_basis=dfE, estimator=one_per_cluster, rho=0.4 [DEC-045 S2]; cluster x cell aggregates (D2/H2b convention)"
H3,end_lag3|none|full|dfE,one_per_cluster|r0.4,diff,Fisher_z,one_per_cluster,0.4,2705,113,112,0.021846638672350135,0.044363811310107325,0.4924427822406876,111,0.6233789856347466,,,,,,,,,,,,,,,,,,,FALSE,,"multiverse cell 189/1260: coding=end_lag3, outlier=none, es_set=full, df_basis=dfE, estimator=one_per_cluster, rho=0.4 [DEC-045 S2]; cluster x cell aggregates (D2/H2b convention)"
H3,clean_window|none|full|dfE,one_per_cluster|r0.4,diff,Fisher_z,one_per_cluster,0.4,929,40,40,-0.022805339477917977,0.02707505089726546,-0.8423008903824917,38,0.4048897906475266,,,,,,,,,,,,,,,,,,,FALSE,,"multiverse cell 190/1260: coding=clean_window, outlier=none, es_set=full, df_basis=dfE, estimator=one_per_cluster, rho=0.4 [DEC-045 S2]; cluster x cell aggregates (D2/H2b convention)"
H3,paris_mid|rstudent|full|dfE,one_per_cluster|r0.4,diff,Fisher_z,one_per_cluster,0.4,2692,113,112,-0.014301279196497575,0.01811684729537367,-0.7893911652139145,111,0.43156637932307695,,,,,,,,,,,,,,,,,,,FALSE,,"multiverse cell 191/1260: coding=paris_mid, outlier=rstudent, es_set=full, df_basis=dfE, estimator=one_per_cluster, rho=0.4 [DEC-045 S2]; cluster x cell aggregates (D2/H2b convention)"
H3,tie_break_median|rstudent|full|dfE,one_per_cluster|r0.4,diff,Fisher_z,one_per_cluster,0.4,2692,113,112,-0.024891386665903903,0.019145290195696302,-1.3001310720011585,111,0.19624924616745518,,,,,,,,,,,,,,,,,,,FALSE,,"multiverse cell 192/1260: coding=tie_break_median, outlier=rstudent, es_set=full, df_basis=dfE, estimator=one_per_cluster, rho=0.4 [DEC-045 S2]; cluster x cell aggregates (D2/H2b convention)"
H3,end_any_exposure|rstudent|full|dfE,one_per_cluster|r0.4,diff,Fisher_z,one_per_cluster,0.4,2692,113,112,-0.0125923484080687,0.019350921470875963,-0.6507363707211964,110,0.5165736495062689,,,,,,,,,,,,,,,,,,,FALSE,,"multiverse cell 193/1260: coding=end_any_exposure, outlier=rstudent, es_set=full, df_basis=dfE, estimator=one_per_cluster, rho=0.4 [DEC-045 S2]; cluster x cell aggregates (D2/H2b convention)"
H3,share_recut_2017|rstudent|full|dfE,one_per_cluster|r0.4,diff,Fisher_z,one_per_cluster,0.4,2692,113,112,-0.028414983911422984,0.02000189594546335,-1.4206145251879394,111,0.15823182717435716,,,,,,,,,,,,,,,,,,,FALSE,,"multiverse cell 194/1260: coding=share_recut_2017, outlier=rstudent, es_set=full, df_basis=dfE, estimator=one_per_cluster, rho=0.4 [DEC-045 S2]; cluster x cell aggregates (D2/H2b convention)"
H3,share_recut_2018|rstudent|full|dfE,one_per_cluster|r0.4,diff,Fisher_z,one_per_cluster,0.4,2692,113,112,-0.007483092487531942,0.024036776612814337,-0.3113184686977788,110,0.756147756762871,,,,,,,,,,,,,,,,,,,FALSE,,"multiverse cell 195/1260: coding=share_recut_2018, outlier=rstudent, es_set=full, df_basis=dfE, estimator=one_per_cluster, rho=0.4 [DEC-045 S2]; cluster x cell aggregates (D2/H2b convention)"
H3,share_recut_2019|rstudent|full|dfE,one_per_cluster|r0.4,diff,Fisher_z,one_per_cluster,0.4,2692,113,112,-0.0037669143711217754,0.025556609808662173,-0.14739491659198925,110,0.8830901410724767,,,,,,,,,,,,,,,,,,,FALSE,,"multiverse cell 196/1260: coding=share_recut_2019, outlier=rstudent, es_set=full, df_basis=dfE, estimator=one_per_cluster, rho=0.4 [DEC-045 S2]; cluster x cell aggregates (D2/H2b convention)"
H3,end_lag1|rstudent|full|dfE,one_per_cluster|r0.4,diff,Fisher_z,one_per_cluster,0.4,2692,113,112,-0.014199723279708386,0.01713905956676941,-0.8285007251646381,111,0.40916489946861123,,,,,,,,,,,,,,,,,,,FALSE,,"multiverse cell 197/1260: coding=end_lag1, outlier=rstudent, es_set=full, df_basis=dfE, estimator=one_per_cluster, rho=0.4 [DEC-045 S2]; cluster x cell aggregates (D2/H2b convention)"
H3,end_lag2|rstudent|full|dfE,one_per_cluster|r0.4,diff,Fisher_z,one_per_cluster,0.4,2692,113,112,-0.014717846757327922,0.016337511259610884,-0.9008622257976924,111,0.36961201149852463,,,,,,,,,,,,,,,,,,,FALSE,,"multiverse cell 198/1260: coding=end_lag2, outlier=rstudent, es_set=full, df_basis=dfE, estimator=one_per_cluster, rho=0.4 [DEC-045 S2]; cluster x cell aggregates (D2/H2b convention)"
H3,end_lag3|rstudent|full|dfE,one_per_cluster|r0.4,diff,Fisher_z,one_per_cluster,0.4,2692,113,112,-0.01380952361862528,0.016267825442406802,-0.8488856526961959,111,0.3977719424241004,,,,,,,,,,,,,,,,,,,FALSE,,"multiverse cell 199/1260: coding=end_lag3, outlier=rstudent, es_set=full, df_basis=dfE, estimator=one_per_cluster, rho=0.4 [DEC-045 S2]; cluster x cell aggregates (D2/H2b convention)"
H3,clean_window|rstudent|full|dfE,one_per_cluster|r0.4,diff,Fisher_z,one_per_cluster,0.4,924,40,40,-0.02620417190117641,0.026700603097732103,-0.9814074912563358,38,0.3325992445825452,,,,,,,,,,,,,,,,,,,FALSE,,"multiverse cell 200/1260: coding=clean_window, outlier=rstudent, es_set=full, df_basis=dfE, estimator=one_per_cluster, rho=0.4 [DEC-045 S2]; cluster x cell aggregates (D2/H2b convention)"
H3,paris_mid|winsor|full|dfE,one_per_cluster|r0.4,diff,Fisher_z,one_per_cluster,0.4,2705,113,112,-0.011006665433751422,0.01822273198939483,-0.604007425459422,111,0.5470711885373718,,,,,,,,,,,,,,,,,,,FALSE,,"multiverse cell 201/1260: coding=paris_mid, outlier=winsor, es_set=full, df_basis=dfE, estimator=one_per_cluster, rho=0.4 [DEC-045 S2]; cluster x cell aggregates (D2/H2b convention)"
H3,tie_break_median|winsor|full|dfE,one_per_cluster|r0.4,diff,Fisher_z,one_per_cluster,0.4,2705,113,112,-0.019027980834234612,0.01929592762980333,-0.986113816308325,111,0.3262219009117182,,,,,,,,,,,,,,,,,,,FALSE,,"multiverse cell 202/1260: coding=tie_break_median, outlier=winsor, es_set=full, df_basis=dfE, estimator=one_per_cluster, rho=0.4 [DEC-045 S2]; cluster x cell aggregates (D2/H2b convention)"
H3,end_any_exposure|winsor|full|dfE,one_per_cluster|r0.4,diff,Fisher_z,one_per_cluster,0.4,2705,113,112,-0.011942516664123992,0.019439039100467,-0.6143573559578409,110,0.5402478317538242,,,,,,,,,,,,,,,,,,,FALSE,,"multiverse cell 203/1260: coding=end_any_exposure, outlier=winsor, es_set=full, df_basis=dfE, estimator=one_per_cluster, rho=0.4 [DEC-045 S2]; cluster x cell aggregates (D2/H2b convention)"
H3,share_recut_2017|winsor|full|dfE,one_per_cluster|r0.4,diff,Fisher_z,one_per_cluster,0.4,2705,113,112,-0.022786730582078578,0.02016083444795909,-1.1302473933257913,111,0.2608083482260847,,,,,,,,,,,,,,,,,,,FALSE,,"multiverse cell 204/1260: coding=share_recut_2017, outlier=winsor, es_set=full, df_basis=dfE, estimator=one_per_cluster, rho=0.4 [DEC-045 S2]; cluster x cell aggregates (D2/H2b convention)"
H3,share_recut_2018|winsor|full|dfE,one_per_cluster|r0.4,diff,Fisher_z,one_per_cluster,0.4,2705,113,112,-0.002385564177779728,0.02415684382407136,-0.09875313990326028,110,0.9215140105459358,,,,,,,,,,,,,,,,,,,FALSE,,"multiverse cell 205/1260: coding=share_recut_2018, outlier=winsor, es_set=full, df_basis=dfE, estimator=one_per_cluster, rho=0.4 [DEC-045 S2]; cluster x cell aggregates (D2/H2b convention)"
H3,share_recut_2019|winsor|full|dfE,one_per_cluster|r0.4,diff,Fisher_z,one_per_cluster,0.4,2705,113,112,0.0011322723111537245,0.025677329516782334,0.044096186498431916,110,0.9649076809678341,,,,,,,,,,,,,,,,,,,FALSE,,"multiverse cell 206/1260: coding=share_recut_2019, outlier=winsor, es_set=full, df_basis=dfE, estimator=one_per_cluster, rho=0.4 [DEC-045 S2]; cluster x cell aggregates (D2/H2b convention)"
H3,end_lag1|winsor|full|dfE,one_per_cluster|r0.4,diff,Fisher_z,one_per_cluster,0.4,2705,113,112,-0.011068354822940663,0.0172377868928392,-0.6420983674846683,111,0.5221332099868101,,,,,,,,,,,,,,,,,,,FALSE,,"multiverse cell 207/1260: coding=end_lag1, outlier=winsor, es_set=full, df_basis=dfE, estimator=one_per_cluster, rho=0.4 [DEC-045 S2]; cluster x cell aggregates (D2/H2b convention)"
H3,end_lag2|winsor|full|dfE,one_per_cluster|r0.4,diff,Fisher_z,one_per_cluster,0.4,2705,113,112,-0.004155604706735365,0.016472472219834233,-0.2522757149793016,111,0.8012944992375317,,,,,,,,,,,,,,,,,,,FALSE,,"multiverse cell 208/1260: coding=end_lag2, outlier=winsor, es_set=full, df_basis=dfE, estimator=one_per_cluster, rho=0.4 [DEC-045 S2]; cluster x cell aggregates (D2/H2b convention)"
H3,end_lag3|winsor|full|dfE,one_per_cluster|r0.4,diff,Fisher_z,one_per_cluster,0.4,2705,113,112,-0.005546388741176071,0.01638944979752385,-0.3384121376676129,111,0.7356918966366532,,,,,,,,,,,,,,,,,,,FALSE,,"multiverse cell 209/1260: coding=end_lag3, outlier=winsor, es_set=full, df_basis=dfE, estimator=one_per_cluster, rho=0.4 [DEC-045 S2]; cluster x cell aggregates (D2/H2b convention)"
H3,clean_window|winsor|full|dfE,one_per_cluster|r0.4,diff,Fisher_z,one_per_cluster,0.4,929,40,40,-0.02142827180987901,0.025804071332042017,-0.8304221273512994,38,0.4114872898977511,,,,,,,,,,,,,,,,,,,FALSE,,"multiverse cell 210/1260: coding=clean_window, outlier=winsor, es_set=full, df_basis=dfE, estimator=one_per_cluster, rho=0.4 [DEC-045 S2]; cluster x cell aggregates (D2/H2b convention)"
H3,paris_mid|none|no_starbound|dfE,one_per_cluster|r0.4,diff,Fisher_z,one_per_cluster,0.4,2607,110,109,0.010574441108597281,0.05068224104584943,0.20864194026130706,108,0.8351207615875507,,,,,,,,,,,,,,,,,,,FALSE,,"multiverse cell 211/1260: coding=paris_mid, outlier=none, es_set=no_starbound, df_basis=dfE, estimator=one_per_cluster, rho=0.4 [DEC-045 S2]; cluster x cell aggregates (D2/H2b convention)"
H3,tie_break_median|none|no_starbound|dfE,one_per_cluster|r0.4,diff,Fisher_z,one_per_cluster,0.4,2607,110,109,-0.0019906593000809034,0.05368875394575469,-0.037077770553069614,108,0.970491444062799,,,,,,,,,,,,,,,,,,,FALSE,,"multiverse cell 212/1260: coding=tie_break_median, outlier=none, es_set=no_starbound, df_basis=dfE, estimator=one_per_cluster, rho=0.4 [DEC-045 S2]; cluster x cell aggregates (D2/H2b convention)"
H3,end_any_exposure|none|no_starbound|dfE,one_per_cluster|r0.4,diff,Fisher_z,one_per_cluster,0.4,2607,110,109,-0.039982632765652296,0.05479603279536965,-0.729662910360016,107,0.46719060858282335,,,,,,,,,,,,,,,,,,,FALSE,,"multiverse cell 213/1260: coding=end_any_exposure, outlier=none, es_set=no_starbound, df_basis=dfE, estimator=one_per_cluster, rho=0.4 [DEC-045 S2]; cluster x cell aggregates (D2/H2b convention)"
H3,share_recut_2017|none|no_starbound|dfE,one_per_cluster|r0.4,diff,Fisher_z,one_per_cluster,0.4,2607,110,109,-0.006839259398929237,0.05609156187587605,-0.1219302720445493,108,0.9031808277692622,,,,,,,,,,,,,,,,,,,FALSE,,"multiverse cell 214/1260: coding=share_recut_2017, outlier=none, es_set=no_starbound, df_basis=dfE, estimator=one_per_cluster, rho=0.4 [DEC-045 S2]; cluster x cell aggregates (D2/H2b convention)"
H3,share_recut_2018|none|no_starbound|dfE,one_per_cluster|r0.4,diff,Fisher_z,one_per_cluster,0.4,2607,110,109,0.01737154861072289,0.06678798214822831,0.26009991696064,107,0.7952865478662421,,,,,,,,,,,,,,,,,,,FALSE,,"multiverse cell 215/1260: coding=share_recut_2018, outlier=none, es_set=no_starbound, df_basis=dfE, estimator=one_per_cluster, rho=0.4 [DEC-045 S2]; cluster x cell aggregates (D2/H2b convention)"
H3,share_recut_2019|none|no_starbound|dfE,one_per_cluster|r0.4,diff,Fisher_z,one_per_cluster,0.4,2607,110,109,0.020962706106291848,0.0709804691777888,0.2953306219177753,107,0.7683136402292166,,,,,,,,,,,,,,,,,,,FALSE,,"multiverse cell 216/1260: coding=share_recut_2019, outlier=none, es_set=no_starbound, df_basis=dfE, estimator=one_per_cluster, rho=0.4 [DEC-045 S2]; cluster x cell aggregates (D2/H2b convention)"
H3,end_lag1|none|no_starbound|dfE,one_per_cluster|r0.4,diff,Fisher_z,one_per_cluster,0.4,2607,110,109,-0.051481287934660974,0.04811569511710848,-1.0699479205145224,108,0.287028181802518,,,,,,,,,,,,,,,,,,,FALSE,,"multiverse cell 217/1260: coding=end_lag1, outlier=none, es_set=no_starbound, df_basis=dfE, estimator=one_per_cluster, rho=0.4 [DEC-045 S2]; cluster x cell aggregates (D2/H2b convention)"
H3,end_lag2|none|no_starbound|dfE,one_per_cluster|r0.4,diff,Fisher_z,one_per_cluster,0.4,2607,110,109,0.027089355668461962,0.045966915727597604,0.5893228910330841,108,0.556875458293348,,,,,,,,,,,,,,,,,,,FALSE,,"multiverse cell 218/1260: coding=end_lag2, outlier=none, es_set=no_starbound, df_basis=dfE, estimator=one_per_cluster, rho=0.4 [DEC-045 S2]; cluster x cell aggregates (D2/H2b convention)"
H3,end_lag3|none|no_starbound|dfE,one_per_cluster|r0.4,diff,Fisher_z,one_per_cluster,0.4,2607,110,109,0.017391874216488856,0.04586537767423987,0.3791939606387879,108,0.7052883448948504,,,,,,,,,,,,,,,,,,,FALSE,,"multiverse cell 219/1260: coding=end_lag3, outlier=none, es_set=no_starbound, df_basis=dfE, estimator=one_per_cluster, rho=0.4 [DEC-045 S2]; cluster x cell aggregates (D2/H2b convention)"
H3,clean_window|none|no_starbound|dfE,one_per_cluster|r0.4,diff,Fisher_z,one_per_cluster,0.4,905,38,38,-0.025430532512939568,0.028159432160398557,-0.9030910981473298,36,0.3724809367797395,,,,,,,,,,,,,,,,,,,FALSE,,"multiverse cell 220/1260: coding=clean_window, outlier=none, es_set=no_starbound, df_basis=dfE, estimator=one_per_cluster, rho=0.4 [DEC-045 S2]; cluster x cell aggregates (D2/H2b convention)"
H3,paris_mid|rstudent|no_starbound|dfE,one_per_cluster|r0.4,diff,Fisher_z,one_per_cluster,0.4,2594,110,109,-0.02107654231481939,0.019011334864644007,-1.1086303231666343,108,0.2700523934529493,,,,,,,,,,,,,,,,,,,FALSE,,"multiverse cell 221/1260: coding=paris_mid, outlier=rstudent, es_set=no_starbound, df_basis=dfE, estimator=one_per_cluster, rho=0.4 [DEC-045 S2]; cluster x cell aggregates (D2/H2b convention)"
H3,tie_break_median|rstudent|no_starbound|dfE,one_per_cluster|r0.4,diff,Fisher_z,one_per_cluster,0.4,2594,110,109,-0.03200196140396143,0.020038419826466033,-1.5970301890618328,108,0.11318090229861451,,,,,,,,,,,,,,,,,,,FALSE,,"multiverse cell 222/1260: coding=tie_break_median, outlier=rstudent, es_set=no_starbound, df_basis=dfE, estimator=one_per_cluster, rho=0.4 [DEC-045 S2]; cluster x cell aggregates (D2/H2b convention)"
H3,end_any_exposure|rstudent|no_starbound|dfE,one_per_cluster|r0.4,diff,Fisher_z,one_per_cluster,0.4,2594,110,109,-0.013027190147570214,0.020911433822969505,-0.6229697235423861,107,0.5346299631714251,,,,,,,,,,,,,,,,,,,FALSE,,"multiverse cell 223/1260: coding=end_any_exposure, outlier=rstudent, es_set=no_starbound, df_basis=dfE, estimator=one_per_cluster, rho=0.4 [DEC-045 S2]; cluster x cell aggregates (D2/H2b convention)"
H3,share_recut_2017|rstudent|no_starbound|dfE,one_per_cluster|r0.4,diff,Fisher_z,one_per_cluster,0.4,2594,110,109,-0.03582989131109858,0.02091466488018263,-1.7131468047115899,108,0.08955479855475093,,,,,,,,,,,,,,,,,,,FALSE,,"multiverse cell 224/1260: coding=share_recut_2017, outlier=rstudent, es_set=no_starbound, df_basis=dfE, estimator=one_per_cluster, rho=0.4 [DEC-045 S2]; cluster x cell aggregates (D2/H2b convention)"
H3,share_recut_2018|rstudent|no_starbound|dfE,one_per_cluster|r0.4,diff,Fisher_z,one_per_cluster,0.4,2594,110,109,-0.010154205949968687,0.025204557358077175,-0.4028718221752314,107,0.6878463328773095,,,,,,,,,,,,,,,,,,,FALSE,,"multiverse cell 225/1260: coding=share_recut_2018, outlier=rstudent, es_set=no_starbound, df_basis=dfE, estimator=one_per_cluster, rho=0.4 [DEC-045 S2]; cluster x cell aggregates (D2/H2b convention)"
H3,share_recut_2019|rstudent|no_starbound|dfE,one_per_cluster|r0.4,diff,Fisher_z,one_per_cluster,0.4,2594,110,109,-0.0063838466252224765,0.026793745626778626,-0.23825883525751743,107,0.8121360297108189,,,,,,,,,,,,,,,,,,,FALSE,,"multiverse cell 226/1260: coding=share_recut_2019, outlier=rstudent, es_set=no_starbound, df_basis=dfE, estimator=one_per_cluster, rho=0.4 [DEC-045 S2]; cluster x cell aggregates (D2/H2b convention)"
H3,end_lag1|rstudent|no_starbound|dfE,one_per_cluster|r0.4,diff,Fisher_z,one_per_cluster,0.4,2594,110,109,-0.0224442677275156,0.01824324480100401,-1.2302782740864384,108,0.22126592375410167,,,,,,,,,,,,,,,,,,,FALSE,,"multiverse cell 227/1260: coding=end_lag1, outlier=rstudent, es_set=no_starbound, df_basis=dfE, estimator=one_per_cluster, rho=0.4 [DEC-045 S2]; cluster x cell aggregates (D2/H2b convention)"
H3,end_lag2|rstudent|no_starbound|dfE,one_per_cluster|r0.4,diff,Fisher_z,one_per_cluster,0.4,2594,110,109,-0.021183185854650288,0.017309487101490738,-1.2237904988430268,108,0.22369445001655303,,,,,,,,,,,,,,,,,,,FALSE,,"multiverse cell 228/1260: coding=end_lag2, outlier=rstudent, es_set=no_starbound, df_basis=dfE, estimator=one_per_cluster, rho=0.4 [DEC-045 S2]; cluster x cell aggregates (D2/H2b convention)"
H3,end_lag3|rstudent|no_starbound|dfE,one_per_cluster|r0.4,diff,Fisher_z,one_per_cluster,0.4,2594,110,109,-0.019146308476813714,0.01720804273346931,-1.1126371995563746,108,0.26833472208304243,,,,,,,,,,,,,,,,,,,FALSE,,"multiverse cell 229/1260: coding=end_lag3, outlier=rstudent, es_set=no_starbound, df_basis=dfE, estimator=one_per_cluster, rho=0.4 [DEC-045 S2]; cluster x cell aggregates (D2/H2b convention)"
H3,clean_window|rstudent|no_starbound|dfE,one_per_cluster|r0.4,diff,Fisher_z,one_per_cluster,0.4,900,38,38,-0.02908228202643049,0.027701378217222846,-1.049849642800411,36,0.3007841956586367,,,,,,,,,,,,,,,,,,,FALSE,,"multiverse cell 230/1260: coding=clean_window, outlier=rstudent, es_set=no_starbound, df_basis=dfE, estimator=one_per_cluster, rho=0.4 [DEC-045 S2]; cluster x cell aggregates (D2/H2b convention)"
H3,paris_mid|winsor|no_starbound|dfE,one_per_cluster|r0.4,diff,Fisher_z,one_per_cluster,0.4,2607,110,109,-0.017262561114140533,0.01902273580133865,-0.9074699504014426,108,0.36617871845751493,,,,,,,,,,,,,,,,,,,FALSE,,"multiverse cell 231/1260: coding=paris_mid, outlier=winsor, es_set=no_starbound, df_basis=dfE, estimator=one_per_cluster, rho=0.4 [DEC-045 S2]; cluster x cell aggregates (D2/H2b convention)"
H3,tie_break_median|winsor|no_starbound|dfE,one_per_cluster|r0.4,diff,Fisher_z,one_per_cluster,0.4,2607,110,109,-0.025641968548030296,0.02009816309688344,-1.2758364246733829,108,0.20475052599925941,,,,,,,,,,,,,,,,,,,FALSE,,"multiverse cell 232/1260: coding=tie_break_median, outlier=winsor, es_set=no_starbound, df_basis=dfE, estimator=one_per_cluster, rho=0.4 [DEC-045 S2]; cluster x cell aggregates (D2/H2b convention)"
H3,end_any_exposure|winsor|no_starbound|dfE,one_per_cluster|r0.4,diff,Fisher_z,one_per_cluster,0.4,2607,110,109,-0.012111037820682673,0.020886953283115555,-0.5798374543439472,107,0.5632431910342693,,,,,,,,,,,,,,,,,,,FALSE,,"multiverse cell 233/1260: coding=end_any_exposure, outlier=winsor, es_set=no_starbound, df_basis=dfE, estimator=one_per_cluster, rho=0.4 [DEC-045 S2]; cluster x cell aggregates (D2/H2b convention)"
H3,share_recut_2017|winsor|no_starbound|dfE,one_per_cluster|r0.4,diff,Fisher_z,one_per_cluster,0.4,2607,110,109,-0.02972810237677942,0.02097738525934174,-1.4171500408298394,108,0.15931742549738637,,,,,,,,,,,,,,,,,,,FALSE,,"multiverse cell 234/1260: coding=share_recut_2017, outlier=winsor, es_set=no_starbound, df_basis=dfE, estimator=one_per_cluster, rho=0.4 [DEC-045 S2]; cluster x cell aggregates (D2/H2b convention)"
H3,share_recut_2018|winsor|no_starbound|dfE,one_per_cluster|r0.4,diff,Fisher_z,one_per_cluster,0.4,2607,110,109,-0.004629224773427122,0.025186808471173935,-0.18379560787644955,107,0.8545216572223622,,,,,,,,,,,,,,,,,,,FALSE,,"multiverse cell 235/1260: coding=share_recut_2018, outlier=winsor, es_set=no_starbound, df_basis=dfE, estimator=one_per_cluster, rho=0.4 [DEC-045 S2]; cluster x cell aggregates (D2/H2b convention)"
H3,share_recut_2019|winsor|no_starbound|dfE,one_per_cluster|r0.4,diff,Fisher_z,one_per_cluster,0.4,2607,110,109,-0.0010716175470325065,0.02676655870233424,-0.040035686281145046,107,0.9681392821024337,,,,,,,,,,,,,,,,,,,FALSE,,"multiverse cell 236/1260: coding=share_recut_2019, outlier=winsor, es_set=no_starbound, df_basis=dfE, estimator=one_per_cluster, rho=0.4 [DEC-045 S2]; cluster x cell aggregates (D2/H2b convention)"
H3,end_lag1|winsor|no_starbound|dfE,one_per_cluster|r0.4,diff,Fisher_z,one_per_cluster,0.4,2607,110,109,-0.018339204243743978,0.0182586051128244,-1.0044143093309448,108,0.31742406128389183,,,,,,,,,,,,,,,,,,,FALSE,,"multiverse cell 237/1260: coding=end_lag1, outlier=winsor, es_set=no_starbound, df_basis=dfE, estimator=one_per_cluster, rho=0.4 [DEC-045 S2]; cluster x cell aggregates (D2/H2b convention)"
H3,end_lag2|winsor|no_starbound|dfE,one_per_cluster|r0.4,diff,Fisher_z,one_per_cluster,0.4,2607,110,109,-0.009671759593156602,0.017384207577745822,-0.5563532044761008,108,0.5791203483962237,,,,,,,,,,,,,,,,,,,FALSE,,"multiverse cell 238/1260: coding=end_lag2, outlier=winsor, es_set=no_starbound, df_basis=dfE, estimator=one_per_cluster, rho=0.4 [DEC-045 S2]; cluster x cell aggregates (D2/H2b convention)"
H3,end_lag3|winsor|no_starbound|dfE,one_per_cluster|r0.4,diff,Fisher_z,one_per_cluster,0.4,2607,110,109,-0.010214000793124893,0.017256768930962813,-0.5918837317684951,108,0.5551654607408499,,,,,,,,,,,,,,,,,,,FALSE,,"multiverse cell 239/1260: coding=end_lag3, outlier=winsor, es_set=no_starbound, df_basis=dfE, estimator=one_per_cluster, rho=0.4 [DEC-045 S2]; cluster x cell aggregates (D2/H2b convention)"
H3,clean_window|winsor|no_starbound|dfE,one_per_cluster|r0.4,diff,Fisher_z,one_per_cluster,0.4,905,38,38,-0.023811218595856665,0.02679405189217221,-0.8886755423062023,36,0.3800771617584441,,,,,,,,,,,,,,,,,,,FALSE,,"multiverse cell 240/1260: coding=clean_window, outlier=winsor, es_set=no_starbound, df_basis=dfE, estimator=one_per_cluster, rho=0.4 [DEC-045 S2]; cluster x cell aggregates (D2/H2b convention)"
H3,paris_mid|none|full|k10,one_per_cluster|r0.4,diff,Fisher_z,one_per_cluster,0.4,2705,113,112,0.015895837266066727,0.04951603645211498,0.3210240238319351,111,0.7487958259795409,,,,,,,,,,,,,,,,,,,FALSE,,"multiverse cell 241/1260: coding=paris_mid, outlier=none, es_set=full, df_basis=k10, estimator=one_per_cluster, rho=0.4 [DEC-045 S2]; cluster x cell aggregates (D2/H2b convention)"
H3,tie_break_median|none|full|k10,one_per_cluster|r0.4,diff,Fisher_z,one_per_cluster,0.4,2705,113,112,0.0037996685797014457,0.052523790841998735,0.07234185725724844,111,0.9424600455766518,,,,,,,,,,,,,,,,,,,FALSE,,"multiverse cell 242/1260: coding=tie_break_median, outlier=none, es_set=full, df_basis=k10, estimator=one_per_cluster, rho=0.4 [DEC-045 S2]; cluster x cell aggregates (D2/H2b convention)"
H3,end_any_exposure|none|full|k10,one_per_cluster|r0.4,diff,Fisher_z,one_per_cluster,0.4,2705,113,112,-0.04150353292222654,0.052178240267066835,-0.7954184102376137,110,0.4280832018304799,,,,,,,,,,,,,,,,,,,FALSE,,"multiverse cell 243/1260: coding=end_any_exposure, outlier=none, es_set=full, df_basis=k10, estimator=one_per_cluster, rho=0.4 [DEC-045 S2]; cluster x cell aggregates (D2/H2b convention)"
H3,share_recut_2017|none|full|k10,one_per_cluster|r0.4,diff,Fisher_z,one_per_cluster,0.4,2705,113,112,-6.991268055250646e-4,0.054911854054858315,-0.012731801130346453,111,0.9898646222032658,,,,,,,,,,,,,,,,,,,FALSE,,"multiverse cell 244/1260: coding=share_recut_2017, outlier=none, es_set=full, df_basis=k10, estimator=one_per_cluster, rho=0.4 [DEC-045 S2]; cluster x cell aggregates (D2/H2b convention)"
H3,share_recut_2018|none|full|k10,one_per_cluster|r0.4,diff,Fisher_z,one_per_cluster,0.4,2705,113,112,0.019120457824039226,0.06545428388065679,0.2921192730318718,110,0.7707456666982243,,,,,,,,,,,,,,,,,,,FALSE,,"multiverse cell 245/1260: coding=share_recut_2018, outlier=none, es_set=full, df_basis=k10, estimator=one_per_cluster, rho=0.4 [DEC-045 S2]; cluster x cell aggregates (D2/H2b convention)"
H3,share_recut_2019|none|full|k10,one_per_cluster|r0.4,diff,Fisher_z,one_per_cluster,0.4,2705,113,112,0.022865194121321084,0.0695845550116408,0.32859582298824735,110,0.7430859327807184,,,,,,,,,,,,,,,,,,,FALSE,,"multiverse cell 246/1260: coding=share_recut_2019, outlier=none, es_set=full, df_basis=k10, estimator=one_per_cluster, rho=0.4 [DEC-045 S2]; cluster x cell aggregates (D2/H2b convention)"
H3,end_lag1|none|full|k10,one_per_cluster|r0.4,diff,Fisher_z,one_per_cluster,0.4,2705,113,112,-0.043976054595329155,0.04640621557046529,-0.9476328559598646,111,0.3453748937043868,,,,,,,,,,,,,,,,,,,FALSE,,"multiverse cell 247/1260: coding=end_lag1, outlier=none, es_set=full, df_basis=k10, estimator=one_per_cluster, rho=0.4 [DEC-045 S2]; cluster x cell aggregates (D2/H2b convention)"
H3,end_lag2|none|full|k10,one_per_cluster|r0.4,diff,Fisher_z,one_per_cluster,0.4,2705,113,112,0.031105416812020836,0.04446122918184542,0.6996076668236136,111,0.4856359100895683,,,,,,,,,,,,,,,,,,,FALSE,,"multiverse cell 248/1260: coding=end_lag2, outlier=none, es_set=full, df_basis=k10, estimator=one_per_cluster, rho=0.4 [DEC-045 S2]; cluster x cell aggregates (D2/H2b convention)"
H3,end_lag3|none|full|k10,one_per_cluster|r0.4,diff,Fisher_z,one_per_cluster,0.4,2705,113,112,0.021138629420837475,0.04446977465479129,0.475348246869516,111,0.6354728493182373,,,,,,,,,,,,,,,,,,,FALSE,,"multiverse cell 249/1260: coding=end_lag3, outlier=none, es_set=full, df_basis=k10, estimator=one_per_cluster, rho=0.4 [DEC-045 S2]; cluster x cell aggregates (D2/H2b convention)"
H3,clean_window|none|full|k10,one_per_cluster|r0.4,diff,Fisher_z,one_per_cluster,0.4,929,40,40,-0.023934814813518567,0.02738437805247944,-0.8740317113519932,38,0.387591456521037,,,,,,,,,,,,,,,,,,,FALSE,,"multiverse cell 250/1260: coding=clean_window, outlier=none, es_set=full, df_basis=k10, estimator=one_per_cluster, rho=0.4 [DEC-045 S2]; cluster x cell aggregates (D2/H2b convention)"
H3,paris_mid|rstudent|full|k10,one_per_cluster|r0.4,diff,Fisher_z,one_per_cluster,0.4,2692,113,112,-0.014743100746135517,0.01818694265214873,-0.8106420649208825,111,0.4193059104711332,,,,,,,,,,,,,,,,,,,FALSE,,"multiverse cell 251/1260: coding=paris_mid, outlier=rstudent, es_set=full, df_basis=k10, estimator=one_per_cluster, rho=0.4 [DEC-045 S2]; cluster x cell aggregates (D2/H2b convention)"
H3,tie_break_median|rstudent|full|k10,one_per_cluster|r0.4,diff,Fisher_z,one_per_cluster,0.4,2692,113,112,-0.02530769425069391,0.01921827149232247,-1.3168559025094484,111,0.19059920100669295,,,,,,,,,,,,,,,,,,,FALSE,,"multiverse cell 252/1260: coding=tie_break_median, outlier=rstudent, es_set=full, df_basis=k10, estimator=one_per_cluster, rho=0.4 [DEC-045 S2]; cluster x cell aggregates (D2/H2b convention)"
H3,end_any_exposure|rstudent|full|k10,one_per_cluster|r0.4,diff,Fisher_z,one_per_cluster,0.4,2692,113,112,-0.013766667071009916,0.019437609461131794,-0.7082489798212215,110,0.48028878186376645,,,,,,,,,,,,,,,,,,,FALSE,,"multiverse cell 253/1260: coding=end_any_exposure, outlier=rstudent, es_set=full, df_basis=k10, estimator=one_per_cluster, rho=0.4 [DEC-045 S2]; cluster x cell aggregates (D2/H2b convention)"
H3,share_recut_2017|rstudent|full|k10,one_per_cluster|r0.4,diff,Fisher_z,one_per_cluster,0.4,2692,113,112,-0.028821547857619166,0.020078140305990085,-1.4354689935611509,111,0.1539654464664315,,,,,,,,,,,,,,,,,,,FALSE,,"multiverse cell 254/1260: coding=share_recut_2017, outlier=rstudent, es_set=full, df_basis=k10, estimator=one_per_cluster, rho=0.4 [DEC-045 S2]; cluster x cell aggregates (D2/H2b convention)"
H3,share_recut_2018|rstudent|full|k10,one_per_cluster|r0.4,diff,Fisher_z,one_per_cluster,0.4,2692,113,112,-0.007755686063246538,0.02413069722457455,-0.32140331425435137,110,0.7485146732133828,,,,,,,,,,,,,,,,,,,FALSE,,"multiverse cell 255/1260: coding=share_recut_2018, outlier=rstudent, es_set=full, df_basis=k10, estimator=one_per_cluster, rho=0.4 [DEC-045 S2]; cluster x cell aggregates (D2/H2b convention)"
H3,share_recut_2019|rstudent|full|k10,one_per_cluster|r0.4,diff,Fisher_z,one_per_cluster,0.4,2692,113,112,-0.0038761067922329015,0.02565711123312317,-0.15107339080437365,110,0.880194524879875,,,,,,,,,,,,,,,,,,,FALSE,,"multiverse cell 256/1260: coding=share_recut_2019, outlier=rstudent, es_set=full, df_basis=k10, estimator=one_per_cluster, rho=0.4 [DEC-045 S2]; cluster x cell aggregates (D2/H2b convention)"
H3,end_lag1|rstudent|full|k10,one_per_cluster|r0.4,diff,Fisher_z,one_per_cluster,0.4,2692,113,112,-0.015342198659734942,0.017207590910042612,-0.8915948048707388,111,0.3745388087681981,,,,,,,,,,,,,,,,,,,FALSE,,"multiverse cell 257/1260: coding=end_lag1, outlier=rstudent, es_set=full, df_basis=k10, estimator=one_per_cluster, rho=0.4 [DEC-045 S2]; cluster x cell aggregates (D2/H2b convention)"
H3,end_lag2|rstudent|full|k10,one_per_cluster|r0.4,diff,Fisher_z,one_per_cluster,0.4,2692,113,112,-0.015494865759223375,0.0164017016922537,-0.9447108629308499,111,0.3468583589316183,,,,,,,,,,,,,,,,,,,FALSE,,"multiverse cell 258/1260: coding=end_lag2, outlier=rstudent, es_set=full, df_basis=k10, estimator=one_per_cluster, rho=0.4 [DEC-045 S2]; cluster x cell aggregates (D2/H2b convention)"
H3,end_lag3|rstudent|full|k10,one_per_cluster|r0.4,diff,Fisher_z,one_per_cluster,0.4,2692,113,112,-0.014429009015390556,0.016330732694676046,-0.8835493964146833,111,0.3788491646063943,,,,,,,,,,,,,,,,,,,FALSE,,"multiverse cell 259/1260: coding=end_lag3, outlier=rstudent, es_set=full, df_basis=k10, estimator=one_per_cluster, rho=0.4 [DEC-045 S2]; cluster x cell aggregates (D2/H2b convention)"
H3,clean_window|rstudent|full|k10,one_per_cluster|r0.4,diff,Fisher_z,one_per_cluster,0.4,924,40,40,-0.02735077819491251,0.027014192398683228,-1.0124595912867522,38,0.3177219124869429,,,,,,,,,,,,,,,,,,,FALSE,,"multiverse cell 260/1260: coding=clean_window, outlier=rstudent, es_set=full, df_basis=k10, estimator=one_per_cluster, rho=0.4 [DEC-045 S2]; cluster x cell aggregates (D2/H2b convention)"
H3,paris_mid|winsor|full|k10,one_per_cluster|r0.4,diff,Fisher_z,one_per_cluster,0.4,2705,113,112,-0.011346721245054876,0.018235282050434738,-0.6222399639156865,111,0.535060194059515,,,,,,,,,,,,,,,,,,,FALSE,,"multiverse cell 261/1260: coding=paris_mid, outlier=winsor, es_set=full, df_basis=k10, estimator=one_per_cluster, rho=0.4 [DEC-045 S2]; cluster x cell aggregates (D2/H2b convention)"
H3,tie_break_median|winsor|full|k10,one_per_cluster|r0.4,diff,Fisher_z,one_per_cluster,0.4,2705,113,112,-0.019356632787475382,0.01930839032229692,-1.0024985234073476,111,0.3182832980957443,,,,,,,,,,,,,,,,,,,FALSE,,"multiverse cell 262/1260: coding=tie_break_median, outlier=winsor, es_set=full, df_basis=k10, estimator=one_per_cluster, rho=0.4 [DEC-045 S2]; cluster x cell aggregates (D2/H2b convention)"
H3,end_any_exposure|winsor|full|k10,one_per_cluster|r0.4,diff,Fisher_z,one_per_cluster,0.4,2705,113,112,-0.012799591343672319,0.019465530131759508,-0.6575516442158851,110,0.5121998911256171,,,,,,,,,,,,,,,,,,,FALSE,,"multiverse cell 263/1260: coding=end_any_exposure, outlier=winsor, es_set=full, df_basis=k10, estimator=one_per_cluster, rho=0.4 [DEC-045 S2]; cluster x cell aggregates (D2/H2b convention)"
H3,share_recut_2017|winsor|full|k10,one_per_cluster|r0.4,diff,Fisher_z,one_per_cluster,0.4,2705,113,112,-0.02311413856187556,0.020173701660761805,-1.1457559425909898,111,0.25436031237113915,,,,,,,,,,,,,,,,,,,FALSE,,"multiverse cell 264/1260: coding=share_recut_2017, outlier=winsor, es_set=full, df_basis=k10, estimator=one_per_cluster, rho=0.4 [DEC-045 S2]; cluster x cell aggregates (D2/H2b convention)"
H3,share_recut_2018|winsor|full|k10,one_per_cluster|r0.4,diff,Fisher_z,one_per_cluster,0.4,2705,113,112,-0.0026105722579851734,0.024173800459759354,-0.10799180138558823,110,0.9141989290725973,,,,,,,,,,,,,,,,,,,FALSE,,"multiverse cell 265/1260: coding=share_recut_2018, outlier=winsor, es_set=full, df_basis=k10, estimator=one_per_cluster, rho=0.4 [DEC-045 S2]; cluster x cell aggregates (D2/H2b convention)"
H3,share_recut_2019|winsor|full|k10,one_per_cluster|r0.4,diff,Fisher_z,one_per_cluster,0.4,2705,113,112,0.0010579541990942132,0.025695618035095673,0.04117255314307812,110,0.967232972998732,,,,,,,,,,,,,,,,,,,FALSE,,"multiverse cell 266/1260: coding=share_recut_2019, outlier=winsor, es_set=full, df_basis=k10, estimator=one_per_cluster, rho=0.4 [DEC-045 S2]; cluster x cell aggregates (D2/H2b convention)"
H3,end_lag1|winsor|full|k10,one_per_cluster|r0.4,diff,Fisher_z,one_per_cluster,0.4,2705,113,112,-0.011978282488572349,0.017253963718020654,-0.6942336662074816,111,0.4889861298517093,,,,,,,,,,,,,,,,,,,FALSE,,"multiverse cell 267/1260: coding=end_lag1, outlier=winsor, es_set=full, df_basis=k10, estimator=one_per_cluster, rho=0.4 [DEC-045 S2]; cluster x cell aggregates (D2/H2b convention)"
H3,end_lag2|winsor|full|k10,one_per_cluster|r0.4,diff,Fisher_z,one_per_cluster,0.4,2705,113,112,-0.004747337711436692,0.016488206161487655,-0.28792323827957045,111,0.7739423991375,,,,,,,,,,,,,,,,,,,FALSE,,"multiverse cell 268/1260: coding=end_lag2, outlier=winsor, es_set=full, df_basis=k10, estimator=one_per_cluster, rho=0.4 [DEC-045 S2]; cluster x cell aggregates (D2/H2b convention)"
H3,end_lag3|winsor|full|k10,one_per_cluster|r0.4,diff,Fisher_z,one_per_cluster,0.4,2705,113,112,-0.006034315170520908,0.01640232569232016,-0.36789387576581745,111,0.7136529623557675,,,,,,,,,,,,,,,,,,,FALSE,,"multiverse cell 269/1260: coding=end_lag3, outlier=winsor, es_set=full, df_basis=k10, estimator=one_per_cluster, rho=0.4 [DEC-045 S2]; cluster x cell aggregates (D2/H2b convention)"
H3,clean_window|winsor|full|k10,one_per_cluster|r0.4,diff,Fisher_z,one_per_cluster,0.4,929,40,40,-0.02223976718860999,0.025831763122235965,-0.8609465441197861,38,0.3946674782815178,,,,,,,,,,,,,,,,,,,FALSE,,"multiverse cell 270/1260: coding=clean_window, outlier=winsor, es_set=full, df_basis=k10, estimator=one_per_cluster, rho=0.4 [DEC-045 S2]; cluster x cell aggregates (D2/H2b convention)"
H3,paris_mid|none|no_starbound|k10,one_per_cluster|r0.4,diff,Fisher_z,one_per_cluster,0.4,2607,110,109,0.010180306701524151,0.05079429891276168,0.20042223082965768,108,0.8415273040916632,,,,,,,,,,,,,,,,,,,FALSE,,"multiverse cell 271/1260: coding=paris_mid, outlier=none, es_set=no_starbound, df_basis=k10, estimator=one_per_cluster, rho=0.4 [DEC-045 S2]; cluster x cell aggregates (D2/H2b convention)"
H3,tie_break_median|none|no_starbound|k10,one_per_cluster|r0.4,diff,Fisher_z,one_per_cluster,0.4,2607,110,109,-0.002363122212114002,0.05380592127197142,-0.04391937088427849,108,0.9650497745072995,,,,,,,,,,,,,,,,,,,FALSE,,"multiverse cell 272/1260: coding=tie_break_median, outlier=none, es_set=no_starbound, df_basis=k10, estimator=one_per_cluster, rho=0.4 [DEC-045 S2]; cluster x cell aggregates (D2/H2b convention)"
H3,end_any_exposure|none|no_starbound|k10,one_per_cluster|r0.4,diff,Fisher_z,one_per_cluster,0.4,2607,110,109,-0.041717201788460716,0.054931520856223534,-0.7594401381612996,107,0.4492592080292269,,,,,,,,,,,,,,,,,,,FALSE,,"multiverse cell 273/1260: coding=end_any_exposure, outlier=none, es_set=no_starbound, df_basis=k10, estimator=one_per_cluster, rho=0.4 [DEC-045 S2]; cluster x cell aggregates (D2/H2b convention)"
H3,share_recut_2017|none|no_starbound|k10,one_per_cluster|r0.4,diff,Fisher_z,one_per_cluster,0.4,2607,110,109,-0.007203253916576689,0.05621341643846704,-0.1281411871570125,108,0.8982755499044238,,,,,,,,,,,,,,,,,,,FALSE,,"multiverse cell 274/1260: coding=share_recut_2017, outlier=none, es_set=no_starbound, df_basis=k10, estimator=one_per_cluster, rho=0.4 [DEC-045 S2]; cluster x cell aggregates (D2/H2b convention)"
H3,share_recut_2018|none|no_starbound|k10,one_per_cluster|r0.4,diff,Fisher_z,one_per_cluster,0.4,2607,110,109,0.01716989915908375,0.06693281390875257,0.2565243885083173,107,0.7980385283479856,,,,,,,,,,,,,,,,,,,FALSE,,"multiverse cell 275/1260: coding=share_recut_2018, outlier=none, es_set=no_starbound, df_basis=k10, estimator=one_per_cluster, rho=0.4 [DEC-045 S2]; cluster x cell aggregates (D2/H2b convention)"
H3,share_recut_2019|none|no_starbound|k10,one_per_cluster|r0.4,diff,Fisher_z,one_per_cluster,0.4,2607,110,109,0.020931680471700742,0.0711338451042561,0.29425768339983005,107,0.7691310892520129,,,,,,,,,,,,,,,,,,,FALSE,,"multiverse cell 276/1260: coding=share_recut_2019, outlier=none, es_set=no_starbound, df_basis=k10, estimator=one_per_cluster, rho=0.4 [DEC-045 S2]; cluster x cell aggregates (D2/H2b convention)"
H3,end_lag1|none|no_starbound|k10,one_per_cluster|r0.4,diff,Fisher_z,one_per_cluster,0.4,2607,110,109,-0.05275909150475559,0.048222397400921206,-1.0940785682245595,108,0.2763546825114752,,,,,,,,,,,,,,,,,,,FALSE,,"multiverse cell 277/1260: coding=end_lag1, outlier=none, es_set=no_starbound, df_basis=k10, estimator=one_per_cluster, rho=0.4 [DEC-045 S2]; cluster x cell aggregates (D2/H2b convention)"
H3,end_lag2|none|no_starbound|k10,one_per_cluster|r0.4,diff,Fisher_z,one_per_cluster,0.4,2607,110,109,0.026371389184877664,0.04607859401464381,0.5723132345682427,108,0.5682992234453367,,,,,,,,,,,,,,,,,,,FALSE,,"multiverse cell 278/1260: coding=end_lag2, outlier=none, es_set=no_starbound, df_basis=k10, estimator=one_per_cluster, rho=0.4 [DEC-045 S2]; cluster x cell aggregates (D2/H2b convention)"
H3,end_lag3|none|no_starbound|k10,one_per_cluster|r0.4,diff,Fisher_z,one_per_cluster,0.4,2607,110,109,0.016801105443643514,0.04597111248100298,0.36547093461326113,108,0.7154747047762893,,,,,,,,,,,,,,,,,,,FALSE,,"multiverse cell 279/1260: coding=end_lag3, outlier=none, es_set=no_starbound, df_basis=k10, estimator=one_per_cluster, rho=0.4 [DEC-045 S2]; cluster x cell aggregates (D2/H2b convention)"
H3,clean_window|none|no_starbound|k10,one_per_cluster|r0.4,diff,Fisher_z,one_per_cluster,0.4,905,38,38,-0.02667887744284264,0.028481962963217484,-0.9366937762434631,36,0.3551577803135776,,,,,,,,,,,,,,,,,,,FALSE,,"multiverse cell 280/1260: coding=clean_window, outlier=none, es_set=no_starbound, df_basis=k10, estimator=one_per_cluster, rho=0.4 [DEC-045 S2]; cluster x cell aggregates (D2/H2b convention)"
H3,paris_mid|rstudent|no_starbound|k10,one_per_cluster|r0.4,diff,Fisher_z,one_per_cluster,0.4,2594,110,109,-0.021449248364821906,0.01908359923997326,-1.1239624189913537,108,0.26352102106000824,,,,,,,,,,,,,,,,,,,FALSE,,"multiverse cell 281/1260: coding=paris_mid, outlier=rstudent, es_set=no_starbound, df_basis=k10, estimator=one_per_cluster, rho=0.4 [DEC-045 S2]; cluster x cell aggregates (D2/H2b convention)"
H3,tie_break_median|rstudent|no_starbound|k10,one_per_cluster|r0.4,diff,Fisher_z,one_per_cluster,0.4,2594,110,109,-0.03235275131139806,0.02011394033732353,-1.608474061711525,108,0.11065086705319636,,,,,,,,,,,,,,,,,,,FALSE,,"multiverse cell 282/1260: coding=tie_break_median, outlier=rstudent, es_set=no_starbound, df_basis=k10, estimator=one_per_cluster, rho=0.4 [DEC-045 S2]; cluster x cell aggregates (D2/H2b convention)"
H3,end_any_exposure|rstudent|no_starbound|k10,one_per_cluster|r0.4,diff,Fisher_z,one_per_cluster,0.4,2594,110,109,-0.01442507154463064,0.021004882908835492,-0.686748486398983,107,0.4937268851228356,,,,,,,,,,,,,,,,,,,FALSE,,"multiverse cell 283/1260: coding=end_any_exposure, outlier=rstudent, es_set=no_starbound, df_basis=k10, estimator=one_per_cluster, rho=0.4 [DEC-045 S2]; cluster x cell aggregates (D2/H2b convention)"
H3,share_recut_2017|rstudent|no_starbound|k10,one_per_cluster|r0.4,diff,Fisher_z,one_per_cluster,0.4,2594,110,109,-0.03617301847607855,0.020993789002021458,-1.7230342970768884,108,0.08774433704012301,,,,,,,,,,,,,,,,,,,FALSE,,"multiverse cell 284/1260: coding=share_recut_2017, outlier=rstudent, es_set=no_starbound, df_basis=k10, estimator=one_per_cluster, rho=0.4 [DEC-045 S2]; cluster x cell aggregates (D2/H2b convention)"
H3,share_recut_2018|rstudent|no_starbound|k10,one_per_cluster|r0.4,diff,Fisher_z,one_per_cluster,0.4,2594,110,109,-0.010363869272889244,0.025301771622913784,-0.40961041888084704,107,0.682910608673624,,,,,,,,,,,,,,,,,,,FALSE,,"multiverse cell 285/1260: coding=share_recut_2018, outlier=rstudent, es_set=no_starbound, df_basis=k10, estimator=one_per_cluster, rho=0.4 [DEC-045 S2]; cluster x cell aggregates (D2/H2b convention)"
H3,share_recut_2019|rstudent|no_starbound|k10,one_per_cluster|r0.4,diff,Fisher_z,one_per_cluster,0.4,2594,110,109,-0.0064302905637005844,0.026897815114552498,-0.23906367622482508,107,0.8115135078189875,,,,,,,,,,,,,,,,,,,FALSE,,"multiverse cell 286/1260: coding=share_recut_2019, outlier=rstudent, es_set=no_starbound, df_basis=k10, estimator=one_per_cluster, rho=0.4 [DEC-045 S2]; cluster x cell aggregates (D2/H2b convention)"
H3,end_lag1|rstudent|no_starbound|k10,one_per_cluster|r0.4,diff,Fisher_z,one_per_cluster,0.4,2594,110,109,-0.023460751017664264,0.018314318944740095,-1.2810059215662088,108,0.20293549724252286,,,,,,,,,,,,,,,,,,,FALSE,,"multiverse cell 287/1260: coding=end_lag1, outlier=rstudent, es_set=no_starbound, df_basis=k10, estimator=one_per_cluster, rho=0.4 [DEC-045 S2]; cluster x cell aggregates (D2/H2b convention)"
H3,end_lag2|rstudent|no_starbound|k10,one_per_cluster|r0.4,diff,Fisher_z,one_per_cluster,0.4,2594,110,109,-0.021846097022708167,0.0173767264903453,-1.2572044012343808,108,0.21139160079611344,,,,,,,,,,,,,,,,,,,FALSE,,"multiverse cell 288/1260: coding=end_lag2, outlier=rstudent, es_set=no_starbound, df_basis=k10, estimator=one_per_cluster, rho=0.4 [DEC-045 S2]; cluster x cell aggregates (D2/H2b convention)"
H3,end_lag3|rstudent|no_starbound|k10,one_per_cluster|r0.4,diff,Fisher_z,one_per_cluster,0.4,2594,110,109,-0.01967067689141535,0.01727378552377263,-1.1387588936046507,108,0.2573233793148267,,,,,,,,,,,,,,,,,,,FALSE,,"multiverse cell 289/1260: coding=end_lag3, outlier=rstudent, es_set=no_starbound, df_basis=k10, estimator=one_per_cluster, rho=0.4 [DEC-045 S2]; cluster x cell aggregates (D2/H2b convention)"
H3,clean_window|rstudent|no_starbound|k10,one_per_cluster|r0.4,diff,Fisher_z,one_per_cluster,0.4,900,38,38,-0.03034451259907899,0.028028815623989522,-1.0826184383298554,36,0.28617621289318257,,,,,,,,,,,,,,,,,,,FALSE,,"multiverse cell 290/1260: coding=clean_window, outlier=rstudent, es_set=no_starbound, df_basis=k10, estimator=one_per_cluster, rho=0.4 [DEC-045 S2]; cluster x cell aggregates (D2/H2b convention)"
H3,paris_mid|winsor|no_starbound|k10,one_per_cluster|r0.4,diff,Fisher_z,one_per_cluster,0.4,2607,110,109,-0.017532444496325746,0.01903698472283097,-0.920967514109478,108,0.3591200374907547,,,,,,,,,,,,,,,,,,,FALSE,,"multiverse cell 291/1260: coding=paris_mid, outlier=winsor, es_set=no_starbound, df_basis=k10, estimator=one_per_cluster, rho=0.4 [DEC-045 S2]; cluster x cell aggregates (D2/H2b convention)"
H3,tie_break_median|winsor|no_starbound|k10,one_per_cluster|r0.4,diff,Fisher_z,one_per_cluster,0.4,2607,110,109,-0.025904535811693247,0.02011255649594455,-1.2879782745130675,108,0.2005063378925372,,,,,,,,,,,,,,,,,,,FALSE,,"multiverse cell 292/1260: coding=tie_break_median, outlier=winsor, es_set=no_starbound, df_basis=k10, estimator=one_per_cluster, rho=0.4 [DEC-045 S2]; cluster x cell aggregates (D2/H2b convention)"
H3,end_any_exposure|winsor|no_starbound|k10,one_per_cluster|r0.4,diff,Fisher_z,one_per_cluster,0.4,2607,110,109,-0.013148593690945704,0.0209179992163862,-0.6285779798980822,107,0.530964899435087,,,,,,,,,,,,,,,,,,,FALSE,,"multiverse cell 293/1260: coding=end_any_exposure, outlier=winsor, es_set=no_starbound, df_basis=k10, estimator=one_per_cluster, rho=0.4 [DEC-045 S2]; cluster x cell aggregates (D2/H2b convention)"
H3,share_recut_2017|winsor|no_starbound|k10,one_per_cluster|r0.4,diff,Fisher_z,one_per_cluster,0.4,2607,110,109,-0.029991881453685983,0.020992265854102514,-1.428711014910507,108,0.15597313409906946,,,,,,,,,,,,,,,,,,,FALSE,,"multiverse cell 294/1260: coding=share_recut_2017, outlier=winsor, es_set=no_starbound, df_basis=k10, estimator=one_per_cluster, rho=0.4 [DEC-045 S2]; cluster x cell aggregates (D2/H2b convention)"
H3,share_recut_2018|winsor|no_starbound|k10,one_per_cluster|r0.4,diff,Fisher_z,one_per_cluster,0.4,2607,110,109,-0.004791292164020071,0.02520599301752816,-0.19008543566159933,107,0.8496023361972548,,,,,,,,,,,,,,,,,,,FALSE,,"multiverse cell 295/1260: coding=share_recut_2018, outlier=winsor, es_set=no_starbound, df_basis=k10, estimator=one_per_cluster, rho=0.4 [DEC-045 S2]; cluster x cell aggregates (D2/H2b convention)"
H3,share_recut_2019|winsor|no_starbound|k10,one_per_cluster|r0.4,diff,Fisher_z,one_per_cluster,0.4,2607,110,109,-0.001083299258712353,0.02678722216499235,-0.040440895739017456,107,0.9678169896987726,,,,,,,,,,,,,,,,,,,FALSE,,"multiverse cell 296/1260: coding=share_recut_2019, outlier=winsor, es_set=no_starbound, df_basis=k10, estimator=one_per_cluster, rho=0.4 [DEC-045 S2]; cluster x cell aggregates (D2/H2b convention)"
H3,end_lag1|winsor|no_starbound|k10,one_per_cluster|r0.4,diff,Fisher_z,one_per_cluster,0.4,2607,110,109,-0.01911657938110576,0.0182765088718386,-1.0459644954711007,108,0.29791278655294784,,,,,,,,,,,,,,,,,,,FALSE,,"multiverse cell 297/1260: coding=end_lag1, outlier=winsor, es_set=no_starbound, df_basis=k10, estimator=one_per_cluster, rho=0.4 [DEC-045 S2]; cluster x cell aggregates (D2/H2b convention)"
H3,end_lag2|winsor|no_starbound|k10,one_per_cluster|r0.4,diff,Fisher_z,one_per_cluster,0.4,2607,110,109,-0.010146557440762448,0.01740164324872762,-0.5830804192301982,108,0.561054731011055,,,,,,,,,,,,,,,,,,,FALSE,,"multiverse cell 298/1260: coding=end_lag2, outlier=winsor, es_set=no_starbound, df_basis=k10, estimator=one_per_cluster, rho=0.4 [DEC-045 S2]; cluster x cell aggregates (D2/H2b convention)"
H3,end_lag3|winsor|no_starbound|k10,one_per_cluster|r0.4,diff,Fisher_z,one_per_cluster,0.4,2607,110,109,-0.010606635994032915,0.01727121605441349,-0.6141221301740646,108,0.5404261246298288,,,,,,,,,,,,,,,,,,,FALSE,,"multiverse cell 299/1260: coding=end_lag3, outlier=winsor, es_set=no_starbound, df_basis=k10, estimator=one_per_cluster, rho=0.4 [DEC-045 S2]; cluster x cell aggregates (D2/H2b convention)"
H3,clean_window|winsor|no_starbound|k10,one_per_cluster|r0.4,diff,Fisher_z,one_per_cluster,0.4,905,38,38,-0.02471030831898493,0.02682039283923636,-0.9213253686141195,36,0.363013915612297,,,,,,,,,,,,,,,,,,,FALSE,,"multiverse cell 300/1260: coding=clean_window, outlier=winsor, es_set=no_starbound, df_basis=k10, estimator=one_per_cluster, rho=0.4 [DEC-045 S2]; cluster x cell aggregates (D2/H2b convention)"
H3,paris_mid|none|full|k20,one_per_cluster|r0.4,diff,Fisher_z,one_per_cluster,0.4,2704,113,112,0.015240971478390902,0.0496484549686348,0.3069777596909979,111,0.7594354496065215,,,,,,,,,,,,,,,,,,,FALSE,,"multiverse cell 301/1260: coding=paris_mid, outlier=none, es_set=full, df_basis=k20, estimator=one_per_cluster, rho=0.4 [DEC-045 S2]; cluster x cell aggregates (D2/H2b convention)"
H3,tie_break_median|none|full|k20,one_per_cluster|r0.4,diff,Fisher_z,one_per_cluster,0.4,2704,113,112,0.0031792916009897518,0.052661737720258006,0.06037194628628323,111,0.9519679652547108,,,,,,,,,,,,,,,,,,,FALSE,,"multiverse cell 302/1260: coding=tie_break_median, outlier=none, es_set=full, df_basis=k20, estimator=one_per_cluster, rho=0.4 [DEC-045 S2]; cluster x cell aggregates (D2/H2b convention)"
H3,end_any_exposure|none|full|k20,one_per_cluster|r0.4,diff,Fisher_z,one_per_cluster,0.4,2704,113,112,-0.04290569169946655,0.052339694387904555,-0.8197543413509469,110,0.41412885778398356,,,,,,,,,,,,,,,,,,,FALSE,,"multiverse cell 303/1260: coding=end_any_exposure, outlier=none, es_set=full, df_basis=k20, estimator=one_per_cluster, rho=0.4 [DEC-045 S2]; cluster x cell aggregates (D2/H2b convention)"
H3,share_recut_2017|none|full|k20,one_per_cluster|r0.4,diff,Fisher_z,one_per_cluster,0.4,2704,113,112,-0.0013040605058643323,0.05505513928603923,-0.02368644458583748,111,0.9811452474832594,,,,,,,,,,,,,,,,,,,FALSE,,"multiverse cell 304/1260: coding=share_recut_2017, outlier=none, es_set=full, df_basis=k20, estimator=one_per_cluster, rho=0.4 [DEC-045 S2]; cluster x cell aggregates (D2/H2b convention)"
H3,share_recut_2018|none|full|k20,one_per_cluster|r0.4,diff,Fisher_z,one_per_cluster,0.4,2704,113,112,0.018695756929252835,0.06562484179404042,0.28488841143310234,110,0.7762653056449601,,,,,,,,,,,,,,,,,,,FALSE,,"multiverse cell 305/1260: coding=share_recut_2018, outlier=none, es_set=full, df_basis=k20, estimator=one_per_cluster, rho=0.4 [DEC-045 S2]; cluster x cell aggregates (D2/H2b convention)"
H3,share_recut_2019|none|full|k20,one_per_cluster|r0.4,diff,Fisher_z,one_per_cluster,0.4,2704,113,112,0.022623853994319175,0.06976522252299455,0.32428555627214367,110,0.7463376880274708,,,,,,,,,,,,,,,,,,,FALSE,,"multiverse cell 306/1260: coding=share_recut_2019, outlier=none, es_set=full, df_basis=k20, estimator=one_per_cluster, rho=0.4 [DEC-045 S2]; cluster x cell aggregates (D2/H2b convention)"
H3,end_lag1|none|full|k20,one_per_cluster|r0.4,diff,Fisher_z,one_per_cluster,0.4,2704,113,112,-0.045275289245680604,0.04653482362247526,-0.9729335091712622,111,0.3327017999968154,,,,,,,,,,,,,,,,,,,FALSE,,"multiverse cell 307/1260: coding=end_lag1, outlier=none, es_set=full, df_basis=k20, estimator=one_per_cluster, rho=0.4 [DEC-045 S2]; cluster x cell aggregates (D2/H2b convention)"
H3,end_lag2|none|full|k20,one_per_cluster|r0.4,diff,Fisher_z,one_per_cluster,0.4,2704,113,112,0.030438179754148698,0.04459184843605337,0.6825951563276942,111,0.4962847836727792,,,,,,,,,,,,,,,,,,,FALSE,,"multiverse cell 308/1260: coding=end_lag2, outlier=none, es_set=full, df_basis=k20, estimator=one_per_cluster, rho=0.4 [DEC-045 S2]; cluster x cell aggregates (D2/H2b convention)"
H3,end_lag3|none|full|k20,one_per_cluster|r0.4,diff,Fisher_z,one_per_cluster,0.4,2704,113,112,0.020677506049463758,0.04459324034399563,0.4636914897853556,111,0.6437767956171594,,,,,,,,,,,,,,,,,,,FALSE,,"multiverse cell 309/1260: coding=end_lag3, outlier=none, es_set=full, df_basis=k20, estimator=one_per_cluster, rho=0.4 [DEC-045 S2]; cluster x cell aggregates (D2/H2b convention)"
H3,clean_window|none|full|k20,one_per_cluster|r0.4,diff,Fisher_z,one_per_cluster,0.4,929,40,40,-0.025101871209205852,0.027732068472971695,-0.9051568307524809,38,0.3710857192129646,,,,,,,,,,,,,,,,,,,FALSE,,"multiverse cell 310/1260: coding=clean_window, outlier=none, es_set=full, df_basis=k20, estimator=one_per_cluster, rho=0.4 [DEC-045 S2]; cluster x cell aggregates (D2/H2b convention)"
H3,paris_mid|rstudent|full|k20,one_per_cluster|r0.4,diff,Fisher_z,one_per_cluster,0.4,2691,113,112,-0.01528818370370464,0.01827378768786713,-0.8366182186660306,111,0.4046047087925505,,,,,,,,,,,,,,,,,,,FALSE,,"multiverse cell 311/1260: coding=paris_mid, outlier=rstudent, es_set=full, df_basis=k20, estimator=one_per_cluster, rho=0.4 [DEC-045 S2]; cluster x cell aggregates (D2/H2b convention)"
H3,tie_break_median|rstudent|full|k20,one_per_cluster|r0.4,diff,Fisher_z,one_per_cluster,0.4,2691,113,112,-0.025822170191709265,0.01930855284358372,-1.3373436321660965,111,0.1838444829541287,,,,,,,,,,,,,,,,,,,FALSE,,"multiverse cell 312/1260: coding=tie_break_median, outlier=rstudent, es_set=full, df_basis=k20, estimator=one_per_cluster, rho=0.4 [DEC-045 S2]; cluster x cell aggregates (D2/H2b convention)"
H3,end_any_exposure|rstudent|full|k20,one_per_cluster|r0.4,diff,Fisher_z,one_per_cluster,0.4,2691,113,112,-0.01488304406884653,0.01954523819895358,-0.7614664972281251,110,0.4480079204248486,,,,,,,,,,,,,,,,,,,FALSE,,"multiverse cell 313/1260: coding=end_any_exposure, outlier=rstudent, es_set=full, df_basis=k20, estimator=one_per_cluster, rho=0.4 [DEC-045 S2]; cluster x cell aggregates (D2/H2b convention)"
H3,share_recut_2017|rstudent|full|k20,one_per_cluster|r0.4,diff,Fisher_z,one_per_cluster,0.4,2691,113,112,-0.02932409423978323,0.020172370552106134,-1.4536761638419136,111,0.14885766066224196,,,,,,,,,,,,,,,,,,,FALSE,,"multiverse cell 314/1260: coding=share_recut_2017, outlier=rstudent, es_set=full, df_basis=k20, estimator=one_per_cluster, rho=0.4 [DEC-045 S2]; cluster x cell aggregates (D2/H2b convention)"
H3,share_recut_2018|rstudent|full|k20,one_per_cluster|r0.4,diff,Fisher_z,one_per_cluster,0.4,2691,113,112,-0.008115641016207625,0.024247028657238837,-0.33470662038355525,110,0.738483783973243,,,,,,,,,,,,,,,,,,,FALSE,,"multiverse cell 315/1260: coding=share_recut_2018, outlier=rstudent, es_set=full, df_basis=k20, estimator=one_per_cluster, rho=0.4 [DEC-045 S2]; cluster x cell aggregates (D2/H2b convention)"
H3,share_recut_2019|rstudent|full|k20,one_per_cluster|r0.4,diff,Fisher_z,one_per_cluster,0.4,2691,113,112,-0.004061495508049295,0.02578161749975316,-0.1575345498818366,110,0.8751123912402576,,,,,,,,,,,,,,,,,,,FALSE,,"multiverse cell 316/1260: coding=share_recut_2019, outlier=rstudent, es_set=full, df_basis=k20, estimator=one_per_cluster, rho=0.4 [DEC-045 S2]; cluster x cell aggregates (D2/H2b convention)"
H3,end_lag1|rstudent|full|k20,one_per_cluster|r0.4,diff,Fisher_z,one_per_cluster,0.4,2691,113,112,-0.016411503740051424,0.017293956816578058,-0.9489733271635841,111,0.3446957242525003,,,,,,,,,,,,,,,,,,,FALSE,,"multiverse cell 317/1260: coding=end_lag1, outlier=rstudent, es_set=full, df_basis=k20, estimator=one_per_cluster, rho=0.4 [DEC-045 S2]; cluster x cell aggregates (D2/H2b convention)"
H3,end_lag2|rstudent|full|k20,one_per_cluster|r0.4,diff,Fisher_z,one_per_cluster,0.4,2691,113,112,-0.01617098341838785,0.01648320261299638,-0.9810583415165716,111,0.32869745499530423,,,,,,,,,,,,,,,,,,,FALSE,,"multiverse cell 318/1260: coding=end_lag2, outlier=rstudent, es_set=full, df_basis=k20, estimator=one_per_cluster, rho=0.4 [DEC-045 S2]; cluster x cell aggregates (D2/H2b convention)"
H3,end_lag3|rstudent|full|k20,one_per_cluster|r0.4,diff,Fisher_z,one_per_cluster,0.4,2691,113,112,-0.014916188322011865,0.016410992562498432,-0.9089144526271727,111,0.36536455202299156,,,,,,,,,,,,,,,,,,,FALSE,,"multiverse cell 319/1260: coding=end_lag3, outlier=rstudent, es_set=full, df_basis=k20, estimator=one_per_cluster, rho=0.4 [DEC-045 S2]; cluster x cell aggregates (D2/H2b convention)"
H3,clean_window|rstudent|full|k20,one_per_cluster|r0.4,diff,Fisher_z,one_per_cluster,0.4,924,40,40,-0.028535181917756586,0.027366363296247358,-1.0427100454984277,38,0.30367112339846236,,,,,,,,,,,,,,,,,,,FALSE,,"multiverse cell 320/1260: coding=clean_window, outlier=rstudent, es_set=full, df_basis=k20, estimator=one_per_cluster, rho=0.4 [DEC-045 S2]; cluster x cell aggregates (D2/H2b convention)"
H3,paris_mid|winsor|full|k20,one_per_cluster|r0.4,diff,Fisher_z,one_per_cluster,0.4,2704,113,112,-0.01180057523549806,0.018264491967627233,-0.6460938117749951,111,0.5195521443433876,,,,,,,,,,,,,,,,,,,FALSE,,"multiverse cell 321/1260: coding=paris_mid, outlier=winsor, es_set=full, df_basis=k20, estimator=one_per_cluster, rho=0.4 [DEC-045 S2]; cluster x cell aggregates (D2/H2b convention)"
H3,tie_break_median|winsor|full|k20,one_per_cluster|r0.4,diff,Fisher_z,one_per_cluster,0.4,2704,113,112,-0.019793607471670686,0.019338111660359324,-1.0235543066102504,111,0.30827136932392024,,,,,,,,,,,,,,,,,,,FALSE,,"multiverse cell 322/1260: coding=tie_break_median, outlier=winsor, es_set=full, df_basis=k20, estimator=one_per_cluster, rho=0.4 [DEC-045 S2]; cluster x cell aggregates (D2/H2b convention)"
H3,end_any_exposure|winsor|full|k20,one_per_cluster|r0.4,diff,Fisher_z,one_per_cluster,0.4,2704,113,112,-0.013602086867223057,0.019512779789489242,-0.6970860643110398,110,0.48721956526480037,,,,,,,,,,,,,,,,,,,FALSE,,"multiverse cell 323/1260: coding=end_any_exposure, outlier=winsor, es_set=full, df_basis=k20, estimator=one_per_cluster, rho=0.4 [DEC-045 S2]; cluster x cell aggregates (D2/H2b convention)"
H3,share_recut_2017|winsor|full|k20,one_per_cluster|r0.4,diff,Fisher_z,one_per_cluster,0.4,2704,113,112,-0.02354748633207758,0.020204472878038095,-1.1654590780080822,111,0.246331547508221,,,,,,,,,,,,,,,,,,,FALSE,,"multiverse cell 324/1260: coding=share_recut_2017, outlier=winsor, es_set=full, df_basis=k20, estimator=one_per_cluster, rho=0.4 [DEC-045 S2]; cluster x cell aggregates (D2/H2b convention)"
H3,share_recut_2018|winsor|full|k20,one_per_cluster|r0.4,diff,Fisher_z,one_per_cluster,0.4,2704,113,112,-0.002933175349878074,0.024213088024840915,-0.12114007708842606,110,0.9038010956107736,,,,,,,,,,,,,,,,,,,FALSE,,"multiverse cell 325/1260: coding=share_recut_2018, outlier=winsor, es_set=full, df_basis=k20, estimator=one_per_cluster, rho=0.4 [DEC-045 S2]; cluster x cell aggregates (D2/H2b convention)"
H3,share_recut_2019|winsor|full|k20,one_per_cluster|r0.4,diff,Fisher_z,one_per_cluster,0.4,2704,113,112,8.969441165892073e-4,0.025737795631655225,0.03484929826259266,110,0.9722630705772743,,,,,,,,,,,,,,,,,,,FALSE,,"multiverse cell 326/1260: coding=share_recut_2019, outlier=winsor, es_set=full, df_basis=k20, estimator=one_per_cluster, rho=0.4 [DEC-045 S2]; cluster x cell aggregates (D2/H2b convention)"
H3,end_lag1|winsor|full|k20,one_per_cluster|r0.4,diff,Fisher_z,one_per_cluster,0.4,2704,113,112,-0.012813350383341457,0.01728775648969385,-0.7411806379260476,111,0.4601490943040505,,,,,,,,,,,,,,,,,,,FALSE,,"multiverse cell 327/1260: coding=end_lag1, outlier=winsor, es_set=full, df_basis=k20, estimator=one_per_cluster, rho=0.4 [DEC-045 S2]; cluster x cell aggregates (D2/H2b convention)"
H3,end_lag2|winsor|full|k20,one_per_cluster|r0.4,diff,Fisher_z,one_per_cluster,0.4,2704,113,112,-0.00523324994459564,0.01652048196583423,-0.3167734425314255,111,0.7520105087842646,,,,,,,,,,,,,,,,,,,FALSE,,"multiverse cell 328/1260: coding=end_lag2, outlier=winsor, es_set=full, df_basis=k20, estimator=one_per_cluster, rho=0.4 [DEC-045 S2]; cluster x cell aggregates (D2/H2b convention)"
H3,end_lag3|winsor|full|k20,one_per_cluster|r0.4,diff,Fisher_z,one_per_cluster,0.4,2704,113,112,-0.0063817722103973185,0.016431765384338215,-0.38838019294506515,111,0.6984786029320211,,,,,,,,,,,,,,,,,,,FALSE,,"multiverse cell 329/1260: coding=end_lag3, outlier=winsor, es_set=full, df_basis=k20, estimator=one_per_cluster, rho=0.4 [DEC-045 S2]; cluster x cell aggregates (D2/H2b convention)"
H3,clean_window|winsor|full|k20,one_per_cluster|r0.4,diff,Fisher_z,one_per_cluster,0.4,929,40,40,-0.023086580838500417,0.02588207512612889,-0.8919911068179259,38,0.37801146045389944,,,,,,,,,,,,,,,,,,,FALSE,,"multiverse cell 330/1260: coding=clean_window, outlier=winsor, es_set=full, df_basis=k20, estimator=one_per_cluster, rho=0.4 [DEC-045 S2]; cluster x cell aggregates (D2/H2b convention)"
H3,paris_mid|none|no_starbound|k20,one_per_cluster|r0.4,diff,Fisher_z,one_per_cluster,0.4,2606,110,109,0.009610106695375695,0.050925524984315136,0.18870903536754055,108,0.8506750229410664,,,,,,,,,,,,,,,,,,,FALSE,,"multiverse cell 331/1260: coding=paris_mid, outlier=none, es_set=no_starbound, df_basis=k20, estimator=one_per_cluster, rho=0.4 [DEC-045 S2]; cluster x cell aggregates (D2/H2b convention)"
H3,tie_break_median|none|no_starbound|k20,one_per_cluster|r0.4,diff,Fisher_z,one_per_cluster,0.4,2606,110,109,-0.0029026493366063055,0.05394267049650746,-0.05380989316786307,108,0.9571860386108488,,,,,,,,,,,,,,,,,,,FALSE,,"multiverse cell 332/1260: coding=tie_break_median, outlier=none, es_set=no_starbound, df_basis=k20, estimator=one_per_cluster, rho=0.4 [DEC-045 S2]; cluster x cell aggregates (D2/H2b convention)"
H3,end_any_exposure|none|no_starbound|k20,one_per_cluster|r0.4,diff,Fisher_z,one_per_cluster,0.4,2606,110,109,-0.04335705646006112,0.05509894077281173,-0.7868945546309924,107,0.43308303506407664,,,,,,,,,,,,,,,,,,,FALSE,,"multiverse cell 333/1260: coding=end_any_exposure, outlier=none, es_set=no_starbound, df_basis=k20, estimator=one_per_cluster, rho=0.4 [DEC-045 S2]; cluster x cell aggregates (D2/H2b convention)"
H3,share_recut_2017|none|no_starbound|k20,one_per_cluster|r0.4,diff,Fisher_z,one_per_cluster,0.4,2606,110,109,-0.007729510965423292,0.0563554302790583,-0.13715645372856963,108,0.891162498354632,,,,,,,,,,,,,,,,,,,FALSE,,"multiverse cell 334/1260: coding=share_recut_2017, outlier=none, es_set=no_starbound, df_basis=k20, estimator=one_per_cluster, rho=0.4 [DEC-045 S2]; cluster x cell aggregates (D2/H2b convention)"
H3,share_recut_2018|none|no_starbound|k20,one_per_cluster|r0.4,diff,Fisher_z,one_per_cluster,0.4,2606,110,109,0.016821063347715853,0.06710183612602569,0.2506796284400293,107,0.8025425408451847,,,,,,,,,,,,,,,,,,,FALSE,,"multiverse cell 335/1260: coding=share_recut_2018, outlier=none, es_set=no_starbound, df_basis=k20, estimator=one_per_cluster, rho=0.4 [DEC-045 S2]; cluster x cell aggregates (D2/H2b convention)"
H3,share_recut_2019|none|no_starbound|k20,one_per_cluster|r0.4,diff,Fisher_z,one_per_cluster,0.4,2606,110,109,0.020765520834097655,0.0713128377960296,0.29118909688451344,107,0.7714704139962322,,,,,,,,,,,,,,,,,,,FALSE,,"multiverse cell 336/1260: coding=share_recut_2019, outlier=none, es_set=no_starbound, df_basis=k20, estimator=one_per_cluster, rho=0.4 [DEC-045 S2]; cluster x cell aggregates (D2/H2b convention)"
H3,end_lag1|none|no_starbound|k20,one_per_cluster|r0.4,diff,Fisher_z,one_per_cluster,0.4,2606,110,109,-0.05389777941630983,0.04835361441118991,-1.1146587503877867,108,0.2674710158664008,,,,,,,,,,,,,,,,,,,FALSE,,"multiverse cell 337/1260: coding=end_lag1, outlier=none, es_set=no_starbound, df_basis=k20, estimator=one_per_cluster, rho=0.4 [DEC-045 S2]; cluster x cell aggregates (D2/H2b convention)"
H3,end_lag2|none|no_starbound|k20,one_per_cluster|r0.4,diff,Fisher_z,one_per_cluster,0.4,2606,110,109,0.02585345025966939,0.04620907846626515,0.55948854895567,108,0.5769868146895198,,,,,,,,,,,,,,,,,,,FALSE,,"multiverse cell 338/1260: coding=end_lag2, outlier=none, es_set=no_starbound, df_basis=k20, estimator=one_per_cluster, rho=0.4 [DEC-045 S2]; cluster x cell aggregates (D2/H2b convention)"
H3,end_lag3|none|no_starbound|k20,one_per_cluster|r0.4,diff,Fisher_z,one_per_cluster,0.4,2606,110,109,0.01646572745742441,0.04609438971163909,0.35721760414731607,108,0.7216259754083771,,,,,,,,,,,,,,,,,,,FALSE,,"multiverse cell 339/1260: coding=end_lag3, outlier=none, es_set=no_starbound, df_basis=k20, estimator=one_per_cluster, rho=0.4 [DEC-045 S2]; cluster x cell aggregates (D2/H2b convention)"
H3,clean_window|none|no_starbound|k20,one_per_cluster|r0.4,diff,Fisher_z,one_per_cluster,0.4,905,38,38,-0.027968692965617745,0.028845197114977926,-0.9696135150033329,36,0.33870885039656684,,,,,,,,,,,,,,,,,,,FALSE,,"multiverse cell 340/1260: coding=clean_window, outlier=none, es_set=no_starbound, df_basis=k20, estimator=one_per_cluster, rho=0.4 [DEC-045 S2]; cluster x cell aggregates (D2/H2b convention)"
H3,paris_mid|rstudent|no_starbound|k20,one_per_cluster|r0.4,diff,Fisher_z,one_per_cluster,0.4,2593,110,109,-0.021927158812225626,0.019171483222621494,-1.1437382573692867,108,0.2552609720374952,,,,,,,,,,,,,,,,,,,FALSE,,"multiverse cell 341/1260: coding=paris_mid, outlier=rstudent, es_set=no_starbound, df_basis=k20, estimator=one_per_cluster, rho=0.4 [DEC-045 S2]; cluster x cell aggregates (D2/H2b convention)"
H3,tie_break_median|rstudent|no_starbound|k20,one_per_cluster|r0.4,diff,Fisher_z,one_per_cluster,0.4,2593,110,109,-0.03280330550753291,0.020205635470673132,-1.6234730926995238,108,0.10740364885940885,,,,,,,,,,,,,,,,,,,FALSE,,"multiverse cell 342/1260: coding=tie_break_median, outlier=rstudent, es_set=no_starbound, df_basis=k20, estimator=one_per_cluster, rho=0.4 [DEC-045 S2]; cluster x cell aggregates (D2/H2b convention)"
H3,end_any_exposure|rstudent|no_starbound|k20,one_per_cluster|r0.4,diff,Fisher_z,one_per_cluster,0.4,2593,110,109,-0.015770478446545624,0.021119022377971846,-0.7467428256998766,107,0.45685650126240407,,,,,,,,,,,,,,,,,,,FALSE,,"multiverse cell 343/1260: coding=end_any_exposure, outlier=rstudent, es_set=no_starbound, df_basis=k20, estimator=one_per_cluster, rho=0.4 [DEC-045 S2]; cluster x cell aggregates (D2/H2b convention)"
H3,share_recut_2017|rstudent|no_starbound|k20,one_per_cluster|r0.4,diff,Fisher_z,one_per_cluster,0.4,2593,110,109,-0.036613399406479924,0.02108931122260428,-1.7361116738244333,108,0.08539587887036733,,,,,,,,,,,,,,,,,,,FALSE,,"multiverse cell 344/1260: coding=share_recut_2017, outlier=rstudent, es_set=no_starbound, df_basis=k20, estimator=one_per_cluster, rho=0.4 [DEC-045 S2]; cluster x cell aggregates (D2/H2b convention)"
H3,share_recut_2018|rstudent|no_starbound|k20,one_per_cluster|r0.4,diff,Fisher_z,one_per_cluster,0.4,2593,110,109,-0.010661703592712984,0.02541949657461274,-0.4194301630411189,107,0.6757426776425183,,,,,,,,,,,,,,,,,,,FALSE,,"multiverse cell 345/1260: coding=share_recut_2018, outlier=rstudent, es_set=no_starbound, df_basis=k20, estimator=one_per_cluster, rho=0.4 [DEC-045 S2]; cluster x cell aggregates (D2/H2b convention)"
H3,share_recut_2019|rstudent|no_starbound|k20,one_per_cluster|r0.4,diff,Fisher_z,one_per_cluster,0.4,2593,110,109,-0.006553680753413033,0.02702371691064762,-0.24251588984159375,107,0.8088446928373599,,,,,,,,,,,,,,,,,,,FALSE,,"multiverse cell 346/1260: coding=share_recut_2019, outlier=rstudent, es_set=no_starbound, df_basis=k20, estimator=one_per_cluster, rho=0.4 [DEC-045 S2]; cluster x cell aggregates (D2/H2b convention)"
H3,end_lag1|rstudent|no_starbound|k20,one_per_cluster|r0.4,diff,Fisher_z,one_per_cluster,0.4,2593,110,109,-0.024399830015265262,0.018403130976408274,-1.3258521088908404,108,0.1876861507911491,,,,,,,,,,,,,,,,,,,FALSE,,"multiverse cell 347/1260: coding=end_lag1, outlier=rstudent, es_set=no_starbound, df_basis=k20, estimator=one_per_cluster, rho=0.4 [DEC-045 S2]; cluster x cell aggregates (D2/H2b convention)"
H3,end_lag2|rstudent|no_starbound|k20,one_per_cluster|r0.4,diff,Fisher_z,one_per_cluster,0.4,2593,110,109,-0.02240341845143146,0.017460835979991818,-1.283066771665646,108,0.2022152475812119,,,,,,,,,,,,,,,,,,,FALSE,,"multiverse cell 348/1260: coding=end_lag2, outlier=rstudent, es_set=no_starbound, df_basis=k20, estimator=one_per_cluster, rho=0.4 [DEC-045 S2]; cluster x cell aggregates (D2/H2b convention)"
H3,end_lag3|rstudent|no_starbound|k20,one_per_cluster|r0.4,diff,Fisher_z,one_per_cluster,0.4,2593,110,109,-0.020057075993572118,0.017356417673475982,-1.1555999844497447,108,0.25039497040898046,,,,,,,,,,,,,,,,,,,FALSE,,"multiverse cell 349/1260: coding=end_lag3, outlier=rstudent, es_set=no_starbound, df_basis=k20, estimator=one_per_cluster, rho=0.4 [DEC-045 S2]; cluster x cell aggregates (D2/H2b convention)"
H3,clean_window|rstudent|no_starbound|k20,one_per_cluster|r0.4,diff,Fisher_z,one_per_cluster,0.4,900,38,38,-0.03164848048876751,0.028397215069339538,-1.1144924039730348,36,0.2724533848425961,,,,,,,,,,,,,,,,,,,FALSE,,"multiverse cell 350/1260: coding=clean_window, outlier=rstudent, es_set=no_starbound, df_basis=k20, estimator=one_per_cluster, rho=0.4 [DEC-045 S2]; cluster x cell aggregates (D2/H2b convention)"
H3,paris_mid|winsor|no_starbound|k20,one_per_cluster|r0.4,diff,Fisher_z,one_per_cluster,0.4,2606,110,109,-0.017919031390934204,0.019066706369323037,-0.9398073817177276,108,0.3494135864996717,,,,,,,,,,,,,,,,,,,FALSE,,"multiverse cell 351/1260: coding=paris_mid, outlier=winsor, es_set=no_starbound, df_basis=k20, estimator=one_per_cluster, rho=0.4 [DEC-045 S2]; cluster x cell aggregates (D2/H2b convention)"
H3,tie_break_median|winsor|no_starbound|k20,one_per_cluster|r0.4,diff,Fisher_z,one_per_cluster,0.4,2606,110,109,-0.026277869900156264,0.020142951403183774,-1.3045689965772747,108,0.19481279746501493,,,,,,,,,,,,,,,,,,,FALSE,,"multiverse cell 352/1260: coding=tie_break_median, outlier=winsor, es_set=no_starbound, df_basis=k20, estimator=one_per_cluster, rho=0.4 [DEC-045 S2]; cluster x cell aggregates (D2/H2b convention)"
H3,end_any_exposure|winsor|no_starbound|k20,one_per_cluster|r0.4,diff,Fisher_z,one_per_cluster,0.4,2606,110,109,-0.014138017021763517,0.02096985347609559,-0.6742067624783374,107,0.5016338601320596,,,,,,,,,,,,,,,,,,,FALSE,,"multiverse cell 353/1260: coding=end_any_exposure, outlier=winsor, es_set=no_starbound, df_basis=k20, estimator=one_per_cluster, rho=0.4 [DEC-045 S2]; cluster x cell aggregates (D2/H2b convention)"
H3,share_recut_2017|winsor|no_starbound|k20,one_per_cluster|r0.4,diff,Fisher_z,one_per_cluster,0.4,2606,110,109,-0.030363735373069432,0.021023737255264623,-1.4442596482443173,108,0.1515608082633071,,,,,,,,,,,,,,,,,,,FALSE,,"multiverse cell 354/1260: coding=share_recut_2017, outlier=winsor, es_set=no_starbound, df_basis=k20, estimator=one_per_cluster, rho=0.4 [DEC-045 S2]; cluster x cell aggregates (D2/H2b convention)"
H3,share_recut_2018|winsor|no_starbound|k20,one_per_cluster|r0.4,diff,Fisher_z,one_per_cluster,0.4,2606,110,109,-0.005052595862768884,0.025246173410342607,-0.2001331362438866,107,0.841756337522664,,,,,,,,,,,,,,,,,,,FALSE,,"multiverse cell 355/1260: coding=share_recut_2018, outlier=winsor, es_set=no_starbound, df_basis=k20, estimator=one_per_cluster, rho=0.4 [DEC-045 S2]; cluster x cell aggregates (D2/H2b convention)"
H3,share_recut_2019|winsor|no_starbound|k20,one_per_cluster|r0.4,diff,Fisher_z,one_per_cluster,0.4,2606,110,109,-0.0011832294479184186,0.02683035191054201,-0.04410040732464309,107,0.9649065632496964,,,,,,,,,,,,,,,,,,,FALSE,,"multiverse cell 356/1260: coding=share_recut_2019, outlier=winsor, es_set=no_starbound, df_basis=k20, estimator=one_per_cluster, rho=0.4 [DEC-045 S2]; cluster x cell aggregates (D2/H2b convention)"
H3,end_lag1|winsor|no_starbound|k20,one_per_cluster|r0.4,diff,Fisher_z,one_per_cluster,0.4,2606,110,109,-0.019816239054287928,0.018312062270938796,-1.0821413099788468,108,0.28160001039670884,,,,,,,,,,,,,,,,,,,FALSE,,"multiverse cell 357/1260: coding=end_lag1, outlier=winsor, es_set=no_starbound, df_basis=k20, estimator=one_per_cluster, rho=0.4 [DEC-045 S2]; cluster x cell aggregates (D2/H2b convention)"
H3,end_lag2|winsor|no_starbound|k20,one_per_cluster|r0.4,diff,Fisher_z,one_per_cluster,0.4,2606,110,109,-0.010511665262968976,0.017435447291277953,-0.6028904843885144,108,0.5478454731948754,,,,,,,,,,,,,,,,,,,FALSE,,"multiverse cell 358/1260: coding=end_lag2, outlier=winsor, es_set=no_starbound, df_basis=k20, estimator=one_per_cluster, rho=0.4 [DEC-045 S2]; cluster x cell aggregates (D2/H2b convention)"
H3,end_lag3|winsor|no_starbound|k20,one_per_cluster|r0.4,diff,Fisher_z,one_per_cluster,0.4,2606,110,109,-0.010853800888486267,0.0173019610931795,-0.6273162232901378,108,0.5317759909725543,,,,,,,,,,,,,,,,,,,FALSE,,"multiverse cell 359/1260: coding=end_lag3, outlier=winsor, es_set=no_starbound, df_basis=k20, estimator=one_per_cluster, rho=0.4 [DEC-045 S2]; cluster x cell aggregates (D2/H2b convention)"
H3,clean_window|winsor|no_starbound|k20,one_per_cluster|r0.4,diff,Fisher_z,one_per_cluster,0.4,905,38,38,-0.025648709249861023,0.0268708373879528,-0.9545184200831902,36,0.34618715215201457,,,,,,,,,,,,,,,,,,,FALSE,,"multiverse cell 360/1260: coding=clean_window, outlier=winsor, es_set=no_starbound, df_basis=k20, estimator=one_per_cluster, rho=0.4 [DEC-045 S2]; cluster x cell aggregates (D2/H2b convention)"
H3,paris_mid|none|full|dfE,3LMA-RVE_CR2|r0.6,diff,Fisher_z,3LMA-RVE_CR2,0.6,2705,113,112,0.010175906710402569,0.018107282421257465,0.5619786820387982,14.992066372892525,0.5824357256305164,,,,,,,,,,,,,,,,,,,TRUE,h3_core_paris_mid,"multiverse cell 361/1260: coding=paris_mid, outlier=none, es_set=full, df_basis=dfE, estimator=3LMA-RVE_CR2, rho=0.6 [DEC-045 S2]; descriptive curve cell; CORE cell (inference via joint permutation); verifier identity vs committed T2 diff at 1e-6"
H3,tie_break_median|none|full|dfE,3LMA-RVE_CR2|r0.6,diff,Fisher_z,3LMA-RVE_CR2,0.6,2705,113,112,0.00980554090070676,0.01774802748785959,0.5524862358599665,12.263709778995564,0.5905430537837604,,,,,,,,,,,,,,,,,,,TRUE,h3_core_tie_break_median,"multiverse cell 362/1260: coding=tie_break_median, outlier=none, es_set=full, df_basis=dfE, estimator=3LMA-RVE_CR2, rho=0.6 [DEC-045 S2]; descriptive curve cell; CORE cell (inference via joint permutation); verifier identity vs committed T2 diff at 1e-6"
H3,end_any_exposure|none|full|dfE,3LMA-RVE_CR2|r0.6,diff,Fisher_z,3LMA-RVE_CR2,0.6,2705,113,112,-0.01940345524493642,0.02093175069494282,-0.9269867354967283,41.602909518717865,0.35928021253577047,,,,,,,,,,,,,,,,,,,TRUE,h3_core_end_any_exposure,"multiverse cell 363/1260: coding=end_any_exposure, outlier=none, es_set=full, df_basis=dfE, estimator=3LMA-RVE_CR2, rho=0.6 [DEC-045 S2]; descriptive curve cell; CORE cell (inference via joint permutation); verifier identity vs committed T2 diff at 1e-6"
H3,share_recut_2017|none|full|dfE,3LMA-RVE_CR2|r0.6,diff,Fisher_z,3LMA-RVE_CR2,0.6,2705,113,112,0.008034069380252327,0.018000132753410017,0.4463338959947571,10.852182830898839,0.6641307996934442,,,,,,,,,,,,,,,,,,,TRUE,h3_core_share_recut_2017,"multiverse cell 364/1260: coding=share_recut_2017, outlier=none, es_set=full, df_basis=dfE, estimator=3LMA-RVE_CR2, rho=0.6 [DEC-045 S2]; descriptive curve cell; CORE cell (inference via joint permutation); verifier identity vs committed T2 diff at 1e-6"
H3,share_recut_2018|none|full|dfE,3LMA-RVE_CR2|r0.6,diff,Fisher_z,3LMA-RVE_CR2,0.6,2705,113,112,0.0031230425951205704,0.022238265745224407,0.1404355281522451,18.776144121163686,0.889811509138402,,,,,,,,,,,,,,,,,,,TRUE,h3_core_share_recut_2018,"multiverse cell 365/1260: coding=share_recut_2018, outlier=none, es_set=full, df_basis=dfE, estimator=3LMA-RVE_CR2, rho=0.6 [DEC-045 S2]; descriptive curve cell; CORE cell (inference via joint permutation); verifier identity vs committed T2 diff at 1e-6"
H3,share_recut_2019|none|full|dfE,3LMA-RVE_CR2|r0.6,diff,Fisher_z,3LMA-RVE_CR2,0.6,2705,113,112,0.004205666562196501,0.022784454357159773,0.18458491462074075,15.443904167078053,0.8559566679678614,,,,,,,,,,,,,,,,,,,TRUE,h3_core_share_recut_2019,"multiverse cell 366/1260: coding=share_recut_2019, outlier=none, es_set=full, df_basis=dfE, estimator=3LMA-RVE_CR2, rho=0.6 [DEC-045 S2]; descriptive curve cell; CORE cell (inference via joint permutation); verifier identity vs committed T2 diff at 1e-6"
H3,end_lag1|none|full|dfE,3LMA-RVE_CR2|r0.6,diff,Fisher_z,3LMA-RVE_CR2,0.6,2705,113,112,-0.006364456656900566,0.020619186647117243,-0.30866671735523465,17.75588781072864,0.7611672683926,,,,,,,,,,,,,,,,,,,TRUE,h3_core_end_lag1,"multiverse cell 367/1260: coding=end_lag1, outlier=none, es_set=full, df_basis=dfE, estimator=3LMA-RVE_CR2, rho=0.6 [DEC-045 S2]; descriptive curve cell; CORE cell (inference via joint permutation); verifier identity vs committed T2 diff at 1e-6"
H3,end_lag2|none|full|dfE,3LMA-RVE_CR2|r0.6,diff,Fisher_z,3LMA-RVE_CR2,0.6,2705,113,112,0.039789555352768805,0.026140797507343137,1.5221247684425707,22.010830067898656,0.14221586082545004,,,,,,,,,,,,,,,,,,,TRUE,h3_core_end_lag2,"multiverse cell 368/1260: coding=end_lag2, outlier=none, es_set=full, df_basis=dfE, estimator=3LMA-RVE_CR2, rho=0.6 [DEC-045 S2]; descriptive curve cell; CORE cell (inference via joint permutation); verifier identity vs committed T2 diff at 1e-6"
H3,end_lag3|none|full|dfE,3LMA-RVE_CR2|r0.6,diff,Fisher_z,3LMA-RVE_CR2,0.6,2705,113,112,0.021318891889069234,0.0217628822200088,0.9795987348343336,22.30497154720706,0.33779063598521086,,,,,,,,,,,,,,,,,,,TRUE,h3_core_end_lag3,"multiverse cell 369/1260: coding=end_lag3, outlier=none, es_set=full, df_basis=dfE, estimator=3LMA-RVE_CR2, rho=0.6 [DEC-045 S2]; descriptive curve cell; CORE cell (inference via joint permutation); verifier identity vs committed T2 diff at 1e-6"
H3,clean_window|none|full|dfE,3LMA-RVE_CR2|r0.6,diff,Fisher_z,3LMA-RVE_CR2,0.6,929,40,40,-0.012921000363889316,0.01733198934521719,-0.7455001331081998,23.47448341697793,0.46336936745305046,,,,,,,,,,,,,,,,,,,TRUE,h3_core_clean_window,"multiverse cell 370/1260: coding=clean_window, outlier=none, es_set=full, df_basis=dfE, estimator=3LMA-RVE_CR2, rho=0.6 [DEC-045 S2]; descriptive curve cell; CORE cell (inference via joint permutation); verifier identity vs committed T2 diff at 1e-6"
H3,paris_mid|rstudent|full|dfE,3LMA-RVE_CR2|r0.6,diff,Fisher_z,3LMA-RVE_CR2,0.6,2692,113,112,-0.013577323472341654,0.01055121652043006,-1.286801711068313,39.86355419423672,0.20558598918464674,,,,,,,,,,,,,,,,,,,FALSE,,"multiverse cell 371/1260: coding=paris_mid, outlier=rstudent, es_set=full, df_basis=dfE, estimator=3LMA-RVE_CR2, rho=0.6 [DEC-045 S2]; descriptive curve cell"
H3,tie_break_median|rstudent|full|dfE,3LMA-RVE_CR2|r0.6,diff,Fisher_z,3LMA-RVE_CR2,0.6,2692,113,112,-0.012537873268123195,0.011138405175540152,-1.1256434893979492,30.306500810675036,0.26915190084843493,,,,,,,,,,,,,,,,,,,FALSE,,"multiverse cell 372/1260: coding=tie_break_median, outlier=rstudent, es_set=full, df_basis=dfE, estimator=3LMA-RVE_CR2, rho=0.6 [DEC-045 S2]; descriptive curve cell"
H3,end_any_exposure|rstudent|full|dfE,3LMA-RVE_CR2|r0.6,diff,Fisher_z,3LMA-RVE_CR2,0.6,2692,113,112,0.0015117051228474149,0.010326905178196589,0.14638510732519455,35.09280074600732,0.8844550800857077,,,,,,,,,,,,,,,,,,,FALSE,,"multiverse cell 373/1260: coding=end_any_exposure, outlier=rstudent, es_set=full, df_basis=dfE, estimator=3LMA-RVE_CR2, rho=0.6 [DEC-045 S2]; descriptive curve cell"
H3,share_recut_2017|rstudent|full|dfE,3LMA-RVE_CR2|r0.6,diff,Fisher_z,3LMA-RVE_CR2,0.6,2692,113,112,-0.012932696522532226,0.011606504922636426,-1.114262787009145,26.484371628086624,0.2751766534702949,,,,,,,,,,,,,,,,,,,FALSE,,"multiverse cell 374/1260: coding=share_recut_2017, outlier=rstudent, es_set=full, df_basis=dfE, estimator=3LMA-RVE_CR2, rho=0.6 [DEC-045 S2]; descriptive curve cell"
H3,share_recut_2018|rstudent|full|dfE,3LMA-RVE_CR2|r0.6,diff,Fisher_z,3LMA-RVE_CR2,0.6,2692,113,112,-0.01380651775375339,0.014816899142489315,-0.9318088502176187,17.860824989366606,0.363860799948445,,,,,,,,,,,,,,,,,,,FALSE,,"multiverse cell 375/1260: coding=share_recut_2018, outlier=rstudent, es_set=full, df_basis=dfE, estimator=3LMA-RVE_CR2, rho=0.6 [DEC-045 S2]; descriptive curve cell"
H3,share_recut_2019|rstudent|full|dfE,3LMA-RVE_CR2|r0.6,diff,Fisher_z,3LMA-RVE_CR2,0.6,2692,113,112,-0.01368234025460327,0.016010290486962883,-0.8545966274468753,14.690991057790919,0.40649539855331907,,,,,,,,,,,,,,,,,,,FALSE,,"multiverse cell 376/1260: coding=share_recut_2019, outlier=rstudent, es_set=full, df_basis=dfE, estimator=3LMA-RVE_CR2, rho=0.6 [DEC-045 S2]; descriptive curve cell"
H3,end_lag1|rstudent|full|dfE,3LMA-RVE_CR2|r0.6,diff,Fisher_z,3LMA-RVE_CR2,0.6,2692,113,112,0.003296775697868383,0.008960937718177528,0.3679052127748612,45.2504717331344,0.7146593046445506,,,,,,,,,,,,,,,,,,,FALSE,,"multiverse cell 377/1260: coding=end_lag1, outlier=rstudent, es_set=full, df_basis=dfE, estimator=3LMA-RVE_CR2, rho=0.6 [DEC-045 S2]; descriptive curve cell"
H3,end_lag2|rstudent|full|dfE,3LMA-RVE_CR2|r0.6,diff,Fisher_z,3LMA-RVE_CR2,0.6,2692,113,112,0.011277160512786107,0.008689480183066015,1.2977946062599857,60.459427362443,0.19928756097086084,,,,,,,,,,,,,,,,,,,FALSE,,"multiverse cell 378/1260: coding=end_lag2, outlier=rstudent, es_set=full, df_basis=dfE, estimator=3LMA-RVE_CR2, rho=0.6 [DEC-045 S2]; descriptive curve cell"
H3,end_lag3|rstudent|full|dfE,3LMA-RVE_CR2|r0.6,diff,Fisher_z,3LMA-RVE_CR2,0.6,2692,113,112,-4.4632835904882123e-4,0.009017009941067574,-0.049498488075968336,68.53255823423198,0.9606660204326701,,,,,,,,,,,,,,,,,,,FALSE,,"multiverse cell 379/1260: coding=end_lag3, outlier=rstudent, es_set=full, df_basis=dfE, estimator=3LMA-RVE_CR2, rho=0.6 [DEC-045 S2]; descriptive curve cell"
H3,clean_window|rstudent|full|dfE,3LMA-RVE_CR2|r0.6,diff,Fisher_z,3LMA-RVE_CR2,0.6,924,40,40,-0.020562780626897245,0.01932127717949136,-1.0642557650755966,24.023131688542488,0.2977937506394685,,,,,,,,,,,,,,,,,,,FALSE,,"multiverse cell 380/1260: coding=clean_window, outlier=rstudent, es_set=full, df_basis=dfE, estimator=3LMA-RVE_CR2, rho=0.6 [DEC-045 S2]; descriptive curve cell"
H3,paris_mid|winsor|full|dfE,3LMA-RVE_CR2|r0.6,diff,Fisher_z,3LMA-RVE_CR2,0.6,2705,113,112,-0.009915966433455062,0.011105586374581174,-0.8928809428875406,34.89902529657959,0.3780367718173223,,,,,,,,,,,,,,,,,,,FALSE,,"multiverse cell 381/1260: coding=paris_mid, outlier=winsor, es_set=full, df_basis=dfE, estimator=3LMA-RVE_CR2, rho=0.6 [DEC-045 S2]; descriptive curve cell"
H3,tie_break_median|winsor|full|dfE,3LMA-RVE_CR2|r0.6,diff,Fisher_z,3LMA-RVE_CR2,0.6,2705,113,112,-0.007906678707789792,0.011465949410913999,-0.689579067936906,26.782574829810216,0.49639076882373034,,,,,,,,,,,,,,,,,,,FALSE,,"multiverse cell 382/1260: coding=tie_break_median, outlier=winsor, es_set=full, df_basis=dfE, estimator=3LMA-RVE_CR2, rho=0.6 [DEC-045 S2]; descriptive curve cell"
H3,end_any_exposure|winsor|full|dfE,3LMA-RVE_CR2|r0.6,diff,Fisher_z,3LMA-RVE_CR2,0.6,2705,113,112,0.0019189242389521868,0.010587140801111112,0.18125046931942165,36.11319732616891,0.8571844396136209,,,,,,,,,,,,,,,,,,,FALSE,,"multiverse cell 383/1260: coding=end_any_exposure, outlier=winsor, es_set=full, df_basis=dfE, estimator=3LMA-RVE_CR2, rho=0.6 [DEC-045 S2]; descriptive curve cell"
H3,share_recut_2017|winsor|full|dfE,3LMA-RVE_CR2|r0.6,diff,Fisher_z,3LMA-RVE_CR2,0.6,2705,113,112,-0.00852285689810068,0.011982199636179849,-0.7112931812925399,23.381278005869028,0.4839389902533392,,,,,,,,,,,,,,,,,,,FALSE,,"multiverse cell 384/1260: coding=share_recut_2017, outlier=winsor, es_set=full, df_basis=dfE, estimator=3LMA-RVE_CR2, rho=0.6 [DEC-045 S2]; descriptive curve cell"
H3,share_recut_2018|winsor|full|dfE,3LMA-RVE_CR2|r0.6,diff,Fisher_z,3LMA-RVE_CR2,0.6,2705,113,112,-0.010268998888461646,0.015020299879508392,-0.6836746916398946,18.006840558294734,0.5028841906050419,,,,,,,,,,,,,,,,,,,FALSE,,"multiverse cell 385/1260: coding=share_recut_2018, outlier=winsor, es_set=full, df_basis=dfE, estimator=3LMA-RVE_CR2, rho=0.6 [DEC-045 S2]; descriptive curve cell"
H3,share_recut_2019|winsor|full|dfE,3LMA-RVE_CR2|r0.6,diff,Fisher_z,3LMA-RVE_CR2,0.6,2705,113,112,-0.009921376118542137,0.016233108167087434,-0.6111815443118707,14.812347677184214,0.550344459868319,,,,,,,,,,,,,,,,,,,FALSE,,"multiverse cell 386/1260: coding=share_recut_2019, outlier=winsor, es_set=full, df_basis=dfE, estimator=3LMA-RVE_CR2, rho=0.6 [DEC-045 S2]; descriptive curve cell"
H3,end_lag1|winsor|full|dfE,3LMA-RVE_CR2|r0.6,diff,Fisher_z,3LMA-RVE_CR2,0.6,2705,113,112,0.005963161742401538,0.009417982441605159,0.6331676427913581,39.44856191034891,0.5302779519658162,,,,,,,,,,,,,,,,,,,FALSE,,"multiverse cell 387/1260: coding=end_lag1, outlier=winsor, es_set=full, df_basis=dfE, estimator=3LMA-RVE_CR2, rho=0.6 [DEC-045 S2]; descriptive curve cell"
H3,end_lag2|winsor|full|dfE,3LMA-RVE_CR2|r0.6,diff,Fisher_z,3LMA-RVE_CR2,0.6,2705,113,112,0.017482830336814435,0.009145664118024081,1.9115976829238286,52.662861478591346,0.06137603124063501,,,,,,,,,,,,,,,,,,,FALSE,,"multiverse cell 388/1260: coding=end_lag2, outlier=winsor, es_set=full, df_basis=dfE, estimator=3LMA-RVE_CR2, rho=0.6 [DEC-045 S2]; descriptive curve cell"
H3,end_lag3|winsor|full|dfE,3LMA-RVE_CR2|r0.6,diff,Fisher_z,3LMA-RVE_CR2,0.6,2705,113,112,0.005000847137286983,0.009188684409257113,0.5442397316691924,58.05252001492533,0.5883608998072889,,,,,,,,,,,,,,,,,,,FALSE,,"multiverse cell 389/1260: coding=end_lag3, outlier=winsor, es_set=full, df_basis=dfE, estimator=3LMA-RVE_CR2, rho=0.6 [DEC-045 S2]; descriptive curve cell"
H3,clean_window|winsor|full|dfE,3LMA-RVE_CR2|r0.6,diff,Fisher_z,3LMA-RVE_CR2,0.6,929,40,40,-0.01635732233510609,0.018896320631204822,-0.8656353082882227,23.94426104579306,0.3952809844258308,,,,,,,,,,,,,,,,,,,FALSE,,"multiverse cell 390/1260: coding=clean_window, outlier=winsor, es_set=full, df_basis=dfE, estimator=3LMA-RVE_CR2, rho=0.6 [DEC-045 S2]; descriptive curve cell"
H3,paris_mid|none|no_starbound|dfE,3LMA-RVE_CR2|r0.6,diff,Fisher_z,3LMA-RVE_CR2,0.6,2607,110,109,0.006094697018547646,0.019157620212020218,0.31813434816520697,14.27755573047274,0.7549887085487963,,,,,,,,,,,,,,,,,,,FALSE,,"multiverse cell 391/1260: coding=paris_mid, outlier=none, es_set=no_starbound, df_basis=dfE, estimator=3LMA-RVE_CR2, rho=0.6 [DEC-045 S2]; descriptive curve cell"
H3,tie_break_median|none|no_starbound|dfE,3LMA-RVE_CR2|r0.6,diff,Fisher_z,3LMA-RVE_CR2,0.6,2607,110,109,0.005694761922289307,0.018855421296589448,0.3020225235338216,11.724150466360618,0.7679253884918693,,,,,,,,,,,,,,,,,,,FALSE,,"multiverse cell 392/1260: coding=tie_break_median, outlier=none, es_set=no_starbound, df_basis=dfE, estimator=3LMA-RVE_CR2, rho=0.6 [DEC-045 S2]; descriptive curve cell"
H3,end_any_exposure|none|no_starbound|dfE,3LMA-RVE_CR2|r0.6,diff,Fisher_z,3LMA-RVE_CR2,0.6,2607,110,109,-0.01802159247888096,0.02184282715363185,-0.8250576883718312,37.45212342586103,0.4145632259819595,,,,,,,,,,,,,,,,,,,FALSE,,"multiverse cell 393/1260: coding=end_any_exposure, outlier=none, es_set=no_starbound, df_basis=dfE, estimator=3LMA-RVE_CR2, rho=0.6 [DEC-045 S2]; descriptive curve cell"
H3,share_recut_2017|none|no_starbound|dfE,3LMA-RVE_CR2|r0.6,diff,Fisher_z,3LMA-RVE_CR2,0.6,2607,110,109,0.0038542721037238548,0.019207730023560955,0.20066255091028734,10.389151519438007,0.8448364521021577,,,,,,,,,,,,,,,,,,,FALSE,,"multiverse cell 394/1260: coding=share_recut_2017, outlier=none, es_set=no_starbound, df_basis=dfE, estimator=3LMA-RVE_CR2, rho=0.6 [DEC-045 S2]; descriptive curve cell"
H3,share_recut_2018|none|no_starbound|dfE,3LMA-RVE_CR2|r0.6,diff,Fisher_z,3LMA-RVE_CR2,0.6,2607,110,109,-0.003108119662957029,0.022832995027486133,-0.13612404589128607,18.941527247344467,0.8931595439292246,,,,,,,,,,,,,,,,,,,FALSE,,"multiverse cell 395/1260: coding=share_recut_2018, outlier=none, es_set=no_starbound, df_basis=dfE, estimator=3LMA-RVE_CR2, rho=0.6 [DEC-045 S2]; descriptive curve cell"
H3,share_recut_2019|none|no_starbound|dfE,3LMA-RVE_CR2|r0.6,diff,Fisher_z,3LMA-RVE_CR2,0.6,2607,110,109,-0.0024633963267420914,0.023353232564029706,-0.10548416883992273,15.560428844083942,0.9173394505833457,,,,,,,,,,,,,,,,,,,FALSE,,"multiverse cell 396/1260: coding=share_recut_2019, outlier=none, es_set=no_starbound, df_basis=dfE, estimator=3LMA-RVE_CR2, rho=0.6 [DEC-045 S2]; descriptive curve cell"
H3,end_lag1|none|no_starbound|dfE,3LMA-RVE_CR2|r0.6,diff,Fisher_z,3LMA-RVE_CR2,0.6,2607,110,109,-0.012717106978013037,0.022388131503595254,-0.5680289565911666,16.054813996921055,0.5778738665317034,,,,,,,,,,,,,,,,,,,FALSE,,"multiverse cell 397/1260: coding=end_lag1, outlier=none, es_set=no_starbound, df_basis=dfE, estimator=3LMA-RVE_CR2, rho=0.6 [DEC-045 S2]; descriptive curve cell"
H3,end_lag2|none|no_starbound|dfE,3LMA-RVE_CR2|r0.6,diff,Fisher_z,3LMA-RVE_CR2,0.6,2607,110,109,0.0358336280487531,0.027354811025065952,1.3099570680973733,19.995672545245963,0.20506099038679507,,,,,,,,,,,,,,,,,,,FALSE,,"multiverse cell 398/1260: coding=end_lag2, outlier=none, es_set=no_starbound, df_basis=dfE, estimator=3LMA-RVE_CR2, rho=0.6 [DEC-045 S2]; descriptive curve cell"
H3,end_lag3|none|no_starbound|dfE,3LMA-RVE_CR2|r0.6,diff,Fisher_z,3LMA-RVE_CR2,0.6,2607,110,109,0.0176989177141395,0.02268306426701062,0.7802701392456982,20.581106150974893,0.44411372034220575,,,,,,,,,,,,,,,,,,,FALSE,,"multiverse cell 399/1260: coding=end_lag3, outlier=none, es_set=no_starbound, df_basis=dfE, estimator=3LMA-RVE_CR2, rho=0.6 [DEC-045 S2]; descriptive curve cell"
H3,clean_window|none|no_starbound|dfE,3LMA-RVE_CR2|r0.6,diff,Fisher_z,3LMA-RVE_CR2,0.6,905,38,38,-0.01882518300724461,0.018050432628308827,-1.0429214299119196,24.060681616050694,0.3073508277721863,,,,,,,,,,,,,,,,,,,FALSE,,"multiverse cell 400/1260: coding=clean_window, outlier=none, es_set=no_starbound, df_basis=dfE, estimator=3LMA-RVE_CR2, rho=0.6 [DEC-045 S2]; descriptive curve cell"
H3,paris_mid|rstudent|no_starbound|dfE,3LMA-RVE_CR2|r0.6,diff,Fisher_z,3LMA-RVE_CR2,0.6,2594,110,109,-0.017837478378403264,0.011002613661141327,-1.6212037364722793,38.769770352527985,0.11307994640577415,,,,,,,,,,,,,,,,,,,FALSE,,"multiverse cell 401/1260: coding=paris_mid, outlier=rstudent, es_set=no_starbound, df_basis=dfE, estimator=3LMA-RVE_CR2, rho=0.6 [DEC-045 S2]; descriptive curve cell"
H3,tie_break_median|rstudent|no_starbound|dfE,3LMA-RVE_CR2|r0.6,diff,Fisher_z,3LMA-RVE_CR2,0.6,2594,110,109,-0.016963533796876595,0.011648384223947098,-1.4562993004645617,29.471915855256885,0.1558815824047533,,,,,,,,,,,,,,,,,,,FALSE,,"multiverse cell 402/1260: coding=tie_break_median, outlier=rstudent, es_set=no_starbound, df_basis=dfE, estimator=3LMA-RVE_CR2, rho=0.6 [DEC-045 S2]; descriptive curve cell"
H3,end_any_exposure|rstudent|no_starbound|dfE,3LMA-RVE_CR2|r0.6,diff,Fisher_z,3LMA-RVE_CR2,0.6,2594,110,109,7.658557631349955e-4,0.01117432444158233,0.06853709744501987,31.593773087278354,0.9457900315853663,,,,,,,,,,,,,,,,,,,FALSE,,"multiverse cell 403/1260: coding=end_any_exposure, outlier=rstudent, es_set=no_starbound, df_basis=dfE, estimator=3LMA-RVE_CR2, rho=0.6 [DEC-045 S2]; descriptive curve cell"
H3,share_recut_2017|rstudent|no_starbound|dfE,3LMA-RVE_CR2|r0.6,diff,Fisher_z,3LMA-RVE_CR2,0.6,2594,110,109,-0.01752803991593975,0.012169818080363323,-1.4402877512378116,25.697460263335454,0.16185929751734268,,,,,,,,,,,,,,,,,,,FALSE,,"multiverse cell 404/1260: coding=share_recut_2017, outlier=rstudent, es_set=no_starbound, df_basis=dfE, estimator=3LMA-RVE_CR2, rho=0.6 [DEC-045 S2]; descriptive curve cell"
H3,share_recut_2018|rstudent|no_starbound|dfE,3LMA-RVE_CR2|r0.6,diff,Fisher_z,3LMA-RVE_CR2,0.6,2594,110,109,-0.019642853562987082,0.014723616306835682,-1.3341052329560885,18.10087598640886,0.19871249082320736,,,,,,,,,,,,,,,,,,,FALSE,,"multiverse cell 405/1260: coding=share_recut_2018, outlier=rstudent, es_set=no_starbound, df_basis=dfE, estimator=3LMA-RVE_CR2, rho=0.6 [DEC-045 S2]; descriptive curve cell"
H3,share_recut_2019|rstudent|no_starbound|dfE,3LMA-RVE_CR2|r0.6,diff,Fisher_z,3LMA-RVE_CR2,0.6,2594,110,109,-0.019928753324227895,0.015815492510725806,-1.260077946400502,14.86436458893414,0.2270654046592828,,,,,,,,,,,,,,,,,,,FALSE,,"multiverse cell 406/1260: coding=share_recut_2019, outlier=rstudent, es_set=no_starbound, df_basis=dfE, estimator=3LMA-RVE_CR2, rho=0.6 [DEC-045 S2]; descriptive curve cell"
H3,end_lag1|rstudent|no_starbound|dfE,3LMA-RVE_CR2|r0.6,diff,Fisher_z,3LMA-RVE_CR2,0.6,2594,110,109,-0.002142875566821828,0.010026314570965988,-0.21372514812442914,40.33336473906802,0.8318381540164015,,,,,,,,,,,,,,,,,,,FALSE,,"multiverse cell 407/1260: coding=end_lag1, outlier=rstudent, es_set=no_starbound, df_basis=dfE, estimator=3LMA-RVE_CR2, rho=0.6 [DEC-045 S2]; descriptive curve cell"
H3,end_lag2|rstudent|no_starbound|dfE,3LMA-RVE_CR2|r0.6,diff,Fisher_z,3LMA-RVE_CR2,0.6,2594,110,109,0.0071786054792842835,0.009416240748189184,0.7623642673606009,54.850671037831255,0.449108680107819,,,,,,,,,,,,,,,,,,,FALSE,,"multiverse cell 408/1260: coding=end_lag2, outlier=rstudent, es_set=no_starbound, df_basis=dfE, estimator=3LMA-RVE_CR2, rho=0.6 [DEC-045 S2]; descriptive curve cell"
H3,end_lag3|rstudent|no_starbound|dfE,3LMA-RVE_CR2|r0.6,diff,Fisher_z,3LMA-RVE_CR2,0.6,2594,110,109,-0.0041758798612726925,0.009544860057232034,-0.43750037572407097,63.630317033991574,0.663229912149099,,,,,,,,,,,,,,,,,,,FALSE,,"multiverse cell 409/1260: coding=end_lag3, outlier=rstudent, es_set=no_starbound, df_basis=dfE, estimator=3LMA-RVE_CR2, rho=0.6 [DEC-045 S2]; descriptive curve cell"
H3,clean_window|rstudent|no_starbound|dfE,3LMA-RVE_CR2|r0.6,diff,Fisher_z,3LMA-RVE_CR2,0.6,900,38,38,-0.026597809787658105,0.019293028569477372,-1.3786228373567693,24.6054734712955,0.18041721973129857,,,,,,,,,,,,,,,,,,,FALSE,,"multiverse cell 410/1260: coding=clean_window, outlier=rstudent, es_set=no_starbound, df_basis=dfE, estimator=3LMA-RVE_CR2, rho=0.6 [DEC-045 S2]; descriptive curve cell"
H3,paris_mid|winsor|no_starbound|dfE,3LMA-RVE_CR2|r0.6,diff,Fisher_z,3LMA-RVE_CR2,0.6,2607,110,109,-0.013871144699575365,0.011562811900026811,-1.1996342083142597,33.72910607374473,0.2386406919665284,,,,,,,,,,,,,,,,,,,FALSE,,"multiverse cell 411/1260: coding=paris_mid, outlier=winsor, es_set=no_starbound, df_basis=dfE, estimator=3LMA-RVE_CR2, rho=0.6 [DEC-045 S2]; descriptive curve cell"
H3,tie_break_median|winsor|no_starbound|dfE,3LMA-RVE_CR2|r0.6,diff,Fisher_z,3LMA-RVE_CR2,0.6,2607,110,109,-0.01200035426781261,0.011980746442617235,-1.0016366113154376,25.87304191303427,0.32579547455041113,,,,,,,,,,,,,,,,,,,FALSE,,"multiverse cell 412/1260: coding=tie_break_median, outlier=winsor, es_set=no_starbound, df_basis=dfE, estimator=3LMA-RVE_CR2, rho=0.6 [DEC-045 S2]; descriptive curve cell"
H3,end_any_exposure|winsor|no_starbound|dfE,3LMA-RVE_CR2|r0.6,diff,Fisher_z,3LMA-RVE_CR2,0.6,2607,110,109,0.001538009102025506,0.01142674270053558,0.13459733384505265,32.447327081796736,0.8937617079645801,,,,,,,,,,,,,,,,,,,FALSE,,"multiverse cell 413/1260: coding=end_any_exposure, outlier=winsor, es_set=no_starbound, df_basis=dfE, estimator=3LMA-RVE_CR2, rho=0.6 [DEC-045 S2]; descriptive curve cell"
H3,share_recut_2017|winsor|no_starbound|dfE,3LMA-RVE_CR2|r0.6,diff,Fisher_z,3LMA-RVE_CR2,0.6,2607,110,109,-0.012779670698330747,0.012550913054955433,-1.0182263746369429,22.560244868285174,0.31936634111756745,,,,,,,,,,,,,,,,,,,FALSE,,"multiverse cell 414/1260: coding=share_recut_2017, outlier=winsor, es_set=no_starbound, df_basis=dfE, estimator=3LMA-RVE_CR2, rho=0.6 [DEC-045 S2]; descriptive curve cell"
H3,share_recut_2018|winsor|no_starbound|dfE,3LMA-RVE_CR2|r0.6,diff,Fisher_z,3LMA-RVE_CR2,0.6,2607,110,109,-0.015823071630698793,0.014792715336519954,-1.0696529521956741,18.222207962097183,0.29874053037997833,,,,,,,,,,,,,,,,,,,FALSE,,"multiverse cell 415/1260: coding=share_recut_2018, outlier=winsor, es_set=no_starbound, df_basis=dfE, estimator=3LMA-RVE_CR2, rho=0.6 [DEC-045 S2]; descriptive curve cell"
H3,share_recut_2019|winsor|no_starbound|dfE,3LMA-RVE_CR2|r0.6,diff,Fisher_z,3LMA-RVE_CR2,0.6,2607,110,109,-0.015905330322822646,0.01588485976067352,-1.001288683844714,14.967564222234504,0.3326009144127625,,,,,,,,,,,,,,,,,,,FALSE,,"multiverse cell 416/1260: coding=share_recut_2019, outlier=winsor, es_set=no_starbound, df_basis=dfE, estimator=3LMA-RVE_CR2, rho=0.6 [DEC-045 S2]; descriptive curve cell"
H3,end_lag1|winsor|no_starbound|dfE,3LMA-RVE_CR2|r0.6,diff,Fisher_z,3LMA-RVE_CR2,0.6,2607,110,109,0.0011952083537397906,0.010436187238348929,0.11452538426561233,35.0096084274902,0.9094756352559251,,,,,,,,,,,,,,,,,,,FALSE,,"multiverse cell 417/1260: coding=end_lag1, outlier=winsor, es_set=no_starbound, df_basis=dfE, estimator=3LMA-RVE_CR2, rho=0.6 [DEC-045 S2]; descriptive curve cell"
H3,end_lag2|winsor|no_starbound|dfE,3LMA-RVE_CR2|r0.6,diff,Fisher_z,3LMA-RVE_CR2,0.6,2607,110,109,0.01407488207835083,0.009810307976419892,1.4347033867011403,47.43396083208297,0.15793237018914322,,,,,,,,,,,,,,,,,,,FALSE,,"multiverse cell 418/1260: coding=end_lag2, outlier=winsor, es_set=no_starbound, df_basis=dfE, estimator=3LMA-RVE_CR2, rho=0.6 [DEC-045 S2]; descriptive curve cell"
H3,end_lag3|winsor|no_starbound|dfE,3LMA-RVE_CR2|r0.6,diff,Fisher_z,3LMA-RVE_CR2,0.6,2607,110,109,0.001793312310479786,0.009689374801522389,0.18508029126894976,53.476940512496746,0.8538662216307937,,,,,,,,,,,,,,,,,,,FALSE,,"multiverse cell 419/1260: coding=end_lag3, outlier=winsor, es_set=no_starbound, df_basis=dfE, estimator=3LMA-RVE_CR2, rho=0.6 [DEC-045 S2]; descriptive curve cell"
H3,clean_window|winsor|no_starbound|dfE,3LMA-RVE_CR2|r0.6,diff,Fisher_z,3LMA-RVE_CR2,0.6,905,38,38,-0.021982184440367092,0.018812464536426248,-1.1684904121840798,24.533448433838533,0.25383856085686424,,,,,,,,,,,,,,,,,,,FALSE,,"multiverse cell 420/1260: coding=clean_window, outlier=winsor, es_set=no_starbound, df_basis=dfE, estimator=3LMA-RVE_CR2, rho=0.6 [DEC-045 S2]; descriptive curve cell"
H3,paris_mid|none|full|k10,3LMA-RVE_CR2|r0.6,diff,Fisher_z,3LMA-RVE_CR2,0.6,2705,113,112,0.010126179032339408,0.01814216746551705,0.5581570697980994,14.829650923532713,0.5850660878006527,,,,,,,,,,,,,,,,,,,FALSE,,"multiverse cell 421/1260: coding=paris_mid, outlier=none, es_set=full, df_basis=k10, estimator=3LMA-RVE_CR2, rho=0.6 [DEC-045 S2]; descriptive curve cell"
H3,tie_break_median|none|full|k10,3LMA-RVE_CR2|r0.6,diff,Fisher_z,3LMA-RVE_CR2,0.6,2705,113,112,0.00978120974120001,0.017785846020175317,0.5499434623522955,12.136906743067518,0.5923347817135534,,,,,,,,,,,,,,,,,,,FALSE,,"multiverse cell 422/1260: coding=tie_break_median, outlier=none, es_set=full, df_basis=k10, estimator=3LMA-RVE_CR2, rho=0.6 [DEC-045 S2]; descriptive curve cell"
H3,end_any_exposure|none|full|k10,3LMA-RVE_CR2|r0.6,diff,Fisher_z,3LMA-RVE_CR2,0.6,2705,113,112,-0.02002286982796498,0.021020916849179682,-0.9525212421334681,41.50764053323277,0.34634687127850805,,,,,,,,,,,,,,,,,,,FALSE,,"multiverse cell 423/1260: coding=end_any_exposure, outlier=none, es_set=full, df_basis=k10, estimator=3LMA-RVE_CR2, rho=0.6 [DEC-045 S2]; descriptive curve cell"
H3,share_recut_2017|none|full|k10,3LMA-RVE_CR2|r0.6,diff,Fisher_z,3LMA-RVE_CR2,0.6,2705,113,112,0.008022721586304862,0.01804375679830505,0.44462589891803905,10.741534222807905,0.6654155299718014,,,,,,,,,,,,,,,,,,,FALSE,,"multiverse cell 424/1260: coding=share_recut_2017, outlier=none, es_set=full, df_basis=k10, estimator=3LMA-RVE_CR2, rho=0.6 [DEC-045 S2]; descriptive curve cell"
H3,share_recut_2018|none|full|k10,3LMA-RVE_CR2|r0.6,diff,Fisher_z,3LMA-RVE_CR2,0.6,2705,113,112,0.00307427840520514,0.02231793667467527,0.13774922162466757,18.775997508419092,0.8919051177617943,,,,,,,,,,,,,,,,,,,FALSE,,"multiverse cell 425/1260: coding=share_recut_2018, outlier=none, es_set=full, df_basis=k10, estimator=3LMA-RVE_CR2, rho=0.6 [DEC-045 S2]; descriptive curve cell"
H3,share_recut_2019|none|full|k10,3LMA-RVE_CR2|r0.6,diff,Fisher_z,3LMA-RVE_CR2,0.6,2705,113,112,0.004129756366690017,0.02288814290754379,0.18043212956909993,15.44347046536646,0.8591597617526436,,,,,,,,,,,,,,,,,,,FALSE,,"multiverse cell 426/1260: coding=share_recut_2019, outlier=none, es_set=full, df_basis=k10, estimator=3LMA-RVE_CR2, rho=0.6 [DEC-045 S2]; descriptive curve cell"
H3,end_lag1|none|full|k10,3LMA-RVE_CR2|r0.6,diff,Fisher_z,3LMA-RVE_CR2,0.6,2705,113,112,-0.00673020560547747,0.020714967459666,-0.3248957845857985,17.5370929704097,0.7491036603780725,,,,,,,,,,,,,,,,,,,FALSE,,"multiverse cell 427/1260: coding=end_lag1, outlier=none, es_set=full, df_basis=k10, estimator=3LMA-RVE_CR2, rho=0.6 [DEC-045 S2]; descriptive curve cell"
H3,end_lag2|none|full|k10,3LMA-RVE_CR2|r0.6,diff,Fisher_z,3LMA-RVE_CR2,0.6,2705,113,112,0.0395384518257904,0.02617450004889625,1.5105714245517246,21.72226785427601,0.14530866551081315,,,,,,,,,,,,,,,,,,,FALSE,,"multiverse cell 428/1260: coding=end_lag2, outlier=none, es_set=full, df_basis=k10, estimator=3LMA-RVE_CR2, rho=0.6 [DEC-045 S2]; descriptive curve cell"
H3,end_lag3|none|full|k10,3LMA-RVE_CR2|r0.6,diff,Fisher_z,3LMA-RVE_CR2,0.6,2705,113,112,0.02110592594990513,0.02179394142704561,0.9684308834432915,22.027512325658076,0.3433430870904627,,,,,,,,,,,,,,,,,,,FALSE,,"multiverse cell 429/1260: coding=end_lag3, outlier=none, es_set=full, df_basis=k10, estimator=3LMA-RVE_CR2, rho=0.6 [DEC-045 S2]; descriptive curve cell"
H3,clean_window|none|full|k10,3LMA-RVE_CR2|r0.6,diff,Fisher_z,3LMA-RVE_CR2,0.6,929,40,40,-0.013520536805512934,0.01750704069129118,-0.7722913908710272,23.51900771869653,0.4476335267129514,,,,,,,,,,,,,,,,,,,FALSE,,"multiverse cell 430/1260: coding=clean_window, outlier=none, es_set=full, df_basis=k10, estimator=3LMA-RVE_CR2, rho=0.6 [DEC-045 S2]; descriptive curve cell"
H3,paris_mid|rstudent|full|k10,3LMA-RVE_CR2|r0.6,diff,Fisher_z,3LMA-RVE_CR2,0.6,2692,113,112,-0.013686981860906167,0.010634486595897311,-1.2870373889216693,39.45175380365638,0.20558160268987208,,,,,,,,,,,,,,,,,,,FALSE,,"multiverse cell 431/1260: coding=paris_mid, outlier=rstudent, es_set=full, df_basis=k10, estimator=3LMA-RVE_CR2, rho=0.6 [DEC-045 S2]; descriptive curve cell"
H3,tie_break_median|rstudent|full|k10,3LMA-RVE_CR2|r0.6,diff,Fisher_z,3LMA-RVE_CR2,0.6,2692,113,112,-0.012619383969081861,0.011237507651239041,-1.1229700001753018,30.011860397150983,0.27035363984484756,,,,,,,,,,,,,,,,,,,FALSE,,"multiverse cell 432/1260: coding=tie_break_median, outlier=rstudent, es_set=full, df_basis=k10, estimator=3LMA-RVE_CR2, rho=0.6 [DEC-045 S2]; descriptive curve cell"
H3,end_any_exposure|rstudent|full|k10,3LMA-RVE_CR2|r0.6,diff,Fisher_z,3LMA-RVE_CR2,0.6,2692,113,112,9.294681801561774e-4,0.01050539457756942,0.08847532315832574,35.12138881957419,0.9300014776149181,,,,,,,,,,,,,,,,,,,FALSE,,"multiverse cell 433/1260: coding=end_any_exposure, outlier=rstudent, es_set=full, df_basis=k10, estimator=3LMA-RVE_CR2, rho=0.6 [DEC-045 S2]; descriptive curve cell"
H3,share_recut_2017|rstudent|full|k10,3LMA-RVE_CR2|r0.6,diff,Fisher_z,3LMA-RVE_CR2,0.6,2692,113,112,-0.013020818263916087,0.011716946719398212,-1.1112808290200062,26.218433828282663,0.27653477185112985,,,,,,,,,,,,,,,,,,,FALSE,,"multiverse cell 434/1260: coding=share_recut_2017, outlier=rstudent, es_set=full, df_basis=k10, estimator=3LMA-RVE_CR2, rho=0.6 [DEC-045 S2]; descriptive curve cell"
H3,share_recut_2018|rstudent|full|k10,3LMA-RVE_CR2|r0.6,diff,Fisher_z,3LMA-RVE_CR2,0.6,2692,113,112,-0.014003372017177204,0.014946260793555915,-0.9369147381139477,17.86939897623918,0.36129344875600733,,,,,,,,,,,,,,,,,,,FALSE,,"multiverse cell 435/1260: coding=share_recut_2018, outlier=rstudent, es_set=full, df_basis=k10, estimator=3LMA-RVE_CR2, rho=0.6 [DEC-045 S2]; descriptive curve cell"
H3,share_recut_2019|rstudent|full|k10,3LMA-RVE_CR2|r0.6,diff,Fisher_z,3LMA-RVE_CR2,0.6,2692,113,112,-0.01380386943731056,0.016176605939822057,-0.853322970755533,14.695224989094841,0.4071746999338246,,,,,,,,,,,,,,,,,,,FALSE,,"multiverse cell 436/1260: coding=share_recut_2019, outlier=rstudent, es_set=full, df_basis=k10, estimator=3LMA-RVE_CR2, rho=0.6 [DEC-045 S2]; descriptive curve cell"
H3,end_lag1|rstudent|full|k10,3LMA-RVE_CR2|r0.6,diff,Fisher_z,3LMA-RVE_CR2,0.6,2692,113,112,0.0028228553192498826,0.009061189998050242,0.3115325161327922,44.67711754915165,0.7568449585470691,,,,,,,,,,,,,,,,,,,FALSE,,"multiverse cell 437/1260: coding=end_lag1, outlier=rstudent, es_set=full, df_basis=k10, estimator=3LMA-RVE_CR2, rho=0.6 [DEC-045 S2]; descriptive curve cell"
H3,end_lag2|rstudent|full|k10,3LMA-RVE_CR2|r0.6,diff,Fisher_z,3LMA-RVE_CR2,0.6,2692,113,112,0.01093515308504489,0.008756358369654728,1.2488242969749621,59.61322814480436,0.21661127380165712,,,,,,,,,,,,,,,,,,,FALSE,,"multiverse cell 438/1260: coding=end_lag2, outlier=rstudent, es_set=full, df_basis=k10, estimator=3LMA-RVE_CR2, rho=0.6 [DEC-045 S2]; descriptive curve cell"
H3,end_lag3|rstudent|full|k10,3LMA-RVE_CR2|r0.6,diff,Fisher_z,3LMA-RVE_CR2,0.6,2692,113,112,-7.098777870676309e-4,0.009075146217691041,-0.07822218728374855,67.55261610157196,0.9378825547826859,,,,,,,,,,,,,,,,,,,FALSE,,"multiverse cell 439/1260: coding=end_lag3, outlier=rstudent, es_set=full, df_basis=k10, estimator=3LMA-RVE_CR2, rho=0.6 [DEC-045 S2]; descriptive curve cell"
H3,clean_window|rstudent|full|k10,3LMA-RVE_CR2|r0.6,diff,Fisher_z,3LMA-RVE_CR2,0.6,924,40,40,-0.021620667717790344,0.01970613363347915,-1.0971542221280057,24.06761441610521,0.28343038923958863,,,,,,,,,,,,,,,,,,,FALSE,,"multiverse cell 440/1260: coding=clean_window, outlier=rstudent, es_set=full, df_basis=k10, estimator=3LMA-RVE_CR2, rho=0.6 [DEC-045 S2]; descriptive curve cell"
H3,paris_mid|winsor|full|k10,3LMA-RVE_CR2|r0.6,diff,Fisher_z,3LMA-RVE_CR2,0.6,2705,113,112,-0.009999741014180892,0.011164500050778094,-0.8956729785212347,34.57771185939029,0.37662065135235645,,,,,,,,,,,,,,,,,,,FALSE,,"multiverse cell 441/1260: coding=paris_mid, outlier=winsor, es_set=full, df_basis=k10, estimator=3LMA-RVE_CR2, rho=0.6 [DEC-045 S2]; descriptive curve cell"
H3,tie_break_median|winsor|full|k10,3LMA-RVE_CR2|r0.6,diff,Fisher_z,3LMA-RVE_CR2,0.6,2705,113,112,-0.007971101469764243,0.011538104358056325,-0.6908501797523203,26.54395614516566,0.49565730399141483,,,,,,,,,,,,,,,,,,,FALSE,,"multiverse cell 442/1260: coding=tie_break_median, outlier=winsor, es_set=full, df_basis=k10, estimator=3LMA-RVE_CR2, rho=0.6 [DEC-045 S2]; descriptive curve cell"
H3,end_any_exposure|winsor|full|k10,3LMA-RVE_CR2|r0.6,diff,Fisher_z,3LMA-RVE_CR2,0.6,2705,113,112,0.0015298357197565046,0.010615785191877957,0.14410952106745417,36.07021189805114,0.8862161457970121,,,,,,,,,,,,,,,,,,,FALSE,,"multiverse cell 443/1260: coding=end_any_exposure, outlier=winsor, es_set=full, df_basis=k10, estimator=3LMA-RVE_CR2, rho=0.6 [DEC-045 S2]; descriptive curve cell"
H3,share_recut_2017|winsor|full|k10,3LMA-RVE_CR2|r0.6,diff,Fisher_z,3LMA-RVE_CR2,0.6,2705,113,112,-0.008588025204128748,0.012064357407125229,-0.7118510264837352,23.170489997108884,0.48366335942903715,,,,,,,,,,,,,,,,,,,FALSE,,"multiverse cell 444/1260: coding=share_recut_2017, outlier=winsor, es_set=full, df_basis=k10, estimator=3LMA-RVE_CR2, rho=0.6 [DEC-045 S2]; descriptive curve cell"
H3,share_recut_2018|winsor|full|k10,3LMA-RVE_CR2|r0.6,diff,Fisher_z,3LMA-RVE_CR2,0.6,2705,113,112,-0.010418327700003692,0.015124923772120073,-0.6888185260945184,18.004056418042804,0.4997185445367115,,,,,,,,,,,,,,,,,,,FALSE,,"multiverse cell 445/1260: coding=share_recut_2018, outlier=winsor, es_set=full, df_basis=k10, estimator=3LMA-RVE_CR2, rho=0.6 [DEC-045 S2]; descriptive curve cell"
H3,share_recut_2019|winsor|full|k10,3LMA-RVE_CR2|r0.6,diff,Fisher_z,3LMA-RVE_CR2,0.6,2705,113,112,-0.010001102317891461,0.016369132847977332,-0.610973251348941,14.807355506029461,0.5504817579465024,,,,,,,,,,,,,,,,,,,FALSE,,"multiverse cell 446/1260: coding=share_recut_2019, outlier=winsor, es_set=full, df_basis=k10, estimator=3LMA-RVE_CR2, rho=0.6 [DEC-045 S2]; descriptive curve cell"
H3,end_lag1|winsor|full|k10,3LMA-RVE_CR2|r0.6,diff,Fisher_z,3LMA-RVE_CR2,0.6,2705,113,112,0.0055924224088962984,0.009447668686145666,0.5919367618275171,39.01121503489211,0.5573081579305204,,,,,,,,,,,,,,,,,,,FALSE,,"multiverse cell 447/1260: coding=end_lag1, outlier=winsor, es_set=full, df_basis=k10, estimator=3LMA-RVE_CR2, rho=0.6 [DEC-045 S2]; descriptive curve cell"
H3,end_lag2|winsor|full|k10,3LMA-RVE_CR2|r0.6,diff,Fisher_z,3LMA-RVE_CR2,0.6,2705,113,112,0.017229374161320872,0.009162589836147915,1.8804043910541726,52.025957747451294,0.06565641429941775,,,,,,,,,,,,,,,,,,,FALSE,,"multiverse cell 448/1260: coding=end_lag2, outlier=winsor, es_set=full, df_basis=k10, estimator=3LMA-RVE_CR2, rho=0.6 [DEC-045 S2]; descriptive curve cell"
H3,end_lag3|winsor|full|k10,3LMA-RVE_CR2|r0.6,diff,Fisher_z,3LMA-RVE_CR2,0.6,2705,113,112,0.00481718412352352,0.009213590280455479,0.5228346363243515,57.3707419206614,0.603102739773222,,,,,,,,,,,,,,,,,,,FALSE,,"multiverse cell 449/1260: coding=end_lag3, outlier=winsor, es_set=full, df_basis=k10, estimator=3LMA-RVE_CR2, rho=0.6 [DEC-045 S2]; descriptive curve cell"
H3,clean_window|winsor|full|k10,3LMA-RVE_CR2|r0.6,diff,Fisher_z,3LMA-RVE_CR2,0.6,929,40,40,-0.01692489614234978,0.019071348372617977,-0.8874514696952417,23.944849980480132,0.38366344878299785,,,,,,,,,,,,,,,,,,,FALSE,,"multiverse cell 450/1260: coding=clean_window, outlier=winsor, es_set=full, df_basis=k10, estimator=3LMA-RVE_CR2, rho=0.6 [DEC-045 S2]; descriptive curve cell"
H3,paris_mid|none|no_starbound|k10,3LMA-RVE_CR2|r0.6,diff,Fisher_z,3LMA-RVE_CR2,0.6,2607,110,109,0.0060667389467417565,0.019195428510402006,0.3160512381088127,14.124267108786402,0.7565857977916287,,,,,,,,,,,,,,,,,,,FALSE,,"multiverse cell 451/1260: coding=paris_mid, outlier=none, es_set=no_starbound, df_basis=k10, estimator=3LMA-RVE_CR2, rho=0.6 [DEC-045 S2]; descriptive curve cell"
H3,tie_break_median|none|no_starbound|k10,3LMA-RVE_CR2|r0.6,diff,Fisher_z,3LMA-RVE_CR2,0.6,2607,110,109,0.005692228357408451,0.018896082122480687,0.3012385488437522,11.60418623653099,0.7685621325570844,,,,,,,,,,,,,,,,,,,FALSE,,"multiverse cell 452/1260: coding=tie_break_median, outlier=none, es_set=no_starbound, df_basis=k10, estimator=3LMA-RVE_CR2, rho=0.6 [DEC-045 S2]; descriptive curve cell"
H3,end_any_exposure|none|no_starbound|k10,3LMA-RVE_CR2|r0.6,diff,Fisher_z,3LMA-RVE_CR2,0.6,2607,110,109,-0.01871414483090377,0.02193677455526105,-0.8530946417742893,37.36213927295325,0.39904299187930337,,,,,,,,,,,,,,,,,,,FALSE,,"multiverse cell 453/1260: coding=end_any_exposure, outlier=none, es_set=no_starbound, df_basis=k10, estimator=3LMA-RVE_CR2, rho=0.6 [DEC-045 S2]; descriptive curve cell"
H3,share_recut_2017|none|no_starbound|k10,3LMA-RVE_CR2|r0.6,diff,Fisher_z,3LMA-RVE_CR2,0.6,2607,110,109,0.0038652201952720303,0.019254501785730294,0.20074371377069772,10.284487068593856,0.8448134436330982,,,,,,,,,,,,,,,,,,,FALSE,,"multiverse cell 454/1260: coding=share_recut_2017, outlier=none, es_set=no_starbound, df_basis=k10, estimator=3LMA-RVE_CR2, rho=0.6 [DEC-045 S2]; descriptive curve cell"
H3,share_recut_2018|none|no_starbound|k10,3LMA-RVE_CR2|r0.6,diff,Fisher_z,3LMA-RVE_CR2,0.6,2607,110,109,-0.003145350463325307,0.0229049839323814,-0.1373216620719231,18.941396003498355,0.8922257472791373,,,,,,,,,,,,,,,,,,,FALSE,,"multiverse cell 455/1260: coding=share_recut_2018, outlier=none, es_set=no_starbound, df_basis=k10, estimator=3LMA-RVE_CR2, rho=0.6 [DEC-045 S2]; descriptive curve cell"
H3,share_recut_2019|none|no_starbound|k10,3LMA-RVE_CR2|r0.6,diff,Fisher_z,3LMA-RVE_CR2,0.6,2607,110,109,-0.0025298708264058084,0.023445767081058045,-0.10790309473174388,15.560016573986074,0.9154516695403578,,,,,,,,,,,,,,,,,,,FALSE,,"multiverse cell 456/1260: coding=share_recut_2019, outlier=none, es_set=no_starbound, df_basis=k10, estimator=3LMA-RVE_CR2, rho=0.6 [DEC-045 S2]; descriptive curve cell"
H3,end_lag1|none|no_starbound|k10,3LMA-RVE_CR2|r0.6,diff,Fisher_z,3LMA-RVE_CR2,0.6,2607,110,109,-0.01305224930564191,0.02250360340092681,-0.5800070803373807,15.861563759942497,0.5700579853953055,,,,,,,,,,,,,,,,,,,FALSE,,"multiverse cell 457/1260: coding=end_lag1, outlier=none, es_set=no_starbound, df_basis=k10, estimator=3LMA-RVE_CR2, rho=0.6 [DEC-045 S2]; descriptive curve cell"
H3,end_lag2|none|no_starbound|k10,3LMA-RVE_CR2|r0.6,diff,Fisher_z,3LMA-RVE_CR2,0.6,2607,110,109,0.03560507743980691,0.027387649413295998,1.3000413764067522,19.73969898573528,0.20856286384086306,,,,,,,,,,,,,,,,,,,FALSE,,"multiverse cell 458/1260: coding=end_lag2, outlier=none, es_set=no_starbound, df_basis=k10, estimator=3LMA-RVE_CR2, rho=0.6 [DEC-045 S2]; descriptive curve cell"
H3,end_lag3|none|no_starbound|k10,3LMA-RVE_CR2|r0.6,diff,Fisher_z,3LMA-RVE_CR2,0.6,2607,110,109,0.017506804909713368,0.022715689186387437,0.7706922191999556,20.329612231393796,0.4497540176061916,,,,,,,,,,,,,,,,,,,FALSE,,"multiverse cell 459/1260: coding=end_lag3, outlier=none, es_set=no_starbound, df_basis=k10, estimator=3LMA-RVE_CR2, rho=0.6 [DEC-045 S2]; descriptive curve cell"
H3,clean_window|none|no_starbound|k10,3LMA-RVE_CR2|r0.6,diff,Fisher_z,3LMA-RVE_CR2,0.6,905,38,38,-0.01948114683748814,0.018204056576963536,-1.07015415795514,24.099866501126296,0.2951513092348595,,,,,,,,,,,,,,,,,,,FALSE,,"multiverse cell 460/1260: coding=clean_window, outlier=none, es_set=no_starbound, df_basis=k10, estimator=3LMA-RVE_CR2, rho=0.6 [DEC-045 S2]; descriptive curve cell"
H3,paris_mid|rstudent|no_starbound|k10,3LMA-RVE_CR2|r0.6,diff,Fisher_z,3LMA-RVE_CR2,0.6,2594,110,109,-0.017908917978799916,0.01109914528361976,-1.6135402791087068,38.29256657390777,0.11483909029657689,,,,,,,,,,,,,,,,,,,FALSE,,"multiverse cell 461/1260: coding=paris_mid, outlier=rstudent, es_set=no_starbound, df_basis=k10, estimator=3LMA-RVE_CR2, rho=0.6 [DEC-045 S2]; descriptive curve cell"
H3,tie_break_median|rstudent|no_starbound|k10,3LMA-RVE_CR2|r0.6,diff,Fisher_z,3LMA-RVE_CR2,0.6,2594,110,109,-0.01700488737547106,0.01176117591237589,-1.4458492502928544,29.13113873748168,0.1588930911527452,,,,,,,,,,,,,,,,,,,FALSE,,"multiverse cell 462/1260: coding=tie_break_median, outlier=rstudent, es_set=no_starbound, df_basis=k10, estimator=3LMA-RVE_CR2, rho=0.6 [DEC-045 S2]; descriptive curve cell"
H3,end_any_exposure|rstudent|no_starbound|k10,3LMA-RVE_CR2|r0.6,diff,Fisher_z,3LMA-RVE_CR2,0.6,2594,110,109,7.147614719613116e-5,0.011385683190184199,0.00627772141576467,31.61833508403283,0.9950305783456401,,,,,,,,,,,,,,,,,,,FALSE,,"multiverse cell 463/1260: coding=end_any_exposure, outlier=rstudent, es_set=no_starbound, df_basis=k10, estimator=3LMA-RVE_CR2, rho=0.6 [DEC-045 S2]; descriptive curve cell"
H3,share_recut_2017|rstudent|no_starbound|k10,3LMA-RVE_CR2|r0.6,diff,Fisher_z,3LMA-RVE_CR2,0.6,2594,110,109,-0.01757729788268425,0.012294976512089467,-1.4296324897734254,25.394171771612246,0.16501082165736358,,,,,,,,,,,,,,,,,,,FALSE,,"multiverse cell 464/1260: coding=share_recut_2017, outlier=rstudent, es_set=no_starbound, df_basis=k10, estimator=3LMA-RVE_CR2, rho=0.6 [DEC-045 S2]; descriptive curve cell"
H3,share_recut_2018|rstudent|no_starbound|k10,3LMA-RVE_CR2|r0.6,diff,Fisher_z,3LMA-RVE_CR2,0.6,2594,110,109,-0.01982577411337859,0.01484567018054604,-1.3354583438987175,18.111224564151616,0.19826877253876074,,,,,,,,,,,,,,,,,,,FALSE,,"multiverse cell 465/1260: coding=share_recut_2018, outlier=rstudent, es_set=no_starbound, df_basis=k10, estimator=3LMA-RVE_CR2, rho=0.6 [DEC-045 S2]; descriptive curve cell"
H3,share_recut_2019|rstudent|no_starbound|k10,3LMA-RVE_CR2|r0.6,diff,Fisher_z,3LMA-RVE_CR2,0.6,2594,110,109,-0.02003655328778251,0.01597382029086148,-1.2543369665455228,14.870375513901125,0.22907849407081918,,,,,,,,,,,,,,,,,,,FALSE,,"multiverse cell 466/1260: coding=share_recut_2019, outlier=rstudent, es_set=no_starbound, df_basis=k10, estimator=3LMA-RVE_CR2, rho=0.6 [DEC-045 S2]; descriptive curve cell"
H3,end_lag1|rstudent|no_starbound|k10,3LMA-RVE_CR2|r0.6,diff,Fisher_z,3LMA-RVE_CR2,0.6,2594,110,109,-0.0025623828633086487,0.010160925066960248,-0.25218007675704807,39.74372796295847,0.8022014893309231,,,,,,,,,,,,,,,,,,,FALSE,,"multiverse cell 467/1260: coding=end_lag1, outlier=rstudent, es_set=no_starbound, df_basis=k10, estimator=3LMA-RVE_CR2, rho=0.6 [DEC-045 S2]; descriptive curve cell"
H3,end_lag2|rstudent|no_starbound|k10,3LMA-RVE_CR2|r0.6,diff,Fisher_z,3LMA-RVE_CR2,0.6,2594,110,109,0.0068863903083288686,0.009503349837779122,0.7246276761224838,53.943293409734856,0.47181194170311136,,,,,,,,,,,,,,,,,,,FALSE,,"multiverse cell 468/1260: coding=end_lag2, outlier=rstudent, es_set=no_starbound, df_basis=k10, estimator=3LMA-RVE_CR2, rho=0.6 [DEC-045 S2]; descriptive curve cell"
H3,end_lag3|rstudent|no_starbound|k10,3LMA-RVE_CR2|r0.6,diff,Fisher_z,3LMA-RVE_CR2,0.6,2594,110,109,-0.004394295148641057,0.009618331855610524,-0.45686665989568614,62.54727615975417,0.6493496480598959,,,,,,,,,,,,,,,,,,,FALSE,,"multiverse cell 469/1260: coding=end_lag3, outlier=rstudent, es_set=no_starbound, df_basis=k10, estimator=3LMA-RVE_CR2, rho=0.6 [DEC-045 S2]; descriptive curve cell"
H3,clean_window|rstudent|no_starbound|k10,3LMA-RVE_CR2|r0.6,diff,Fisher_z,3LMA-RVE_CR2,0.6,900,38,38,-0.027716645486951054,0.01967231894916719,-1.4089160285866762,24.657586104883745,0.1713465370494247,,,,,,,,,,,,,,,,,,,FALSE,,"multiverse cell 470/1260: coding=clean_window, outlier=rstudent, es_set=no_starbound, df_basis=k10, estimator=3LMA-RVE_CR2, rho=0.6 [DEC-045 S2]; descriptive curve cell"
H3,paris_mid|winsor|no_starbound|k10,3LMA-RVE_CR2|r0.6,diff,Fisher_z,3LMA-RVE_CR2,0.6,2607,110,109,-0.01390756774324723,0.011628782125801462,-1.195960814537035,33.37347322947409,0.24014021442870456,,,,,,,,,,,,,,,,,,,FALSE,,"multiverse cell 471/1260: coding=paris_mid, outlier=winsor, es_set=no_starbound, df_basis=k10, estimator=3LMA-RVE_CR2, rho=0.6 [DEC-045 S2]; descriptive curve cell"
H3,tie_break_median|winsor|no_starbound|k10,3LMA-RVE_CR2|r0.6,diff,Fisher_z,3LMA-RVE_CR2,0.6,2607,110,109,-0.012018141010969166,0.012060049258831206,-0.9965250351003871,25.610253813536982,0.32831812399622695,,,,,,,,,,,,,,,,,,,FALSE,,"multiverse cell 472/1260: coding=tie_break_median, outlier=winsor, es_set=no_starbound, df_basis=k10, estimator=3LMA-RVE_CR2, rho=0.6 [DEC-045 S2]; descriptive curve cell"
H3,end_any_exposure|winsor|no_starbound|k10,3LMA-RVE_CR2|r0.6,diff,Fisher_z,3LMA-RVE_CR2,0.6,2607,110,109,0.0010576235802466777,0.011459913584680195,0.09228896644216643,32.40200047573679,0.9270367046745777,,,,,,,,,,,,,,,,,,,FALSE,,"multiverse cell 473/1260: coding=end_any_exposure, outlier=winsor, es_set=no_starbound, df_basis=k10, estimator=3LMA-RVE_CR2, rho=0.6 [DEC-045 S2]; descriptive curve cell"
H3,share_recut_2017|winsor|no_starbound|k10,3LMA-RVE_CR2|r0.6,diff,Fisher_z,3LMA-RVE_CR2,0.6,2607,110,109,-0.01279911265324099,0.01264095482909778,-1.012511540962013,22.329986865688326,0.322139691146943,,,,,,,,,,,,,,,,,,,FALSE,,"multiverse cell 474/1260: coding=share_recut_2017, outlier=winsor, es_set=no_starbound, df_basis=k10, estimator=3LMA-RVE_CR2, rho=0.6 [DEC-045 S2]; descriptive curve cell"
H3,share_recut_2018|winsor|no_starbound|k10,3LMA-RVE_CR2|r0.6,diff,Fisher_z,3LMA-RVE_CR2,0.6,2607,110,109,-0.015940000303064784,0.014890121730132056,-1.0705083942200528,18.220378500533048,0.2983671195258034,,,,,,,,,,,,,,,,,,,FALSE,,"multiverse cell 475/1260: coding=share_recut_2018, outlier=winsor, es_set=no_starbound, df_basis=k10, estimator=3LMA-RVE_CR2, rho=0.6 [DEC-045 S2]; descriptive curve cell"
H3,share_recut_2019|winsor|no_starbound|k10,3LMA-RVE_CR2|r0.6,diff,Fisher_z,3LMA-RVE_CR2,0.6,2607,110,109,-0.01595346539906166,0.016013209997721087,-0.9962690429546649,14.963579087326664,0.33495820761093464,,,,,,,,,,,,,,,,,,,FALSE,,"multiverse cell 476/1260: coding=share_recut_2019, outlier=winsor, es_set=no_starbound, df_basis=k10, estimator=3LMA-RVE_CR2, rho=0.6 [DEC-045 S2]; descriptive curve cell"
H3,end_lag1|winsor|no_starbound|k10,3LMA-RVE_CR2|r0.6,diff,Fisher_z,3LMA-RVE_CR2,0.6,2607,110,109,9.032058034779272e-4,0.010483507824298988,0.08615492243774071,34.58607344365929,0.9318401106747429,,,,,,,,,,,,,,,,,,,FALSE,,"multiverse cell 477/1260: coding=end_lag1, outlier=winsor, es_set=no_starbound, df_basis=k10, estimator=3LMA-RVE_CR2, rho=0.6 [DEC-045 S2]; descriptive curve cell"
H3,end_lag2|winsor|no_starbound|k10,3LMA-RVE_CR2|r0.6,diff,Fisher_z,3LMA-RVE_CR2,0.6,2607,110,109,0.013887578240472084,0.009835619609250786,1.4119678060150143,46.79658239754993,0.16457479160627822,,,,,,,,,,,,,,,,,,,FALSE,,"multiverse cell 478/1260: coding=end_lag2, outlier=winsor, es_set=no_starbound, df_basis=k10, estimator=3LMA-RVE_CR2, rho=0.6 [DEC-045 S2]; descriptive curve cell"
H3,end_lag3|winsor|no_starbound|k10,3LMA-RVE_CR2|r0.6,diff,Fisher_z,3LMA-RVE_CR2,0.6,2607,110,109,0.0016668576779576769,0.009721490368259986,0.1714611252817629,52.764854035530306,0.8645170767732261,,,,,,,,,,,,,,,,,,,FALSE,,"multiverse cell 479/1260: coding=end_lag3, outlier=winsor, es_set=no_starbound, df_basis=k10, estimator=3LMA-RVE_CR2, rho=0.6 [DEC-045 S2]; descriptive curve cell"
H3,clean_window|winsor|no_starbound|k10,3LMA-RVE_CR2|r0.6,diff,Fisher_z,3LMA-RVE_CR2,0.6,905,38,38,-0.022579426735977993,0.018964371581868877,-1.190623514125052,24.533101400171983,0.2451947857186254,,,,,,,,,,,,,,,,,,,FALSE,,"multiverse cell 480/1260: coding=clean_window, outlier=winsor, es_set=no_starbound, df_basis=k10, estimator=3LMA-RVE_CR2, rho=0.6 [DEC-045 S2]; descriptive curve cell"
H3,paris_mid|none|full|k20,3LMA-RVE_CR2|r0.6,diff,Fisher_z,3LMA-RVE_CR2,0.6,2704,113,112,0.009641051755520838,0.018230209465395022,0.5288503005860514,14.629975577790532,0.6048407142833309,,,,,,,,,,,,,,,,,,,FALSE,,"multiverse cell 481/1260: coding=paris_mid, outlier=none, es_set=full, df_basis=k20, estimator=3LMA-RVE_CR2, rho=0.6 [DEC-045 S2]; descriptive curve cell"
H3,tie_break_median|none|full|k20,3LMA-RVE_CR2|r0.6,diff,Fisher_z,3LMA-RVE_CR2,0.6,2704,113,112,0.009360206896448543,0.017884618742074414,0.5233663088622746,11.981628969882498,0.6102626048507984,,,,,,,,,,,,,,,,,,,FALSE,,"multiverse cell 482/1260: coding=tie_break_median, outlier=none, es_set=full, df_basis=k20, estimator=3LMA-RVE_CR2, rho=0.6 [DEC-045 S2]; descriptive curve cell"
H3,end_any_exposure|none|full|k20,3LMA-RVE_CR2|r0.6,diff,Fisher_z,3LMA-RVE_CR2,0.6,2704,113,112,-0.02020555172289165,0.021147406773854138,-0.9554623854813744,41.38209867410149,0.34489245894162934,,,,,,,,,,,,,,,,,,,FALSE,,"multiverse cell 483/1260: coding=end_any_exposure, outlier=none, es_set=full, df_basis=k20, estimator=3LMA-RVE_CR2, rho=0.6 [DEC-045 S2]; descriptive curve cell"
H3,share_recut_2017|none|full|k20,3LMA-RVE_CR2|r0.6,diff,Fisher_z,3LMA-RVE_CR2,0.6,2704,113,112,0.007633698924339259,0.018156902765382017,0.4204295756263939,10.60651471453505,0.6825630228241093,,,,,,,,,,,,,,,,,,,FALSE,,"multiverse cell 484/1260: coding=share_recut_2017, outlier=none, es_set=full, df_basis=k20, estimator=3LMA-RVE_CR2, rho=0.6 [DEC-045 S2]; descriptive curve cell"
H3,share_recut_2018|none|full|k20,3LMA-RVE_CR2|r0.6,diff,Fisher_z,3LMA-RVE_CR2,0.6,2704,113,112,0.002527099847648581,0.022408401230523414,0.11277466079134256,18.778067983524185,0.9114060946027666,,,,,,,,,,,,,,,,,,,FALSE,,"multiverse cell 485/1260: coding=share_recut_2018, outlier=none, es_set=full, df_basis=k20, estimator=3LMA-RVE_CR2, rho=0.6 [DEC-045 S2]; descriptive curve cell"
H3,share_recut_2019|none|full|k20,3LMA-RVE_CR2|r0.6,diff,Fisher_z,3LMA-RVE_CR2,0.6,2704,113,112,0.0035886706218651795,0.023008136734187362,0.1559739783940366,15.444540810010496,0.8780739831958095,,,,,,,,,,,,,,,,,,,FALSE,,"multiverse cell 486/1260: coding=share_recut_2019, outlier=none, es_set=full, df_basis=k20, estimator=3LMA-RVE_CR2, rho=0.6 [DEC-045 S2]; descriptive curve cell"
H3,end_lag1|none|full|k20,3LMA-RVE_CR2|r0.6,diff,Fisher_z,3LMA-RVE_CR2,0.6,2704,113,112,-0.006646660167087329,0.020780009622842398,-0.31985837772572523,17.263297106733102,0.7529143102364445,,,,,,,,,,,,,,,,,,,FALSE,,"multiverse cell 487/1260: coding=end_lag1, outlier=none, es_set=full, df_basis=k20, estimator=3LMA-RVE_CR2, rho=0.6 [DEC-045 S2]; descriptive curve cell"
H3,end_lag2|none|full|k20,3LMA-RVE_CR2|r0.6,diff,Fisher_z,3LMA-RVE_CR2,0.6,2704,113,112,0.03984015395449364,0.026212683046363646,1.5198808105231512,21.388797916761696,0.14318645426282017,,,,,,,,,,,,,,,,,,,FALSE,,"multiverse cell 488/1260: coding=end_lag2, outlier=none, es_set=full, df_basis=k20, estimator=3LMA-RVE_CR2, rho=0.6 [DEC-045 S2]; descriptive curve cell"
H3,end_lag3|none|full|k20,3LMA-RVE_CR2|r0.6,diff,Fisher_z,3LMA-RVE_CR2,0.6,2704,113,112,0.02159775429282411,0.02179621650298264,0.9908946486133787,21.6916324548446,0.3326624236849792,,,,,,,,,,,,,,,,,,,FALSE,,"multiverse cell 489/1260: coding=end_lag3, outlier=none, es_set=full, df_basis=k20, estimator=3LMA-RVE_CR2, rho=0.6 [DEC-045 S2]; descriptive curve cell"
H3,clean_window|none|full|k20,3LMA-RVE_CR2|r0.6,diff,Fisher_z,3LMA-RVE_CR2,0.6,929,40,40,-0.014251341179659635,0.01773654268045491,-0.8035016427053818,23.583216566241443,0.42970960523953816,,,,,,,,,,,,,,,,,,,FALSE,,"multiverse cell 490/1260: coding=clean_window, outlier=none, es_set=full, df_basis=k20, estimator=3LMA-RVE_CR2, rho=0.6 [DEC-045 S2]; descriptive curve cell"
H3,paris_mid|rstudent|full|k20,3LMA-RVE_CR2|r0.6,diff,Fisher_z,3LMA-RVE_CR2,0.6,2691,113,112,-0.013951517408052824,0.010735100947808003,-1.2996167875721356,39.00937022018884,0.20136028822339394,,,,,,,,,,,,,,,,,,,FALSE,,"multiverse cell 491/1260: coding=paris_mid, outlier=rstudent, es_set=full, df_basis=k20, estimator=3LMA-RVE_CR2, rho=0.6 [DEC-045 S2]; descriptive curve cell"
H3,tie_break_median|rstudent|full|k20,3LMA-RVE_CR2|r0.6,diff,Fisher_z,3LMA-RVE_CR2,0.6,2691,113,112,-0.012847017533504292,0.01135634325838436,-1.1312635802919544,29.695568669493547,0.266997712909235,,,,,,,,,,,,,,,,,,,FALSE,,"multiverse cell 492/1260: coding=tie_break_median, outlier=rstudent, es_set=full, df_basis=k20, estimator=3LMA-RVE_CR2, rho=0.6 [DEC-045 S2]; descriptive curve cell"
H3,end_any_exposure|rstudent|full|k20,3LMA-RVE_CR2|r0.6,diff,Fisher_z,3LMA-RVE_CR2,0.6,2691,113,112,4.3201573748824496e-4,0.010710141701495448,0.04033707018348067,35.18319670950054,0.9680524342781622,,,,,,,,,,,,,,,,,,,FALSE,,"multiverse cell 493/1260: coding=end_any_exposure, outlier=rstudent, es_set=full, df_basis=k20, estimator=3LMA-RVE_CR2, rho=0.6 [DEC-045 S2]; descriptive curve cell"
H3,share_recut_2017|rstudent|full|k20,3LMA-RVE_CR2|r0.6,diff,Fisher_z,3LMA-RVE_CR2,0.6,2691,113,112,-0.01325368543234584,0.01184875473924799,-1.1185720123351137,25.93381214023638,0.2735772239836457,,,,,,,,,,,,,,,,,,,FALSE,,"multiverse cell 494/1260: coding=share_recut_2017, outlier=rstudent, es_set=full, df_basis=k20, estimator=3LMA-RVE_CR2, rho=0.6 [DEC-045 S2]; descriptive curve cell"
H3,share_recut_2018|rstudent|full|k20,3LMA-RVE_CR2|r0.6,diff,Fisher_z,3LMA-RVE_CR2,0.6,2691,113,112,-0.014370231077164154,0.01508831808299203,-0.952407750030315,17.88933401906987,0.35358241859036343,,,,,,,,,,,,,,,,,,,FALSE,,"multiverse cell 495/1260: coding=share_recut_2018, outlier=rstudent, es_set=full, df_basis=k20, estimator=3LMA-RVE_CR2, rho=0.6 [DEC-045 S2]; descriptive curve cell"
H3,share_recut_2019|rstudent|full|k20,3LMA-RVE_CR2|r0.6,diff,Fisher_z,3LMA-RVE_CR2,0.6,2691,113,112,-0.014059796747183523,0.01636054320252097,-0.859372245355342,14.707616623798922,0.40392515207308155,,,,,,,,,,,,,,,,,,,FALSE,,"multiverse cell 496/1260: coding=share_recut_2019, outlier=rstudent, es_set=full, df_basis=k20, estimator=3LMA-RVE_CR2, rho=0.6 [DEC-045 S2]; descriptive curve cell"
H3,end_lag1|rstudent|full|k20,3LMA-RVE_CR2|r0.6,diff,Fisher_z,3LMA-RVE_CR2,0.6,2691,113,112,0.002464159067853529,0.009175984000997084,0.26854439453967743,44.05616348198436,0.789533840152302,,,,,,,,,,,,,,,,,,,FALSE,,"multiverse cell 497/1260: coding=end_lag1, outlier=rstudent, es_set=full, df_basis=k20, estimator=3LMA-RVE_CR2, rho=0.6 [DEC-045 S2]; descriptive curve cell"
H3,end_lag2|rstudent|full|k20,3LMA-RVE_CR2|r0.6,diff,Fisher_z,3LMA-RVE_CR2,0.6,2691,113,112,0.01073761758404574,0.008833476447058567,1.215559655182103,58.67787742128713,0.22902079747336737,,,,,,,,,,,,,,,,,,,FALSE,,"multiverse cell 498/1260: coding=end_lag2, outlier=rstudent, es_set=full, df_basis=k20, estimator=3LMA-RVE_CR2, rho=0.6 [DEC-045 S2]; descriptive curve cell"
H3,end_lag3|rstudent|full|k20,3LMA-RVE_CR2|r0.6,diff,Fisher_z,3LMA-RVE_CR2,0.6,2691,113,112,-7.909127824449677e-4,0.00914437993745045,-0.08649167990120527,66.37208819159511,0.9313359710603276,,,,,,,,,,,,,,,,,,,FALSE,,"multiverse cell 499/1260: coding=end_lag3, outlier=rstudent, es_set=full, df_basis=k20, estimator=3LMA-RVE_CR2, rho=0.6 [DEC-045 S2]; descriptive curve cell"
H3,clean_window|rstudent|full|k20,3LMA-RVE_CR2|r0.6,diff,Fisher_z,3LMA-RVE_CR2,0.6,924,40,40,-0.022800375327429498,0.02013507048300371,-1.1323712696548844,24.112918411715235,0.26861361086856383,,,,,,,,,,,,,,,,,,,FALSE,,"multiverse cell 500/1260: coding=clean_window, outlier=rstudent, es_set=full, df_basis=k20, estimator=3LMA-RVE_CR2, rho=0.6 [DEC-045 S2]; descriptive curve cell"
H3,paris_mid|winsor|full|k20,3LMA-RVE_CR2|r0.6,diff,Fisher_z,3LMA-RVE_CR2,0.6,2704,113,112,-0.010309385887022869,0.01125573061892492,-0.915923295968819,34.17038121056288,0.3661261811975355,,,,,,,,,,,,,,,,,,,FALSE,,"multiverse cell 501/1260: coding=paris_mid, outlier=winsor, es_set=full, df_basis=k20, estimator=3LMA-RVE_CR2, rho=0.6 [DEC-045 S2]; descriptive curve cell"
H3,tie_break_median|winsor|full|k20,3LMA-RVE_CR2|r0.6,diff,Fisher_z,3LMA-RVE_CR2,0.6,2704,113,112,-0.008246099658465705,0.011646630176346824,-0.7080245129799634,26.24272430417355,0.4851716293759095,,,,,,,,,,,,,,,,,,,FALSE,,"multiverse cell 502/1260: coding=tie_break_median, outlier=winsor, es_set=full, df_basis=k20, estimator=3LMA-RVE_CR2, rho=0.6 [DEC-045 S2]; descriptive curve cell"
H3,end_any_exposure|winsor|full|k20,3LMA-RVE_CR2|r0.6,diff,Fisher_z,3LMA-RVE_CR2,0.6,2704,113,112,0.0013243017544665517,0.010666380591668667,0.12415661930354724,36.06995824938778,0.9018805965145793,,,,,,,,,,,,,,,,,,,FALSE,,"multiverse cell 503/1260: coding=end_any_exposure, outlier=winsor, es_set=full, df_basis=k20, estimator=3LMA-RVE_CR2, rho=0.6 [DEC-045 S2]; descriptive curve cell"
H3,share_recut_2017|winsor|full|k20,3LMA-RVE_CR2|r0.6,diff,Fisher_z,3LMA-RVE_CR2,0.6,2704,113,112,-0.00886143948520847,0.012185922436798589,-0.7271865984021881,22.90532406897539,0.4744791824358373,,,,,,,,,,,,,,,,,,,FALSE,,"multiverse cell 504/1260: coding=share_recut_2017, outlier=winsor, es_set=full, df_basis=k20, estimator=3LMA-RVE_CR2, rho=0.6 [DEC-045 S2]; descriptive curve cell"
H3,share_recut_2018|winsor|full|k20,3LMA-RVE_CR2|r0.6,diff,Fisher_z,3LMA-RVE_CR2,0.6,2704,113,112,-0.010822329129110755,0.015249576081491849,-0.709680654155733,18.014163212942606,0.48698752687016256,,,,,,,,,,,,,,,,,,,FALSE,,"multiverse cell 505/1260: coding=share_recut_2018, outlier=winsor, es_set=full, df_basis=k20, estimator=3LMA-RVE_CR2, rho=0.6 [DEC-045 S2]; descriptive curve cell"
H3,share_recut_2019|winsor|full|k20,3LMA-RVE_CR2|r0.6,diff,Fisher_z,3LMA-RVE_CR2,0.6,2704,113,112,-0.01029845120233492,0.016529575914682505,-0.6230317859024594,14.811887843908966,0.5427383325537523,,,,,,,,,,,,,,,,,,,FALSE,,"multiverse cell 506/1260: coding=share_recut_2019, outlier=winsor, es_set=full, df_basis=k20, estimator=3LMA-RVE_CR2, rho=0.6 [DEC-045 S2]; descriptive curve cell"
H3,end_lag1|winsor|full|k20,3LMA-RVE_CR2|r0.6,diff,Fisher_z,3LMA-RVE_CR2,0.6,2704,113,112,0.005443653820084708,0.009487075308131246,0.5737968386757745,38.45957318334469,0.5694459330075357,,,,,,,,,,,,,,,,,,,FALSE,,"multiverse cell 507/1260: coding=end_lag1, outlier=winsor, es_set=full, df_basis=k20, estimator=3LMA-RVE_CR2, rho=0.6 [DEC-045 S2]; descriptive curve cell"
H3,end_lag2|winsor|full|k20,3LMA-RVE_CR2|r0.6,diff,Fisher_z,3LMA-RVE_CR2,0.6,2704,113,112,0.017243362403210186,0.009187186929564245,1.8768925173081301,51.222721969740746,0.06623410070062428,,,,,,,,,,,,,,,,,,,FALSE,,"multiverse cell 508/1260: coding=end_lag2, outlier=winsor, es_set=full, df_basis=k20, estimator=3LMA-RVE_CR2, rho=0.6 [DEC-045 S2]; descriptive curve cell"
H3,end_lag3|winsor|full|k20,3LMA-RVE_CR2|r0.6,diff,Fisher_z,3LMA-RVE_CR2,0.6,2704,113,112,0.00497085637289834,0.009250073795084362,0.5373855909711697,56.40500369946831,0.5931151139678752,,,,,,,,,,,,,,,,,,,FALSE,,"multiverse cell 509/1260: coding=end_lag3, outlier=winsor, es_set=full, df_basis=k20, estimator=3LMA-RVE_CR2, rho=0.6 [DEC-045 S2]; descriptive curve cell"
H3,clean_window|winsor|full|k20,3LMA-RVE_CR2|r0.6,diff,Fisher_z,3LMA-RVE_CR2,0.6,929,40,40,-0.01756564429105069,0.019268856035001065,-0.9116080507915694,23.94882952808716,0.37106044363715285,,,,,,,,,,,,,,,,,,,FALSE,,"multiverse cell 510/1260: coding=clean_window, outlier=winsor, es_set=full, df_basis=k20, estimator=3LMA-RVE_CR2, rho=0.6 [DEC-045 S2]; descriptive curve cell"
H3,paris_mid|none|no_starbound|k20,3LMA-RVE_CR2|r0.6,diff,Fisher_z,3LMA-RVE_CR2,0.6,2606,110,109,0.005593161191917009,0.01929637326915737,0.28985556580504784,13.937727161713271,0.7761941744086548,,,,,,,,,,,,,,,,,,,FALSE,,"multiverse cell 511/1260: coding=paris_mid, outlier=none, es_set=no_starbound, df_basis=k20, estimator=3LMA-RVE_CR2, rho=0.6 [DEC-045 S2]; descriptive curve cell"
H3,tie_break_median|none|no_starbound|k20,3LMA-RVE_CR2|r0.6,diff,Fisher_z,3LMA-RVE_CR2,0.6,2606,110,109,0.0052852960621832465,0.019008809587515912,0.2780445581218499,11.45872115672606,0.7859313214884055,,,,,,,,,,,,,,,,,,,FALSE,,"multiverse cell 512/1260: coding=tie_break_median, outlier=none, es_set=no_starbound, df_basis=k20, estimator=3LMA-RVE_CR2, rho=0.6 [DEC-045 S2]; descriptive curve cell"
H3,end_any_exposure|none|no_starbound|k20,3LMA-RVE_CR2|r0.6,diff,Fisher_z,3LMA-RVE_CR2,0.6,2606,110,109,-0.0189725591538761,0.022070812910471437,-0.8596221276867705,37.24176677795177,0.395497264395846,,,,,,,,,,,,,,,,,,,FALSE,,"multiverse cell 513/1260: coding=end_any_exposure, outlier=none, es_set=no_starbound, df_basis=k20, estimator=3LMA-RVE_CR2, rho=0.6 [DEC-045 S2]; descriptive curve cell"
H3,share_recut_2017|none|no_starbound|k20,3LMA-RVE_CR2|r0.6,diff,Fisher_z,3LMA-RVE_CR2,0.6,2606,110,109,0.0034921173569638572,0.01938262062528651,0.1801674512685891,10.158010555705292,0.8605647056893915,,,,,,,,,,,,,,,,,,,FALSE,,"multiverse cell 514/1260: coding=share_recut_2017, outlier=none, es_set=no_starbound, df_basis=k20, estimator=3LMA-RVE_CR2, rho=0.6 [DEC-045 S2]; descriptive curve cell"
H3,share_recut_2018|none|no_starbound|k20,3LMA-RVE_CR2|r0.6,diff,Fisher_z,3LMA-RVE_CR2,0.6,2606,110,109,-0.0036961015022444407,0.02298635204715497,-0.16079547962469795,18.9435689914751,0.8739568499573955,,,,,,,,,,,,,,,,,,,FALSE,,"multiverse cell 515/1260: coding=share_recut_2018, outlier=none, es_set=no_starbound, df_basis=k20, estimator=3LMA-RVE_CR2, rho=0.6 [DEC-045 S2]; descriptive curve cell"
H3,share_recut_2019|none|no_starbound|k20,3LMA-RVE_CR2|r0.6,diff,Fisher_z,3LMA-RVE_CR2,0.6,2606,110,109,-0.0030760343577037677,0.023553200708286506,-0.1305994202572033,15.561166231123432,0.8977656155443124,,,,,,,,,,,,,,,,,,,FALSE,,"multiverse cell 516/1260: coding=share_recut_2019, outlier=none, es_set=no_starbound, df_basis=k20, estimator=3LMA-RVE_CR2, rho=0.6 [DEC-045 S2]; descriptive curve cell"
H3,end_lag1|none|no_starbound|k20,3LMA-RVE_CR2|r0.6,diff,Fisher_z,3LMA-RVE_CR2,0.6,2606,110,109,-0.012937436338484161,0.02258180163100604,-0.5729142674214425,15.618439183587151,0.5748589290563002,,,,,,,,,,,,,,,,,,,FALSE,,"multiverse cell 517/1260: coding=end_lag1, outlier=none, es_set=no_starbound, df_basis=k20, estimator=3LMA-RVE_CR2, rho=0.6 [DEC-045 S2]; descriptive curve cell"
H3,end_lag2|none|no_starbound|k20,3LMA-RVE_CR2|r0.6,diff,Fisher_z,3LMA-RVE_CR2,0.6,2606,110,109,0.03593077917593778,0.027421061724010022,1.310335082484301,19.442036313912645,0.2053526205829204,,,,,,,,,,,,,,,,,,,FALSE,,"multiverse cell 518/1260: coding=end_lag2, outlier=none, es_set=no_starbound, df_basis=k20, estimator=3LMA-RVE_CR2, rho=0.6 [DEC-045 S2]; descriptive curve cell"
H3,end_lag3|none|no_starbound|k20,3LMA-RVE_CR2|r0.6,diff,Fisher_z,3LMA-RVE_CR2,0.6,2606,110,109,0.01802567112799925,0.022712169615608045,0.7936569439676876,20.023351176319498,0.4367000643352319,,,,,,,,,,,,,,,,,,,FALSE,,"multiverse cell 519/1260: coding=end_lag3, outlier=none, es_set=no_starbound, df_basis=k20, estimator=3LMA-RVE_CR2, rho=0.6 [DEC-045 S2]; descriptive curve cell"
H3,clean_window|none|no_starbound|k20,3LMA-RVE_CR2|r0.6,diff,Fisher_z,3LMA-RVE_CR2,0.6,905,38,38,-0.02026869927435814,0.01840936292275755,-1.1009994946268395,24.158226288565476,0.2817464354308093,,,,,,,,,,,,,,,,,,,FALSE,,"multiverse cell 520/1260: coding=clean_window, outlier=none, es_set=no_starbound, df_basis=k20, estimator=3LMA-RVE_CR2, rho=0.6 [DEC-045 S2]; descriptive curve cell"
H3,paris_mid|rstudent|no_starbound|k20,3LMA-RVE_CR2|r0.6,diff,Fisher_z,3LMA-RVE_CR2,0.6,2593,110,109,-0.01814181408641803,0.011215820224064081,-1.6175200497145896,37.781563657518696,0.11408597994457777,,,,,,,,,,,,,,,,,,,FALSE,,"multiverse cell 521/1260: coding=paris_mid, outlier=rstudent, es_set=no_starbound, df_basis=k20, estimator=3LMA-RVE_CR2, rho=0.6 [DEC-045 S2]; descriptive curve cell"
H3,tie_break_median|rstudent|no_starbound|k20,3LMA-RVE_CR2|r0.6,diff,Fisher_z,3LMA-RVE_CR2,0.6,2593,110,109,-0.017197228597813342,0.011896872985603131,-1.4455251071961832,28.76576809924481,0.15911783288887815,,,,,,,,,,,,,,,,,,,FALSE,,"multiverse cell 522/1260: coding=tie_break_median, outlier=rstudent, es_set=no_starbound, df_basis=k20, estimator=3LMA-RVE_CR2, rho=0.6 [DEC-045 S2]; descriptive curve cell"
H3,end_any_exposure|rstudent|no_starbound|k20,3LMA-RVE_CR2|r0.6,diff,Fisher_z,3LMA-RVE_CR2,0.6,2593,110,109,-5.36987207915271e-4,0.011626541165885797,-0.046186324914143914,31.670344586319686,0.9634517538520508,,,,,,,,,,,,,,,,,,,FALSE,,"multiverse cell 523/1260: coding=end_any_exposure, outlier=rstudent, es_set=no_starbound, df_basis=k20, estimator=3LMA-RVE_CR2, rho=0.6 [DEC-045 S2]; descriptive curve cell"
H3,share_recut_2017|rstudent|no_starbound|k20,3LMA-RVE_CR2|r0.6,diff,Fisher_z,3LMA-RVE_CR2,0.6,2593,110,109,-0.0177753024240056,0.012444876224828441,-1.428322958210108,25.07005771114363,0.16553965615409758,,,,,,,,,,,,,,,,,,,FALSE,,"multiverse cell 524/1260: coding=share_recut_2017, outlier=rstudent, es_set=no_starbound, df_basis=k20, estimator=3LMA-RVE_CR2, rho=0.6 [DEC-045 S2]; descriptive curve cell"
H3,share_recut_2018|rstudent|no_starbound|k20,3LMA-RVE_CR2|r0.6,diff,Fisher_z,3LMA-RVE_CR2,0.6,2593,110,109,-0.02018431957843949,0.01497997655831572,-1.3474199709100827,18.132671939948278,0.19444191675680245,,,,,,,,,,,,,,,,,,,FALSE,,"multiverse cell 525/1260: coding=share_recut_2018, outlier=rstudent, es_set=no_starbound, df_basis=k20, estimator=3LMA-RVE_CR2, rho=0.6 [DEC-045 S2]; descriptive curve cell"
H3,share_recut_2019|rstudent|no_starbound|k20,3LMA-RVE_CR2|r0.6,diff,Fisher_z,3LMA-RVE_CR2,0.6,2593,110,109,-0.0202844626758703,0.01615001173371179,-1.2560029683153846,14.8843676719633,0.22847274433240639,,,,,,,,,,,,,,,,,,,FALSE,,"multiverse cell 526/1260: coding=share_recut_2019, outlier=rstudent, es_set=no_starbound, df_basis=k20, estimator=3LMA-RVE_CR2, rho=0.6 [DEC-045 S2]; descriptive curve cell"
H3,end_lag1|rstudent|no_starbound|k20,3LMA-RVE_CR2|r0.6,diff,Fisher_z,3LMA-RVE_CR2,0.6,2593,110,109,-0.002860162769452154,0.010309965296994824,-0.27741730326539915,39.1026720236174,0.7829211315568909,,,,,,,,,,,,,,,,,,,FALSE,,"multiverse cell 527/1260: coding=end_lag1, outlier=rstudent, es_set=no_starbound, df_basis=k20, estimator=3LMA-RVE_CR2, rho=0.6 [DEC-045 S2]; descriptive curve cell"
H3,end_lag2|rstudent|no_starbound|k20,3LMA-RVE_CR2|r0.6,diff,Fisher_z,3LMA-RVE_CR2,0.6,2593,110,109,0.006746110209068727,0.009600198197248595,0.7027053057094336,52.94302242896189,0.48531787158889705,,,,,,,,,,,,,,,,,,,FALSE,,"multiverse cell 528/1260: coding=end_lag2, outlier=rstudent, es_set=no_starbound, df_basis=k20, estimator=3LMA-RVE_CR2, rho=0.6 [DEC-045 S2]; descriptive curve cell"
H3,end_lag3|rstudent|no_starbound|k20,3LMA-RVE_CR2|r0.6,diff,Fisher_z,3LMA-RVE_CR2,0.6,2593,110,109,-0.004421609231499188,0.009703192528072417,-0.4556860248528492,61.26365886007284,0.6502268705182921,,,,,,,,,,,,,,,,,,,FALSE,,"multiverse cell 529/1260: coding=end_lag3, outlier=rstudent, es_set=no_starbound, df_basis=k20, estimator=3LMA-RVE_CR2, rho=0.6 [DEC-045 S2]; descriptive curve cell"
H3,clean_window|rstudent|no_starbound|k20,3LMA-RVE_CR2|r0.6,diff,Fisher_z,3LMA-RVE_CR2,0.6,900,38,38,-0.028960281491133055,0.020100495005164067,-1.440774542303202,24.710336022038998,0.1622006013622746,,,,,,,,,,,,,,,,,,,FALSE,,"multiverse cell 530/1260: coding=clean_window, outlier=rstudent, es_set=no_starbound, df_basis=k20, estimator=3LMA-RVE_CR2, rho=0.6 [DEC-045 S2]; descriptive curve cell"
H3,paris_mid|winsor|no_starbound|k20,3LMA-RVE_CR2|r0.6,diff,Fisher_z,3LMA-RVE_CR2,0.6,2606,110,109,-0.01418045606022595,0.011732297804808719,-1.2086682673886615,32.930251330121855,0.2353979349695089,,,,,,,,,,,,,,,,,,,FALSE,,"multiverse cell 531/1260: coding=paris_mid, outlier=winsor, es_set=no_starbound, df_basis=k20, estimator=3LMA-RVE_CR2, rho=0.6 [DEC-045 S2]; descriptive curve cell"
H3,tie_break_median|winsor|no_starbound|k20,3LMA-RVE_CR2|r0.6,diff,Fisher_z,3LMA-RVE_CR2,0.6,2606,110,109,-0.01225454664063727,0.012181764456375404,-1.00597468326715,25.28295617668087,0.3239590872568662,,,,,,,,,,,,,,,,,,,FALSE,,"multiverse cell 532/1260: coding=tie_break_median, outlier=winsor, es_set=no_starbound, df_basis=k20, estimator=3LMA-RVE_CR2, rho=0.6 [DEC-045 S2]; descriptive curve cell"
H3,end_any_exposure|winsor|no_starbound|k20,3LMA-RVE_CR2|r0.6,diff,Fisher_z,3LMA-RVE_CR2,0.6,2606,110,109,7.688487130057542e-4,0.011517091182828147,0.06675719596212791,32.393927528303415,0.9471853267055447,,,,,,,,,,,,,,,,,,,FALSE,,"multiverse cell 533/1260: coding=end_any_exposure, outlier=winsor, es_set=no_starbound, df_basis=k20, estimator=3LMA-RVE_CR2, rho=0.6 [DEC-045 S2]; descriptive curve cell"
H3,share_recut_2017|winsor|no_starbound|k20,3LMA-RVE_CR2|r0.6,diff,Fisher_z,3LMA-RVE_CR2,0.6,2606,110,109,-0.013033714406297962,0.012776855806422275,-1.0201034279299432,22.0442617899454,0.3187449075517462,,,,,,,,,,,,,,,,,,,FALSE,,"multiverse cell 534/1260: coding=share_recut_2017, outlier=winsor, es_set=no_starbound, df_basis=k20, estimator=3LMA-RVE_CR2, rho=0.6 [DEC-045 S2]; descriptive curve cell"
H3,share_recut_2018|winsor|no_starbound|k20,3LMA-RVE_CR2|r0.6,diff,Fisher_z,3LMA-RVE_CR2,0.6,2606,110,109,-0.016322988972754728,0.01500707592760154,-1.0876861722764335,18.231225822025415,0.29090472210735807,,,,,,,,,,,,,,,,,,,FALSE,,"multiverse cell 535/1260: coding=share_recut_2018, outlier=winsor, es_set=no_starbound, df_basis=k20, estimator=3LMA-RVE_CR2, rho=0.6 [DEC-045 S2]; descriptive curve cell"
H3,share_recut_2019|winsor|no_starbound|k20,3LMA-RVE_CR2|r0.6,diff,Fisher_z,3LMA-RVE_CR2,0.6,2606,110,109,-0.016230267807072235,0.016166203942446004,-1.0039628267003378,14.968991140391534,0.3313506291977556,,,,,,,,,,,,,,,,,,,FALSE,,"multiverse cell 536/1260: coding=share_recut_2019, outlier=winsor, es_set=no_starbound, df_basis=k20, estimator=3LMA-RVE_CR2, rho=0.6 [DEC-045 S2]; descriptive curve cell"
H3,end_lag1|winsor|no_starbound|k20,3LMA-RVE_CR2|r0.6,diff,Fisher_z,3LMA-RVE_CR2,0.6,2606,110,109,8.411412792545744e-4,0.010540492247816332,0.07980094852105538,34.0486307336645,0.936862767273245,,,,,,,,,,,,,,,,,,,FALSE,,"multiverse cell 537/1260: coding=end_lag1, outlier=winsor, es_set=no_starbound, df_basis=k20, estimator=3LMA-RVE_CR2, rho=0.6 [DEC-045 S2]; descriptive curve cell"
H3,end_lag2|winsor|no_starbound|k20,3LMA-RVE_CR2|r0.6,diff,Fisher_z,3LMA-RVE_CR2,0.6,2606,110,109,0.013977860619145362,0.009867415859956567,1.4165675002985927,45.99169469489958,0.16334744913501748,,,,,,,,,,,,,,,,,,,FALSE,,"multiverse cell 538/1260: coding=end_lag2, outlier=winsor, es_set=no_starbound, df_basis=k20, estimator=3LMA-RVE_CR2, rho=0.6 [DEC-045 S2]; descriptive curve cell"
H3,end_lag3|winsor|no_starbound|k20,3LMA-RVE_CR2|r0.6,diff,Fisher_z,3LMA-RVE_CR2,0.6,2606,110,109,0.0018914396513522239,0.009764680251160746,0.19370215948723818,51.76665083724447,0.8471671731233377,,,,,,,,,,,,,,,,,,,FALSE,,"multiverse cell 539/1260: coding=end_lag3, outlier=winsor, es_set=no_starbound, df_basis=k20, estimator=3LMA-RVE_CR2, rho=0.6 [DEC-045 S2]; descriptive curve cell"
H3,clean_window|winsor|no_starbound|k20,3LMA-RVE_CR2|r0.6,diff,Fisher_z,3LMA-RVE_CR2,0.6,905,38,38,-0.02324996953403989,0.01913998324067119,-1.2147330142189077,24.536424177500912,0.23602911007875513,,,,,,,,,,,,,,,,,,,FALSE,,"multiverse cell 540/1260: coding=clean_window, outlier=winsor, es_set=no_starbound, df_basis=k20, estimator=3LMA-RVE_CR2, rho=0.6 [DEC-045 S2]; descriptive curve cell"
H3,paris_mid|none|full|dfE,one_per_cluster|r0.6,diff,Fisher_z,one_per_cluster,0.6,2705,113,112,0.019532614193077405,0.05517780223550193,0.3539940592361965,111,0.7240148710423668,,,,,,,,,,,,,,,,,,,FALSE,,"multiverse cell 541/1260: coding=paris_mid, outlier=none, es_set=full, df_basis=dfE, estimator=one_per_cluster, rho=0.6 [DEC-045 S2]; cluster x cell aggregates (D2/H2b convention)"
H3,tie_break_median|none|full|dfE,one_per_cluster|r0.6,diff,Fisher_z,one_per_cluster,0.6,2705,113,112,0.004932807722399374,0.05853445177619717,0.08427187020149529,111,0.9329920778534653,,,,,,,,,,,,,,,,,,,FALSE,,"multiverse cell 542/1260: coding=tie_break_median, outlier=none, es_set=full, df_basis=dfE, estimator=one_per_cluster, rho=0.6 [DEC-045 S2]; cluster x cell aggregates (D2/H2b convention)"
H3,end_any_exposure|none|full|dfE,one_per_cluster|r0.6,diff,Fisher_z,one_per_cluster,0.6,2705,113,112,-0.04399641241603257,0.05813063883622691,-0.7568541013283012,110,0.4507553349247311,,,,,,,,,,,,,,,,,,,FALSE,,"multiverse cell 543/1260: coding=end_any_exposure, outlier=none, es_set=full, df_basis=dfE, estimator=one_per_cluster, rho=0.6 [DEC-045 S2]; cluster x cell aggregates (D2/H2b convention)"
H3,share_recut_2017|none|full|dfE,one_per_cluster|r0.6,diff,Fisher_z,one_per_cluster,0.6,2705,113,112,5.897837410067039e-4,0.06119692472975583,0.009637473510493785,111,0.99232782769434,,,,,,,,,,,,,,,,,,,FALSE,,"multiverse cell 544/1260: coding=share_recut_2017, outlier=none, es_set=full, df_basis=dfE, estimator=one_per_cluster, rho=0.6 [DEC-045 S2]; cluster x cell aggregates (D2/H2b convention)"
H3,share_recut_2018|none|full|dfE,one_per_cluster|r0.6,diff,Fisher_z,one_per_cluster,0.6,2705,113,112,0.02148501579043366,0.07294817507697446,0.29452437662440223,110,0.7689123334680275,,,,,,,,,,,,,,,,,,,FALSE,,"multiverse cell 545/1260: coding=share_recut_2018, outlier=none, es_set=full, df_basis=dfE, estimator=one_per_cluster, rho=0.6 [DEC-045 S2]; cluster x cell aggregates (D2/H2b convention)"
H3,share_recut_2019|none|full|dfE,one_per_cluster|r0.6,diff,Fisher_z,one_per_cluster,0.6,2705,113,112,0.024732000324473688,0.07755659678752634,0.31888970569749664,110,0.7504148870185777,,,,,,,,,,,,,,,,,,,FALSE,,"multiverse cell 546/1260: coding=share_recut_2019, outlier=none, es_set=full, df_basis=dfE, estimator=one_per_cluster, rho=0.6 [DEC-045 S2]; cluster x cell aggregates (D2/H2b convention)"
H3,end_lag1|none|full|dfE,one_per_cluster|r0.6,diff,Fisher_z,one_per_cluster,0.6,2705,113,112,-0.05013717867186074,0.05169012253294536,-0.9699566612539015,111,0.33417690649062903,,,,,,,,,,,,,,,,,,,FALSE,,"multiverse cell 547/1260: coding=end_lag1, outlier=none, es_set=full, df_basis=dfE, estimator=one_per_cluster, rho=0.6 [DEC-045 S2]; cluster x cell aggregates (D2/H2b convention)"
H3,end_lag2|none|full|dfE,one_per_cluster|r0.6,diff,Fisher_z,one_per_cluster,0.6,2705,113,112,0.032254373586768026,0.04955539221089032,0.650875155008455,111,0.5164721802848876,,,,,,,,,,,,,,,,,,,FALSE,,"multiverse cell 548/1260: coding=end_lag2, outlier=none, es_set=full, df_basis=dfE, estimator=one_per_cluster, rho=0.6 [DEC-045 S2]; cluster x cell aggregates (D2/H2b convention)"
H3,end_lag3|none|full|dfE,one_per_cluster|r0.6,diff,Fisher_z,one_per_cluster,0.6,2705,113,112,0.023463354992498665,0.04955600564044826,0.4734714731194471,111,0.6368067124199259,,,,,,,,,,,,,,,,,,,FALSE,,"multiverse cell 549/1260: coding=end_lag3, outlier=none, es_set=full, df_basis=dfE, estimator=one_per_cluster, rho=0.6 [DEC-045 S2]; cluster x cell aggregates (D2/H2b convention)"
H3,clean_window|none|full|dfE,one_per_cluster|r0.6,diff,Fisher_z,one_per_cluster,0.6,929,40,40,-0.02535822403253749,0.03070336638913716,-0.82591021815475,38,0.4140105078062444,,,,,,,,,,,,,,,,,,,FALSE,,"multiverse cell 550/1260: coding=clean_window, outlier=none, es_set=full, df_basis=dfE, estimator=one_per_cluster, rho=0.6 [DEC-045 S2]; cluster x cell aggregates (D2/H2b convention)"
H3,paris_mid|rstudent|full|dfE,one_per_cluster|r0.6,diff,Fisher_z,one_per_cluster,0.6,2692,113,112,-0.014253189021018221,0.01974601361811571,-0.7218261516816654,111,0.4719192037435034,,,,,,,,,,,,,,,,,,,FALSE,,"multiverse cell 551/1260: coding=paris_mid, outlier=rstudent, es_set=full, df_basis=dfE, estimator=one_per_cluster, rho=0.6 [DEC-045 S2]; cluster x cell aggregates (D2/H2b convention)"
H3,tie_break_median|rstudent|full|dfE,one_per_cluster|r0.6,diff,Fisher_z,one_per_cluster,0.6,2692,113,112,-0.02724211217385774,0.020853433244493798,-1.306361012810724,111,0.19413025910178847,,,,,,,,,,,,,,,,,,,FALSE,,"multiverse cell 552/1260: coding=tie_break_median, outlier=rstudent, es_set=full, df_basis=dfE, estimator=one_per_cluster, rho=0.6 [DEC-045 S2]; cluster x cell aggregates (D2/H2b convention)"
H3,end_any_exposure|rstudent|full|dfE,one_per_cluster|r0.6,diff,Fisher_z,one_per_cluster,0.6,2692,113,112,-0.013040128512812641,0.021073570732594814,-0.618790649115922,110,0.5373336209257408,,,,,,,,,,,,,,,,,,,FALSE,,"multiverse cell 553/1260: coding=end_any_exposure, outlier=rstudent, es_set=full, df_basis=dfE, estimator=one_per_cluster, rho=0.6 [DEC-045 S2]; cluster x cell aggregates (D2/H2b convention)"
H3,share_recut_2017|rstudent|full|dfE,one_per_cluster|r0.6,diff,Fisher_z,one_per_cluster,0.6,2692,113,112,-0.030524898198958508,0.021794363632765185,-1.4005868082823039,111,0.1641269280851177,,,,,,,,,,,,,,,,,,,FALSE,,"multiverse cell 554/1260: coding=share_recut_2017, outlier=rstudent, es_set=full, df_basis=dfE, estimator=one_per_cluster, rho=0.6 [DEC-045 S2]; cluster x cell aggregates (D2/H2b convention)"
H3,share_recut_2018|rstudent|full|dfE,one_per_cluster|r0.6,diff,Fisher_z,one_per_cluster,0.6,2692,113,112,-0.00816021971904951,0.02619209164003255,-0.31155280880955905,110,0.7559701105349758,,,,,,,,,,,,,,,,,,,FALSE,,"multiverse cell 555/1260: coding=share_recut_2018, outlier=rstudent, es_set=full, df_basis=dfE, estimator=one_per_cluster, rho=0.6 [DEC-045 S2]; cluster x cell aggregates (D2/H2b convention)"
H3,share_recut_2019|rstudent|full|dfE,one_per_cluster|r0.6,diff,Fisher_z,one_per_cluster,0.6,2692,113,112,-0.004684546639448818,0.027854029470738215,-0.16818200915490966,110,0.8667489308922153,,,,,,,,,,,,,,,,,,,FALSE,,"multiverse cell 556/1260: coding=share_recut_2019, outlier=rstudent, es_set=full, df_basis=dfE, estimator=one_per_cluster, rho=0.6 [DEC-045 S2]; cluster x cell aggregates (D2/H2b convention)"
H3,end_lag1|rstudent|full|dfE,one_per_cluster|r0.6,diff,Fisher_z,one_per_cluster,0.6,2692,113,112,-0.01773284245776069,0.0186496199251089,-0.9508420294338595,111,0.34375036085607014,,,,,,,,,,,,,,,,,,,FALSE,,"multiverse cell 557/1260: coding=end_lag1, outlier=rstudent, es_set=full, df_basis=dfE, estimator=one_per_cluster, rho=0.6 [DEC-045 S2]; cluster x cell aggregates (D2/H2b convention)"
H3,end_lag2|rstudent|full|dfE,one_per_cluster|r0.6,diff,Fisher_z,one_per_cluster,0.6,2692,113,112,-0.019939417968376973,0.017758760382557144,-1.1227933447405314,111,0.2639479819379237,,,,,,,,,,,,,,,,,,,FALSE,,"multiverse cell 558/1260: coding=end_lag2, outlier=rstudent, es_set=full, df_basis=dfE, estimator=one_per_cluster, rho=0.6 [DEC-045 S2]; cluster x cell aggregates (D2/H2b convention)"
H3,end_lag3|rstudent|full|dfE,one_per_cluster|r0.6,diff,Fisher_z,one_per_cluster,0.6,2692,113,112,-0.01659757283367171,0.017707916313706235,-0.937296773919408,111,0.35064083178471794,,,,,,,,,,,,,,,,,,,FALSE,,"multiverse cell 559/1260: coding=end_lag3, outlier=rstudent, es_set=full, df_basis=dfE, estimator=one_per_cluster, rho=0.6 [DEC-045 S2]; cluster x cell aggregates (D2/H2b convention)"
H3,clean_window|rstudent|full|dfE,one_per_cluster|r0.6,diff,Fisher_z,one_per_cluster,0.6,924,40,40,-0.028563941423223025,0.03043552512310652,-0.938506607252109,38,0.3539114391003355,,,,,,,,,,,,,,,,,,,FALSE,,"multiverse cell 560/1260: coding=clean_window, outlier=rstudent, es_set=full, df_basis=dfE, estimator=one_per_cluster, rho=0.6 [DEC-045 S2]; cluster x cell aggregates (D2/H2b convention)"
H3,paris_mid|winsor|full|dfE,one_per_cluster|r0.6,diff,Fisher_z,one_per_cluster,0.6,2705,113,112,-0.010815591049988658,0.019469881376128737,-0.555503695222778,111,0.5796680623908055,,,,,,,,,,,,,,,,,,,FALSE,,"multiverse cell 561/1260: coding=paris_mid, outlier=winsor, es_set=full, df_basis=dfE, estimator=one_per_cluster, rho=0.6 [DEC-045 S2]; cluster x cell aggregates (D2/H2b convention)"
H3,tie_break_median|winsor|full|dfE,one_per_cluster|r0.6,diff,Fisher_z,one_per_cluster,0.6,2705,113,112,-0.02061120142865098,0.02060843439383209,-1.0001342671047209,111,0.31942082574411956,,,,,,,,,,,,,,,,,,,FALSE,,"multiverse cell 562/1260: coding=tie_break_median, outlier=winsor, es_set=full, df_basis=dfE, estimator=one_per_cluster, rho=0.6 [DEC-045 S2]; cluster x cell aggregates (D2/H2b convention)"
H3,end_any_exposure|winsor|full|dfE,one_per_cluster|r0.6,diff,Fisher_z,one_per_cluster,0.6,2705,113,112,-0.011571892224518182,0.02076305953034665,-0.5573307829515713,110,0.5784337875729186,,,,,,,,,,,,,,,,,,,FALSE,,"multiverse cell 563/1260: coding=end_any_exposure, outlier=winsor, es_set=full, df_basis=dfE, estimator=one_per_cluster, rho=0.6 [DEC-045 S2]; cluster x cell aggregates (D2/H2b convention)"
H3,share_recut_2017|winsor|full|dfE,one_per_cluster|r0.6,diff,Fisher_z,one_per_cluster,0.6,2705,113,112,-0.02424058373493053,0.021537828740459352,-1.1254887401622795,111,0.26280964959426834,,,,,,,,,,,,,,,,,,,FALSE,,"multiverse cell 564/1260: coding=share_recut_2017, outlier=winsor, es_set=full, df_basis=dfE, estimator=one_per_cluster, rho=0.6 [DEC-045 S2]; cluster x cell aggregates (D2/H2b convention)"
H3,share_recut_2018|winsor|full|dfE,one_per_cluster|r0.6,diff,Fisher_z,one_per_cluster,0.6,2705,113,112,-0.002829403968982347,0.025809294653800385,-0.10962732639288617,110,0.9129046854577244,,,,,,,,,,,,,,,,,,,FALSE,,"multiverse cell 565/1260: coding=share_recut_2018, outlier=winsor, es_set=full, df_basis=dfE, estimator=one_per_cluster, rho=0.6 [DEC-045 S2]; cluster x cell aggregates (D2/H2b convention)"
H3,share_recut_2019|winsor|full|dfE,one_per_cluster|r0.6,diff,Fisher_z,one_per_cluster,0.6,2705,113,112,2.7176834942846395e-4,0.0274404211279993,0.009903942368842164,110,0.9921158662663293,,,,,,,,,,,,,,,,,,,FALSE,,"multiverse cell 566/1260: coding=share_recut_2019, outlier=winsor, es_set=full, df_basis=dfE, estimator=one_per_cluster, rho=0.6 [DEC-045 S2]; cluster x cell aggregates (D2/H2b convention)"
H3,end_lag1|winsor|full|dfE,one_per_cluster|r0.6,diff,Fisher_z,one_per_cluster,0.6,2705,113,112,-0.013593031060354775,0.01840021440885479,-0.7387430797444057,111,0.46162223110488665,,,,,,,,,,,,,,,,,,,FALSE,,"multiverse cell 567/1260: coding=end_lag1, outlier=winsor, es_set=full, df_basis=dfE, estimator=one_per_cluster, rho=0.6 [DEC-045 S2]; cluster x cell aggregates (D2/H2b convention)"
H3,end_lag2|winsor|full|dfE,one_per_cluster|r0.6,diff,Fisher_z,one_per_cluster,0.6,2705,113,112,-0.007416036236793266,0.01758425800999451,-0.4217429153154004,111,0.6740283306457717,,,,,,,,,,,,,,,,,,,FALSE,,"multiverse cell 568/1260: coding=end_lag2, outlier=winsor, es_set=full, df_basis=dfE, estimator=one_per_cluster, rho=0.6 [DEC-045 S2]; cluster x cell aggregates (D2/H2b convention)"
H3,end_lag3|winsor|full|dfE,one_per_cluster|r0.6,diff,Fisher_z,one_per_cluster,0.6,2705,113,112,-0.0069031639599019465,0.017501123450624892,-0.39444118998289013,111,0.6940121638541626,,,,,,,,,,,,,,,,,,,FALSE,,"multiverse cell 569/1260: coding=end_lag3, outlier=winsor, es_set=full, df_basis=dfE, estimator=one_per_cluster, rho=0.6 [DEC-045 S2]; cluster x cell aggregates (D2/H2b convention)"
H3,clean_window|winsor|full|dfE,one_per_cluster|r0.6,diff,Fisher_z,one_per_cluster,0.6,929,40,40,-0.022856133191403498,0.028066066515303502,-0.8143689525905171,38,0.42050797337705637,,,,,,,,,,,,,,,,,,,FALSE,,"multiverse cell 570/1260: coding=clean_window, outlier=winsor, es_set=full, df_basis=dfE, estimator=one_per_cluster, rho=0.6 [DEC-045 S2]; cluster x cell aggregates (D2/H2b convention)"
H3,paris_mid|none|no_starbound|dfE,one_per_cluster|r0.6,diff,Fisher_z,one_per_cluster,0.6,2607,110,109,0.013413566564340527,0.056555763715249625,0.23717417435782429,108,0.8129709809871594,,,,,,,,,,,,,,,,,,,FALSE,,"multiverse cell 571/1260: coding=paris_mid, outlier=none, es_set=no_starbound, df_basis=dfE, estimator=one_per_cluster, rho=0.6 [DEC-045 S2]; cluster x cell aggregates (D2/H2b convention)"
H3,tie_break_median|none|no_starbound|dfE,one_per_cluster|r0.6,diff,Fisher_z,one_per_cluster,0.6,2607,110,109,-0.0019302512985491585,0.05991344849168903,-0.032217329283206184,108,0.9743582016489369,,,,,,,,,,,,,,,,,,,FALSE,,"multiverse cell 572/1260: coding=tie_break_median, outlier=none, es_set=no_starbound, df_basis=dfE, estimator=one_per_cluster, rho=0.6 [DEC-045 S2]; cluster x cell aggregates (D2/H2b convention)"
H3,end_any_exposure|none|no_starbound|dfE,one_per_cluster|r0.6,diff,Fisher_z,one_per_cluster,0.6,2607,110,109,-0.04553474838686372,0.06113276738602975,-0.7448501079515903,107,0.45799522452228514,,,,,,,,,,,,,,,,,,,FALSE,,"multiverse cell 573/1260: coding=end_any_exposure, outlier=none, es_set=no_starbound, df_basis=dfE, estimator=one_per_cluster, rho=0.6 [DEC-045 S2]; cluster x cell aggregates (D2/H2b convention)"
H3,share_recut_2017|none|no_starbound|dfE,one_per_cluster|r0.6,diff,Fisher_z,one_per_cluster,0.6,2607,110,109,-0.006820359838393762,0.06259593180369115,-0.10895851602278696,108,0.9134375803546717,,,,,,,,,,,,,,,,,,,FALSE,,"multiverse cell 574/1260: coding=share_recut_2017, outlier=none, es_set=no_starbound, df_basis=dfE, estimator=one_per_cluster, rho=0.6 [DEC-045 S2]; cluster x cell aggregates (D2/H2b convention)"
H3,share_recut_2018|none|no_starbound|dfE,one_per_cluster|r0.6,diff,Fisher_z,one_per_cluster,0.6,2607,110,109,0.02075621640359772,0.07452901478483807,0.2784984675232859,107,0.7811672368497337,,,,,,,,,,,,,,,,,,,FALSE,,"multiverse cell 575/1260: coding=share_recut_2018, outlier=none, es_set=no_starbound, df_basis=dfE, estimator=one_per_cluster, rho=0.6 [DEC-045 S2]; cluster x cell aggregates (D2/H2b convention)"
H3,share_recut_2019|none|no_starbound|dfE,one_per_cluster|r0.6,diff,Fisher_z,one_per_cluster,0.6,2607,110,109,0.024023777965424778,0.07921173498211861,0.303285592353809,107,0.7622611222217552,,,,,,,,,,,,,,,,,,,FALSE,,"multiverse cell 576/1260: coding=share_recut_2019, outlier=none, es_set=no_starbound, df_basis=dfE, estimator=one_per_cluster, rho=0.6 [DEC-045 S2]; cluster x cell aggregates (D2/H2b convention)"
H3,end_lag1|none|no_starbound|dfE,one_per_cluster|r0.6,diff,Fisher_z,one_per_cluster,0.6,2607,110,109,-0.05797420818044283,0.05368322668869848,-1.079931512251064,108,0.282578478085055,,,,,,,,,,,,,,,,,,,FALSE,,"multiverse cell 577/1260: coding=end_lag1, outlier=none, es_set=no_starbound, df_basis=dfE, estimator=one_per_cluster, rho=0.6 [DEC-045 S2]; cluster x cell aggregates (D2/H2b convention)"
H3,end_lag2|none|no_starbound|dfE,one_per_cluster|r0.6,diff,Fisher_z,one_per_cluster,0.6,2607,110,109,0.02828742971030434,0.05130440441454245,0.5513645472178242,108,0.5825227425796986,,,,,,,,,,,,,,,,,,,FALSE,,"multiverse cell 578/1260: coding=end_lag2, outlier=none, es_set=no_starbound, df_basis=dfE, estimator=one_per_cluster, rho=0.6 [DEC-045 S2]; cluster x cell aggregates (D2/H2b convention)"
H3,end_lag3|none|no_starbound|dfE,one_per_cluster|r0.6,diff,Fisher_z,one_per_cluster,0.6,2607,110,109,0.019505277339398844,0.05118238270849652,0.3810935776571589,108,0.7038824541130538,,,,,,,,,,,,,,,,,,,FALSE,,"multiverse cell 579/1260: coding=end_lag3, outlier=none, es_set=no_starbound, df_basis=dfE, estimator=one_per_cluster, rho=0.6 [DEC-045 S2]; cluster x cell aggregates (D2/H2b convention)"
H3,clean_window|none|no_starbound|dfE,one_per_cluster|r0.6,diff,Fisher_z,one_per_cluster,0.6,905,38,38,-0.0280631300738913,0.031985255464131356,-0.8773770809916347,36,0.3860997137163792,,,,,,,,,,,,,,,,,,,FALSE,,"multiverse cell 580/1260: coding=clean_window, outlier=none, es_set=no_starbound, df_basis=dfE, estimator=one_per_cluster, rho=0.6 [DEC-045 S2]; cluster x cell aggregates (D2/H2b convention)"
H3,paris_mid|rstudent|no_starbound|dfE,one_per_cluster|r0.6,diff,Fisher_z,one_per_cluster,0.6,2594,110,109,-0.021569919330979792,0.020742046041245056,-1.0399128074486255,108,0.3007028956404704,,,,,,,,,,,,,,,,,,,FALSE,,"multiverse cell 581/1260: coding=paris_mid, outlier=rstudent, es_set=no_starbound, df_basis=dfE, estimator=one_per_cluster, rho=0.6 [DEC-045 S2]; cluster x cell aggregates (D2/H2b convention)"
H3,tie_break_median|rstudent|no_starbound|dfE,one_per_cluster|r0.6,diff,Fisher_z,one_per_cluster,0.6,2594,110,109,-0.03517893489031132,0.021840821416258063,-1.610696512729348,108,0.11016481382936535,,,,,,,,,,,,,,,,,,,FALSE,,"multiverse cell 582/1260: coding=tie_break_median, outlier=rstudent, es_set=no_starbound, df_basis=dfE, estimator=one_per_cluster, rho=0.6 [DEC-045 S2]; cluster x cell aggregates (D2/H2b convention)"
H3,end_any_exposure|rstudent|no_starbound|dfE,one_per_cluster|r0.6,diff,Fisher_z,one_per_cluster,0.6,2594,110,109,-0.014898866565820897,0.022782256318840663,-0.653967998485721,107,0.5145354839377154,,,,,,,,,,,,,,,,,,,FALSE,,"multiverse cell 583/1260: coding=end_any_exposure, outlier=rstudent, es_set=no_starbound, df_basis=dfE, estimator=one_per_cluster, rho=0.6 [DEC-045 S2]; cluster x cell aggregates (D2/H2b convention)"
H3,share_recut_2017|rstudent|no_starbound|dfE,one_per_cluster|r0.6,diff,Fisher_z,one_per_cluster,0.6,2594,110,109,-0.03896982236627747,0.022802880449908487,-1.7089868296193196,108,0.09032557727216935,,,,,,,,,,,,,,,,,,,FALSE,,"multiverse cell 584/1260: coding=share_recut_2017, outlier=rstudent, es_set=no_starbound, df_basis=dfE, estimator=one_per_cluster, rho=0.6 [DEC-045 S2]; cluster x cell aggregates (D2/H2b convention)"
H3,share_recut_2018|rstudent|no_starbound|dfE,one_per_cluster|r0.6,diff,Fisher_z,one_per_cluster,0.6,2594,110,109,-0.009670919161655266,0.027490840982219586,-0.35178695216745764,107,0.7256898896074596,,,,,,,,,,,,,,,,,,,FALSE,,"multiverse cell 585/1260: coding=share_recut_2018, outlier=rstudent, es_set=no_starbound, df_basis=dfE, estimator=one_per_cluster, rho=0.6 [DEC-045 S2]; cluster x cell aggregates (D2/H2b convention)"
H3,share_recut_2019|rstudent|no_starbound|dfE,one_per_cluster|r0.6,diff,Fisher_z,one_per_cluster,0.6,2594,110,109,-0.006135263895582631,0.02922733395797497,-0.2099152767202211,107,0.8341329792956951,,,,,,,,,,,,,,,,,,,FALSE,,"multiverse cell 586/1260: coding=share_recut_2019, outlier=rstudent, es_set=no_starbound, df_basis=dfE, estimator=one_per_cluster, rho=0.6 [DEC-045 S2]; cluster x cell aggregates (D2/H2b convention)"
H3,end_lag1|rstudent|no_starbound|dfE,one_per_cluster|r0.6,diff,Fisher_z,one_per_cluster,0.6,2594,110,109,-0.02498312436606399,0.019877001608646902,-1.2568859658991938,108,0.21150645844859609,,,,,,,,,,,,,,,,,,,FALSE,,"multiverse cell 587/1260: coding=end_lag1, outlier=rstudent, es_set=no_starbound, df_basis=dfE, estimator=one_per_cluster, rho=0.6 [DEC-045 S2]; cluster x cell aggregates (D2/H2b convention)"
H3,end_lag2|rstudent|no_starbound|dfE,one_per_cluster|r0.6,diff,Fisher_z,one_per_cluster,0.6,2594,110,109,-0.02584174909748119,0.018834435969262722,-1.372047941316332,108,0.17289173229923394,,,,,,,,,,,,,,,,,,,FALSE,,"multiverse cell 588/1260: coding=end_lag2, outlier=rstudent, es_set=no_starbound, df_basis=dfE, estimator=one_per_cluster, rho=0.6 [DEC-045 S2]; cluster x cell aggregates (D2/H2b convention)"
H3,end_lag3|rstudent|no_starbound|dfE,one_per_cluster|r0.6,diff,Fisher_z,one_per_cluster,0.6,2594,110,109,-0.021685445591346796,0.018750743676929797,-1.1565112277668081,108,0.25002388844655854,,,,,,,,,,,,,,,,,,,FALSE,,"multiverse cell 589/1260: coding=end_lag3, outlier=rstudent, es_set=no_starbound, df_basis=dfE, estimator=one_per_cluster, rho=0.6 [DEC-045 S2]; cluster x cell aggregates (D2/H2b convention)"
H3,clean_window|rstudent|no_starbound|dfE,one_per_cluster|r0.6,diff,Fisher_z,one_per_cluster,0.6,900,38,38,-0.03150289015762921,0.03165068921481889,-0.9953303052522319,36,0.32621906288170677,,,,,,,,,,,,,,,,,,,FALSE,,"multiverse cell 590/1260: coding=clean_window, outlier=rstudent, es_set=no_starbound, df_basis=dfE, estimator=one_per_cluster, rho=0.6 [DEC-045 S2]; cluster x cell aggregates (D2/H2b convention)"
H3,paris_mid|winsor|no_starbound|dfE,one_per_cluster|r0.6,diff,Fisher_z,one_per_cluster,0.6,2607,110,109,-0.0176126149681802,0.02038202565219562,-0.8641248553370804,108,0.3894344604732205,,,,,,,,,,,,,,,,,,,FALSE,,"multiverse cell 591/1260: coding=paris_mid, outlier=winsor, es_set=no_starbound, df_basis=dfE, estimator=one_per_cluster, rho=0.6 [DEC-045 S2]; cluster x cell aggregates (D2/H2b convention)"
H3,tie_break_median|winsor|no_starbound|dfE,one_per_cluster|r0.6,diff,Fisher_z,one_per_cluster,0.6,2607,110,109,-0.028049630576132724,0.021519000414244985,-1.3034820408091372,108,0.19518209465778363,,,,,,,,,,,,,,,,,,,FALSE,,"multiverse cell 592/1260: coding=tie_break_median, outlier=winsor, es_set=no_starbound, df_basis=dfE, estimator=one_per_cluster, rho=0.6 [DEC-045 S2]; cluster x cell aggregates (D2/H2b convention)"
H3,end_any_exposure|winsor|no_starbound|dfE,one_per_cluster|r0.6,diff,Fisher_z,one_per_cluster,0.6,2607,110,109,-0.012973193707542609,0.02236172267785936,-0.5801518020070762,107,0.5630319775701633,,,,,,,,,,,,,,,,,,,FALSE,,"multiverse cell 593/1260: coding=end_any_exposure, outlier=winsor, es_set=no_starbound, df_basis=dfE, estimator=one_per_cluster, rho=0.6 [DEC-045 S2]; cluster x cell aggregates (D2/H2b convention)"
H3,share_recut_2017|winsor|no_starbound|dfE,one_per_cluster|r0.6,diff,Fisher_z,one_per_cluster,0.6,2607,110,109,-0.03221447294714579,0.022464645443016292,-1.4340076289590622,108,0.15445911589900466,,,,,,,,,,,,,,,,,,,FALSE,,"multiverse cell 594/1260: coding=share_recut_2017, outlier=winsor, es_set=no_starbound, df_basis=dfE, estimator=one_per_cluster, rho=0.6 [DEC-045 S2]; cluster x cell aggregates (D2/H2b convention)"
H3,share_recut_2018|winsor|no_starbound|dfE,one_per_cluster|r0.6,diff,Fisher_z,one_per_cluster,0.6,2607,110,109,-0.003917158238109571,0.026983453953519317,-0.14516889664522267,107,0.8848506278349366,,,,,,,,,,,,,,,,,,,FALSE,,"multiverse cell 595/1260: coding=share_recut_2018, outlier=winsor, es_set=no_starbound, df_basis=dfE, estimator=one_per_cluster, rho=0.6 [DEC-045 S2]; cluster x cell aggregates (D2/H2b convention)"
H3,share_recut_2019|winsor|no_starbound|dfE,one_per_cluster|r0.6,diff,Fisher_z,one_per_cluster,0.6,2607,110,109,-7.715639404451274e-4,0.028680509937711204,-0.026902030058768917,107,0.9785879843717824,,,,,,,,,,,,,,,,,,,FALSE,,"multiverse cell 596/1260: coding=share_recut_2019, outlier=winsor, es_set=no_starbound, df_basis=dfE, estimator=one_per_cluster, rho=0.6 [DEC-045 S2]; cluster x cell aggregates (D2/H2b convention)"
H3,end_lag1|winsor|no_starbound|dfE,one_per_cluster|r0.6,diff,Fisher_z,one_per_cluster,0.6,2607,110,109,-0.01986529594973858,0.019549819354639064,-1.0161370593444718,108,0.3118351177032577,,,,,,,,,,,,,,,,,,,FALSE,,"multiverse cell 597/1260: coding=end_lag1, outlier=winsor, es_set=no_starbound, df_basis=dfE, estimator=one_per_cluster, rho=0.6 [DEC-045 S2]; cluster x cell aggregates (D2/H2b convention)"
H3,end_lag2|winsor|no_starbound|dfE,one_per_cluster|r0.6,diff,Fisher_z,one_per_cluster,0.6,2607,110,109,-0.01234278187536205,0.01860637679692128,-0.6633629970024234,108,0.5085115863197639,,,,,,,,,,,,,,,,,,,FALSE,,"multiverse cell 598/1260: coding=end_lag2, outlier=winsor, es_set=no_starbound, df_basis=dfE, estimator=one_per_cluster, rho=0.6 [DEC-045 S2]; cluster x cell aggregates (D2/H2b convention)"
H3,end_lag3|winsor|no_starbound|dfE,one_per_cluster|r0.6,diff,Fisher_z,one_per_cluster,0.6,2607,110,109,-0.01132046809092032,0.018478715615939955,-0.6126220201773739,108,0.5414141051760271,,,,,,,,,,,,,,,,,,,FALSE,,"multiverse cell 599/1260: coding=end_lag3, outlier=winsor, es_set=no_starbound, df_basis=dfE, estimator=one_per_cluster, rho=0.6 [DEC-045 S2]; cluster x cell aggregates (D2/H2b convention)"
H3,clean_window|winsor|no_starbound|dfE,one_per_cluster|r0.6,diff,Fisher_z,one_per_cluster,0.6,905,38,38,-0.025163176240240524,0.029196441895487448,-0.8618576308139007,36,0.39447062087818574,,,,,,,,,,,,,,,,,,,FALSE,,"multiverse cell 600/1260: coding=clean_window, outlier=winsor, es_set=no_starbound, df_basis=dfE, estimator=one_per_cluster, rho=0.6 [DEC-045 S2]; cluster x cell aggregates (D2/H2b convention)"
H3,paris_mid|none|full|k10,one_per_cluster|r0.6,diff,Fisher_z,one_per_cluster,0.6,2705,113,112,0.01891369068288047,0.05533729878933854,0.34178919276277436,111,0.7331557770708441,,,,,,,,,,,,,,,,,,,FALSE,,"multiverse cell 601/1260: coding=paris_mid, outlier=none, es_set=full, df_basis=k10, estimator=one_per_cluster, rho=0.6 [DEC-045 S2]; cluster x cell aggregates (D2/H2b convention)"
H3,tie_break_median|none|full|k10,one_per_cluster|r0.6,diff,Fisher_z,one_per_cluster,0.6,2705,113,112,0.004364139346989308,0.05870115089448339,0.07434503890450027,111,0.9408696556832762,,,,,,,,,,,,,,,,,,,FALSE,,"multiverse cell 602/1260: coding=tie_break_median, outlier=none, es_set=full, df_basis=k10, estimator=one_per_cluster, rho=0.6 [DEC-045 S2]; cluster x cell aggregates (D2/H2b convention)"
H3,end_any_exposure|none|full|k10,one_per_cluster|r0.6,diff,Fisher_z,one_per_cluster,0.6,2705,113,112,-0.046061276708952555,0.05830869625948457,-0.7899555240263182,110,0.4312533627841647,,,,,,,,,,,,,,,,,,,FALSE,,"multiverse cell 603/1260: coding=end_any_exposure, outlier=none, es_set=full, df_basis=k10, estimator=one_per_cluster, rho=0.6 [DEC-045 S2]; cluster x cell aggregates (D2/H2b convention)"
H3,share_recut_2017|none|full|k10,one_per_cluster|r0.6,diff,Fisher_z,one_per_cluster,0.6,2705,113,112,4.293229781308916e-5,0.06137038584800391,6.995605000662636e-4,111,0.9994430872281973,,,,,,,,,,,,,,,,,,,FALSE,,"multiverse cell 604/1260: coding=share_recut_2017, outlier=none, es_set=full, df_basis=k10, estimator=one_per_cluster, rho=0.6 [DEC-045 S2]; cluster x cell aggregates (D2/H2b convention)"
H3,share_recut_2018|none|full|k10,one_per_cluster|r0.6,diff,Fisher_z,one_per_cluster,0.6,2705,113,112,0.02126148886862487,0.07315396194628991,0.290640292103867,110,0.7718736920989802,,,,,,,,,,,,,,,,,,,FALSE,,"multiverse cell 605/1260: coding=share_recut_2018, outlier=none, es_set=full, df_basis=k10, estimator=one_per_cluster, rho=0.6 [DEC-045 S2]; cluster x cell aggregates (D2/H2b convention)"
H3,share_recut_2019|none|full|k10,one_per_cluster|r0.6,diff,Fisher_z,one_per_cluster,0.6,2705,113,112,0.02481968831500661,0.0777744236689051,0.31912404032290814,110,0.750237671867009,,,,,,,,,,,,,,,,,,,FALSE,,"multiverse cell 606/1260: coding=share_recut_2019, outlier=none, es_set=full, df_basis=k10, estimator=one_per_cluster, rho=0.6 [DEC-045 S2]; cluster x cell aggregates (D2/H2b convention)"
H3,end_lag1|none|full|k10,one_per_cluster|r0.6,diff,Fisher_z,one_per_cluster,0.6,2705,113,112,-0.05216048203370739,0.05183382878805184,-1.0063019316398802,111,0.3164589937101228,,,,,,,,,,,,,,,,,,,FALSE,,"multiverse cell 607/1260: coding=end_lag1, outlier=none, es_set=full, df_basis=k10, estimator=one_per_cluster, rho=0.6 [DEC-045 S2]; cluster x cell aggregates (D2/H2b convention)"
H3,end_lag2|none|full|k10,one_per_cluster|r0.6,diff,Fisher_z,one_per_cluster,0.6,2705,113,112,0.031061821283646797,0.0497109837240582,0.6248482519691935,111,0.533353022276492,,,,,,,,,,,,,,,,,,,FALSE,,"multiverse cell 608/1260: coding=end_lag2, outlier=none, es_set=full, df_basis=k10, estimator=one_per_cluster, rho=0.6 [DEC-045 S2]; cluster x cell aggregates (D2/H2b convention)"
H3,end_lag3|none|full|k10,one_per_cluster|r0.6,diff,Fisher_z,one_per_cluster,0.6,2705,113,112,0.022484261485806373,0.049704912873258456,0.452354911940768,111,0.6518961362765652,,,,,,,,,,,,,,,,,,,FALSE,,"multiverse cell 609/1260: coding=end_lag3, outlier=none, es_set=full, df_basis=k10, estimator=one_per_cluster, rho=0.6 [DEC-045 S2]; cluster x cell aggregates (D2/H2b convention)"
H3,clean_window|none|full|k10,one_per_cluster|r0.6,diff,Fisher_z,one_per_cluster,0.6,929,40,40,-0.02680589285638316,0.031200673820244405,-0.8591446777982816,38,0.3956481951654326,,,,,,,,,,,,,,,,,,,FALSE,,"multiverse cell 610/1260: coding=clean_window, outlier=none, es_set=full, df_basis=k10, estimator=one_per_cluster, rho=0.6 [DEC-045 S2]; cluster x cell aggregates (D2/H2b convention)"
H3,paris_mid|rstudent|full|k10,one_per_cluster|r0.6,diff,Fisher_z,one_per_cluster,0.6,2692,113,112,-0.014836796819893375,0.01986598478435003,-0.7468442657613161,111,0.4567365989848866,,,,,,,,,,,,,,,,,,,FALSE,,"multiverse cell 611/1260: coding=paris_mid, outlier=rstudent, es_set=full, df_basis=k10, estimator=one_per_cluster, rho=0.6 [DEC-045 S2]; cluster x cell aggregates (D2/H2b convention)"
H3,tie_break_median|rstudent|full|k10,one_per_cluster|r0.6,diff,Fisher_z,one_per_cluster,0.6,2692,113,112,-0.027776791401733027,0.020978507280648474,-1.3240594781190937,111,0.18820340715017808,,,,,,,,,,,,,,,,,,,FALSE,,"multiverse cell 612/1260: coding=tie_break_median, outlier=rstudent, es_set=full, df_basis=k10, estimator=one_per_cluster, rho=0.6 [DEC-045 S2]; cluster x cell aggregates (D2/H2b convention)"
H3,end_any_exposure|rstudent|full|k10,one_per_cluster|r0.6,diff,Fisher_z,one_per_cluster,0.6,2692,113,112,-0.014660634847561835,0.021212230021029874,-0.6911406689927101,110,0.49093314528014964,,,,,,,,,,,,,,,,,,,FALSE,,"multiverse cell 613/1260: coding=end_any_exposure, outlier=rstudent, es_set=full, df_basis=k10, estimator=one_per_cluster, rho=0.6 [DEC-045 S2]; cluster x cell aggregates (D2/H2b convention)"
H3,share_recut_2017|rstudent|full|k10,one_per_cluster|r0.6,diff,Fisher_z,one_per_cluster,0.6,2692,113,112,-0.0310417825838904,0.021924910730967268,-1.4158225301253449,111,0.15962733200719278,,,,,,,,,,,,,,,,,,,FALSE,,"multiverse cell 614/1260: coding=share_recut_2017, outlier=rstudent, es_set=full, df_basis=k10, estimator=one_per_cluster, rho=0.6 [DEC-045 S2]; cluster x cell aggregates (D2/H2b convention)"
H3,share_recut_2018|rstudent|full|k10,one_per_cluster|r0.6,diff,Fisher_z,one_per_cluster,0.6,2692,113,112,-0.008420542967231173,0.026350702829020193,-0.3195566745171433,110,0.7499105281210834,,,,,,,,,,,,,,,,,,,FALSE,,"multiverse cell 615/1260: coding=share_recut_2018, outlier=rstudent, es_set=full, df_basis=k10, estimator=one_per_cluster, rho=0.6 [DEC-045 S2]; cluster x cell aggregates (D2/H2b convention)"
H3,share_recut_2019|rstudent|full|k10,one_per_cluster|r0.6,diff,Fisher_z,one_per_cluster,0.6,2692,113,112,-0.004649246827554389,0.028023616604997303,-0.165904597293317,110,0.8685365749931009,,,,,,,,,,,,,,,,,,,FALSE,,"multiverse cell 616/1260: coding=share_recut_2019, outlier=rstudent, es_set=full, df_basis=k10, estimator=one_per_cluster, rho=0.6 [DEC-045 S2]; cluster x cell aggregates (D2/H2b convention)"
H3,end_lag1|rstudent|full|k10,one_per_cluster|r0.6,diff,Fisher_z,one_per_cluster,0.6,2692,113,112,-0.019344008457585465,0.01876143489440242,-1.031051652843294,111,0.30475794437105264,,,,,,,,,,,,,,,,,,,FALSE,,"multiverse cell 617/1260: coding=end_lag1, outlier=rstudent, es_set=full, df_basis=k10, estimator=one_per_cluster, rho=0.6 [DEC-045 S2]; cluster x cell aggregates (D2/H2b convention)"
H3,end_lag2|rstudent|full|k10,one_per_cluster|r0.6,diff,Fisher_z,one_per_cluster,0.6,2692,113,112,-0.021007492562428138,0.017864884412000688,-1.1759097947656696,111,0.24214683521779612,,,,,,,,,,,,,,,,,,,FALSE,,"multiverse cell 618/1260: coding=end_lag2, outlier=rstudent, es_set=full, df_basis=k10, estimator=one_per_cluster, rho=0.6 [DEC-045 S2]; cluster x cell aggregates (D2/H2b convention)"
H3,end_lag3|rstudent|full|k10,one_per_cluster|r0.6,diff,Fisher_z,one_per_cluster,0.6,2692,113,112,-0.017454190443932295,0.017814367970748594,-0.9797816275375183,111,0.3293245809726617,,,,,,,,,,,,,,,,,,,FALSE,,"multiverse cell 619/1260: coding=end_lag3, outlier=rstudent, es_set=full, df_basis=k10, estimator=one_per_cluster, rho=0.6 [DEC-045 S2]; cluster x cell aggregates (D2/H2b convention)"
H3,clean_window|rstudent|full|k10,one_per_cluster|r0.6,diff,Fisher_z,one_per_cluster,0.6,924,40,40,-0.030054580607311778,0.030943471667735607,-0.9712737125953884,38,0.3375541411580999,,,,,,,,,,,,,,,,,,,FALSE,,"multiverse cell 620/1260: coding=clean_window, outlier=rstudent, es_set=full, df_basis=k10, estimator=one_per_cluster, rho=0.6 [DEC-045 S2]; cluster x cell aggregates (D2/H2b convention)"
H3,paris_mid|winsor|full|k10,one_per_cluster|r0.6,diff,Fisher_z,one_per_cluster,0.6,2705,113,112,-0.011297163513342694,0.019497950997889164,-0.5794026005381652,111,0.563491616818311,,,,,,,,,,,,,,,,,,,FALSE,,"multiverse cell 621/1260: coding=paris_mid, outlier=winsor, es_set=full, df_basis=k10, estimator=one_per_cluster, rho=0.6 [DEC-045 S2]; cluster x cell aggregates (D2/H2b convention)"
H3,tie_break_median|winsor|full|k10,one_per_cluster|r0.6,diff,Fisher_z,one_per_cluster,0.6,2705,113,112,-0.02106651333407005,0.020636598741446494,-1.020832628380767,111,0.3095535013842825,,,,,,,,,,,,,,,,,,,FALSE,,"multiverse cell 622/1260: coding=tie_break_median, outlier=winsor, es_set=full, df_basis=k10, estimator=one_per_cluster, rho=0.6 [DEC-045 S2]; cluster x cell aggregates (D2/H2b convention)"
H3,end_any_exposure|winsor|full|k10,one_per_cluster|r0.6,diff,Fisher_z,one_per_cluster,0.6,2705,113,112,-0.01285317348298351,0.020805096040480305,-0.6177896731634978,110,0.5379909087770367,,,,,,,,,,,,,,,,,,,FALSE,,"multiverse cell 623/1260: coding=end_any_exposure, outlier=winsor, es_set=full, df_basis=k10, estimator=one_per_cluster, rho=0.6 [DEC-045 S2]; cluster x cell aggregates (D2/H2b convention)"
H3,share_recut_2017|winsor|full|k10,one_per_cluster|r0.6,diff,Fisher_z,one_per_cluster,0.6,2705,113,112,-0.024690561815908438,0.021566855591921678,-1.1448382779155257,111,0.2547386952929369,,,,,,,,,,,,,,,,,,,FALSE,,"multiverse cell 624/1260: coding=share_recut_2017, outlier=winsor, es_set=full, df_basis=k10, estimator=one_per_cluster, rho=0.6 [DEC-045 S2]; cluster x cell aggregates (D2/H2b convention)"
H3,share_recut_2018|winsor|full|k10,one_per_cluster|r0.6,diff,Fisher_z,one_per_cluster,0.6,2705,113,112,-0.003074490201379211,0.02584549924115451,-0.11895650274317837,110,0.9055267875064678,,,,,,,,,,,,,,,,,,,FALSE,,"multiverse cell 625/1260: coding=share_recut_2018, outlier=winsor, es_set=full, df_basis=k10, estimator=one_per_cluster, rho=0.6 [DEC-045 S2]; cluster x cell aggregates (D2/H2b convention)"
H3,share_recut_2019|winsor|full|k10,one_per_cluster|r0.6,diff,Fisher_z,one_per_cluster,0.6,2705,113,112,3.0127517460066394e-4,0.027479348204299033,0.010963694348235329,110,0.9912722724191086,,,,,,,,,,,,,,,,,,,FALSE,,"multiverse cell 626/1260: coding=share_recut_2019, outlier=winsor, es_set=full, df_basis=k10, estimator=one_per_cluster, rho=0.6 [DEC-045 S2]; cluster x cell aggregates (D2/H2b convention)"
H3,end_lag1|winsor|full|k10,one_per_cluster|r0.6,diff,Fisher_z,one_per_cluster,0.6,2705,113,112,-0.014953467680131276,0.018428333187544048,-0.8114389688937532,111,0.41885022005663386,,,,,,,,,,,,,,,,,,,FALSE,,"multiverse cell 627/1260: coding=end_lag1, outlier=winsor, es_set=full, df_basis=k10, estimator=one_per_cluster, rho=0.6 [DEC-045 S2]; cluster x cell aggregates (D2/H2b convention)"
H3,end_lag2|winsor|full|k10,one_per_cluster|r0.6,diff,Fisher_z,one_per_cluster,0.6,2705,113,112,-0.008292812202723543,0.017612803516449022,-0.4708399883629364,111,0.6386789747728354,,,,,,,,,,,,,,,,,,,FALSE,,"multiverse cell 628/1260: coding=end_lag2, outlier=winsor, es_set=full, df_basis=k10, estimator=one_per_cluster, rho=0.6 [DEC-045 S2]; cluster x cell aggregates (D2/H2b convention)"
H3,end_lag3|winsor|full|k10,one_per_cluster|r0.6,diff,Fisher_z,one_per_cluster,0.6,2705,113,112,-0.00762922154065554,0.01752760719815018,-0.4352688564050379,111,0.6642124614745311,,,,,,,,,,,,,,,,,,,FALSE,,"multiverse cell 629/1260: coding=end_lag3, outlier=winsor, es_set=full, df_basis=k10, estimator=one_per_cluster, rho=0.6 [DEC-045 S2]; cluster x cell aggregates (D2/H2b convention)"
H3,clean_window|winsor|full|k10,one_per_cluster|r0.6,diff,Fisher_z,one_per_cluster,0.6,929,40,40,-0.02397087238333169,0.02812220069165297,-0.8523825231944437,38,0.3993423260952701,,,,,,,,,,,,,,,,,,,FALSE,,"multiverse cell 630/1260: coding=clean_window, outlier=winsor, es_set=full, df_basis=k10, estimator=one_per_cluster, rho=0.6 [DEC-045 S2]; cluster x cell aggregates (D2/H2b convention)"
H3,paris_mid|none|no_starbound|k10,one_per_cluster|r0.6,diff,Fisher_z,one_per_cluster,0.6,2607,110,109,0.012944758827876768,0.056706917729657545,0.22827477398064783,108,0.8198642841869995,,,,,,,,,,,,,,,,,,,FALSE,,"multiverse cell 631/1260: coding=paris_mid, outlier=none, es_set=no_starbound, df_basis=k10, estimator=one_per_cluster, rho=0.6 [DEC-045 S2]; cluster x cell aggregates (D2/H2b convention)"
H3,tie_break_median|none|no_starbound|k10,one_per_cluster|r0.6,diff,Fisher_z,one_per_cluster,0.6,2607,110,109,-0.002357191570074496,0.060071558068504644,-0.03923972751607995,108,0.9687717047775304,,,,,,,,,,,,,,,,,,,FALSE,,"multiverse cell 632/1260: coding=tie_break_median, outlier=none, es_set=no_starbound, df_basis=k10, estimator=one_per_cluster, rho=0.6 [DEC-045 S2]; cluster x cell aggregates (D2/H2b convention)"
H3,end_any_exposure|none|no_starbound|k10,one_per_cluster|r0.6,diff,Fisher_z,one_per_cluster,0.6,2607,110,109,-0.04794417640143772,0.061307737992777916,-0.7820248792588885,107,0.43592707248712914,,,,,,,,,,,,,,,,,,,FALSE,,"multiverse cell 633/1260: coding=end_any_exposure, outlier=none, es_set=no_starbound, df_basis=k10, estimator=one_per_cluster, rho=0.6 [DEC-045 S2]; cluster x cell aggregates (D2/H2b convention)"
H3,share_recut_2017|none|no_starbound|k10,one_per_cluster|r0.6,diff,Fisher_z,one_per_cluster,0.6,2607,110,109,-0.0072303060842452,0.0627604206060947,-0.1152048697956473,108,0.9084966620760668,,,,,,,,,,,,,,,,,,,FALSE,,"multiverse cell 634/1260: coding=share_recut_2017, outlier=none, es_set=no_starbound, df_basis=k10, estimator=one_per_cluster, rho=0.6 [DEC-045 S2]; cluster x cell aggregates (D2/H2b convention)"
H3,share_recut_2018|none|no_starbound|k10,one_per_cluster|r0.6,diff,Fisher_z,one_per_cluster,0.6,2607,110,109,0.020663163303518653,0.07472386527879257,0.27652695998025517,107,0.7826767965735667,,,,,,,,,,,,,,,,,,,FALSE,,"multiverse cell 635/1260: coding=share_recut_2018, outlier=none, es_set=no_starbound, df_basis=k10, estimator=one_per_cluster, rho=0.6 [DEC-045 S2]; cluster x cell aggregates (D2/H2b convention)"
H3,share_recut_2019|none|no_starbound|k10,one_per_cluster|r0.6,diff,Fisher_z,one_per_cluster,0.6,2607,110,109,0.02423985470563836,0.07941785871886332,0.30521919246710827,107,0.7607921564899087,,,,,,,,,,,,,,,,,,,FALSE,,"multiverse cell 636/1260: coding=share_recut_2019, outlier=none, es_set=no_starbound, df_basis=k10, estimator=one_per_cluster, rho=0.6 [DEC-045 S2]; cluster x cell aggregates (D2/H2b convention)"
H3,end_lag1|none|no_starbound|k10,one_per_cluster|r0.6,diff,Fisher_z,one_per_cluster,0.6,2607,110,109,-0.05971959703508829,0.05382355546864956,-1.1095438886394822,108,0.2696600940424217,,,,,,,,,,,,,,,,,,,FALSE,,"multiverse cell 637/1260: coding=end_lag1, outlier=none, es_set=no_starbound, df_basis=k10, estimator=one_per_cluster, rho=0.6 [DEC-045 S2]; cluster x cell aggregates (D2/H2b convention)"
H3,end_lag2|none|no_starbound|k10,one_per_cluster|r0.6,diff,Fisher_z,one_per_cluster,0.6,2607,110,109,0.027339827974998697,0.05145294625020259,0.5313559274536402,108,0.5962633201916852,,,,,,,,,,,,,,,,,,,FALSE,,"multiverse cell 638/1260: coding=end_lag2, outlier=none, es_set=no_starbound, df_basis=k10, estimator=one_per_cluster, rho=0.6 [DEC-045 S2]; cluster x cell aggregates (D2/H2b convention)"
H3,end_lag3|none|no_starbound|k10,one_per_cluster|r0.6,diff,Fisher_z,one_per_cluster,0.6,2607,110,109,0.018725264592547163,0.0513243303251891,0.364841868835006,108,0.7159428994932464,,,,,,,,,,,,,,,,,,,FALSE,,"multiverse cell 639/1260: coding=end_lag3, outlier=none, es_set=no_starbound, df_basis=k10, estimator=one_per_cluster, rho=0.6 [DEC-045 S2]; cluster x cell aggregates (D2/H2b convention)"
H3,clean_window|none|no_starbound|k10,one_per_cluster|r0.6,diff,Fisher_z,one_per_cluster,0.6,905,38,38,-0.029675634926567246,0.032498796113796635,-0.9131302840467103,36,0.36724913657018843,,,,,,,,,,,,,,,,,,,FALSE,,"multiverse cell 640/1260: coding=clean_window, outlier=none, es_set=no_starbound, df_basis=k10, estimator=one_per_cluster, rho=0.6 [DEC-045 S2]; cluster x cell aggregates (D2/H2b convention)"
H3,paris_mid|rstudent|no_starbound|k10,one_per_cluster|r0.6,diff,Fisher_z,one_per_cluster,0.6,2594,110,109,-0.022028256246382105,0.020848038430225563,-1.0566104969590548,108,0.2930471682806316,,,,,,,,,,,,,,,,,,,FALSE,,"multiverse cell 641/1260: coding=paris_mid, outlier=rstudent, es_set=no_starbound, df_basis=k10, estimator=one_per_cluster, rho=0.6 [DEC-045 S2]; cluster x cell aggregates (D2/H2b convention)"
H3,tie_break_median|rstudent|no_starbound|k10,one_per_cluster|r0.6,diff,Fisher_z,one_per_cluster,0.6,2594,110,109,-0.03559586671278187,0.021951644209345162,-1.6215581107873527,108,0.10781392235778345,,,,,,,,,,,,,,,,,,,FALSE,,"multiverse cell 642/1260: coding=tie_break_median, outlier=rstudent, es_set=no_starbound, df_basis=k10, estimator=one_per_cluster, rho=0.6 [DEC-045 S2]; cluster x cell aggregates (D2/H2b convention)"
H3,end_any_exposure|rstudent|no_starbound|k10,one_per_cluster|r0.6,diff,Fisher_z,one_per_cluster,0.6,2594,110,109,-0.01684523770439904,0.022909916885671552,-0.735281484802526,107,0.4637766880832497,,,,,,,,,,,,,,,,,,,FALSE,,"multiverse cell 643/1260: coding=end_any_exposure, outlier=rstudent, es_set=no_starbound, df_basis=k10, estimator=one_per_cluster, rho=0.6 [DEC-045 S2]; cluster x cell aggregates (D2/H2b convention)"
H3,share_recut_2017|rstudent|no_starbound|k10,one_per_cluster|r0.6,diff,Fisher_z,one_per_cluster,0.6,2594,110,109,-0.039372657727507046,0.02291850455671655,-1.7179418329878946,108,0.08867302541207402,,,,,,,,,,,,,,,,,,,FALSE,,"multiverse cell 644/1260: coding=share_recut_2017, outlier=rstudent, es_set=no_starbound, df_basis=k10, estimator=one_per_cluster, rho=0.6 [DEC-045 S2]; cluster x cell aggregates (D2/H2b convention)"
H3,share_recut_2018|rstudent|no_starbound|k10,one_per_cluster|r0.6,diff,Fisher_z,one_per_cluster,0.6,2594,110,109,-0.009819280158623503,0.027630965123533503,-0.35537231923398677,107,0.7230102669835319,,,,,,,,,,,,,,,,,,,FALSE,,"multiverse cell 645/1260: coding=share_recut_2018, outlier=rstudent, es_set=no_starbound, df_basis=k10, estimator=one_per_cluster, rho=0.6 [DEC-045 S2]; cluster x cell aggregates (D2/H2b convention)"
H3,share_recut_2019|rstudent|no_starbound|k10,one_per_cluster|r0.6,diff,Fisher_z,one_per_cluster,0.6,2594,110,109,-0.005989159256696484,0.029377133546792868,-0.20387146510250068,107,0.8388411879324724,,,,,,,,,,,,,,,,,,,FALSE,,"multiverse cell 646/1260: coding=share_recut_2019, outlier=rstudent, es_set=no_starbound, df_basis=k10, estimator=one_per_cluster, rho=0.6 [DEC-045 S2]; cluster x cell aggregates (D2/H2b convention)"
H3,end_lag1|rstudent|no_starbound|k10,one_per_cluster|r0.6,diff,Fisher_z,one_per_cluster,0.6,2594,110,109,-0.02635633134065052,0.019977297232484193,-1.3193141711779541,108,0.18985430851176024,,,,,,,,,,,,,,,,,,,FALSE,,"multiverse cell 647/1260: coding=end_lag1, outlier=rstudent, es_set=no_starbound, df_basis=k10, estimator=one_per_cluster, rho=0.6 [DEC-045 S2]; cluster x cell aggregates (D2/H2b convention)"
H3,end_lag2|rstudent|no_starbound|k10,one_per_cluster|r0.6,diff,Fisher_z,one_per_cluster,0.6,2594,110,109,-0.02670452484301949,0.01893017884355923,-1.410685290599111,108,0.16121134133256126,,,,,,,,,,,,,,,,,,,FALSE,,"multiverse cell 648/1260: coding=end_lag2, outlier=rstudent, es_set=no_starbound, df_basis=k10, estimator=one_per_cluster, rho=0.6 [DEC-045 S2]; cluster x cell aggregates (D2/H2b convention)"
H3,end_lag3|rstudent|no_starbound|k10,one_per_cluster|r0.6,diff,Fisher_z,one_per_cluster,0.6,2594,110,109,-0.022374098364667007,0.018845943346056004,-1.1872103165029073,108,0.23774938131909829,,,,,,,,,,,,,,,,,,,FALSE,,"multiverse cell 649/1260: coding=end_lag3, outlier=rstudent, es_set=no_starbound, df_basis=k10, estimator=one_per_cluster, rho=0.6 [DEC-045 S2]; cluster x cell aggregates (D2/H2b convention)"
H3,clean_window|rstudent|no_starbound|k10,one_per_cluster|r0.6,diff,Fisher_z,one_per_cluster,0.6,900,38,38,-0.03315297918589494,0.03217508970003198,-1.0303927508821207,36,0.3096989414754425,,,,,,,,,,,,,,,,,,,FALSE,,"multiverse cell 650/1260: coding=clean_window, outlier=rstudent, es_set=no_starbound, df_basis=k10, estimator=one_per_cluster, rho=0.6 [DEC-045 S2]; cluster x cell aggregates (D2/H2b convention)"
H3,paris_mid|winsor|no_starbound|k10,one_per_cluster|r0.6,diff,Fisher_z,one_per_cluster,0.6,2607,110,109,-0.017976302953671447,0.0203982512342627,-0.8812668668124288,108,0.3801304345143456,,,,,,,,,,,,,,,,,,,FALSE,,"multiverse cell 651/1260: coding=paris_mid, outlier=winsor, es_set=no_starbound, df_basis=k10, estimator=one_per_cluster, rho=0.6 [DEC-045 S2]; cluster x cell aggregates (D2/H2b convention)"
H3,tie_break_median|winsor|no_starbound|k10,one_per_cluster|r0.6,diff,Fisher_z,one_per_cluster,0.6,2607,110,109,-0.028394462662296824,0.021534919144039304,-1.3185311944928377,108,0.1901152143042342,,,,,,,,,,,,,,,,,,,FALSE,,"multiverse cell 652/1260: coding=tie_break_median, outlier=winsor, es_set=no_starbound, df_basis=k10, estimator=one_per_cluster, rho=0.6 [DEC-045 S2]; cluster x cell aggregates (D2/H2b convention)"
H3,end_any_exposure|winsor|no_starbound|k10,one_per_cluster|r0.6,diff,Fisher_z,one_per_cluster,0.6,2607,110,109,-0.014534881213198014,0.022393150637715374,-0.6490770972047957,107,0.517679332467335,,,,,,,,,,,,,,,,,,,FALSE,,"multiverse cell 653/1260: coding=end_any_exposure, outlier=winsor, es_set=no_starbound, df_basis=k10, estimator=one_per_cluster, rho=0.6 [DEC-045 S2]; cluster x cell aggregates (D2/H2b convention)"
H3,share_recut_2017|winsor|no_starbound|k10,one_per_cluster|r0.6,diff,Fisher_z,one_per_cluster,0.6,2607,110,109,-0.032558029999412284,0.022480865868354346,-1.4482551601912836,108,0.15044269400774166,,,,,,,,,,,,,,,,,,,FALSE,,"multiverse cell 654/1260: coding=share_recut_2017, outlier=winsor, es_set=no_starbound, df_basis=k10, estimator=one_per_cluster, rho=0.6 [DEC-045 S2]; cluster x cell aggregates (D2/H2b convention)"
H3,share_recut_2018|winsor|no_starbound|k10,one_per_cluster|r0.6,diff,Fisher_z,one_per_cluster,0.6,2607,110,109,-0.004057263639481355,0.027004117980694978,-0.15024610847804248,107,0.8808533089782224,,,,,,,,,,,,,,,,,,,FALSE,,"multiverse cell 655/1260: coding=share_recut_2018, outlier=winsor, es_set=no_starbound, df_basis=k10, estimator=one_per_cluster, rho=0.6 [DEC-045 S2]; cluster x cell aggregates (D2/H2b convention)"
H3,share_recut_2019|winsor|no_starbound|k10,one_per_cluster|r0.6,diff,Fisher_z,one_per_cluster,0.6,2607,110,109,-6.382171301657705e-4,0.028702832609084697,-0.022235336102812694,107,0.9823016431200928,,,,,,,,,,,,,,,,,,,FALSE,,"multiverse cell 656/1260: coding=share_recut_2019, outlier=winsor, es_set=no_starbound, df_basis=k10, estimator=one_per_cluster, rho=0.6 [DEC-045 S2]; cluster x cell aggregates (D2/H2b convention)"
H3,end_lag1|winsor|no_starbound|k10,one_per_cluster|r0.6,diff,Fisher_z,one_per_cluster,0.6,2607,110,109,-0.020997796805346094,0.019567587036853292,-1.0730907579866218,108,0.28562227047125754,,,,,,,,,,,,,,,,,,,FALSE,,"multiverse cell 657/1260: coding=end_lag1, outlier=winsor, es_set=no_starbound, df_basis=k10, estimator=one_per_cluster, rho=0.6 [DEC-045 S2]; cluster x cell aggregates (D2/H2b convention)"
H3,end_lag2|winsor|no_starbound|k10,one_per_cluster|r0.6,diff,Fisher_z,one_per_cluster,0.6,2607,110,109,-0.013023655845236418,0.018624941317776592,-0.6992588928484825,108,0.48589351614701015,,,,,,,,,,,,,,,,,,,FALSE,,"multiverse cell 658/1260: coding=end_lag2, outlier=winsor, es_set=no_starbound, df_basis=k10, estimator=one_per_cluster, rho=0.6 [DEC-045 S2]; cluster x cell aggregates (D2/H2b convention)"
H3,end_lag3|winsor|no_starbound|k10,one_per_cluster|r0.6,diff,Fisher_z,one_per_cluster,0.6,2607,110,109,-0.011888884343292903,0.018494732603000906,-0.6428254248652313,108,0.5216997945679214,,,,,,,,,,,,,,,,,,,FALSE,,"multiverse cell 659/1260: coding=end_lag3, outlier=winsor, es_set=no_starbound, df_basis=k10, estimator=one_per_cluster, rho=0.6 [DEC-045 S2]; cluster x cell aggregates (D2/H2b convention)"
H3,clean_window|winsor|no_starbound|k10,one_per_cluster|r0.6,diff,Fisher_z,one_per_cluster,0.6,905,38,38,-0.026407467013065018,0.02924928277196098,-0.9028415232930023,36,0.3726116100425443,,,,,,,,,,,,,,,,,,,FALSE,,"multiverse cell 660/1260: coding=clean_window, outlier=winsor, es_set=no_starbound, df_basis=k10, estimator=one_per_cluster, rho=0.6 [DEC-045 S2]; cluster x cell aggregates (D2/H2b convention)"
H3,paris_mid|none|full|k20,one_per_cluster|r0.6,diff,Fisher_z,one_per_cluster,0.6,2704,113,112,0.018065958890394224,0.055519203342091344,0.3254001823311051,111,0.7454907872972744,,,,,,,,,,,,,,,,,,,FALSE,,"multiverse cell 661/1260: coding=paris_mid, outlier=none, es_set=full, df_basis=k20, estimator=one_per_cluster, rho=0.6 [DEC-045 S2]; cluster x cell aggregates (D2/H2b convention)"
H3,tie_break_median|none|full|k20,one_per_cluster|r0.6,diff,Fisher_z,one_per_cluster,0.6,2704,113,112,0.0035783313107195236,0.058890700488273356,0.060762247367596875,111,0.9516578251383558,,,,,,,,,,,,,,,,,,,FALSE,,"multiverse cell 662/1260: coding=tie_break_median, outlier=none, es_set=full, df_basis=k20, estimator=one_per_cluster, rho=0.6 [DEC-045 S2]; cluster x cell aggregates (D2/H2b convention)"
H3,end_any_exposure|none|full|k20,one_per_cluster|r0.6,diff,Fisher_z,one_per_cluster,0.6,2704,113,112,-0.04790047327917257,0.05852165895642163,-0.8185084656407612,110,0.41483655771594463,,,,,,,,,,,,,,,,,,,FALSE,,"multiverse cell 663/1260: coding=end_any_exposure, outlier=none, es_set=full, df_basis=k20, estimator=one_per_cluster, rho=0.6 [DEC-045 S2]; cluster x cell aggregates (D2/H2b convention)"
H3,share_recut_2017|none|full|k20,one_per_cluster|r0.6,diff,Fisher_z,one_per_cluster,0.6,2704,113,112,-7.147566926156493e-4,0.06156739939423703,-0.011609337078521357,111,0.9907581373066374,,,,,,,,,,,,,,,,,,,FALSE,,"multiverse cell 664/1260: coding=share_recut_2017, outlier=none, es_set=full, df_basis=k20, estimator=one_per_cluster, rho=0.6 [DEC-045 S2]; cluster x cell aggregates (D2/H2b convention)"
H3,share_recut_2018|none|full|k20,one_per_cluster|r0.6,diff,Fisher_z,one_per_cluster,0.6,2704,113,112,0.020849275124905912,0.07338798412995251,0.28409657755398826,110,0.7768704497886608,,,,,,,,,,,,,,,,,,,FALSE,,"multiverse cell 665/1260: coding=share_recut_2018, outlier=none, es_set=full, df_basis=k20, estimator=one_per_cluster, rho=0.6 [DEC-045 S2]; cluster x cell aggregates (D2/H2b convention)"
H3,share_recut_2019|none|full|k20,one_per_cluster|r0.6,diff,Fisher_z,one_per_cluster,0.6,2704,113,112,0.024732090049459872,0.07802215784481842,0.31698802920383945,110,0.7518535195879715,,,,,,,,,,,,,,,,,,,FALSE,,"multiverse cell 666/1260: coding=share_recut_2019, outlier=none, es_set=full, df_basis=k20, estimator=one_per_cluster, rho=0.6 [DEC-045 S2]; cluster x cell aggregates (D2/H2b convention)"
H3,end_lag1|none|full|k20,one_per_cluster|r0.6,diff,Fisher_z,one_per_cluster,0.6,2704,113,112,-0.05392225759345024,0.05200519611864969,-1.0368628832862543,111,0.30205327362117157,,,,,,,,,,,,,,,,,,,FALSE,,"multiverse cell 667/1260: coding=end_lag1, outlier=none, es_set=full, df_basis=k20, estimator=one_per_cluster, rho=0.6 [DEC-045 S2]; cluster x cell aggregates (D2/H2b convention)"
H3,end_lag2|none|full|k20,one_per_cluster|r0.6,diff,Fisher_z,one_per_cluster,0.6,2704,113,112,0.030199088481970116,0.04988697183273066,0.6053502021174315,111,0.546182017894882,,,,,,,,,,,,,,,,,,,FALSE,,"multiverse cell 668/1260: coding=end_lag2, outlier=none, es_set=full, df_basis=k20, estimator=one_per_cluster, rho=0.6 [DEC-045 S2]; cluster x cell aggregates (D2/H2b convention)"
H3,end_lag3|none|full|k20,one_per_cluster|r0.6,diff,Fisher_z,one_per_cluster,0.6,2704,113,112,0.02190846607049428,0.049873068568461805,0.43928450162275595,111,0.6613093875403125,,,,,,,,,,,,,,,,,,,FALSE,,"multiverse cell 669/1260: coding=end_lag3, outlier=none, es_set=full, df_basis=k20, estimator=one_per_cluster, rho=0.6 [DEC-045 S2]; cluster x cell aggregates (D2/H2b convention)"
H3,clean_window|none|full|k20,one_per_cluster|r0.6,diff,Fisher_z,one_per_cluster,0.6,929,40,40,-0.028221999004193456,0.03169142567405087,-0.8905247524822398,38,0.37878792016031615,,,,,,,,,,,,,,,,,,,FALSE,,"multiverse cell 670/1260: coding=clean_window, outlier=none, es_set=full, df_basis=k20, estimator=one_per_cluster, rho=0.6 [DEC-045 S2]; cluster x cell aggregates (D2/H2b convention)"
H3,paris_mid|rstudent|full|k20,one_per_cluster|r0.6,diff,Fisher_z,one_per_cluster,0.6,2691,113,112,-0.015555900795929015,0.020001425037716965,-0.7777396243815147,111,0.43837706803617493,,,,,,,,,,,,,,,,,,,FALSE,,"multiverse cell 671/1260: coding=paris_mid, outlier=rstudent, es_set=full, df_basis=k20, estimator=one_per_cluster, rho=0.6 [DEC-045 S2]; cluster x cell aggregates (D2/H2b convention)"
H3,tie_break_median|rstudent|full|k20,one_per_cluster|r0.6,diff,Fisher_z,one_per_cluster,0.6,2691,113,112,-0.02843997066423721,0.02111932862854054,-1.346632327402851,111,0.1808419052017736,,,,,,,,,,,,,,,,,,,FALSE,,"multiverse cell 672/1260: coding=tie_break_median, outlier=rstudent, es_set=full, df_basis=k20, estimator=one_per_cluster, rho=0.6 [DEC-045 S2]; cluster x cell aggregates (D2/H2b convention)"
H3,end_any_exposure|rstudent|full|k20,one_per_cluster|r0.6,diff,Fisher_z,one_per_cluster,0.6,2691,113,112,-0.016115533412530615,0.021371186784687385,-0.7540776080848031,110,0.45241382970061916,,,,,,,,,,,,,,,,,,,FALSE,,"multiverse cell 673/1260: coding=end_any_exposure, outlier=rstudent, es_set=full, df_basis=k20, estimator=one_per_cluster, rho=0.6 [DEC-045 S2]; cluster x cell aggregates (D2/H2b convention)"
H3,share_recut_2017|rstudent|full|k20,one_per_cluster|r0.6,diff,Fisher_z,one_per_cluster,0.6,2691,113,112,-0.031683969745636066,0.02207183062989977,-1.4354935155543982,111,0.15395847745588914,,,,,,,,,,,,,,,,,,,FALSE,,"multiverse cell 674/1260: coding=share_recut_2017, outlier=rstudent, es_set=full, df_basis=k20, estimator=one_per_cluster, rho=0.6 [DEC-045 S2]; cluster x cell aggregates (D2/H2b convention)"
H3,share_recut_2018|rstudent|full|k20,one_per_cluster|r0.6,diff,Fisher_z,one_per_cluster,0.6,2691,113,112,-0.008791753331681869,0.02653013720672715,-0.33138740531852867,110,0.7409823768591661,,,,,,,,,,,,,,,,,,,FALSE,,"multiverse cell 675/1260: coding=share_recut_2018, outlier=rstudent, es_set=full, df_basis=k20, estimator=one_per_cluster, rho=0.6 [DEC-045 S2]; cluster x cell aggregates (D2/H2b convention)"
H3,share_recut_2019|rstudent|full|k20,one_per_cluster|r0.6,diff,Fisher_z,one_per_cluster,0.6,2691,113,112,-0.0047124267822179,0.028215539030393443,-0.16701530235313705,110,0.8676646463962946,,,,,,,,,,,,,,,,,,,FALSE,,"multiverse cell 676/1260: coding=share_recut_2019, outlier=rstudent, es_set=full, df_basis=k20, estimator=one_per_cluster, rho=0.6 [DEC-045 S2]; cluster x cell aggregates (D2/H2b convention)"
H3,end_lag1|rstudent|full|k20,one_per_cluster|r0.6,diff,Fisher_z,one_per_cluster,0.6,2691,113,112,-0.02077848456773369,0.018890870423590278,-1.099922031214942,111,0.27374585323122025,,,,,,,,,,,,,,,,,,,FALSE,,"multiverse cell 677/1260: coding=end_lag1, outlier=rstudent, es_set=full, df_basis=k20, estimator=one_per_cluster, rho=0.6 [DEC-045 S2]; cluster x cell aggregates (D2/H2b convention)"
H3,end_lag2|rstudent|full|k20,one_per_cluster|r0.6,diff,Fisher_z,one_per_cluster,0.6,2691,113,112,-0.021869023064220137,0.017988716096359048,-1.2157078330146347,111,0.22667547892989492,,,,,,,,,,,,,,,,,,,FALSE,,"multiverse cell 678/1260: coding=end_lag2, outlier=rstudent, es_set=full, df_basis=k20, estimator=one_per_cluster, rho=0.6 [DEC-045 S2]; cluster x cell aggregates (D2/H2b convention)"
H3,end_lag3|rstudent|full|k20,one_per_cluster|r0.6,diff,Fisher_z,one_per_cluster,0.6,2691,113,112,-0.018062734686604014,0.01793837557220161,-1.0069325739056951,111,0.3161571797131962,,,,,,,,,,,,,,,,,,,FALSE,,"multiverse cell 679/1260: coding=end_lag3, outlier=rstudent, es_set=full, df_basis=k20, estimator=one_per_cluster, rho=0.6 [DEC-045 S2]; cluster x cell aggregates (D2/H2b convention)"
H3,clean_window|rstudent|full|k20,one_per_cluster|r0.6,diff,Fisher_z,one_per_cluster,0.6,924,40,40,-0.03151300179700059,0.03144428184997536,-1.0021854513120414,38,0.3225933587903056,,,,,,,,,,,,,,,,,,,FALSE,,"multiverse cell 680/1260: coding=clean_window, outlier=rstudent, es_set=full, df_basis=k20, estimator=one_per_cluster, rho=0.6 [DEC-045 S2]; cluster x cell aggregates (D2/H2b convention)"
H3,paris_mid|winsor|full|k20,one_per_cluster|r0.6,diff,Fisher_z,one_per_cluster,0.6,2704,113,112,-0.011934557060335874,0.019552759468319192,-0.6103771224554322,111,0.5428597110861341,,,,,,,,,,,,,,,,,,,FALSE,,"multiverse cell 681/1260: coding=paris_mid, outlier=winsor, es_set=full, df_basis=k20, estimator=one_per_cluster, rho=0.6 [DEC-045 S2]; cluster x cell aggregates (D2/H2b convention)"
H3,tie_break_median|winsor|full|k20,one_per_cluster|r0.6,diff,Fisher_z,one_per_cluster,0.6,2704,113,112,-0.02166947072175228,0.020692490157233734,-1.047214257786031,111,0.2972757376107299,,,,,,,,,,,,,,,,,,,FALSE,,"multiverse cell 682/1260: coding=tie_break_median, outlier=winsor, es_set=full, df_basis=k20, estimator=one_per_cluster, rho=0.6 [DEC-045 S2]; cluster x cell aggregates (D2/H2b convention)"
H3,end_any_exposure|winsor|full|k20,one_per_cluster|r0.6,diff,Fisher_z,one_per_cluster,0.6,2704,113,112,-0.014014407286069414,0.0208788921890551,-0.6712237009114828,110,0.5034851191979086,,,,,,,,,,,,,,,,,,,FALSE,,"multiverse cell 683/1260: coding=end_any_exposure, outlier=winsor, es_set=full, df_basis=k20, estimator=one_per_cluster, rho=0.6 [DEC-045 S2]; cluster x cell aggregates (D2/H2b convention)"
H3,share_recut_2017|winsor|full|k20,one_per_cluster|r0.6,diff,Fisher_z,one_per_cluster,0.6,2704,113,112,-0.02528464367812979,0.021624702960635466,-1.169248138305377,111,0.24480842122289592,,,,,,,,,,,,,,,,,,,FALSE,,"multiverse cell 684/1260: coding=share_recut_2017, outlier=winsor, es_set=full, df_basis=k20, estimator=one_per_cluster, rho=0.6 [DEC-045 S2]; cluster x cell aggregates (D2/H2b convention)"
H3,share_recut_2018|winsor|full|k20,one_per_cluster|r0.6,diff,Fisher_z,one_per_cluster,0.6,2704,113,112,-0.003449416305773133,0.02591752452601965,-0.13309204365988445,110,0.8943637591864327,,,,,,,,,,,,,,,,,,,FALSE,,"multiverse cell 685/1260: coding=share_recut_2018, outlier=winsor, es_set=full, df_basis=k20, estimator=one_per_cluster, rho=0.6 [DEC-045 S2]; cluster x cell aggregates (D2/H2b convention)"
H3,share_recut_2019|winsor|full|k20,one_per_cluster|r0.6,diff,Fisher_z,one_per_cluster,0.6,2704,113,112,2.1336443711202774e-4,0.02755653409553179,0.007742789291728241,110,0.9938362345503619,,,,,,,,,,,,,,,,,,,FALSE,,"multiverse cell 686/1260: coding=share_recut_2019, outlier=winsor, es_set=full, df_basis=k20, estimator=one_per_cluster, rho=0.6 [DEC-045 S2]; cluster x cell aggregates (D2/H2b convention)"
H3,end_lag1|winsor|full|k20,one_per_cluster|r0.6,diff,Fisher_z,one_per_cluster,0.6,2704,113,112,-0.0161663791292235,0.018484077131682545,-0.8746111052259999,111,0.3836740114021836,,,,,,,,,,,,,,,,,,,FALSE,,"multiverse cell 687/1260: coding=end_lag1, outlier=winsor, es_set=full, df_basis=k20, estimator=one_per_cluster, rho=0.6 [DEC-045 S2]; cluster x cell aggregates (D2/H2b convention)"
H3,end_lag2|winsor|full|k20,one_per_cluster|r0.6,diff,Fisher_z,one_per_cluster,0.6,2704,113,112,-0.008982798836799748,0.017667618133862854,-0.5084329290309234,111,0.6121587785720951,,,,,,,,,,,,,,,,,,,FALSE,,"multiverse cell 688/1260: coding=end_lag2, outlier=winsor, es_set=full, df_basis=k20, estimator=one_per_cluster, rho=0.6 [DEC-045 S2]; cluster x cell aggregates (D2/H2b convention)"
H3,end_lag3|winsor|full|k20,one_per_cluster|r0.6,diff,Fisher_z,one_per_cluster,0.6,2704,113,112,-0.008121070326622175,0.017580360737500075,-0.46193991396885237,111,0.6450285076774078,,,,,,,,,,,,,,,,,,,FALSE,,"multiverse cell 689/1260: coding=end_lag3, outlier=winsor, es_set=full, df_basis=k20, estimator=one_per_cluster, rho=0.6 [DEC-045 S2]; cluster x cell aggregates (D2/H2b convention)"
H3,clean_window|winsor|full|k20,one_per_cluster|r0.6,diff,Fisher_z,one_per_cluster,0.6,929,40,40,-0.02509894028450501,0.028209974162347946,-0.8897186555386762,38,0.37921519678359883,,,,,,,,,,,,,,,,,,,FALSE,,"multiverse cell 690/1260: coding=clean_window, outlier=winsor, es_set=full, df_basis=k20, estimator=one_per_cluster, rho=0.6 [DEC-045 S2]; cluster x cell aggregates (D2/H2b convention)"
H3,paris_mid|none|no_starbound|k20,one_per_cluster|r0.6,diff,Fisher_z,one_per_cluster,0.6,2606,110,109,0.012238664153715044,0.05687932844675915,0.21516892846530036,108,0.8300414149725194,,,,,,,,,,,,,,,,,,,FALSE,,"multiverse cell 691/1260: coding=paris_mid, outlier=none, es_set=no_starbound, df_basis=k20, estimator=one_per_cluster, rho=0.6 [DEC-045 S2]; cluster x cell aggregates (D2/H2b convention)"
H3,tie_break_median|none|no_starbound|k20,one_per_cluster|r0.6,diff,Fisher_z,one_per_cluster,0.6,2606,110,109,-0.003008810729096742,0.06025123140213045,-0.04993774664977805,108,0.9602642366035218,,,,,,,,,,,,,,,,,,,FALSE,,"multiverse cell 692/1260: coding=tie_break_median, outlier=none, es_set=no_starbound, df_basis=k20, estimator=one_per_cluster, rho=0.6 [DEC-045 S2]; cluster x cell aggregates (D2/H2b convention)"
H3,end_any_exposure|none|no_starbound|k20,one_per_cluster|r0.6,diff,Fisher_z,one_per_cluster,0.6,2606,110,109,-0.05012802371690898,0.061518486360898295,-0.8148448813066181,107,0.4169710589212041,,,,,,,,,,,,,,,,,,,FALSE,,"multiverse cell 693/1260: coding=end_any_exposure, outlier=none, es_set=no_starbound, df_basis=k20, estimator=one_per_cluster, rho=0.6 [DEC-045 S2]; cluster x cell aggregates (D2/H2b convention)"
H3,share_recut_2017|none|no_starbound|k20,one_per_cluster|r0.6,diff,Fisher_z,one_per_cluster,0.6,2606,110,109,-0.00785812431071281,0.0629470899444403,-0.124836975270004,108,0.9008846834219886,,,,,,,,,,,,,,,,,,,FALSE,,"multiverse cell 694/1260: coding=share_recut_2017, outlier=none, es_set=no_starbound, df_basis=k20, estimator=one_per_cluster, rho=0.6 [DEC-045 S2]; cluster x cell aggregates (D2/H2b convention)"
H3,share_recut_2018|none|no_starbound|k20,one_per_cluster|r0.6,diff,Fisher_z,one_per_cluster,0.6,2606,110,109,0.02037561988472588,0.07494550412700123,0.27187247750309,107,0.7862439623108695,,,,,,,,,,,,,,,,,,,FALSE,,"multiverse cell 695/1260: coding=share_recut_2018, outlier=none, es_set=no_starbound, df_basis=k20, estimator=one_per_cluster, rho=0.6 [DEC-045 S2]; cluster x cell aggregates (D2/H2b convention)"
H3,share_recut_2019|none|no_starbound|k20,one_per_cluster|r0.6,diff,Fisher_z,one_per_cluster,0.6,2606,110,109,0.024275097445181734,0.07965232549992755,0.3047631979709596,107,0.7611384992332034,,,,,,,,,,,,,,,,,,,FALSE,,"multiverse cell 696/1260: coding=share_recut_2019, outlier=none, es_set=no_starbound, df_basis=k20, estimator=one_per_cluster, rho=0.6 [DEC-045 S2]; cluster x cell aggregates (D2/H2b convention)"
H3,end_lag1|none|no_starbound|k20,one_per_cluster|r0.6,diff,Fisher_z,one_per_cluster,0.6,2606,110,109,-0.06120038634461064,0.05399193523351701,-1.133509774745373,108,0.25951018031403333,,,,,,,,,,,,,,,,,,,FALSE,,"multiverse cell 697/1260: coding=end_lag1, outlier=none, es_set=no_starbound, df_basis=k20, estimator=one_per_cluster, rho=0.6 [DEC-045 S2]; cluster x cell aggregates (D2/H2b convention)"
H3,end_lag2|none|no_starbound|k20,one_per_cluster|r0.6,diff,Fisher_z,one_per_cluster,0.6,2606,110,109,0.026728229631905485,0.051621661475354394,0.517771587895641,108,0.6056766338962172,,,,,,,,,,,,,,,,,,,FALSE,,"multiverse cell 698/1260: coding=end_lag2, outlier=none, es_set=no_starbound, df_basis=k20, estimator=one_per_cluster, rho=0.6 [DEC-045 S2]; cluster x cell aggregates (D2/H2b convention)"
H3,end_lag3|none|no_starbound|k20,one_per_cluster|r0.6,diff,Fisher_z,one_per_cluster,0.6,2606,110,109,0.018357190288122008,0.05148512903036571,0.35655325399485777,108,0.7221219217804556,,,,,,,,,,,,,,,,,,,FALSE,,"multiverse cell 699/1260: coding=end_lag3, outlier=none, es_set=no_starbound, df_basis=k20, estimator=one_per_cluster, rho=0.6 [DEC-045 S2]; cluster x cell aggregates (D2/H2b convention)"
H3,clean_window|none|no_starbound|k20,one_per_cluster|r0.6,diff,Fisher_z,one_per_cluster,0.6,905,38,38,-0.031256186975871805,0.033004835658964914,-0.9470184096305859,36,0.3499432121006525,,,,,,,,,,,,,,,,,,,FALSE,,"multiverse cell 700/1260: coding=clean_window, outlier=none, es_set=no_starbound, df_basis=k20, estimator=one_per_cluster, rho=0.6 [DEC-045 S2]; cluster x cell aggregates (D2/H2b convention)"
H3,paris_mid|rstudent|no_starbound|k20,one_per_cluster|r0.6,diff,Fisher_z,one_per_cluster,0.6,2593,110,109,-0.022625670245401887,0.020965683277457518,-1.0791763829480912,108,0.282913373909246,,,,,,,,,,,,,,,,,,,FALSE,,"multiverse cell 701/1260: coding=paris_mid, outlier=rstudent, es_set=no_starbound, df_basis=k20, estimator=one_per_cluster, rho=0.6 [DEC-045 S2]; cluster x cell aggregates (D2/H2b convention)"
H3,tie_break_median|rstudent|no_starbound|k20,one_per_cluster|r0.6,diff,Fisher_z,one_per_cluster,0.6,2593,110,109,-0.036144370305446115,0.022074163596282934,-1.6374061081767313,108,0.10445620508533096,,,,,,,,,,,,,,,,,,,FALSE,,"multiverse cell 702/1260: coding=tie_break_median, outlier=rstudent, es_set=no_starbound, df_basis=k20, estimator=one_per_cluster, rho=0.6 [DEC-045 S2]; cluster x cell aggregates (D2/H2b convention)"
H3,end_any_exposure|rstudent|no_starbound|k20,one_per_cluster|r0.6,diff,Fisher_z,one_per_cluster,0.6,2593,110,109,-0.018622450957518556,0.023055199080080874,-0.8077332532603414,107,0.4210362046013916,,,,,,,,,,,,,,,,,,,FALSE,,"multiverse cell 703/1260: coding=end_any_exposure, outlier=rstudent, es_set=no_starbound, df_basis=k20, estimator=one_per_cluster, rho=0.6 [DEC-045 S2]; cluster x cell aggregates (D2/H2b convention)"
H3,share_recut_2017|rstudent|no_starbound|k20,one_per_cluster|r0.6,diff,Fisher_z,one_per_cluster,0.6,2593,110,109,-0.0399034431361417,0.023046273017331784,-1.7314488596977307,108,0.08622725562257129,,,,,,,,,,,,,,,,,,,FALSE,,"multiverse cell 704/1260: coding=share_recut_2017, outlier=rstudent, es_set=no_starbound, df_basis=k20, estimator=one_per_cluster, rho=0.6 [DEC-045 S2]; cluster x cell aggregates (D2/H2b convention)"
H3,share_recut_2018|rstudent|no_starbound|k20,one_per_cluster|r0.6,diff,Fisher_z,one_per_cluster,0.6,2593,110,109,-0.010080750225677428,0.02778710318520138,-0.36278521580637985,107,0.7174809772104351,,,,,,,,,,,,,,,,,,,FALSE,,"multiverse cell 705/1260: coding=share_recut_2018, outlier=rstudent, es_set=no_starbound, df_basis=k20, estimator=one_per_cluster, rho=0.6 [DEC-045 S2]; cluster x cell aggregates (D2/H2b convention)"
H3,share_recut_2019|rstudent|no_starbound|k20,one_per_cluster|r0.6,diff,Fisher_z,one_per_cluster,0.6,2593,110,109,-0.005943723978767704,0.029544225180959297,-0.2011805671789397,107,0.8409393269828322,,,,,,,,,,,,,,,,,,,FALSE,,"multiverse cell 706/1260: coding=share_recut_2019, outlier=rstudent, es_set=no_starbound, df_basis=k20, estimator=one_per_cluster, rho=0.6 [DEC-045 S2]; cluster x cell aggregates (D2/H2b convention)"
H3,end_lag1|rstudent|no_starbound|k20,one_per_cluster|r0.6,diff,Fisher_z,one_per_cluster,0.6,2593,110,109,-0.02754729562562449,0.02009329314456197,-1.3709696776648013,108,0.17322667051755355,,,,,,,,,,,,,,,,,,,FALSE,,"multiverse cell 707/1260: coding=end_lag1, outlier=rstudent, es_set=no_starbound, df_basis=k20, estimator=one_per_cluster, rho=0.6 [DEC-045 S2]; cluster x cell aggregates (D2/H2b convention)"
H3,end_lag2|rstudent|no_starbound|k20,one_per_cluster|r0.6,diff,Fisher_z,one_per_cluster,0.6,2593,110,109,-0.02735534398733664,0.019041505116368575,-1.4366166865570555,108,0.15371750004524332,,,,,,,,,,,,,,,,,,,FALSE,,"multiverse cell 708/1260: coding=end_lag2, outlier=rstudent, es_set=no_starbound, df_basis=k20, estimator=one_per_cluster, rho=0.6 [DEC-045 S2]; cluster x cell aggregates (D2/H2b convention)"
H3,end_lag3|rstudent|no_starbound|k20,one_per_cluster|r0.6,diff,Fisher_z,one_per_cluster,0.6,2593,110,109,-0.022807772355467534,0.018956473753499407,-1.2031653487905243,108,0.23154318506221952,,,,,,,,,,,,,,,,,,,FALSE,,"multiverse cell 709/1260: coding=end_lag3, outlier=rstudent, es_set=no_starbound, df_basis=k20, estimator=one_per_cluster, rho=0.6 [DEC-045 S2]; cluster x cell aggregates (D2/H2b convention)"
H3,clean_window|rstudent|no_starbound|k20,one_per_cluster|r0.6,diff,Fisher_z,one_per_cluster,0.6,900,38,38,-0.03477065850567829,0.032692978906108686,-1.063551247671144,36,0.29461429848450504,,,,,,,,,,,,,,,,,,,FALSE,,"multiverse cell 710/1260: coding=clean_window, outlier=rstudent, es_set=no_starbound, df_basis=k20, estimator=one_per_cluster, rho=0.6 [DEC-045 S2]; cluster x cell aggregates (D2/H2b convention)"
H3,paris_mid|winsor|no_starbound|k20,one_per_cluster|r0.6,diff,Fisher_z,one_per_cluster,0.6,2606,110,109,-0.018501446035062402,0.020438429337428198,-0.9052283680713828,108,0.36735941780117787,,,,,,,,,,,,,,,,,,,FALSE,,"multiverse cell 711/1260: coding=paris_mid, outlier=winsor, es_set=no_starbound, df_basis=k20, estimator=one_per_cluster, rho=0.6 [DEC-045 S2]; cluster x cell aggregates (D2/H2b convention)"
H3,tie_break_median|winsor|no_starbound|k20,one_per_cluster|r0.6,diff,Fisher_z,one_per_cluster,0.6,2606,110,109,-0.02889181259367614,0.021575605635790366,-1.339096249782643,108,0.18335091379777096,,,,,,,,,,,,,,,,,,,FALSE,,"multiverse cell 712/1260: coding=tie_break_median, outlier=winsor, es_set=no_starbound, df_basis=k20, estimator=one_per_cluster, rho=0.6 [DEC-045 S2]; cluster x cell aggregates (D2/H2b convention)"
H3,end_any_exposure|winsor|no_starbound|k20,one_per_cluster|r0.6,diff,Fisher_z,one_per_cluster,0.6,2606,110,109,-0.01597829061062069,0.02245503233867708,-0.7115683633685668,107,0.4782805696563992,,,,,,,,,,,,,,,,,,,FALSE,,"multiverse cell 713/1260: coding=end_any_exposure, outlier=winsor, es_set=no_starbound, df_basis=k20, estimator=one_per_cluster, rho=0.6 [DEC-045 S2]; cluster x cell aggregates (D2/H2b convention)"
H3,share_recut_2017|winsor|no_starbound|k20,one_per_cluster|r0.6,diff,Fisher_z,one_per_cluster,0.6,2606,110,109,-0.03305000264537875,0.02252281271034838,-1.4674012109594787,108,0.14517310316565227,,,,,,,,,,,,,,,,,,,FALSE,,"multiverse cell 714/1260: coding=share_recut_2017, outlier=winsor, es_set=no_starbound, df_basis=k20, estimator=one_per_cluster, rho=0.6 [DEC-045 S2]; cluster x cell aggregates (D2/H2b convention)"
H3,share_recut_2018|winsor|no_starbound|k20,one_per_cluster|r0.6,diff,Fisher_z,one_per_cluster,0.6,2606,110,109,-0.004331030556170158,0.027057331464062362,-0.16006865133476475,107,0.8731287843988516,,,,,,,,,,,,,,,,,,,FALSE,,"multiverse cell 715/1260: coding=share_recut_2018, outlier=winsor, es_set=no_starbound, df_basis=k20, estimator=one_per_cluster, rho=0.6 [DEC-045 S2]; cluster x cell aggregates (D2/H2b convention)"
H3,share_recut_2019|winsor|no_starbound|k20,one_per_cluster|r0.6,diff,Fisher_z,one_per_cluster,0.6,2606,110,109,-6.259976428133543e-4,0.0287599116076221,-0.021766327078955594,107,0.9826748936860891,,,,,,,,,,,,,,,,,,,FALSE,,"multiverse cell 716/1260: coding=share_recut_2019, outlier=winsor, es_set=no_starbound, df_basis=k20, estimator=one_per_cluster, rho=0.6 [DEC-045 S2]; cluster x cell aggregates (D2/H2b convention)"
H3,end_lag1|winsor|no_starbound|k20,one_per_cluster|r0.6,diff,Fisher_z,one_per_cluster,0.6,2606,110,109,-0.021981775226783247,0.01961197267866687,-1.1208344814131908,108,0.26484444932259904,,,,,,,,,,,,,,,,,,,FALSE,,"multiverse cell 717/1260: coding=end_lag1, outlier=winsor, es_set=no_starbound, df_basis=k20, estimator=one_per_cluster, rho=0.6 [DEC-045 S2]; cluster x cell aggregates (D2/H2b convention)"
H3,end_lag2|winsor|no_starbound|k20,one_per_cluster|r0.6,diff,Fisher_z,one_per_cluster,0.6,2606,110,109,-0.013515361116562624,0.018668525224340024,-0.7239651206588775,108,0.47065244404538786,,,,,,,,,,,,,,,,,,,FALSE,,"multiverse cell 718/1260: coding=end_lag2, outlier=winsor, es_set=no_starbound, df_basis=k20, estimator=one_per_cluster, rho=0.6 [DEC-045 S2]; cluster x cell aggregates (D2/H2b convention)"
H3,end_lag3|winsor|no_starbound|k20,one_per_cluster|r0.6,diff,Fisher_z,one_per_cluster,0.6,2606,110,109,-0.012218505403796362,0.018535669207932245,-0.659188792523742,108,0.5111776294922254,,,,,,,,,,,,,,,,,,,FALSE,,"multiverse cell 719/1260: coding=end_lag3, outlier=winsor, es_set=no_starbound, df_basis=k20, estimator=one_per_cluster, rho=0.6 [DEC-045 S2]; cluster x cell aggregates (D2/H2b convention)"
H3,clean_window|winsor|no_starbound|k20,one_per_cluster|r0.6,diff,Fisher_z,one_per_cluster,0.6,905,38,38,-0.027667376552293024,0.029337247462012772,-0.9430801777882545,36,0.3519262582873478,,,,,,,,,,,,,,,,,,,FALSE,,"multiverse cell 720/1260: coding=clean_window, outlier=winsor, es_set=no_starbound, df_basis=k20, estimator=one_per_cluster, rho=0.6 [DEC-045 S2]; cluster x cell aggregates (D2/H2b convention)"
H3,paris_mid|none|full|dfE,UWLS3|r0.6,diff,Fisher_z,UWLS3,0.6,2705,113,112,-1.2343832896931015e-4,0.003034053684703198,-0.04068429296147584,2703,0.9675505883177979,,,,,,,,,,,,,,,,,,,FALSE,,"multiverse cell 721/1260: coding=paris_mid, outlier=none, es_set=full, df_basis=dfE, estimator=UWLS3, rho=0.6 [DEC-045 S2]; weighted LS cell means (1/vi); descriptive curve only"
H3,tie_break_median|none|full|dfE,UWLS3|r0.6,diff,Fisher_z,UWLS3,0.6,2705,113,112,-4.258703718681492e-4,0.003036741603730546,-0.1402392522778297,2703,0.888481408407968,,,,,,,,,,,,,,,,,,,FALSE,,"multiverse cell 722/1260: coding=tie_break_median, outlier=none, es_set=full, df_basis=dfE, estimator=UWLS3, rho=0.6 [DEC-045 S2]; weighted LS cell means (1/vi); descriptive curve only"
H3,end_any_exposure|none|full|dfE,UWLS3|r0.6,diff,Fisher_z,UWLS3,0.6,2705,113,112,0.005009545545797089,0.00813692147038102,0.6156561254808953,2703,0.5381733339197727,,,,,,,,,,,,,,,,,,,FALSE,,"multiverse cell 723/1260: coding=end_any_exposure, outlier=none, es_set=full, df_basis=dfE, estimator=UWLS3, rho=0.6 [DEC-045 S2]; weighted LS cell means (1/vi); descriptive curve only"
H3,share_recut_2017|none|full|dfE,UWLS3|r0.6,diff,Fisher_z,UWLS3,0.6,2705,113,112,-3.4737465434630035e-4,0.0030370568789869303,-0.11437871208463306,2703,0.9089460835235962,,,,,,,,,,,,,,,,,,,FALSE,,"multiverse cell 724/1260: coding=share_recut_2017, outlier=none, es_set=full, df_basis=dfE, estimator=UWLS3, rho=0.6 [DEC-045 S2]; weighted LS cell means (1/vi); descriptive curve only"
H3,share_recut_2018|none|full|dfE,UWLS3|r0.6,diff,Fisher_z,UWLS3,0.6,2705,113,112,7.483891375080279e-4,0.0030456109104279733,0.24572710024960584,2703,0.8059121482307927,,,,,,,,,,,,,,,,,,,FALSE,,"multiverse cell 725/1260: coding=share_recut_2018, outlier=none, es_set=full, df_basis=dfE, estimator=UWLS3, rho=0.6 [DEC-045 S2]; weighted LS cell means (1/vi); descriptive curve only"
H3,share_recut_2019|none|full|dfE,UWLS3|r0.6,diff,Fisher_z,UWLS3,0.6,2705,113,112,6.968397618596842e-4,0.0030483687383795776,0.22859431442342618,2703,0.8192015363003414,,,,,,,,,,,,,,,,,,,FALSE,,"multiverse cell 726/1260: coding=share_recut_2019, outlier=none, es_set=full, df_basis=dfE, estimator=UWLS3, rho=0.6 [DEC-045 S2]; weighted LS cell means (1/vi); descriptive curve only"
H3,end_lag1|none|full|dfE,UWLS3|r0.6,diff,Fisher_z,UWLS3,0.6,2705,113,112,0.004172148969274793,0.00655470086156707,0.6365124904078892,2703,0.5244963386807733,,,,,,,,,,,,,,,,,,,FALSE,,"multiverse cell 727/1260: coding=end_lag1, outlier=none, es_set=full, df_basis=dfE, estimator=UWLS3, rho=0.6 [DEC-045 S2]; weighted LS cell means (1/vi); descriptive curve only"
H3,end_lag2|none|full|dfE,UWLS3|r0.6,diff,Fisher_z,UWLS3,0.6,2705,113,112,0.011186676710029354,0.005905539344597539,1.894268424485744,2703,0.05829604554063013,,,,,,,,,,,,,,,,,,,FALSE,,"multiverse cell 728/1260: coding=end_lag2, outlier=none, es_set=full, df_basis=dfE, estimator=UWLS3, rho=0.6 [DEC-045 S2]; weighted LS cell means (1/vi); descriptive curve only"
H3,end_lag3|none|full|dfE,UWLS3|r0.6,diff,Fisher_z,UWLS3,0.6,2705,113,112,4.7921264047802795e-4,0.004358492570231712,0.10994916998391291,2703,0.912457848937904,,,,,,,,,,,,,,,,,,,FALSE,,"multiverse cell 729/1260: coding=end_lag3, outlier=none, es_set=full, df_basis=dfE, estimator=UWLS3, rho=0.6 [DEC-045 S2]; weighted LS cell means (1/vi); descriptive curve only"
H3,clean_window|none|full|dfE,UWLS3|r0.6,diff,Fisher_z,UWLS3,0.6,929,40,40,0.005226259029268768,0.003299419573017362,1.5839934611557411,927,0.11353627685964367,,,,,,,,,,,,,,,,,,,FALSE,,"multiverse cell 730/1260: coding=clean_window, outlier=none, es_set=full, df_basis=dfE, estimator=UWLS3, rho=0.6 [DEC-045 S2]; weighted LS cell means (1/vi); descriptive curve only"
H3,paris_mid|rstudent|full|dfE,UWLS3|r0.6,diff,Fisher_z,UWLS3,0.6,2692,113,112,-5.979657493734095e-4,0.0028431689450707284,-0.21031664347984572,2690,0.8334364745924776,,,,,,,,,,,,,,,,,,,FALSE,,"multiverse cell 731/1260: coding=paris_mid, outlier=rstudent, es_set=full, df_basis=dfE, estimator=UWLS3, rho=0.6 [DEC-045 S2]; weighted LS cell means (1/vi); descriptive curve only"
H3,tie_break_median|rstudent|full|dfE,UWLS3|r0.6,diff,Fisher_z,UWLS3,0.6,2692,113,112,-8.972600082619957e-4,0.002845664014604322,-0.3153077818242559,2690,0.752552434782261,,,,,,,,,,,,,,,,,,,FALSE,,"multiverse cell 732/1260: coding=tie_break_median, outlier=rstudent, es_set=full, df_basis=dfE, estimator=UWLS3, rho=0.6 [DEC-045 S2]; weighted LS cell means (1/vi); descriptive curve only"
H3,end_any_exposure|rstudent|full|dfE,UWLS3|r0.6,diff,Fisher_z,UWLS3,0.6,2692,113,112,0.004431527347207306,0.007627389546181099,0.5810018382273519,2690,0.5612878880398873,,,,,,,,,,,,,,,,,,,FALSE,,"multiverse cell 733/1260: coding=end_any_exposure, outlier=rstudent, es_set=full, df_basis=dfE, estimator=UWLS3, rho=0.6 [DEC-045 S2]; weighted LS cell means (1/vi); descriptive curve only"
H3,share_recut_2017|rstudent|full|dfE,UWLS3|r0.6,diff,Fisher_z,UWLS3,0.6,2692,113,112,-8.184051110139839e-4,0.0028459644149224695,-0.287566881273278,2690,0.773700450403859,,,,,,,,,,,,,,,,,,,FALSE,,"multiverse cell 734/1260: coding=share_recut_2017, outlier=rstudent, es_set=full, df_basis=dfE, estimator=UWLS3, rho=0.6 [DEC-045 S2]; weighted LS cell means (1/vi); descriptive curve only"
H3,share_recut_2018|rstudent|full|dfE,UWLS3|r0.6,diff,Fisher_z,UWLS3,0.6,2692,113,112,2.851484371335297e-4,0.002854034685089929,0.0999106418093671,2690,0.9204227126960461,,,,,,,,,,,,,,,,,,,FALSE,,"multiverse cell 735/1260: coding=share_recut_2018, outlier=rstudent, es_set=full, df_basis=dfE, estimator=UWLS3, rho=0.6 [DEC-045 S2]; weighted LS cell means (1/vi); descriptive curve only"
H3,share_recut_2019|rstudent|full|dfE,UWLS3|r0.6,diff,Fisher_z,UWLS3,0.6,2692,113,112,2.3548565585064865e-4,0.002856614203335654,0.08243523244254448,2690,0.9343067531276281,,,,,,,,,,,,,,,,,,,FALSE,,"multiverse cell 736/1260: coding=share_recut_2019, outlier=rstudent, es_set=full, df_basis=dfE, estimator=UWLS3, rho=0.6 [DEC-045 S2]; weighted LS cell means (1/vi); descriptive curve only"
H3,end_lag1|rstudent|full|dfE,UWLS3|r0.6,diff,Fisher_z,UWLS3,0.6,2692,113,112,0.003645350938553938,0.006144282109448695,0.5932915959291821,2690,0.5530359001085764,,,,,,,,,,,,,,,,,,,FALSE,,"multiverse cell 737/1260: coding=end_lag1, outlier=rstudent, es_set=full, df_basis=dfE, estimator=UWLS3, rho=0.6 [DEC-045 S2]; weighted LS cell means (1/vi); descriptive curve only"
H3,end_lag2|rstudent|full|dfE,UWLS3|r0.6,diff,Fisher_z,UWLS3,0.6,2692,113,112,0.009144430549573212,0.005537252554957146,1.6514382284020606,2690,0.09876584550946851,,,,,,,,,,,,,,,,,,,FALSE,,"multiverse cell 738/1260: coding=end_lag2, outlier=rstudent, es_set=full, df_basis=dfE, estimator=UWLS3, rho=0.6 [DEC-045 S2]; weighted LS cell means (1/vi); descriptive curve only"
H3,end_lag3|rstudent|full|dfE,UWLS3|r0.6,diff,Fisher_z,UWLS3,0.6,2692,113,112,-5.359203904174471e-4,0.004084859936881793,-0.13119676040264572,2690,0.8956294694347207,,,,,,,,,,,,,,,,,,,FALSE,,"multiverse cell 739/1260: coding=end_lag3, outlier=rstudent, es_set=full, df_basis=dfE, estimator=UWLS3, rho=0.6 [DEC-045 S2]; weighted LS cell means (1/vi); descriptive curve only"
H3,clean_window|rstudent|full|dfE,UWLS3|r0.6,diff,Fisher_z,UWLS3,0.6,924,40,40,0.004410597885355201,0.003101064920977989,1.4222849239687063,922,0.1552817608747152,,,,,,,,,,,,,,,,,,,FALSE,,"multiverse cell 740/1260: coding=clean_window, outlier=rstudent, es_set=full, df_basis=dfE, estimator=UWLS3, rho=0.6 [DEC-045 S2]; weighted LS cell means (1/vi); descriptive curve only"
H3,paris_mid|winsor|full|dfE,UWLS3|r0.6,diff,Fisher_z,UWLS3,0.6,2705,113,112,0.003326789031482865,0.0024701545948906424,1.3467938558842092,2703,0.1781595415087346,,,,,,,,,,,,,,,,,,,FALSE,,"multiverse cell 741/1260: coding=paris_mid, outlier=winsor, es_set=full, df_basis=dfE, estimator=UWLS3, rho=0.6 [DEC-045 S2]; weighted LS cell means (1/vi); descriptive curve only"
H3,tie_break_median|winsor|full|dfE,UWLS3|r0.6,diff,Fisher_z,UWLS3,0.6,2705,113,112,0.0030725067988749168,0.002472474401997696,1.2426849784136935,2703,0.21409173223225947,,,,,,,,,,,,,,,,,,,FALSE,,"multiverse cell 742/1260: coding=tie_break_median, outlier=winsor, es_set=full, df_basis=dfE, estimator=UWLS3, rho=0.6 [DEC-045 S2]; weighted LS cell means (1/vi); descriptive curve only"
H3,end_any_exposure|winsor|full|dfE,UWLS3|r0.6,diff,Fisher_z,UWLS3,0.6,2705,113,112,0.002577403267783652,0.006627119931486994,0.38891755308936043,2703,0.6973677703860668,,,,,,,,,,,,,,,,,,,FALSE,,"multiverse cell 743/1260: coding=end_any_exposure, outlier=winsor, es_set=full, df_basis=dfE, estimator=UWLS3, rho=0.6 [DEC-045 S2]; weighted LS cell means (1/vi); descriptive curve only"
H3,share_recut_2017|winsor|full|dfE,UWLS3|r0.6,diff,Fisher_z,UWLS3,0.6,2705,113,112,0.003146932204725634,0.002472693600378892,1.2726737369496277,2703,0.20324329861953808,,,,,,,,,,,,,,,,,,,FALSE,,"multiverse cell 744/1260: coding=share_recut_2017, outlier=winsor, es_set=full, df_basis=dfE, estimator=UWLS3, rho=0.6 [DEC-045 S2]; weighted LS cell means (1/vi); descriptive curve only"
H3,share_recut_2018|winsor|full|dfE,UWLS3|r0.6,diff,Fisher_z,UWLS3,0.6,2705,113,112,0.004150366600717433,0.0024791376543006447,1.6741170436896275,2703,0.0942232915070758,,,,,,,,,,,,,,,,,,,FALSE,,"multiverse cell 745/1260: coding=share_recut_2018, outlier=winsor, es_set=full, df_basis=dfE, estimator=UWLS3, rho=0.6 [DEC-045 S2]; weighted LS cell means (1/vi); descriptive curve only"
H3,share_recut_2019|winsor|full|dfE,UWLS3|r0.6,diff,Fisher_z,UWLS3,0.6,2705,113,112,0.0040766672538761935,0.0024814263278649645,1.6428725721564277,2703,0.10052561264121768,,,,,,,,,,,,,,,,,,,FALSE,,"multiverse cell 746/1260: coding=share_recut_2019, outlier=winsor, es_set=full, df_basis=dfE, estimator=UWLS3, rho=0.6 [DEC-045 S2]; weighted LS cell means (1/vi); descriptive curve only"
H3,end_lag1|winsor|full|dfE,UWLS3|r0.6,diff,Fisher_z,UWLS3,0.6,2705,113,112,0.0019076109448309467,0.005338528595416482,0.35732897384286194,2703,0.7208734378059114,,,,,,,,,,,,,,,,,,,FALSE,,"multiverse cell 747/1260: coding=end_lag1, outlier=winsor, es_set=full, df_basis=dfE, estimator=UWLS3, rho=0.6 [DEC-045 S2]; weighted LS cell means (1/vi); descriptive curve only"
H3,end_lag2|winsor|full|dfE,UWLS3|r0.6,diff,Fisher_z,UWLS3,0.6,2705,113,112,0.0077756527877853795,0.004810433888462845,1.6164140217027405,2703,0.10612152307009426,,,,,,,,,,,,,,,,,,,FALSE,,"multiverse cell 748/1260: coding=end_lag2, outlier=winsor, es_set=full, df_basis=dfE, estimator=UWLS3, rho=0.6 [DEC-045 S2]; weighted LS cell means (1/vi); descriptive curve only"
H3,end_lag3|winsor|full|dfE,UWLS3|r0.6,diff,Fisher_z,UWLS3,0.6,2705,113,112,-0.002504587105651452,0.003549308021329722,-0.7056550433493025,2703,0.480463493496184,,,,,,,,,,,,,,,,,,,FALSE,,"multiverse cell 749/1260: coding=end_lag3, outlier=winsor, es_set=full, df_basis=dfE, estimator=UWLS3, rho=0.6 [DEC-045 S2]; weighted LS cell means (1/vi); descriptive curve only"
H3,clean_window|winsor|full|dfE,UWLS3|r0.6,diff,Fisher_z,UWLS3,0.6,929,40,40,0.004774209477616996,0.003101140376437669,1.5395012473125158,927,0.12402323182624507,,,,,,,,,,,,,,,,,,,FALSE,,"multiverse cell 750/1260: coding=clean_window, outlier=winsor, es_set=full, df_basis=dfE, estimator=UWLS3, rho=0.6 [DEC-045 S2]; weighted LS cell means (1/vi); descriptive curve only"
H3,paris_mid|none|no_starbound|dfE,UWLS3|r0.6,diff,Fisher_z,UWLS3,0.6,2607,110,109,-3.856577718741906e-4,0.0030978677368908225,-0.12449136135852473,2605,0.9009358449621558,,,,,,,,,,,,,,,,,,,FALSE,,"multiverse cell 751/1260: coding=paris_mid, outlier=none, es_set=no_starbound, df_basis=dfE, estimator=UWLS3, rho=0.6 [DEC-045 S2]; weighted LS cell means (1/vi); descriptive curve only"
H3,tie_break_median|none|no_starbound|dfE,UWLS3|r0.6,diff,Fisher_z,UWLS3,0.6,2607,110,109,-6.858960576443737e-4,0.0031005200236189907,-0.221219683285187,2605,0.8249387218033635,,,,,,,,,,,,,,,,,,,FALSE,,"multiverse cell 752/1260: coding=tie_break_median, outlier=none, es_set=no_starbound, df_basis=dfE, estimator=UWLS3, rho=0.6 [DEC-045 S2]; weighted LS cell means (1/vi); descriptive curve only"
H3,end_any_exposure|none|no_starbound|dfE,UWLS3|r0.6,diff,Fisher_z,UWLS3,0.6,2607,110,109,0.0017287240861389441,0.008685832790916287,0.19902801812473958,2605,0.8422563599811411,,,,,,,,,,,,,,,,,,,FALSE,,"multiverse cell 753/1260: coding=end_any_exposure, outlier=none, es_set=no_starbound, df_basis=dfE, estimator=UWLS3, rho=0.6 [DEC-045 S2]; weighted LS cell means (1/vi); descriptive curve only"
H3,share_recut_2017|none|no_starbound|dfE,UWLS3|r0.6,diff,Fisher_z,UWLS3,0.6,2607,110,109,-6.064477990194751e-4,0.003100836013967556,-0.19557557906569786,2605,0.8449576294315488,,,,,,,,,,,,,,,,,,,FALSE,,"multiverse cell 754/1260: coding=share_recut_2017, outlier=none, es_set=no_starbound, df_basis=dfE, estimator=UWLS3, rho=0.6 [DEC-045 S2]; weighted LS cell means (1/vi); descriptive curve only"
H3,share_recut_2018|none|no_starbound|dfE,UWLS3|r0.6,diff,Fisher_z,UWLS3,0.6,2607,110,109,3.449624475638999e-4,0.0031082881211314394,0.11098149017097264,2605,0.9116395743118993,,,,,,,,,,,,,,,,,,,FALSE,,"multiverse cell 755/1260: coding=share_recut_2018, outlier=none, es_set=no_starbound, df_basis=dfE, estimator=UWLS3, rho=0.6 [DEC-045 S2]; weighted LS cell means (1/vi); descriptive curve only"
H3,share_recut_2019|none|no_starbound|dfE,UWLS3|r0.6,diff,Fisher_z,UWLS3,0.6,2607,110,109,2.9546176818335407e-4,0.0031109728516009326,0.09497407475970321,2605,0.9243427237824685,,,,,,,,,,,,,,,,,,,FALSE,,"multiverse cell 756/1260: coding=share_recut_2019, outlier=none, es_set=no_starbound, df_basis=dfE, estimator=UWLS3, rho=0.6 [DEC-045 S2]; weighted LS cell means (1/vi); descriptive curve only"
H3,end_lag1|none|no_starbound|dfE,UWLS3|r0.6,diff,Fisher_z,UWLS3,0.6,2607,110,109,0.0018871729712670142,0.0068736947990336375,0.274550009338839,2605,0.783683747850654,,,,,,,,,,,,,,,,,,,FALSE,,"multiverse cell 757/1260: coding=end_lag1, outlier=none, es_set=no_starbound, df_basis=dfE, estimator=UWLS3, rho=0.6 [DEC-045 S2]; weighted LS cell means (1/vi); descriptive curve only"
H3,end_lag2|none|no_starbound|dfE,UWLS3|r0.6,diff,Fisher_z,UWLS3,0.6,2607,110,109,0.009729693913264066,0.006154044811152084,1.5810242225783522,2605,0.1139938997487783,,,,,,,,,,,,,,,,,,,FALSE,,"multiverse cell 758/1260: coding=end_lag2, outlier=none, es_set=no_starbound, df_basis=dfE, estimator=UWLS3, rho=0.6 [DEC-045 S2]; weighted LS cell means (1/vi); descriptive curve only"
H3,end_lag3|none|no_starbound|dfE,UWLS3|r0.6,diff,Fisher_z,UWLS3,0.6,2607,110,109,-4.515293590862772e-4,0.004484782982107147,-0.10068031405036437,2605,0.919811986805412,,,,,,,,,,,,,,,,,,,FALSE,,"multiverse cell 759/1260: coding=end_lag3, outlier=none, es_set=no_starbound, df_basis=dfE, estimator=UWLS3, rho=0.6 [DEC-045 S2]; weighted LS cell means (1/vi); descriptive curve only"
H3,clean_window|none|no_starbound|dfE,UWLS3|r0.6,diff,Fisher_z,UWLS3,0.6,905,38,38,0.0018428477683434148,0.0034686019700043745,0.5312941018542668,903,0.5953456501008492,,,,,,,,,,,,,,,,,,,FALSE,,"multiverse cell 760/1260: coding=clean_window, outlier=none, es_set=no_starbound, df_basis=dfE, estimator=UWLS3, rho=0.6 [DEC-045 S2]; weighted LS cell means (1/vi); descriptive curve only"
H3,paris_mid|rstudent|no_starbound|dfE,UWLS3|r0.6,diff,Fisher_z,UWLS3,0.6,2594,110,109,-8.644474578559415e-4,0.00290281303286117,-0.2977964643502703,2592,0.7658823796020161,,,,,,,,,,,,,,,,,,,FALSE,,"multiverse cell 761/1260: coding=paris_mid, outlier=rstudent, es_set=no_starbound, df_basis=dfE, estimator=UWLS3, rho=0.6 [DEC-045 S2]; weighted LS cell means (1/vi); descriptive curve only"
H3,tie_break_median|rstudent|no_starbound|dfE,UWLS3|r0.6,diff,Fisher_z,UWLS3,0.6,2594,110,109,-0.0011614727805129114,0.0029052728705384616,-0.3997809611245379,2592,0.6893507953000614,,,,,,,,,,,,,,,,,,,FALSE,,"multiverse cell 762/1260: coding=tie_break_median, outlier=rstudent, es_set=no_starbound, df_basis=dfE, estimator=UWLS3, rho=0.6 [DEC-045 S2]; weighted LS cell means (1/vi); descriptive curve only"
H3,end_any_exposure|rstudent|no_starbound|dfE,UWLS3|r0.6,diff,Fisher_z,UWLS3,0.6,2594,110,109,0.0010718799370633102,0.008141885554464903,0.1316500864441045,2592,0.8952712845010847,,,,,,,,,,,,,,,,,,,FALSE,,"multiverse cell 763/1260: coding=end_any_exposure, outlier=rstudent, es_set=no_starbound, df_basis=dfE, estimator=UWLS3, rho=0.6 [DEC-045 S2]; weighted LS cell means (1/vi); descriptive curve only"
H3,share_recut_2017|rstudent|no_starbound|dfE,UWLS3|r0.6,diff,Fisher_z,UWLS3,0.6,2594,110,109,-0.0010816570032468192,0.0029055744679932047,-0.3722695856402841,2592,0.7097225745048732,,,,,,,,,,,,,,,,,,,FALSE,,"multiverse cell 764/1260: coding=share_recut_2017, outlier=rstudent, es_set=no_starbound, df_basis=dfE, estimator=UWLS3, rho=0.6 [DEC-045 S2]; weighted LS cell means (1/vi); descriptive curve only"
H3,share_recut_2018|rstudent|no_starbound|dfE,UWLS3|r0.6,diff,Fisher_z,UWLS3,0.6,2594,110,109,-1.2318215915569156e-4,0.0029126111965920637,-0.042292688876504475,2592,0.966268630949682,,,,,,,,,,,,,,,,,,,FALSE,,"multiverse cell 765/1260: coding=share_recut_2018, outlier=rstudent, es_set=no_starbound, df_basis=dfE, estimator=UWLS3, rho=0.6 [DEC-045 S2]; weighted LS cell means (1/vi); descriptive curve only"
H3,share_recut_2019|rstudent|no_starbound|dfE,UWLS3|r0.6,diff,Fisher_z,UWLS3,0.6,2594,110,109,-1.7073010184797538e-4,0.002915121762844908,-0.05856705679469028,2592,0.9533014650979528,,,,,,,,,,,,,,,,,,,FALSE,,"multiverse cell 766/1260: coding=share_recut_2019, outlier=rstudent, es_set=no_starbound, df_basis=dfE, estimator=UWLS3, rho=0.6 [DEC-045 S2]; weighted LS cell means (1/vi); descriptive curve only"
H3,end_lag1|rstudent|no_starbound|dfE,UWLS3|r0.6,diff,Fisher_z,UWLS3,0.6,2594,110,109,0.0013147362573316217,0.006443160736442352,0.20405144479719511,2592,0.8383293164960492,,,,,,,,,,,,,,,,,,,FALSE,,"multiverse cell 767/1260: coding=end_lag1, outlier=rstudent, es_set=no_starbound, df_basis=dfE, estimator=UWLS3, rho=0.6 [DEC-045 S2]; weighted LS cell means (1/vi); descriptive curve only"
H3,end_lag2|rstudent|no_starbound|dfE,UWLS3|r0.6,diff,Fisher_z,UWLS3,0.6,2594,110,109,0.007578795970367369,0.005770098606696468,1.3134603907066378,2592,0.18914411014782567,,,,,,,,,,,,,,,,,,,FALSE,,"multiverse cell 768/1260: coding=end_lag2, outlier=rstudent, es_set=no_starbound, df_basis=dfE, estimator=UWLS3, rho=0.6 [DEC-045 S2]; weighted LS cell means (1/vi); descriptive curve only"
H3,end_lag3|rstudent|no_starbound|dfE,UWLS3|r0.6,diff,Fisher_z,UWLS3,0.6,2594,110,109,-0.001493632536670269,0.004202957010354866,-0.3553765915260118,2592,0.7223363990900241,,,,,,,,,,,,,,,,,,,FALSE,,"multiverse cell 769/1260: coding=end_lag3, outlier=rstudent, es_set=no_starbound, df_basis=dfE, estimator=UWLS3, rho=0.6 [DEC-045 S2]; weighted LS cell means (1/vi); descriptive curve only"
H3,clean_window|rstudent|no_starbound|dfE,UWLS3|r0.6,diff,Fisher_z,UWLS3,0.6,900,38,38,9.47735129637084e-4,0.0032553784748862355,0.2911290152430599,898,0.7710198779161013,,,,,,,,,,,,,,,,,,,FALSE,,"multiverse cell 770/1260: coding=clean_window, outlier=rstudent, es_set=no_starbound, df_basis=dfE, estimator=UWLS3, rho=0.6 [DEC-045 S2]; weighted LS cell means (1/vi); descriptive curve only"
H3,paris_mid|winsor|no_starbound|dfE,UWLS3|r0.6,diff,Fisher_z,UWLS3,0.6,2607,110,109,0.0030983821985087617,0.002521281666146887,1.228891733958396,2605,0.21922339899459323,,,,,,,,,,,,,,,,,,,FALSE,,"multiverse cell 771/1260: coding=paris_mid, outlier=winsor, es_set=no_starbound, df_basis=dfE, estimator=UWLS3, rho=0.6 [DEC-045 S2]; weighted LS cell means (1/vi); descriptive curve only"
H3,tie_break_median|winsor|no_starbound|dfE,UWLS3|r0.6,diff,Fisher_z,UWLS3,0.6,2607,110,109,0.0028461264440949423,0.002523571811330488,1.1278167046074252,2605,0.25950120094081547,,,,,,,,,,,,,,,,,,,FALSE,,"multiverse cell 772/1260: coding=tie_break_median, outlier=winsor, es_set=no_starbound, df_basis=dfE, estimator=UWLS3, rho=0.6 [DEC-045 S2]; weighted LS cell means (1/vi); descriptive curve only"
H3,end_any_exposure|winsor|no_starbound|dfE,UWLS3|r0.6,diff,Fisher_z,UWLS3,0.6,2607,110,109,-7.522469818140275e-4,0.007071261107457136,-0.10638088035254854,2605,0.9152883534045504,,,,,,,,,,,,,,,,,,,FALSE,,"multiverse cell 773/1260: coding=end_any_exposure, outlier=winsor, es_set=no_starbound, df_basis=dfE, estimator=UWLS3, rho=0.6 [DEC-045 S2]; weighted LS cell means (1/vi); descriptive curve only"
H3,share_recut_2017|winsor|no_starbound|dfE,UWLS3|r0.6,diff,Fisher_z,UWLS3,0.6,2607,110,109,0.002921427233755089,0.002523790918196871,1.1575551733272382,2605,0.24715173454832973,,,,,,,,,,,,,,,,,,,FALSE,,"multiverse cell 774/1260: coding=share_recut_2017, outlier=winsor, es_set=no_starbound, df_basis=dfE, estimator=UWLS3, rho=0.6 [DEC-045 S2]; weighted LS cell means (1/vi); descriptive curve only"
H3,share_recut_2018|winsor|no_starbound|dfE,UWLS3|r0.6,diff,Fisher_z,UWLS3,0.6,2607,110,109,0.0037895662509604827,0.0025294046938959753,1.498204798981184,2605,0.1342012097303368,,,,,,,,,,,,,,,,,,,FALSE,,"multiverse cell 775/1260: coding=share_recut_2018, outlier=winsor, es_set=no_starbound, df_basis=dfE, estimator=UWLS3, rho=0.6 [DEC-045 S2]; weighted LS cell means (1/vi); descriptive curve only"
H3,share_recut_2019|winsor|no_starbound|dfE,UWLS3|r0.6,diff,Fisher_z,UWLS3,0.6,2607,110,109,0.0037173411001890054,0.0025316308090186914,1.4683582957460997,2605,0.14212765768792923,,,,,,,,,,,,,,,,,,,FALSE,,"multiverse cell 776/1260: coding=share_recut_2019, outlier=winsor, es_set=no_starbound, df_basis=dfE, estimator=UWLS3, rho=0.6 [DEC-045 S2]; weighted LS cell means (1/vi); descriptive curve only"
H3,end_lag1|winsor|no_starbound|dfE,UWLS3|r0.6,diff,Fisher_z,UWLS3,0.6,2607,110,109,-3.974096144500547e-4,0.005596018718842148,-0.07101649126225248,2605,0.9433900818021097,,,,,,,,,,,,,,,,,,,FALSE,,"multiverse cell 777/1260: coding=end_lag1, outlier=winsor, es_set=no_starbound, df_basis=dfE, estimator=UWLS3, rho=0.6 [DEC-045 S2]; weighted LS cell means (1/vi); descriptive curve only"
H3,end_lag2|winsor|no_starbound|dfE,UWLS3|r0.6,diff,Fisher_z,UWLS3,0.6,2607,110,109,0.006247484983633526,0.005010977306064834,1.2467597839790923,2605,0.21259768010163263,,,,,,,,,,,,,,,,,,,FALSE,,"multiverse cell 778/1260: coding=end_lag2, outlier=winsor, es_set=no_starbound, df_basis=dfE, estimator=UWLS3, rho=0.6 [DEC-045 S2]; weighted LS cell means (1/vi); descriptive curve only"
H3,end_lag3|winsor|no_starbound|dfE,UWLS3|r0.6,diff,Fisher_z,UWLS3,0.6,2607,110,109,-0.00346053354222595,0.003650483858345664,-0.9479657153707299,2605,0.34323483684048806,,,,,,,,,,,,,,,,,,,FALSE,,"multiverse cell 779/1260: coding=end_lag3, outlier=winsor, es_set=no_starbound, df_basis=dfE, estimator=UWLS3, rho=0.6 [DEC-045 S2]; weighted LS cell means (1/vi); descriptive curve only"
H3,clean_window|winsor|no_starbound|dfE,UWLS3|r0.6,diff,Fisher_z,UWLS3,0.6,905,38,38,0.0013494669142758015,0.00325575488606323,0.4144866433441923,903,0.6786161889878384,,,,,,,,,,,,,,,,,,,FALSE,,"multiverse cell 780/1260: coding=clean_window, outlier=winsor, es_set=no_starbound, df_basis=dfE, estimator=UWLS3, rho=0.6 [DEC-045 S2]; weighted LS cell means (1/vi); descriptive curve only"
H3,paris_mid|none|full|k10,UWLS3|r0.6,diff,Fisher_z,UWLS3,0.6,2705,113,112,-1.3047891618359064e-4,0.0030329892779976247,-0.043019906839147366,2703,0.9656888426718792,,,,,,,,,,,,,,,,,,,FALSE,,"multiverse cell 781/1260: coding=paris_mid, outlier=none, es_set=full, df_basis=k10, estimator=UWLS3, rho=0.6 [DEC-045 S2]; weighted LS cell means (1/vi); descriptive curve only"
H3,tie_break_median|none|full|k10,UWLS3|r0.6,diff,Fisher_z,UWLS3,0.6,2705,113,112,-4.332507314728229e-4,0.003035665148022703,-0.14272019815987383,2703,0.8865218015396661,,,,,,,,,,,,,,,,,,,FALSE,,"multiverse cell 782/1260: coding=tie_break_median, outlier=none, es_set=full, df_basis=k10, estimator=UWLS3, rho=0.6 [DEC-045 S2]; weighted LS cell means (1/vi); descriptive curve only"
H3,end_any_exposure|none|full|k10,UWLS3|r0.6,diff,Fisher_z,UWLS3,0.6,2705,113,112,0.004944054644998842,0.008142971453965472,0.6071560821438446,2703,0.5437983319765063,,,,,,,,,,,,,,,,,,,FALSE,,"multiverse cell 783/1260: coding=end_any_exposure, outlier=none, es_set=full, df_basis=k10, estimator=UWLS3, rho=0.6 [DEC-045 S2]; weighted LS cell means (1/vi); descriptive curve only"
H3,share_recut_2017|none|full|k10,UWLS3|r0.6,diff,Fisher_z,UWLS3,0.6,2705,113,112,-3.549442148686813e-4,0.003035979133023736,-0.11691260029022942,2703,0.9069379987067417,,,,,,,,,,,,,,,,,,,FALSE,,"multiverse cell 784/1260: coding=share_recut_2017, outlier=none, es_set=full, df_basis=k10, estimator=UWLS3, rho=0.6 [DEC-045 S2]; weighted LS cell means (1/vi); descriptive curve only"
H3,share_recut_2018|none|full|k10,UWLS3|r0.6,diff,Fisher_z,UWLS3,0.6,2705,113,112,7.400609199655558e-4,0.003044506680273816,0.24308073447846615,2703,0.8079612997573693,,,,,,,,,,,,,,,,,,,FALSE,,"multiverse cell 785/1260: coding=share_recut_2018, outlier=none, es_set=full, df_basis=k10, estimator=UWLS3, rho=0.6 [DEC-045 S2]; weighted LS cell means (1/vi); descriptive curve only"
H3,share_recut_2019|none|full|k10,UWLS3|r0.6,diff,Fisher_z,UWLS3,0.6,2705,113,112,6.888703383823129e-4,0.003047237859078594,0.22606385528125775,2703,0.8211688482158239,,,,,,,,,,,,,,,,,,,FALSE,,"multiverse cell 786/1260: coding=share_recut_2019, outlier=none, es_set=full, df_basis=k10, estimator=UWLS3, rho=0.6 [DEC-045 S2]; weighted LS cell means (1/vi); descriptive curve only"
H3,end_lag1|none|full|k10,UWLS3|r0.6,diff,Fisher_z,UWLS3,0.6,2705,113,112,0.004111798633787342,0.00655827731091214,0.6269632159265104,2703,0.5307362976699547,,,,,,,,,,,,,,,,,,,FALSE,,"multiverse cell 787/1260: coding=end_lag1, outlier=none, es_set=full, df_basis=k10, estimator=UWLS3, rho=0.6 [DEC-045 S2]; weighted LS cell means (1/vi); descriptive curve only"
H3,end_lag2|none|full|k10,UWLS3|r0.6,diff,Fisher_z,UWLS3,0.6,2705,113,112,0.011138239344781965,0.005908129580950454,1.8852395148364587,2703,0.05950467834916408,,,,,,,,,,,,,,,,,,,FALSE,,"multiverse cell 788/1260: coding=end_lag2, outlier=none, es_set=full, df_basis=k10, estimator=UWLS3, rho=0.6 [DEC-045 S2]; weighted LS cell means (1/vi); descriptive curve only"
H3,end_lag3|none|full|k10,UWLS3|r0.6,diff,Fisher_z,UWLS3,0.6,2705,113,112,4.487458813370905e-4,0.00435882949072579,0.10295100606524751,2703,0.918009492725241,,,,,,,,,,,,,,,,,,,FALSE,,"multiverse cell 789/1260: coding=end_lag3, outlier=none, es_set=full, df_basis=k10, estimator=UWLS3, rho=0.6 [DEC-045 S2]; weighted LS cell means (1/vi); descriptive curve only"
H3,clean_window|none|full|k10,UWLS3|r0.6,diff,Fisher_z,UWLS3,0.6,929,40,40,0.005159230797584156,0.003296340344196093,1.5651389901737776,927,0.11789160871882455,,,,,,,,,,,,,,,,,,,FALSE,,"multiverse cell 790/1260: coding=clean_window, outlier=none, es_set=full, df_basis=k10, estimator=UWLS3, rho=0.6 [DEC-045 S2]; weighted LS cell means (1/vi); descriptive curve only"
H3,paris_mid|rstudent|full|k10,UWLS3|r0.6,diff,Fisher_z,UWLS3,0.6,2692,113,112,-6.022338629990548e-4,0.0028430833300619753,-0.21182420389553863,2690,0.8322602322668546,,,,,,,,,,,,,,,,,,,FALSE,,"multiverse cell 791/1260: coding=paris_mid, outlier=rstudent, es_set=full, df_basis=k10, estimator=UWLS3, rho=0.6 [DEC-045 S2]; weighted LS cell means (1/vi); descriptive curve only"
H3,tie_break_median|rstudent|full|k10,UWLS3|r0.6,diff,Fisher_z,UWLS3,0.6,2692,113,112,-9.019016574459901e-4,0.002845568023696817,-0.3169496037119104,2690,0.7513064380230621,,,,,,,,,,,,,,,,,,,FALSE,,"multiverse cell 792/1260: coding=tie_break_median, outlier=rstudent, es_set=full, df_basis=k10, estimator=UWLS3, rho=0.6 [DEC-045 S2]; weighted LS cell means (1/vi); descriptive curve only"
H3,end_any_exposure|rstudent|full|k10,UWLS3|r0.6,diff,Fisher_z,UWLS3,0.6,2692,113,112,0.004377403153103601,0.007635456899638633,0.5732994384803315,2690,0.5664898870071383,,,,,,,,,,,,,,,,,,,FALSE,,"multiverse cell 793/1260: coding=end_any_exposure, outlier=rstudent, es_set=full, df_basis=k10, estimator=UWLS3, rho=0.6 [DEC-045 S2]; weighted LS cell means (1/vi); descriptive curve only"
H3,share_recut_2017|rstudent|full|k10,UWLS3|r0.6,diff,Fisher_z,UWLS3,0.6,2692,113,112,-8.232397172464358e-4,0.002845867281721261,-0.2892755127879741,2690,0.7723928415682125,,,,,,,,,,,,,,,,,,,FALSE,,"multiverse cell 794/1260: coding=share_recut_2017, outlier=rstudent, es_set=full, df_basis=k10, estimator=UWLS3, rho=0.6 [DEC-045 S2]; weighted LS cell means (1/vi); descriptive curve only"
H3,share_recut_2018|rstudent|full|k10,UWLS3|r0.6,diff,Fisher_z,UWLS3,0.6,2692,113,112,2.7947951747294905e-4,0.00285391515744978,0.09792846039708068,2690,0.9219963963716908,,,,,,,,,,,,,,,,,,,FALSE,,"multiverse cell 795/1260: coding=share_recut_2018, outlier=rstudent, es_set=full, df_basis=k10, estimator=UWLS3, rho=0.6 [DEC-045 S2]; weighted LS cell means (1/vi); descriptive curve only"
H3,share_recut_2019|rstudent|full|k10,UWLS3|r0.6,diff,Fisher_z,UWLS3,0.6,2692,113,112,2.3014461142220263e-4,0.0028564705987394043,0.08056957124773778,2690,0.9357902596144797,,,,,,,,,,,,,,,,,,,FALSE,,"multiverse cell 796/1260: coding=share_recut_2019, outlier=rstudent, es_set=full, df_basis=k10, estimator=UWLS3, rho=0.6 [DEC-045 S2]; weighted LS cell means (1/vi); descriptive curve only"
H3,end_lag1|rstudent|full|k10,UWLS3|r0.6,diff,Fisher_z,UWLS3,0.6,2692,113,112,0.003593237247532015,0.006149575429525601,0.5843065572104397,2690,0.5590630780647778,,,,,,,,,,,,,,,,,,,FALSE,,"multiverse cell 797/1260: coding=end_lag1, outlier=rstudent, es_set=full, df_basis=k10, estimator=UWLS3, rho=0.6 [DEC-045 S2]; weighted LS cell means (1/vi); descriptive curve only"
H3,end_lag2|rstudent|full|k10,UWLS3|r0.6,diff,Fisher_z,UWLS3,0.6,2692,113,112,0.009107385743973646,0.005541426528755398,1.643509247431845,2690,0.10039447654306079,,,,,,,,,,,,,,,,,,,FALSE,,"multiverse cell 798/1260: coding=end_lag2, outlier=rstudent, es_set=full, df_basis=k10, estimator=UWLS3, rho=0.6 [DEC-045 S2]; weighted LS cell means (1/vi); descriptive curve only"
H3,end_lag3|rstudent|full|k10,UWLS3|r0.6,diff,Fisher_z,UWLS3,0.6,2692,113,112,-5.601769428712627e-4,0.0040864766443852885,-0.13708066670121097,2690,0.8909772925386767,,,,,,,,,,,,,,,,,,,FALSE,,"multiverse cell 799/1260: coding=end_lag3, outlier=rstudent, es_set=full, df_basis=k10, estimator=UWLS3, rho=0.6 [DEC-045 S2]; weighted LS cell means (1/vi); descriptive curve only"
H3,clean_window|rstudent|full|k10,UWLS3|r0.6,diff,Fisher_z,UWLS3,0.6,924,40,40,0.004356013900010679,0.0030994954692346787,1.40539450476637,922,0.16024085755241108,,,,,,,,,,,,,,,,,,,FALSE,,"multiverse cell 800/1260: coding=clean_window, outlier=rstudent, es_set=full, df_basis=k10, estimator=UWLS3, rho=0.6 [DEC-045 S2]; weighted LS cell means (1/vi); descriptive curve only"
H3,paris_mid|winsor|full|k10,UWLS3|r0.6,diff,Fisher_z,UWLS3,0.6,2705,113,112,0.0033241697438281224,0.002469930965186758,1.3458553257891452,2703,0.1784620485990186,,,,,,,,,,,,,,,,,,,FALSE,,"multiverse cell 801/1260: coding=paris_mid, outlier=winsor, es_set=full, df_basis=k10, estimator=UWLS3, rho=0.6 [DEC-045 S2]; weighted LS cell means (1/vi); descriptive curve only"
H3,tie_break_median|winsor|full|k10,UWLS3|r0.6,diff,Fisher_z,UWLS3,0.6,2705,113,112,0.003069591933415928,0.0024722418002488178,1.241622859506295,2703,0.2144834724608501,,,,,,,,,,,,,,,,,,,FALSE,,"multiverse cell 802/1260: coding=tie_break_median, outlier=winsor, es_set=full, df_basis=k10, estimator=UWLS3, rho=0.6 [DEC-045 S2]; weighted LS cell means (1/vi); descriptive curve only"
H3,end_any_exposure|winsor|full|k10,UWLS3|r0.6,diff,Fisher_z,UWLS3,0.6,2705,113,112,0.0025193331622243714,0.006633766719965412,0.3797741567610486,2703,0.7041429028580288,,,,,,,,,,,,,,,,,,,FALSE,,"multiverse cell 803/1260: coding=end_any_exposure, outlier=winsor, es_set=full, df_basis=k10, estimator=UWLS3, rho=0.6 [DEC-045 S2]; weighted LS cell means (1/vi); descriptive curve only"
H3,share_recut_2017|winsor|full|k10,UWLS3|r0.6,diff,Fisher_z,UWLS3,0.6,2705,113,112,0.0031438292324550317,0.002472460078814777,1.2715389257011134,2703,0.203646386016024,,,,,,,,,,,,,,,,,,,FALSE,,"multiverse cell 804/1260: coding=share_recut_2017, outlier=winsor, es_set=full, df_basis=k10, estimator=UWLS3, rho=0.6 [DEC-045 S2]; weighted LS cell means (1/vi); descriptive curve only"
H3,share_recut_2018|winsor|full|k10,UWLS3|r0.6,diff,Fisher_z,UWLS3,0.6,2705,113,112,0.004146443010680734,0.0024788844112625316,1.672705266869983,2703,0.09450105645689665,,,,,,,,,,,,,,,,,,,FALSE,,"multiverse cell 805/1260: coding=share_recut_2018, outlier=winsor, es_set=full, df_basis=k10, estimator=UWLS3, rho=0.6 [DEC-045 S2]; weighted LS cell means (1/vi); descriptive curve only"
H3,share_recut_2019|winsor|full|k10,UWLS3|r0.6,diff,Fisher_z,UWLS3,0.6,2705,113,112,0.004073165271256039,0.002481151717715028,1.641642968535252,2703,0.10078034967616342,,,,,,,,,,,,,,,,,,,FALSE,,"multiverse cell 806/1260: coding=share_recut_2019, outlier=winsor, es_set=full, df_basis=k10, estimator=UWLS3, rho=0.6 [DEC-045 S2]; weighted LS cell means (1/vi); descriptive curve only"
H3,end_lag1|winsor|full|k10,UWLS3|r0.6,diff,Fisher_z,UWLS3,0.6,2705,113,112,0.0018523314040095051,0.005342825047624321,0.34669512617358517,2703,0.7288473590855079,,,,,,,,,,,,,,,,,,,FALSE,,"multiverse cell 807/1260: coding=end_lag1, outlier=winsor, es_set=full, df_basis=k10, estimator=UWLS3, rho=0.6 [DEC-045 S2]; weighted LS cell means (1/vi); descriptive curve only"
H3,end_lag2|winsor|full|k10,UWLS3|r0.6,diff,Fisher_z,UWLS3,0.6,2705,113,112,0.0077360920432530435,0.004813790912650962,1.6070685627250823,2703,0.10815612658230642,,,,,,,,,,,,,,,,,,,FALSE,,"multiverse cell 808/1260: coding=end_lag2, outlier=winsor, es_set=full, df_basis=k10, estimator=UWLS3, rho=0.6 [DEC-045 S2]; weighted LS cell means (1/vi); descriptive curve only"
H3,end_lag3|winsor|full|k10,UWLS3|r0.6,diff,Fisher_z,UWLS3,0.6,2705,113,112,-0.0025304263152650594,0.0035504973022219707,-0.7126963069881701,2703,0.4760952190012514,,,,,,,,,,,,,,,,,,,FALSE,,"multiverse cell 809/1260: coding=end_lag3, outlier=winsor, es_set=full, df_basis=k10, estimator=UWLS3, rho=0.6 [DEC-045 S2]; weighted LS cell means (1/vi); descriptive curve only"
H3,clean_window|winsor|full|k10,UWLS3|r0.6,diff,Fisher_z,UWLS3,0.6,929,40,40,0.004716189373297,0.003099649384968969,1.5215234975178378,927,0.1284695363107701,,,,,,,,,,,,,,,,,,,FALSE,,"multiverse cell 810/1260: coding=clean_window, outlier=winsor, es_set=full, df_basis=k10, estimator=UWLS3, rho=0.6 [DEC-045 S2]; weighted LS cell means (1/vi); descriptive curve only"
H3,paris_mid|none|no_starbound|k10,UWLS3|r0.6,diff,Fisher_z,UWLS3,0.6,2607,110,109,-3.9165308836757243e-4,0.003096784757178685,-0.12647087837140691,2605,0.899368959847394,,,,,,,,,,,,,,,,,,,FALSE,,"multiverse cell 811/1260: coding=paris_mid, outlier=none, es_set=no_starbound, df_basis=k10, estimator=UWLS3, rho=0.6 [DEC-045 S2]; weighted LS cell means (1/vi); descriptive curve only"
H3,tie_break_median|none|no_starbound|k10,UWLS3|r0.6,diff,Fisher_z,UWLS3,0.6,2607,110,109,-6.922488218815796e-4,0.003099424898487373,-0.22334750624847244,2605,0.823282568501608,,,,,,,,,,,,,,,,,,,FALSE,,"multiverse cell 812/1260: coding=tie_break_median, outlier=none, es_set=no_starbound, df_basis=k10, estimator=UWLS3, rho=0.6 [DEC-045 S2]; weighted LS cell means (1/vi); descriptive curve only"
H3,end_any_exposure|none|no_starbound|k10,UWLS3|r0.6,diff,Fisher_z,UWLS3,0.6,2607,110,109,0.001650759270552464,0.008693138602384772,0.18989220649255661,2605,0.8494083945900205,,,,,,,,,,,,,,,,,,,FALSE,,"multiverse cell 813/1260: coding=end_any_exposure, outlier=none, es_set=no_starbound, df_basis=k10, estimator=UWLS3, rho=0.6 [DEC-045 S2]; weighted LS cell means (1/vi); descriptive curve only"
H3,share_recut_2017|none|no_starbound|k10,UWLS3|r0.6,diff,Fisher_z,UWLS3,0.6,2607,110,109,-6.129939341135947e-4,0.00309973956900185,-0.19775659227752007,2605,0.8432509391661986,,,,,,,,,,,,,,,,,,,FALSE,,"multiverse cell 814/1260: coding=share_recut_2017, outlier=none, es_set=no_starbound, df_basis=k10, estimator=UWLS3, rho=0.6 [DEC-045 S2]; weighted LS cell means (1/vi); descriptive curve only"
H3,share_recut_2018|none|no_starbound|k10,UWLS3|r0.6,diff,Fisher_z,UWLS3,0.6,2607,110,109,3.380061023128926e-4,0.0031071698762027487,0.1087826272073568,2605,0.9133832817082946,,,,,,,,,,,,,,,,,,,FALSE,,"multiverse cell 815/1260: coding=share_recut_2018, outlier=none, es_set=no_starbound, df_basis=k10, estimator=UWLS3, rho=0.6 [DEC-045 S2]; weighted LS cell means (1/vi); descriptive curve only"
H3,share_recut_2019|none|no_starbound|k10,UWLS3|r0.6,diff,Fisher_z,UWLS3,0.6,2607,110,109,2.8884408469831424e-4,0.0031098285584304493,0.0928810316296329,2605,0.9260052174235683,,,,,,,,,,,,,,,,,,,FALSE,,"multiverse cell 816/1260: coding=share_recut_2019, outlier=none, es_set=no_starbound, df_basis=k10, estimator=UWLS3, rho=0.6 [DEC-045 S2]; weighted LS cell means (1/vi); descriptive curve only"
H3,end_lag1|none|no_starbound|k10,UWLS3|r0.6,diff,Fisher_z,UWLS3,0.6,2607,110,109,0.0018272793220834964,0.006877647072190335,0.26568378733361786,2605,0.7905037743281087,,,,,,,,,,,,,,,,,,,FALSE,,"multiverse cell 817/1260: coding=end_lag1, outlier=none, es_set=no_starbound, df_basis=k10, estimator=UWLS3, rho=0.6 [DEC-045 S2]; weighted LS cell means (1/vi); descriptive curve only"
H3,end_lag2|none|no_starbound|k10,UWLS3|r0.6,diff,Fisher_z,UWLS3,0.6,2607,110,109,0.009682805059628933,0.006156863241371369,1.572684771453881,2605,0.11591326641065397,,,,,,,,,,,,,,,,,,,FALSE,,"multiverse cell 818/1260: coding=end_lag2, outlier=none, es_set=no_starbound, df_basis=k10, estimator=UWLS3, rho=0.6 [DEC-045 S2]; weighted LS cell means (1/vi); descriptive curve only"
H3,end_lag3|none|no_starbound|k10,UWLS3|r0.6,diff,Fisher_z,UWLS3,0.6,2607,110,109,-4.803329148310928e-4,0.004485152220675098,-0.10709400510799026,2605,0.914722649717686,,,,,,,,,,,,,,,,,,,FALSE,,"multiverse cell 819/1260: coding=end_lag3, outlier=none, es_set=no_starbound, df_basis=k10, estimator=UWLS3, rho=0.6 [DEC-045 S2]; weighted LS cell means (1/vi); descriptive curve only"
H3,clean_window|none|no_starbound|k10,UWLS3|r0.6,diff,Fisher_z,UWLS3,0.6,905,38,38,0.0017641138068849385,0.0034655690459556555,0.5090401557411394,903,0.6108484343779645,,,,,,,,,,,,,,,,,,,FALSE,,"multiverse cell 820/1260: coding=clean_window, outlier=none, es_set=no_starbound, df_basis=k10, estimator=UWLS3, rho=0.6 [DEC-045 S2]; weighted LS cell means (1/vi); descriptive curve only"
H3,paris_mid|rstudent|no_starbound|k10,UWLS3|r0.6,diff,Fisher_z,UWLS3,0.6,2594,110,109,-8.676356668167115e-4,0.0029027345008550208,-0.2989028678169303,2592,0.7650381205373826,,,,,,,,,,,,,,,,,,,FALSE,,"multiverse cell 821/1260: coding=paris_mid, outlier=rstudent, es_set=no_starbound, df_basis=k10, estimator=UWLS3, rho=0.6 [DEC-045 S2]; weighted LS cell means (1/vi); descriptive curve only"
H3,tie_break_median|rstudent|no_starbound|k10,UWLS3|r0.6,diff,Fisher_z,UWLS3,0.6,2594,110,109,-0.0011650529962566047,0.0029051838767613636,-0.401025561781439,2592,0.6884343592303003,,,,,,,,,,,,,,,,,,,FALSE,,"multiverse cell 822/1260: coding=tie_break_median, outlier=rstudent, es_set=no_starbound, df_basis=k10, estimator=UWLS3, rho=0.6 [DEC-045 S2]; weighted LS cell means (1/vi); descriptive curve only"
H3,end_any_exposure|rstudent|no_starbound|k10,UWLS3|r0.6,diff,Fisher_z,UWLS3,0.6,2594,110,109,0.0010064685947581697,0.008151300672444173,0.12347337378445389,2592,0.9017418307891856,,,,,,,,,,,,,,,,,,,FALSE,,"multiverse cell 823/1260: coding=end_any_exposure, outlier=rstudent, es_set=no_starbound, df_basis=k10, estimator=UWLS3, rho=0.6 [DEC-045 S2]; weighted LS cell means (1/vi); descriptive curve only"
H3,share_recut_2017|rstudent|no_starbound|k10,UWLS3|r0.6,diff,Fisher_z,UWLS3,0.6,2594,110,109,-0.0010854344337231196,0.00290548429973351,-0.3735812421435818,2592,0.7087464436839267,,,,,,,,,,,,,,,,,,,FALSE,,"multiverse cell 824/1260: coding=share_recut_2017, outlier=rstudent, es_set=no_starbound, df_basis=k10, estimator=UWLS3, rho=0.6 [DEC-045 S2]; weighted LS cell means (1/vi); descriptive curve only"
H3,share_recut_2018|rstudent|no_starbound|k10,UWLS3|r0.6,diff,Fisher_z,UWLS3,0.6,2594,110,109,-1.274367811537648e-4,0.002912502686939066,-0.043755077626278935,2592,0.9651030059163349,,,,,,,,,,,,,,,,,,,FALSE,,"multiverse cell 825/1260: coding=share_recut_2018, outlier=rstudent, es_set=no_starbound, df_basis=k10, estimator=UWLS3, rho=0.6 [DEC-045 S2]; weighted LS cell means (1/vi); descriptive curve only"
H3,share_recut_2019|rstudent|no_starbound|k10,UWLS3|r0.6,diff,Fisher_z,UWLS3,0.6,2594,110,109,-1.7467800950138682e-4,0.002914989727838279,-0.05992405662126498,2592,0.9522207394849702,,,,,,,,,,,,,,,,,,,FALSE,,"multiverse cell 826/1260: coding=share_recut_2019, outlier=rstudent, es_set=no_starbound, df_basis=k10, estimator=UWLS3, rho=0.6 [DEC-045 S2]; weighted LS cell means (1/vi); descriptive curve only"
H3,end_lag1|rstudent|no_starbound|k10,UWLS3|r0.6,diff,Fisher_z,UWLS3,0.6,2594,110,109,0.0012636776655585505,0.006448909714210974,0.19595214099119415,2592,0.8446629859430781,,,,,,,,,,,,,,,,,,,FALSE,,"multiverse cell 827/1260: coding=end_lag1, outlier=rstudent, es_set=no_starbound, df_basis=k10, estimator=UWLS3, rho=0.6 [DEC-045 S2]; weighted LS cell means (1/vi); descriptive curve only"
H3,end_lag2|rstudent|no_starbound|k10,UWLS3|r0.6,diff,Fisher_z,UWLS3,0.6,2594,110,109,0.007543879333786602,0.005774568551430672,1.306397052281521,2592,0.19153347560293654,,,,,,,,,,,,,,,,,,,FALSE,,"multiverse cell 828/1260: coding=end_lag2, outlier=rstudent, es_set=no_starbound, df_basis=k10, estimator=UWLS3, rho=0.6 [DEC-045 S2]; weighted LS cell means (1/vi); descriptive curve only"
H3,end_lag3|rstudent|no_starbound|k10,UWLS3|r0.6,diff,Fisher_z,UWLS3,0.6,2594,110,109,-0.0015160449703759023,0.004204649273825429,-0.3605639547187703,2592,0.718454819277273,,,,,,,,,,,,,,,,,,,FALSE,,"multiverse cell 829/1260: coding=end_lag3, outlier=rstudent, es_set=no_starbound, df_basis=k10, estimator=UWLS3, rho=0.6 [DEC-045 S2]; weighted LS cell means (1/vi); descriptive curve only"
H3,clean_window|rstudent|no_starbound|k10,UWLS3|r0.6,diff,Fisher_z,UWLS3,0.6,900,38,38,8.826384757492332e-4,0.003253946550221563,0.2712516822653814,898,0.7862598059254322,,,,,,,,,,,,,,,,,,,FALSE,,"multiverse cell 830/1260: coding=clean_window, outlier=rstudent, es_set=no_starbound, df_basis=k10, estimator=UWLS3, rho=0.6 [DEC-045 S2]; weighted LS cell means (1/vi); descriptive curve only"
H3,paris_mid|winsor|no_starbound|k10,UWLS3|r0.6,diff,Fisher_z,UWLS3,0.6,2607,110,109,0.00309680379863864,0.0025210665967989134,1.2283704851632085,2605,0.2194188875602667,,,,,,,,,,,,,,,,,,,FALSE,,"multiverse cell 831/1260: coding=paris_mid, outlier=winsor, es_set=no_starbound, df_basis=k10, estimator=UWLS3, rho=0.6 [DEC-045 S2]; weighted LS cell means (1/vi); descriptive curve only"
H3,tie_break_median|winsor|no_starbound|k10,UWLS3|r0.6,diff,Fisher_z,UWLS3,0.6,2607,110,109,0.0028442352108478917,0.0025233477198810888,1.1271673691416277,2605,0.25977553707349105,,,,,,,,,,,,,,,,,,,FALSE,,"multiverse cell 832/1260: coding=tie_break_median, outlier=winsor, es_set=no_starbound, df_basis=k10, estimator=UWLS3, rho=0.6 [DEC-045 S2]; weighted LS cell means (1/vi); descriptive curve only"
H3,end_any_exposure|winsor|no_starbound|k10,UWLS3|r0.6,diff,Fisher_z,UWLS3,0.6,2607,110,109,-8.219129045952678e-4,0.007079069761378834,-0.11610464825185997,2605,0.9075785542577159,,,,,,,,,,,,,,,,,,,FALSE,,"multiverse cell 833/1260: coding=end_any_exposure, outlier=winsor, es_set=no_starbound, df_basis=k10, estimator=UWLS3, rho=0.6 [DEC-045 S2]; weighted LS cell means (1/vi); descriptive curve only"
H3,share_recut_2017|winsor|no_starbound|k10,UWLS3|r0.6,diff,Fisher_z,UWLS3,0.6,2607,110,109,0.0029193438520111296,0.0025235658814403844,1.1568328267082315,2605,0.24744673706491294,,,,,,,,,,,,,,,,,,,FALSE,,"multiverse cell 834/1260: coding=share_recut_2017, outlier=winsor, es_set=no_starbound, df_basis=k10, estimator=UWLS3, rho=0.6 [DEC-045 S2]; weighted LS cell means (1/vi); descriptive curve only"
H3,share_recut_2018|winsor|no_starbound|k10,UWLS3|r0.6,diff,Fisher_z,UWLS3,0.6,2607,110,109,0.003787000520676563,0.002529163360833288,1.4973332997473336,2605,0.13442770497079776,,,,,,,,,,,,,,,,,,,FALSE,,"multiverse cell 835/1260: coding=share_recut_2018, outlier=winsor, es_set=no_starbound, df_basis=k10, estimator=UWLS3, rho=0.6 [DEC-045 S2]; weighted LS cell means (1/vi); descriptive curve only"
H3,share_recut_2019|winsor|no_starbound|k10,UWLS3|r0.6,diff,Fisher_z,UWLS3,0.6,2607,110,109,0.003715180661372313,0.0025313686228937,1.4676569140393918,2605,0.14231816180109275,,,,,,,,,,,,,,,,,,,FALSE,,"multiverse cell 836/1260: coding=share_recut_2019, outlier=winsor, es_set=no_starbound, df_basis=k10, estimator=UWLS3, rho=0.6 [DEC-045 S2]; weighted LS cell means (1/vi); descriptive curve only"
H3,end_lag1|winsor|no_starbound|k10,UWLS3|r0.6,diff,Fisher_z,UWLS3,0.6,2607,110,109,-4.517944729819888e-4,0.00560070803815291,-0.08066738524920301,2605,0.9357126716564749,,,,,,,,,,,,,,,,,,,FALSE,,"multiverse cell 837/1260: coding=end_lag1, outlier=winsor, es_set=no_starbound, df_basis=k10, estimator=UWLS3, rho=0.6 [DEC-045 S2]; weighted LS cell means (1/vi); descriptive curve only"
H3,end_lag2|winsor|no_starbound|k10,UWLS3|r0.6,diff,Fisher_z,UWLS3,0.6,2607,110,109,0.006209971631495868,0.00501459067165595,1.2383805654560378,2605,0.2156865677264383,,,,,,,,,,,,,,,,,,,FALSE,,"multiverse cell 838/1260: coding=end_lag2, outlier=winsor, es_set=no_starbound, df_basis=k10, estimator=UWLS3, rho=0.6 [DEC-045 S2]; weighted LS cell means (1/vi); descriptive curve only"
H3,end_lag3|winsor|no_starbound|k10,UWLS3|r0.6,diff,Fisher_z,UWLS3,0.6,2607,110,109,-0.0034845419761366306,0.0036517409617703852,-0.9542138975945611,2605,0.34006391575827233,,,,,,,,,,,,,,,,,,,FALSE,,"multiverse cell 839/1260: coding=end_lag3, outlier=winsor, es_set=no_starbound, df_basis=k10, estimator=UWLS3, rho=0.6 [DEC-045 S2]; weighted LS cell means (1/vi); descriptive curve only"
H3,clean_window|winsor|no_starbound|k10,UWLS3|r0.6,diff,Fisher_z,UWLS3,0.6,905,38,38,0.001280600951802869,0.0032544064194716055,0.39349754970394596,903,0.6940449225121911,,,,,,,,,,,,,,,,,,,FALSE,,"multiverse cell 840/1260: coding=clean_window, outlier=winsor, es_set=no_starbound, df_basis=k10, estimator=UWLS3, rho=0.6 [DEC-045 S2]; weighted LS cell means (1/vi); descriptive curve only"
H3,paris_mid|none|full|k20,UWLS3|r0.6,diff,Fisher_z,UWLS3,0.6,2704,113,112,-1.375438789905127e-4,0.0030324847832724723,-0.04535682412957857,2702,0.9638262465824727,,,,,,,,,,,,,,,,,,,FALSE,,"multiverse cell 841/1260: coding=paris_mid, outlier=none, es_set=full, df_basis=k20, estimator=UWLS3, rho=0.6 [DEC-045 S2]; weighted LS cell means (1/vi); descriptive curve only"
H3,tie_break_median|none|full|k20,UWLS3|r0.6,diff,Fisher_z,UWLS3,0.6,2704,113,112,-4.4065605269619224e-4,0.0030351491171336908,-0.1451843173729584,2702,0.8845761763543968,,,,,,,,,,,,,,,,,,,FALSE,,"multiverse cell 842/1260: coding=tie_break_median, outlier=none, es_set=full, df_basis=k20, estimator=UWLS3, rho=0.6 [DEC-045 S2]; weighted LS cell means (1/vi); descriptive curve only"
H3,end_any_exposure|none|full|k20,UWLS3|r0.6,diff,Fisher_z,UWLS3,0.6,2704,113,112,0.004878200307359297,0.008150557729154304,0.598511227018259,2702,0.5495490375250595,,,,,,,,,,,,,,,,,,,FALSE,,"multiverse cell 843/1260: coding=end_any_exposure, outlier=none, es_set=full, df_basis=k20, estimator=UWLS3, rho=0.6 [DEC-045 S2]; weighted LS cell means (1/vi); descriptive curve only"
H3,share_recut_2017|none|full|k20,UWLS3|r0.6,diff,Fisher_z,UWLS3,0.6,2704,113,112,-3.6253891664947066e-4,0.0030354618721570993,-0.11943451504855784,2702,0.904939996809417,,,,,,,,,,,,,,,,,,,FALSE,,"multiverse cell 844/1260: coding=share_recut_2017, outlier=none, es_set=full, df_basis=k20, estimator=UWLS3, rho=0.6 [DEC-045 S2]; weighted LS cell means (1/vi); descriptive curve only"
H3,share_recut_2018|none|full|k20,UWLS3|r0.6,diff,Fisher_z,UWLS3,0.6,2704,113,112,7.317069502679498e-4,0.003043964540278135,0.24037959069033432,2702,0.8100542343118069,,,,,,,,,,,,,,,,,,,FALSE,,"multiverse cell 845/1260: coding=share_recut_2018, outlier=none, es_set=full, df_basis=k20, estimator=UWLS3, rho=0.6 [DEC-045 S2]; weighted LS cell means (1/vi); descriptive curve only"
H3,share_recut_2019|none|full|k20,UWLS3|r0.6,diff,Fisher_z,UWLS3,0.6,2704,113,112,6.808741689169479e-4,0.003046669654119557,0.22348145556125631,2702,0.8231777086489794,,,,,,,,,,,,,,,,,,,FALSE,,"multiverse cell 846/1260: coding=share_recut_2019, outlier=none, es_set=full, df_basis=k20, estimator=UWLS3, rho=0.6 [DEC-045 S2]; weighted LS cell means (1/vi); descriptive curve only"
H3,end_lag1|none|full|k20,UWLS3|r0.6,diff,Fisher_z,UWLS3,0.6,2704,113,112,0.004051164648639947,0.006563083061268771,0.6172654849589513,2702,0.5371116403610745,,,,,,,,,,,,,,,,,,,FALSE,,"multiverse cell 847/1260: coding=end_lag1, outlier=none, es_set=full, df_basis=k20, estimator=UWLS3, rho=0.6 [DEC-045 S2]; weighted LS cell means (1/vi); descriptive curve only"
H3,end_lag2|none|full|k20,UWLS3|r0.6,diff,Fisher_z,UWLS3,0.6,2704,113,112,0.011089597984618393,0.005911823886348182,1.8758336171391932,2702,0.06078586482546239,,,,,,,,,,,,,,,,,,,FALSE,,"multiverse cell 848/1260: coding=end_lag2, outlier=none, es_set=full, df_basis=k20, estimator=UWLS3, rho=0.6 [DEC-045 S2]; weighted LS cell means (1/vi); descriptive curve only"
H3,end_lag3|none|full|k20,UWLS3|r0.6,diff,Fisher_z,UWLS3,0.6,2704,113,112,4.1819475466492104e-4,0.004359974606771244,0.09591678676647453,2702,0.9235937750708701,,,,,,,,,,,,,,,,,,,FALSE,,"multiverse cell 849/1260: coding=end_lag3, outlier=none, es_set=full, df_basis=k20, estimator=UWLS3, rho=0.6 [DEC-045 S2]; weighted LS cell means (1/vi); descriptive curve only"
H3,clean_window|none|full|k20,UWLS3|r0.6,diff,Fisher_z,UWLS3,0.6,929,40,40,0.005091829083897669,0.0032932426708472593,1.5461445125110334,927,0.12241097164688995,,,,,,,,,,,,,,,,,,,FALSE,,"multiverse cell 850/1260: coding=clean_window, outlier=none, es_set=full, df_basis=k20, estimator=UWLS3, rho=0.6 [DEC-045 S2]; weighted LS cell means (1/vi); descriptive curve only"
H3,paris_mid|rstudent|full|k20,UWLS3|r0.6,diff,Fisher_z,UWLS3,0.6,2691,113,112,-6.065230447309042e-4,0.0028435263725957957,-0.21329960241487825,2689,0.8311094533330213,,,,,,,,,,,,,,,,,,,FALSE,,"multiverse cell 851/1260: coding=paris_mid, outlier=rstudent, es_set=full, df_basis=k20, estimator=UWLS3, rho=0.6 [DEC-045 S2]; weighted LS cell means (1/vi); descriptive curve only"
H3,tie_break_median|rstudent|full|k20,UWLS3|r0.6,diff,Fisher_z,UWLS3,0.6,2691,113,112,-9.065649135499634e-4,0.0028460011637225983,-0.31853989559307394,2689,0.7501001753456866,,,,,,,,,,,,,,,,,,,FALSE,,"multiverse cell 852/1260: coding=tie_break_median, outlier=rstudent, es_set=full, df_basis=k20, estimator=UWLS3, rho=0.6 [DEC-045 S2]; weighted LS cell means (1/vi); descriptive curve only"
H3,end_any_exposure|rstudent|full|k20,UWLS3|r0.6,diff,Fisher_z,UWLS3,0.6,2691,113,112,0.0043229830600588215,0.007644979977573486,0.5654668910501104,2689,0.57180341489474,,,,,,,,,,,,,,,,,,,FALSE,,"multiverse cell 853/1260: coding=end_any_exposure, outlier=rstudent, es_set=full, df_basis=k20, estimator=UWLS3, rho=0.6 [DEC-045 S2]; weighted LS cell means (1/vi); descriptive curve only"
H3,share_recut_2017|rstudent|full|k20,UWLS3|r0.6,diff,Fisher_z,UWLS3,0.6,2691,113,112,-8.280961048697591e-4,0.0028462993365312482,-0.2909378132656104,2689,0.7711213183127592,,,,,,,,,,,,,,,,,,,FALSE,,"multiverse cell 854/1260: coding=share_recut_2017, outlier=rstudent, es_set=full, df_basis=k20, estimator=UWLS3, rho=0.6 [DEC-045 S2]; weighted LS cell means (1/vi); descriptive curve only"
H3,share_recut_2018|rstudent|full|k20,UWLS3|r0.6,diff,Fisher_z,UWLS3,0.6,2691,113,112,2.737881912288388e-4,0.0028543263278879125,0.09592042386808348,2689,0.9235909210620864,,,,,,,,,,,,,,,,,,,FALSE,,"multiverse cell 855/1260: coding=share_recut_2018, outlier=rstudent, es_set=full, df_basis=k20, estimator=UWLS3, rho=0.6 [DEC-045 S2]; weighted LS cell means (1/vi); descriptive curve only"
H3,share_recut_2019|rstudent|full|k20,UWLS3|r0.6,diff,Fisher_z,UWLS3,0.6,2691,113,112,2.247803757322621e-4,0.002856858226390966,0.07868096976454599,2689,0.9372922367707128,,,,,,,,,,,,,,,,,,,FALSE,,"multiverse cell 856/1260: coding=share_recut_2019, outlier=rstudent, es_set=full, df_basis=k20, estimator=UWLS3, rho=0.6 [DEC-045 S2]; weighted LS cell means (1/vi); descriptive curve only"
H3,end_lag1|rstudent|full|k20,UWLS3|r0.6,diff,Fisher_z,UWLS3,0.6,2691,113,112,0.00354088315972571,0.006156033001844482,0.5751891126419861,2689,0.5652115288022479,,,,,,,,,,,,,,,,,,,FALSE,,"multiverse cell 857/1260: coding=end_lag1, outlier=rstudent, es_set=full, df_basis=k20, estimator=UWLS3, rho=0.6 [DEC-045 S2]; weighted LS cell means (1/vi); descriptive curve only"
H3,end_lag2|rstudent|full|k20,UWLS3|r0.6,diff,Fisher_z,UWLS3,0.6,2691,113,112,0.00907018720912979,0.005546646086682055,1.6352561651460045,2689,0.10211240001534654,,,,,,,,,,,,,,,,,,,FALSE,,"multiverse cell 858/1260: coding=end_lag2, outlier=rstudent, es_set=full, df_basis=k20, estimator=UWLS3, rho=0.6 [DEC-045 S2]; weighted LS cell means (1/vi); descriptive curve only"
H3,end_lag3|rstudent|full|k20,UWLS3|r0.6,diff,Fisher_z,UWLS3,0.6,2691,113,112,-5.844987845608669e-4,0.004088857618264624,-0.1429491655444186,2689,0.8863410389892404,,,,,,,,,,,,,,,,,,,FALSE,,"multiverse cell 859/1260: coding=end_lag3, outlier=rstudent, es_set=full, df_basis=k20, estimator=UWLS3, rho=0.6 [DEC-045 S2]; weighted LS cell means (1/vi); descriptive curve only"
H3,clean_window|rstudent|full|k20,UWLS3|r0.6,diff,Fisher_z,UWLS3,0.6,924,40,40,0.0043011247097999965,0.003097917570077363,1.388392238497355,922,0.16535297643622,,,,,,,,,,,,,,,,,,,FALSE,,"multiverse cell 860/1260: coding=clean_window, outlier=rstudent, es_set=full, df_basis=k20, estimator=UWLS3, rho=0.6 [DEC-045 S2]; weighted LS cell means (1/vi); descriptive curve only"
H3,paris_mid|winsor|full|k20,UWLS3|r0.6,diff,Fisher_z,UWLS3,0.6,2704,113,112,0.003321530651712687,0.00247016430583947,1.3446598041517264,2702,0.17884798455863038,,,,,,,,,,,,,,,,,,,FALSE,,"multiverse cell 861/1260: coding=paris_mid, outlier=winsor, es_set=full, df_basis=k20, estimator=UWLS3, rho=0.6 [DEC-045 S2]; weighted LS cell means (1/vi); descriptive curve only"
H3,tie_break_median|winsor|full|k20,UWLS3|r0.6,diff,Fisher_z,UWLS3,0.6,2704,113,112,0.0030666568669502695,0.0024724666078134844,1.2403228651335578,2702,0.21496369135470142,,,,,,,,,,,,,,,,,,,FALSE,,"multiverse cell 862/1260: coding=tie_break_median, outlier=winsor, es_set=full, df_basis=k20, estimator=UWLS3, rho=0.6 [DEC-045 S2]; weighted LS cell means (1/vi); descriptive curve only"
H3,end_any_exposure|winsor|full|k20,UWLS3|r0.6,diff,Fisher_z,UWLS3,0.6,2704,113,112,0.0024609470378297513,0.006641671443681417,0.3705312824787477,2702,0.7110157165582549,,,,,,,,,,,,,,,,,,,FALSE,,"multiverse cell 863/1260: coding=end_any_exposure, outlier=winsor, es_set=full, df_basis=k20, estimator=UWLS3, rho=0.6 [DEC-045 S2]; weighted LS cell means (1/vi); descriptive curve only"
H3,share_recut_2017|winsor|full|k20,UWLS3|r0.6,diff,Fisher_z,UWLS3,0.6,2704,113,112,0.0031407058971479225,0.0024726840085241173,1.2701606377203574,2702,0.20413677995730736,,,,,,,,,,,,,,,,,,,FALSE,,"multiverse cell 864/1260: coding=share_recut_2017, outlier=winsor, es_set=full, df_basis=k20, estimator=UWLS3, rho=0.6 [DEC-045 S2]; weighted LS cell means (1/vi); descriptive curve only"
H3,share_recut_2018|winsor|full|k20,UWLS3|r0.6,diff,Fisher_z,UWLS3,0.6,2704,113,112,0.0041424985293459435,0.002479089823250341,1.6709755695397528,2702,0.09484230932831358,,,,,,,,,,,,,,,,,,,FALSE,,"multiverse cell 865/1260: coding=share_recut_2018, outlier=winsor, es_set=full, df_basis=k20, estimator=UWLS3, rho=0.6 [DEC-045 S2]; weighted LS cell means (1/vi); descriptive curve only"
H3,share_recut_2019|winsor|full|k20,UWLS3|r0.6,diff,Fisher_z,UWLS3,0.6,2704,113,112,0.004069641957940941,0.0024813362363525758,1.6401009658904933,2702,0.10110057661035092,,,,,,,,,,,,,,,,,,,FALSE,,"multiverse cell 866/1260: coding=share_recut_2019, outlier=winsor, es_set=full, df_basis=k20, estimator=UWLS3, rho=0.6 [DEC-045 S2]; weighted LS cell means (1/vi); descriptive curve only"
H3,end_lag1|winsor|full|k20,UWLS3|r0.6,diff,Fisher_z,UWLS3,0.6,2704,113,112,0.0017967979678278866,0.005348127533649841,0.3359676740172383,2702,0.7369213293192709,,,,,,,,,,,,,,,,,,,FALSE,,"multiverse cell 867/1260: coding=end_lag1, outlier=winsor, es_set=full, df_basis=k20, estimator=UWLS3, rho=0.6 [DEC-045 S2]; weighted LS cell means (1/vi); descriptive curve only"
H3,end_lag2|winsor|full|k20,UWLS3|r0.6,diff,Fisher_z,UWLS3,0.6,2704,113,112,0.007696368444689107,0.0048180513639521985,1.597402738848316,2702,0.11029289332070467,,,,,,,,,,,,,,,,,,,FALSE,,"multiverse cell 868/1260: coding=end_lag2, outlier=winsor, es_set=full, df_basis=k20, estimator=UWLS3, rho=0.6 [DEC-045 S2]; weighted LS cell means (1/vi); descriptive curve only"
H3,end_lag3|winsor|full|k20,UWLS3|r0.6,diff,Fisher_z,UWLS3,0.6,2704,113,112,-0.00255633422200955,0.003552347090878385,-0.7196183696614645,2702,0.4718222350834853,,,,,,,,,,,,,,,,,,,FALSE,,"multiverse cell 869/1260: coding=end_lag3, outlier=winsor, es_set=full, df_basis=k20, estimator=UWLS3, rho=0.6 [DEC-045 S2]; weighted LS cell means (1/vi); descriptive curve only"
H3,clean_window|winsor|full|k20,UWLS3|r0.6,diff,Fisher_z,UWLS3,0.6,929,40,40,0.004657844111341271,0.0030981502410047,1.5034274483185739,927,0.13306944180540342,,,,,,,,,,,,,,,,,,,FALSE,,"multiverse cell 870/1260: coding=clean_window, outlier=winsor, es_set=full, df_basis=k20, estimator=UWLS3, rho=0.6 [DEC-045 S2]; weighted LS cell means (1/vi); descriptive curve only"
H3,paris_mid|none|no_starbound|k20,UWLS3|r0.6,diff,Fisher_z,UWLS3,0.6,2606,110,109,-3.97671436693111e-4,0.0030962950563268726,-0.12843460634687304,2604,0.8978149640124575,,,,,,,,,,,,,,,,,,,FALSE,,"multiverse cell 871/1260: coding=paris_mid, outlier=none, es_set=no_starbound, df_basis=k20, estimator=UWLS3, rho=0.6 [DEC-045 S2]; weighted LS cell means (1/vi); descriptive curve only"
H3,tie_break_median|none|no_starbound|k20,UWLS3|r0.6,diff,Fisher_z,UWLS3,0.6,2606,110,109,-6.986251818604412e-4,0.0030989235777933314,-0.22544124252264244,2604,0.821653721086149,,,,,,,,,,,,,,,,,,,FALSE,,"multiverse cell 872/1260: coding=tie_break_median, outlier=none, es_set=no_starbound, df_basis=k20, estimator=UWLS3, rho=0.6 [DEC-045 S2]; weighted LS cell means (1/vi); descriptive curve only"
H3,end_any_exposure|none|no_starbound|k20,UWLS3|r0.6,diff,Fisher_z,UWLS3,0.6,2606,110,109,0.0015723370250645616,0.008702151035607147,0.18068372045381995,2604,0.8566298981156091,,,,,,,,,,,,,,,,,,,FALSE,,"multiverse cell 873/1260: coding=end_any_exposure, outlier=none, es_set=no_starbound, df_basis=k20, estimator=UWLS3, rho=0.6 [DEC-045 S2]; weighted LS cell means (1/vi); descriptive curve only"
H3,share_recut_2017|none|no_starbound|k20,UWLS3|r0.6,diff,Fisher_z,UWLS3,0.6,2606,110,109,-6.19563840523446e-4,0.0030992369911832726,-0.19990850725065068,2604,0.8415677464196311,,,,,,,,,,,,,,,,,,,FALSE,,"multiverse cell 874/1260: coding=share_recut_2017, outlier=none, es_set=no_starbound, df_basis=k20, estimator=UWLS3, rho=0.6 [DEC-045 S2]; weighted LS cell means (1/vi); descriptive curve only"
H3,share_recut_2018|none|no_starbound|k20,UWLS3|r0.6,diff,Fisher_z,UWLS3,0.6,2606,110,109,3.31025790203103e-4,0.0031066469434935864,0.10655404242068371,2604,0.9151509875436914,,,,,,,,,,,,,,,,,,,FALSE,,"multiverse cell 875/1260: coding=share_recut_2018, outlier=none, es_set=no_starbound, df_basis=k20, estimator=UWLS3, rho=0.6 [DEC-045 S2]; weighted LS cell means (1/vi); descriptive curve only"
H3,share_recut_2019|none|no_starbound|k20,UWLS3|r0.6,diff,Fisher_z,UWLS3,0.6,2606,110,109,2.822014842927857e-4,0.003109280166243525,0.09076103445310536,2604,0.9276894527989359,,,,,,,,,,,,,,,,,,,FALSE,,"multiverse cell 876/1260: coding=share_recut_2019, outlier=none, es_set=no_starbound, df_basis=k20, estimator=UWLS3, rho=0.6 [DEC-045 S2]; weighted LS cell means (1/vi); descriptive curve only"
H3,end_lag1|none|no_starbound|k20,UWLS3|r0.6,diff,Fisher_z,UWLS3,0.6,2606,110,109,0.0017670993369504097,0.006882937513991056,0.25673621667469726,2604,0.7974026936304366,,,,,,,,,,,,,,,,,,,FALSE,,"multiverse cell 877/1260: coding=end_lag1, outlier=none, es_set=no_starbound, df_basis=k20, estimator=UWLS3, rho=0.6 [DEC-045 S2]; weighted LS cell means (1/vi); descriptive curve only"
H3,end_lag2|none|no_starbound|k20,UWLS3|r0.6,diff,Fisher_z,UWLS3,0.6,2606,110,109,0.00963571707673071,0.006160875664952187,1.5640174547826216,2604,0.11793497974348978,,,,,,,,,,,,,,,,,,,FALSE,,"multiverse cell 878/1260: coding=end_lag2, outlier=none, es_set=no_starbound, df_basis=k20, estimator=UWLS3, rho=0.6 [DEC-045 S2]; weighted LS cell means (1/vi); descriptive curve only"
H3,end_lag3|none|no_starbound|k20,UWLS3|r0.6,diff,Fisher_z,UWLS3,0.6,2606,110,109,-5.092153085766785e-4,0.004486384375610504,-0.1135023809696165,2604,0.9096410250711997,,,,,,,,,,,,,,,,,,,FALSE,,"multiverse cell 879/1260: coding=end_lag3, outlier=none, es_set=no_starbound, df_basis=k20, estimator=UWLS3, rho=0.6 [DEC-045 S2]; weighted LS cell means (1/vi); descriptive curve only"
H3,clean_window|none|no_starbound|k20,UWLS3|r0.6,diff,Fisher_z,UWLS3,0.6,905,38,38,0.0016849128666000003,0.003462516576422534,0.4866151047689277,903,0.6266491990238297,,,,,,,,,,,,,,,,,,,FALSE,,"multiverse cell 880/1260: coding=clean_window, outlier=none, es_set=no_starbound, df_basis=k20, estimator=UWLS3, rho=0.6 [DEC-045 S2]; weighted LS cell means (1/vi); descriptive curve only"
H3,paris_mid|rstudent|no_starbound|k20,UWLS3|r0.6,diff,Fisher_z,UWLS3,0.6,2593,110,109,-8.708436425920035e-4,0.0029032161413173065,-0.29995825326214487,2591,0.7642330611045435,,,,,,,,,,,,,,,,,,,FALSE,,"multiverse cell 881/1260: coding=paris_mid, outlier=rstudent, es_set=no_starbound, df_basis=k20, estimator=UWLS3, rho=0.6 [DEC-045 S2]; weighted LS cell means (1/vi); descriptive curve only"
H3,tie_break_median|rstudent|no_starbound|k20,UWLS3|r0.6,diff,Fisher_z,UWLS3,0.6,2593,110,109,-0.001168653492685242,0.0029056555402985763,-0.4021995988434179,2591,0.6875703132638527,,,,,,,,,,,,,,,,,,,FALSE,,"multiverse cell 882/1260: coding=tie_break_median, outlier=rstudent, es_set=no_starbound, df_basis=k20, estimator=UWLS3, rho=0.6 [DEC-045 S2]; weighted LS cell means (1/vi); descriptive curve only"
H3,end_any_exposure|rstudent|no_starbound|k20,UWLS3|r0.6,diff,Fisher_z,UWLS3,0.6,2593,110,109,9.406792973404646e-4,0.008162333250464112,0.1152463723883091,2591,0.9082587739394206,,,,,,,,,,,,,,,,,,,FALSE,,"multiverse cell 883/1260: coding=end_any_exposure, outlier=rstudent, es_set=no_starbound, df_basis=k20, estimator=UWLS3, rho=0.6 [DEC-045 S2]; weighted LS cell means (1/vi); descriptive curve only"
H3,share_recut_2017|rstudent|no_starbound|k20,UWLS3|r0.6,diff,Fisher_z,UWLS3,0.6,2593,110,109,-0.0010892323149815884,0.0029059548483013915,-0.37482768034688285,2591,0.7078193032073912,,,,,,,,,,,,,,,,,,,FALSE,,"multiverse cell 884/1260: coding=share_recut_2017, outlier=rstudent, es_set=no_starbound, df_basis=k20, estimator=UWLS3, rho=0.6 [DEC-045 S2]; weighted LS cell means (1/vi); descriptive curve only"
H3,share_recut_2018|rstudent|no_starbound|k20,UWLS3|r0.6,diff,Fisher_z,UWLS3,0.6,2593,110,109,-1.3171208546405508e-4,0.002912956256229328,-0.04521595035366222,2591,0.963938665096215,,,,,,,,,,,,,,,,,,,FALSE,,"multiverse cell 885/1260: coding=share_recut_2018, outlier=rstudent, es_set=no_starbound, df_basis=k20, estimator=UWLS3, rho=0.6 [DEC-045 S2]; weighted LS cell means (1/vi); descriptive curve only"
H3,share_recut_2019|rstudent|no_starbound|k20,UWLS3|r0.6,diff,Fisher_z,UWLS3,0.6,2593,110,109,-1.7864733221278906e-4,0.002915420310403542,-0.06127669879203844,2591,0.9511435736538421,,,,,,,,,,,,,,,,,,,FALSE,,"multiverse cell 886/1260: coding=share_recut_2019, outlier=rstudent, es_set=no_starbound, df_basis=k20, estimator=UWLS3, rho=0.6 [DEC-045 S2]; weighted LS cell means (1/vi); descriptive curve only"
H3,end_lag1|rstudent|no_starbound|k20,UWLS3|r0.6,diff,Fisher_z,UWLS3,0.6,2593,110,109,0.0012123797002653314,0.006455926107879785,0.18779330494281224,2591,0.8510533892897979,,,,,,,,,,,,,,,,,,,FALSE,,"multiverse cell 887/1260: coding=end_lag1, outlier=rstudent, es_set=no_starbound, df_basis=k20, estimator=UWLS3, rho=0.6 [DEC-045 S2]; weighted LS cell means (1/vi); descriptive curve only"
H3,end_lag2|rstudent|no_starbound|k20,UWLS3|r0.6,diff,Fisher_z,UWLS3,0.6,2593,110,109,0.007508816860422363,0.0057801692675199315,1.2990652198744577,2591,0.19403713455162835,,,,,,,,,,,,,,,,,,,FALSE,,"multiverse cell 888/1260: coding=end_lag2, outlier=rstudent, es_set=no_starbound, df_basis=k20, estimator=UWLS3, rho=0.6 [DEC-045 S2]; weighted LS cell means (1/vi); descriptive curve only"
H3,end_lag3|rstudent|no_starbound|k20,UWLS3|r0.6,diff,Fisher_z,UWLS3,0.6,2593,110,109,-0.0015385167268986595,0.004207157535066232,-0.3656903061212418,2591,0.7146260324348315,,,,,,,,,,,,,,,,,,,FALSE,,"multiverse cell 889/1260: coding=end_lag3, outlier=rstudent, es_set=no_starbound, df_basis=k20, estimator=UWLS3, rho=0.6 [DEC-045 S2]; weighted LS cell means (1/vi); descriptive curve only"
H3,clean_window|rstudent|no_starbound|k20,UWLS3|r0.6,diff,Fisher_z,UWLS3,0.6,900,38,38,8.17155033784385e-4,0.0032525061680896417,0.2512385808216132,898,0.8016871358748111,,,,,,,,,,,,,,,,,,,FALSE,,"multiverse cell 890/1260: coding=clean_window, outlier=rstudent, es_set=no_starbound, df_basis=k20, estimator=UWLS3, rho=0.6 [DEC-045 S2]; weighted LS cell means (1/vi); descriptive curve only"
H3,paris_mid|winsor|no_starbound|k20,UWLS3|r0.6,diff,Fisher_z,UWLS3,0.6,2606,110,109,0.003095206803043569,0.002521335532565436,1.2276060695080213,2604,0.2197058421571297,,,,,,,,,,,,,,,,,,,FALSE,,"multiverse cell 891/1260: coding=paris_mid, outlier=winsor, es_set=no_starbound, df_basis=k20, estimator=UWLS3, rho=0.6 [DEC-045 S2]; weighted LS cell means (1/vi); descriptive curve only"
H3,tie_break_median|winsor|no_starbound|k20,UWLS3|r0.6,diff,Fisher_z,UWLS3,0.6,2606,110,109,0.002842325009763929,0.0025236080835706926,1.1262941453818291,2604,0.26014481971378756,,,,,,,,,,,,,,,,,,,FALSE,,"multiverse cell 892/1260: coding=tie_break_median, outlier=winsor, es_set=no_starbound, df_basis=k20, estimator=UWLS3, rho=0.6 [DEC-045 S2]; weighted LS cell means (1/vi); descriptive curve only"
H3,end_any_exposure|winsor|no_starbound|k20,UWLS3|r0.6,diff,Fisher_z,UWLS3,0.6,2606,110,109,-8.919805543185881e-4,0.007088275378779364,-0.12583886864623925,2604,0.8998691880211044,,,,,,,,,,,,,,,,,,,FALSE,,"multiverse cell 893/1260: coding=end_any_exposure, outlier=winsor, es_set=no_starbound, df_basis=k20, estimator=UWLS3, rho=0.6 [DEC-045 S2]; weighted LS cell means (1/vi); descriptive curve only"
H3,share_recut_2017|winsor|no_starbound|k20,UWLS3|r0.6,diff,Fisher_z,UWLS3,0.6,2606,110,109,0.0029172413448779987,0.00252382534337975,1.155880834832814,2604,0.24783594282953292,,,,,,,,,,,,,,,,,,,FALSE,,"multiverse cell 894/1260: coding=share_recut_2017, outlier=winsor, es_set=no_starbound, df_basis=k20, estimator=UWLS3, rho=0.6 [DEC-045 S2]; weighted LS cell means (1/vi); descriptive curve only"
H3,share_recut_2018|winsor|no_starbound|k20,UWLS3|r0.6,diff,Fisher_z,UWLS3,0.6,2606,110,109,0.003784415482592285,0.0025294076101750967,1.4961667179969902,2604,0.1347313988955784,,,,,,,,,,,,,,,,,,,FALSE,,"multiverse cell 895/1260: coding=share_recut_2018, outlier=winsor, es_set=no_starbound, df_basis=k20, estimator=UWLS3, rho=0.6 [DEC-045 S2]; weighted LS cell means (1/vi); descriptive curve only"
H3,share_recut_2019|winsor|no_starbound|k20,UWLS3|r0.6,diff,Fisher_z,UWLS3,0.6,2606,110,109,0.00371300052551363,0.0025315924963320796,1.4666659546879066,2604,0.14258769951495834,,,,,,,,,,,,,,,,,,,FALSE,,"multiverse cell 896/1260: coding=share_recut_2019, outlier=winsor, es_set=no_starbound, df_basis=k20, estimator=UWLS3, rho=0.6 [DEC-045 S2]; weighted LS cell means (1/vi); descriptive curve only"
H3,end_lag1|winsor|no_starbound|k20,UWLS3|r0.6,diff,Fisher_z,UWLS3,0.6,2606,110,109,-5.064333032523544e-4,0.005606491987911477,-0.09032980058551911,2604,0.928032086650419,,,,,,,,,,,,,,,,,,,FALSE,,"multiverse cell 897/1260: coding=end_lag1, outlier=winsor, es_set=no_starbound, df_basis=k20, estimator=UWLS3, rho=0.6 [DEC-045 S2]; weighted LS cell means (1/vi); descriptive curve only"
H3,end_lag2|winsor|no_starbound|k20,UWLS3|r0.6,diff,Fisher_z,UWLS3,0.6,2606,110,109,0.006172302835235767,0.005019180618747239,1.2297431202578124,2604,0.21890440782228157,,,,,,,,,,,,,,,,,,,FALSE,,"multiverse cell 898/1260: coding=end_lag2, outlier=winsor, es_set=no_starbound, df_basis=k20, estimator=UWLS3, rho=0.6 [DEC-045 S2]; weighted LS cell means (1/vi); descriptive curve only"
H3,end_lag3|winsor|no_starbound|k20,UWLS3|r0.6,diff,Fisher_z,UWLS3,0.6,2606,110,109,-0.003508613192972316,0.003653702916159291,-0.9602896769342455,2604,0.33699859910613805,,,,,,,,,,,,,,,,,,,FALSE,,"multiverse cell 899/1260: coding=end_lag3, outlier=winsor, es_set=no_starbound, df_basis=k20, estimator=UWLS3, rho=0.6 [DEC-045 S2]; weighted LS cell means (1/vi); descriptive curve only"
H3,clean_window|winsor|no_starbound|k20,UWLS3|r0.6,diff,Fisher_z,UWLS3,0.6,905,38,38,0.001211324568078178,0.003253049805783818,0.3723658229654159,903,0.709707869882537,,,,,,,,,,,,,,,,,,,FALSE,,"multiverse cell 900/1260: coding=clean_window, outlier=winsor, es_set=no_starbound, df_basis=k20, estimator=UWLS3, rho=0.6 [DEC-045 S2]; weighted LS cell means (1/vi); descriptive curve only"
H3,paris_mid|none|full|dfE,3LMA-RVE_CR2|r0.8,diff,Fisher_z,3LMA-RVE_CR2,0.8,2705,113,112,0.010002086993573148,0.01815835433657943,0.550825631451869,15.57442170384573,0.5895679854902638,,,,,,,,,,,,,,,,,,,FALSE,,"multiverse cell 901/1260: coding=paris_mid, outlier=none, es_set=full, df_basis=dfE, estimator=3LMA-RVE_CR2, rho=0.8 [DEC-045 S2]; descriptive curve cell"
H3,tie_break_median|none|full|dfE,3LMA-RVE_CR2|r0.8,diff,Fisher_z,3LMA-RVE_CR2,0.8,2705,113,112,0.009689635844106446,0.017786422917013104,0.5447770970765626,12.709023406157161,0.5953374451437022,,,,,,,,,,,,,,,,,,,FALSE,,"multiverse cell 902/1260: coding=tie_break_median, outlier=none, es_set=full, df_basis=dfE, estimator=3LMA-RVE_CR2, rho=0.8 [DEC-045 S2]; descriptive curve cell"
H3,end_any_exposure|none|full|dfE,3LMA-RVE_CR2|r0.8,diff,Fisher_z,3LMA-RVE_CR2,0.8,2705,113,112,-0.019509188277132487,0.02096063947967548,-0.9307534866028112,41.40767547344726,0.3573760738736148,,,,,,,,,,,,,,,,,,,FALSE,,"multiverse cell 903/1260: coding=end_any_exposure, outlier=none, es_set=full, df_basis=dfE, estimator=3LMA-RVE_CR2, rho=0.8 [DEC-045 S2]; descriptive curve cell"
H3,share_recut_2017|none|full|dfE,3LMA-RVE_CR2|r0.8,diff,Fisher_z,3LMA-RVE_CR2,0.8,2705,113,112,0.007969712648301715,0.01801814738554436,0.4423158761979977,11.235143511023567,0.6666548186976985,,,,,,,,,,,,,,,,,,,FALSE,,"multiverse cell 904/1260: coding=share_recut_2017, outlier=none, es_set=full, df_basis=dfE, estimator=3LMA-RVE_CR2, rho=0.8 [DEC-045 S2]; descriptive curve cell"
H3,share_recut_2018|none|full|dfE,3LMA-RVE_CR2|r0.8,diff,Fisher_z,3LMA-RVE_CR2,0.8,2705,113,112,0.00347283859032374,0.02238635723950423,0.15513192044462568,18.762780347284895,0.8783740283993492,,,,,,,,,,,,,,,,,,,FALSE,,"multiverse cell 905/1260: coding=share_recut_2018, outlier=none, es_set=full, df_basis=dfE, estimator=3LMA-RVE_CR2, rho=0.8 [DEC-045 S2]; descriptive curve cell"
H3,share_recut_2019|none|full|dfE,3LMA-RVE_CR2|r0.8,diff,Fisher_z,3LMA-RVE_CR2,0.8,2705,113,112,0.00418169502705993,0.02301354675778708,0.18170580445819254,15.432600966214535,0.8581787560865808,,,,,,,,,,,,,,,,,,,FALSE,,"multiverse cell 906/1260: coding=share_recut_2019, outlier=none, es_set=full, df_basis=dfE, estimator=3LMA-RVE_CR2, rho=0.8 [DEC-045 S2]; descriptive curve cell"
H3,end_lag1|none|full|dfE,3LMA-RVE_CR2|r0.8,diff,Fisher_z,3LMA-RVE_CR2,0.8,2705,113,112,-0.007023126694963369,0.020635936077896048,-0.34033477659809735,18.414654567711484,0.7374560682244852,,,,,,,,,,,,,,,,,,,FALSE,,"multiverse cell 907/1260: coding=end_lag1, outlier=none, es_set=full, df_basis=dfE, estimator=3LMA-RVE_CR2, rho=0.8 [DEC-045 S2]; descriptive curve cell"
H3,end_lag2|none|full|dfE,3LMA-RVE_CR2|r0.8,diff,Fisher_z,3LMA-RVE_CR2,0.8,2705,113,112,0.03936659657877493,0.02630607661743542,1.496483004716983,22.890666566371106,0.14818968081799055,,,,,,,,,,,,,,,,,,,FALSE,,"multiverse cell 908/1260: coding=end_lag2, outlier=none, es_set=full, df_basis=dfE, estimator=3LMA-RVE_CR2, rho=0.8 [DEC-045 S2]; descriptive curve cell"
H3,end_lag3|none|full|dfE,3LMA-RVE_CR2|r0.8,diff,Fisher_z,3LMA-RVE_CR2,0.8,2705,113,112,0.020824765653226072,0.021890148173462014,0.9513305021147581,23.268379113742668,0.3512147188653374,,,,,,,,,,,,,,,,,,,FALSE,,"multiverse cell 909/1260: coding=end_lag3, outlier=none, es_set=full, df_basis=dfE, estimator=3LMA-RVE_CR2, rho=0.8 [DEC-045 S2]; descriptive curve cell"
H3,clean_window|none|full|dfE,3LMA-RVE_CR2|r0.8,diff,Fisher_z,3LMA-RVE_CR2,0.8,929,40,40,-0.010893791957107948,0.01630541200731116,-0.6681089660428878,22.126978498374246,0.510973675052234,,,,,,,,,,,,,,,,,,,FALSE,,"multiverse cell 910/1260: coding=clean_window, outlier=none, es_set=full, df_basis=dfE, estimator=3LMA-RVE_CR2, rho=0.8 [DEC-045 S2]; descriptive curve cell"
H3,paris_mid|rstudent|full|dfE,3LMA-RVE_CR2|r0.8,diff,Fisher_z,3LMA-RVE_CR2,0.8,2692,113,112,-0.013766815501168102,0.010400820504957158,-1.3236278324971256,41.36337871608377,0.19289601833826275,,,,,,,,,,,,,,,,,,,FALSE,,"multiverse cell 911/1260: coding=paris_mid, outlier=rstudent, es_set=full, df_basis=dfE, estimator=3LMA-RVE_CR2, rho=0.8 [DEC-045 S2]; descriptive curve cell"
H3,tie_break_median|rstudent|full|dfE,3LMA-RVE_CR2|r0.8,diff,Fisher_z,3LMA-RVE_CR2,0.8,2692,113,112,-0.012592905526335518,0.010949680120476623,-1.1500706310850082,31.22773738593539,0.25884627464517135,,,,,,,,,,,,,,,,,,,FALSE,,"multiverse cell 912/1260: coding=tie_break_median, outlier=rstudent, es_set=full, df_basis=dfE, estimator=3LMA-RVE_CR2, rho=0.8 [DEC-045 S2]; descriptive curve cell"
H3,end_any_exposure|rstudent|full|dfE,3LMA-RVE_CR2|r0.8,diff,Fisher_z,3LMA-RVE_CR2,0.8,2692,113,112,0.0014725220692321933,0.010482243939071701,0.14047775245369826,34.15409386837796,0.8891077595590791,,,,,,,,,,,,,,,,,,,FALSE,,"multiverse cell 913/1260: coding=end_any_exposure, outlier=rstudent, es_set=full, df_basis=dfE, estimator=3LMA-RVE_CR2, rho=0.8 [DEC-045 S2]; descriptive curve cell"
H3,share_recut_2017|rstudent|full|dfE,3LMA-RVE_CR2|r0.8,diff,Fisher_z,3LMA-RVE_CR2,0.8,2692,113,112,-0.012800501885612436,0.01138080543588846,-1.1247448133369433,27.310066070384984,0.2704858290791404,,,,,,,,,,,,,,,,,,,FALSE,,"multiverse cell 914/1260: coding=share_recut_2017, outlier=rstudent, es_set=full, df_basis=dfE, estimator=3LMA-RVE_CR2, rho=0.8 [DEC-045 S2]; descriptive curve cell"
H3,share_recut_2018|rstudent|full|dfE,3LMA-RVE_CR2|r0.8,diff,Fisher_z,3LMA-RVE_CR2,0.8,2692,113,112,-0.012977833240743253,0.014829809276327847,-0.8751180139220792,17.47425163019291,0.3933796490954885,,,,,,,,,,,,,,,,,,,FALSE,,"multiverse cell 915/1260: coding=share_recut_2018, outlier=rstudent, es_set=full, df_basis=dfE, estimator=3LMA-RVE_CR2, rho=0.8 [DEC-045 S2]; descriptive curve cell"
H3,share_recut_2019|rstudent|full|dfE,3LMA-RVE_CR2|r0.8,diff,Fisher_z,3LMA-RVE_CR2,0.8,2692,113,112,-0.013710925162244682,0.016081371944757103,-0.8525967317555116,14.367160553455534,0.4078719130490007,,,,,,,,,,,,,,,,,,,FALSE,,"multiverse cell 916/1260: coding=share_recut_2019, outlier=rstudent, es_set=full, df_basis=dfE, estimator=3LMA-RVE_CR2, rho=0.8 [DEC-045 S2]; descriptive curve cell"
H3,end_lag1|rstudent|full|dfE,3LMA-RVE_CR2|r0.8,diff,Fisher_z,3LMA-RVE_CR2,0.8,2692,113,112,0.0022569410280708635,0.009012032409474452,0.25043640829543795,47.18728922048561,0.8033370922054703,,,,,,,,,,,,,,,,,,,FALSE,,"multiverse cell 917/1260: coding=end_lag1, outlier=rstudent, es_set=full, df_basis=dfE, estimator=3LMA-RVE_CR2, rho=0.8 [DEC-045 S2]; descriptive curve cell"
H3,end_lag2|rstudent|full|dfE,3LMA-RVE_CR2|r0.8,diff,Fisher_z,3LMA-RVE_CR2,0.8,2692,113,112,0.010256962580690865,0.008755571799432729,1.1714783243917217,63.40144474677907,0.24579030967688578,,,,,,,,,,,,,,,,,,,FALSE,,"multiverse cell 918/1260: coding=end_lag2, outlier=rstudent, es_set=full, df_basis=dfE, estimator=3LMA-RVE_CR2, rho=0.8 [DEC-045 S2]; descriptive curve cell"
H3,end_lag3|rstudent|full|dfE,3LMA-RVE_CR2|r0.8,diff,Fisher_z,3LMA-RVE_CR2,0.8,2692,113,112,-0.0011302064546979754,0.008991656301611407,-0.12569502400747118,73.00208362385013,0.9003188623773841,,,,,,,,,,,,,,,,,,,FALSE,,"multiverse cell 919/1260: coding=end_lag3, outlier=rstudent, es_set=full, df_basis=dfE, estimator=3LMA-RVE_CR2, rho=0.8 [DEC-045 S2]; descriptive curve cell"
H3,clean_window|rstudent|full|dfE,3LMA-RVE_CR2|r0.8,diff,Fisher_z,3LMA-RVE_CR2,0.8,924,40,40,-0.019800036853719324,0.01916540897596564,-1.0331131925517236,23.566398201069923,0.31203715971887497,,,,,,,,,,,,,,,,,,,FALSE,,"multiverse cell 920/1260: coding=clean_window, outlier=rstudent, es_set=full, df_basis=dfE, estimator=3LMA-RVE_CR2, rho=0.8 [DEC-045 S2]; descriptive curve cell"
H3,paris_mid|winsor|full|dfE,3LMA-RVE_CR2|r0.8,diff,Fisher_z,3LMA-RVE_CR2,0.8,2705,113,112,-0.010273265668305095,0.010877392813762099,-0.944460298915319,37.70930407886571,0.3509469359869588,,,,,,,,,,,,,,,,,,,FALSE,,"multiverse cell 921/1260: coding=paris_mid, outlier=winsor, es_set=full, df_basis=dfE, estimator=3LMA-RVE_CR2, rho=0.8 [DEC-045 S2]; descriptive curve cell"
H3,tie_break_median|winsor|full|dfE,3LMA-RVE_CR2|r0.8,diff,Fisher_z,3LMA-RVE_CR2,0.8,2705,113,112,-0.008158900035349838,0.011204780825217446,-0.7281623944832051,28.701379526052754,0.4724136122274335,,,,,,,,,,,,,,,,,,,FALSE,,"multiverse cell 922/1260: coding=tie_break_median, outlier=winsor, es_set=full, df_basis=dfE, estimator=3LMA-RVE_CR2, rho=0.8 [DEC-045 S2]; descriptive curve cell"
H3,end_any_exposure|winsor|full|dfE,3LMA-RVE_CR2|r0.8,diff,Fisher_z,3LMA-RVE_CR2,0.8,2705,113,112,0.0023211185687080776,0.010447456716274506,0.22217068055351305,35.1672152893627,0.82546624241789,,,,,,,,,,,,,,,,,,,FALSE,,"multiverse cell 923/1260: coding=end_any_exposure, outlier=winsor, es_set=full, df_basis=dfE, estimator=3LMA-RVE_CR2, rho=0.8 [DEC-045 S2]; descriptive curve cell"
H3,share_recut_2017|winsor|full|dfE,3LMA-RVE_CR2|r0.8,diff,Fisher_z,3LMA-RVE_CR2,0.8,2705,113,112,-0.008579750562329236,0.011673719921402915,-0.7349628584628699,25.045815963785095,0.46918857426239846,,,,,,,,,,,,,,,,,,,FALSE,,"multiverse cell 924/1260: coding=share_recut_2017, outlier=winsor, es_set=full, df_basis=dfE, estimator=3LMA-RVE_CR2, rho=0.8 [DEC-045 S2]; descriptive curve cell"
H3,share_recut_2018|winsor|full|dfE,3LMA-RVE_CR2|r0.8,diff,Fisher_z,3LMA-RVE_CR2,0.8,2705,113,112,-0.009485622718694735,0.015089728607377775,-0.6286145341313135,17.668779836490287,0.5376437918178112,,,,,,,,,,,,,,,,,,,FALSE,,"multiverse cell 925/1260: coding=share_recut_2018, outlier=winsor, es_set=full, df_basis=dfE, estimator=3LMA-RVE_CR2, rho=0.8 [DEC-045 S2]; descriptive curve cell"
H3,share_recut_2019|winsor|full|dfE,3LMA-RVE_CR2|r0.8,diff,Fisher_z,3LMA-RVE_CR2,0.8,2705,113,112,-0.00999676466653028,0.01640687979955154,-0.6093032184464184,14.52618448130138,0.5517349202258951,,,,,,,,,,,,,,,,,,,FALSE,,"multiverse cell 926/1260: coding=share_recut_2019, outlier=winsor, es_set=full, df_basis=dfE, estimator=3LMA-RVE_CR2, rho=0.8 [DEC-045 S2]; descriptive curve cell"
H3,end_lag1|winsor|full|dfE,3LMA-RVE_CR2|r0.8,diff,Fisher_z,3LMA-RVE_CR2,0.8,2705,113,112,0.004969595306596387,0.009323603668063769,0.5330122861848784,42.811385921321595,0.5967813038820085,,,,,,,,,,,,,,,,,,,FALSE,,"multiverse cell 927/1260: coding=end_lag1, outlier=winsor, es_set=full, df_basis=dfE, estimator=3LMA-RVE_CR2, rho=0.8 [DEC-045 S2]; descriptive curve cell"
H3,end_lag2|winsor|full|dfE,3LMA-RVE_CR2|r0.8,diff,Fisher_z,3LMA-RVE_CR2,0.8,2705,113,112,0.016357233965517963,0.009148994719423882,1.787872270905408,57.50783249924353,0.07906559157548021,,,,,,,,,,,,,,,,,,,FALSE,,"multiverse cell 928/1260: coding=end_lag2, outlier=winsor, es_set=full, df_basis=dfE, estimator=3LMA-RVE_CR2, rho=0.8 [DEC-045 S2]; descriptive curve cell"
H3,end_lag3|winsor|full|dfE,3LMA-RVE_CR2|r0.8,diff,Fisher_z,3LMA-RVE_CR2,0.8,2705,113,112,0.004210397803021633,0.009109258331391585,0.4622108243996224,64.70164346886847,0.6454806858552573,,,,,,,,,,,,,,,,,,,FALSE,,"multiverse cell 929/1260: coding=end_lag3, outlier=winsor, es_set=full, df_basis=dfE, estimator=3LMA-RVE_CR2, rho=0.8 [DEC-045 S2]; descriptive curve cell"
H3,clean_window|winsor|full|dfE,3LMA-RVE_CR2|r0.8,diff,Fisher_z,3LMA-RVE_CR2,0.8,929,40,40,-0.015242888314829235,0.018609606132048595,-0.8190870997843767,23.419332100393902,0.42099420456177594,,,,,,,,,,,,,,,,,,,FALSE,,"multiverse cell 930/1260: coding=clean_window, outlier=winsor, es_set=full, df_basis=dfE, estimator=3LMA-RVE_CR2, rho=0.8 [DEC-045 S2]; descriptive curve cell"
H3,paris_mid|none|no_starbound|dfE,3LMA-RVE_CR2|r0.8,diff,Fisher_z,3LMA-RVE_CR2,0.8,2607,110,109,0.005950715830019757,0.019174091690099225,0.31035190225425285,14.829161981342255,0.7606124879562013,,,,,,,,,,,,,,,,,,,FALSE,,"multiverse cell 931/1260: coding=paris_mid, outlier=none, es_set=no_starbound, df_basis=dfE, estimator=3LMA-RVE_CR2, rho=0.8 [DEC-045 S2]; descriptive curve cell"
H3,tie_break_median|none|no_starbound|dfE,3LMA-RVE_CR2|r0.8,diff,Fisher_z,3LMA-RVE_CR2,0.8,2607,110,109,0.005595326662400799,0.018848651495573333,0.2968555423561669,12.146860971578917,0.7715918449409311,,,,,,,,,,,,,,,,,,,FALSE,,"multiverse cell 932/1260: coding=tie_break_median, outlier=none, es_set=no_starbound, df_basis=dfE, estimator=3LMA-RVE_CR2, rho=0.8 [DEC-045 S2]; descriptive curve cell"
H3,end_any_exposure|none|no_starbound|dfE,3LMA-RVE_CR2|r0.8,diff,Fisher_z,3LMA-RVE_CR2,0.8,2607,110,109,-0.01830462610920186,0.021875973583288782,-0.8367456670904421,37.270093745366786,0.40806879456413225,,,,,,,,,,,,,,,,,,,FALSE,,"multiverse cell 933/1260: coding=end_any_exposure, outlier=none, es_set=no_starbound, df_basis=dfE, estimator=3LMA-RVE_CR2, rho=0.8 [DEC-045 S2]; descriptive curve cell"
H3,share_recut_2017|none|no_starbound|dfE,3LMA-RVE_CR2|r0.8,diff,Fisher_z,3LMA-RVE_CR2,0.8,2607,110,109,0.003797524569702046,0.019171740655969837,0.19807927917695595,10.75242581122202,0.846678141067828,,,,,,,,,,,,,,,,,,,FALSE,,"multiverse cell 934/1260: coding=share_recut_2017, outlier=none, es_set=no_starbound, df_basis=dfE, estimator=3LMA-RVE_CR2, rho=0.8 [DEC-045 S2]; descriptive curve cell"
H3,share_recut_2018|none|no_starbound|dfE,3LMA-RVE_CR2|r0.8,diff,Fisher_z,3LMA-RVE_CR2,0.8,2607,110,109,-0.0027229260763571017,0.02292121761945447,-0.11879500127628508,18.9287640050132,0.9066894300716822,,,,,,,,,,,,,,,,,,,FALSE,,"multiverse cell 935/1260: coding=share_recut_2018, outlier=none, es_set=no_starbound, df_basis=dfE, estimator=3LMA-RVE_CR2, rho=0.8 [DEC-045 S2]; descriptive curve cell"
H3,share_recut_2019|none|no_starbound|dfE,3LMA-RVE_CR2|r0.8,diff,Fisher_z,3LMA-RVE_CR2,0.8,2607,110,109,-0.0024554168784575725,0.02349923327615892,-0.10448923373805173,15.549632827371244,0.918117001418402,,,,,,,,,,,,,,,,,,,FALSE,,"multiverse cell 936/1260: coding=share_recut_2019, outlier=none, es_set=no_starbound, df_basis=dfE, estimator=3LMA-RVE_CR2, rho=0.8 [DEC-045 S2]; descriptive curve cell"
H3,end_lag1|none|no_starbound|dfE,3LMA-RVE_CR2|r0.8,diff,Fisher_z,3LMA-RVE_CR2,0.8,2607,110,109,-0.01333057746832355,0.022371391585625663,-0.5958760954722582,16.638982597588207,0.559277295476202,,,,,,,,,,,,,,,,,,,FALSE,,"multiverse cell 937/1260: coding=end_lag1, outlier=none, es_set=no_starbound, df_basis=dfE, estimator=3LMA-RVE_CR2, rho=0.8 [DEC-045 S2]; descriptive curve cell"
H3,end_lag2|none|no_starbound|dfE,3LMA-RVE_CR2|r0.8,diff,Fisher_z,3LMA-RVE_CR2,0.8,2607,110,109,0.03546876933063337,0.027536030808123776,1.2880857658021378,20.78883548264773,0.21186955626381987,,,,,,,,,,,,,,,,,,,FALSE,,"multiverse cell 938/1260: coding=end_lag2, outlier=none, es_set=no_starbound, df_basis=dfE, estimator=3LMA-RVE_CR2, rho=0.8 [DEC-045 S2]; descriptive curve cell"
H3,end_lag3|none|no_starbound|dfE,3LMA-RVE_CR2|r0.8,diff,Fisher_z,3LMA-RVE_CR2,0.8,2607,110,109,0.017234379092898496,0.022809360490513617,0.755583616650114,21.463452496216938,0.4581113645744026,,,,,,,,,,,,,,,,,,,FALSE,,"multiverse cell 939/1260: coding=end_lag3, outlier=none, es_set=no_starbound, df_basis=dfE, estimator=3LMA-RVE_CR2, rho=0.8 [DEC-045 S2]; descriptive curve cell"
H3,clean_window|none|no_starbound|dfE,3LMA-RVE_CR2|r0.8,diff,Fisher_z,3LMA-RVE_CR2,0.8,905,38,38,-0.01704267112099253,0.01712838362954465,-0.9949958787468846,22.812264185108397,0.3301759848069761,,,,,,,,,,,,,,,,,,,FALSE,,"multiverse cell 940/1260: coding=clean_window, outlier=none, es_set=no_starbound, df_basis=dfE, estimator=3LMA-RVE_CR2, rho=0.8 [DEC-045 S2]; descriptive curve cell"
H3,paris_mid|rstudent|no_starbound|dfE,3LMA-RVE_CR2|r0.8,diff,Fisher_z,3LMA-RVE_CR2,0.8,2594,110,109,-0.017871113104439826,0.010770311661260983,-1.6592939616333706,40.50692183079386,0.10478067269043048,,,,,,,,,,,,,,,,,,,FALSE,,"multiverse cell 941/1260: coding=paris_mid, outlier=rstudent, es_set=no_starbound, df_basis=dfE, estimator=3LMA-RVE_CR2, rho=0.8 [DEC-045 S2]; descriptive curve cell"
H3,tie_break_median|rstudent|no_starbound|dfE,3LMA-RVE_CR2|r0.8,diff,Fisher_z,3LMA-RVE_CR2,0.8,2594,110,109,-0.016893197786246622,0.011362468345686808,-1.4867542220840844,30.562129313446725,0.14732449986434512,,,,,,,,,,,,,,,,,,,FALSE,,"multiverse cell 942/1260: coding=tie_break_median, outlier=rstudent, es_set=no_starbound, df_basis=dfE, estimator=3LMA-RVE_CR2, rho=0.8 [DEC-045 S2]; descriptive curve cell"
H3,end_any_exposure|rstudent|no_starbound|dfE,3LMA-RVE_CR2|r0.8,diff,Fisher_z,3LMA-RVE_CR2,0.8,2594,110,109,3.7731559830155026e-4,0.011332833691264203,0.03329402059366671,30.70481066437291,0.9736556163399928,,,,,,,,,,,,,,,,,,,FALSE,,"multiverse cell 943/1260: coding=end_any_exposure, outlier=rstudent, es_set=no_starbound, df_basis=dfE, estimator=3LMA-RVE_CR2, rho=0.8 [DEC-045 S2]; descriptive curve cell"
H3,share_recut_2017|rstudent|no_starbound|dfE,3LMA-RVE_CR2|r0.8,diff,Fisher_z,3LMA-RVE_CR2,0.8,2594,110,109,-0.017271433972517104,0.011838645046544322,-1.4589029322708347,26.654426331860062,0.15627668626893582,,,,,,,,,,,,,,,,,,,FALSE,,"multiverse cell 944/1260: coding=share_recut_2017, outlier=rstudent, es_set=no_starbound, df_basis=dfE, estimator=3LMA-RVE_CR2, rho=0.8 [DEC-045 S2]; descriptive curve cell"
H3,share_recut_2018|rstudent|no_starbound|dfE,3LMA-RVE_CR2|r0.8,diff,Fisher_z,3LMA-RVE_CR2,0.8,2594,110,109,-0.018697229685434955,0.014702383544907825,-1.2717141835080712,17.71755446204605,0.21991509662799233,,,,,,,,,,,,,,,,,,,FALSE,,"multiverse cell 945/1260: coding=share_recut_2018, outlier=rstudent, es_set=no_starbound, df_basis=dfE, estimator=3LMA-RVE_CR2, rho=0.8 [DEC-045 S2]; descriptive curve cell"
H3,share_recut_2019|rstudent|no_starbound|dfE,3LMA-RVE_CR2|r0.8,diff,Fisher_z,3LMA-RVE_CR2,0.8,2594,110,109,-0.019869289332469224,0.015818287389760963,-1.25609611476211,14.540955115829172,0.2288884182615995,,,,,,,,,,,,,,,,,,,FALSE,,"multiverse cell 946/1260: coding=share_recut_2019, outlier=rstudent, es_set=no_starbound, df_basis=dfE, estimator=3LMA-RVE_CR2, rho=0.8 [DEC-045 S2]; descriptive curve cell"
H3,end_lag1|rstudent|no_starbound|dfE,3LMA-RVE_CR2|r0.8,diff,Fisher_z,3LMA-RVE_CR2,0.8,2594,110,109,-0.0029329782235510624,0.009982959557413934,-0.2937984679475998,42.4870981907887,0.7703423915384997,,,,,,,,,,,,,,,,,,,FALSE,,"multiverse cell 947/1260: coding=end_lag1, outlier=rstudent, es_set=no_starbound, df_basis=dfE, estimator=3LMA-RVE_CR2, rho=0.8 [DEC-045 S2]; descriptive curve cell"
H3,end_lag2|rstudent|no_starbound|dfE,3LMA-RVE_CR2|r0.8,diff,Fisher_z,3LMA-RVE_CR2,0.8,2594,110,109,0.006340751842565086,0.00942912491561953,0.6724645075028655,58.228153350168164,0.5039479046896495,,,,,,,,,,,,,,,,,,,FALSE,,"multiverse cell 948/1260: coding=end_lag2, outlier=rstudent, es_set=no_starbound, df_basis=dfE, estimator=3LMA-RVE_CR2, rho=0.8 [DEC-045 S2]; descriptive curve cell"
H3,end_lag3|rstudent|no_starbound|dfE,3LMA-RVE_CR2|r0.8,diff,Fisher_z,3LMA-RVE_CR2,0.8,2594,110,109,-0.004735774314161667,0.009463337226900903,-0.500433853366183,68.58503119649176,0.6183717021477992,,,,,,,,,,,,,,,,,,,FALSE,,"multiverse cell 949/1260: coding=end_lag3, outlier=rstudent, es_set=no_starbound, df_basis=dfE, estimator=3LMA-RVE_CR2, rho=0.8 [DEC-045 S2]; descriptive curve cell"
H3,clean_window|rstudent|no_starbound|dfE,3LMA-RVE_CR2|r0.8,diff,Fisher_z,3LMA-RVE_CR2,0.8,900,38,38,-0.02603304747340996,0.0191342778242953,-1.3605450758300954,24.112572941719815,0.18624091020420733,,,,,,,,,,,,,,,,,,,FALSE,,"multiverse cell 950/1260: coding=clean_window, outlier=rstudent, es_set=no_starbound, df_basis=dfE, estimator=3LMA-RVE_CR2, rho=0.8 [DEC-045 S2]; descriptive curve cell"
H3,paris_mid|winsor|no_starbound|dfE,3LMA-RVE_CR2|r0.8,diff,Fisher_z,3LMA-RVE_CR2,0.8,2607,110,109,-0.014097745122660973,0.011228336782144526,-1.2555506123649074,36.74777112212946,0.21720404897554613,,,,,,,,,,,,,,,,,,,FALSE,,"multiverse cell 951/1260: coding=paris_mid, outlier=winsor, es_set=no_starbound, df_basis=dfE, estimator=3LMA-RVE_CR2, rho=0.8 [DEC-045 S2]; descriptive curve cell"
H3,tie_break_median|winsor|no_starbound|dfE,3LMA-RVE_CR2|r0.8,diff,Fisher_z,3LMA-RVE_CR2,0.8,2607,110,109,-0.012156444163471981,0.011591997483866988,-1.0486927883128472,27.94443002532193,0.303305278433671,,,,,,,,,,,,,,,,,,,FALSE,,"multiverse cell 952/1260: coding=tie_break_median, outlier=winsor, es_set=no_starbound, df_basis=dfE, estimator=3LMA-RVE_CR2, rho=0.8 [DEC-045 S2]; descriptive curve cell"
H3,end_any_exposure|winsor|no_starbound|dfE,3LMA-RVE_CR2|r0.8,diff,Fisher_z,3LMA-RVE_CR2,0.8,2607,110,109,0.0015997968824303377,0.01124894534527905,0.1422174998033695,31.554546399040305,0.8878124012225959,,,,,,,,,,,,,,,,,,,FALSE,,"multiverse cell 953/1260: coding=end_any_exposure, outlier=winsor, es_set=no_starbound, df_basis=dfE, estimator=3LMA-RVE_CR2, rho=0.8 [DEC-045 S2]; descriptive curve cell"
H3,share_recut_2017|winsor|no_starbound|dfE,3LMA-RVE_CR2|r0.8,diff,Fisher_z,3LMA-RVE_CR2,0.8,2607,110,109,-0.012747599123935513,0.012102290308831224,-1.053321214302172,24.339643349085133,0.3025387175457722,,,,,,,,,,,,,,,,,,,FALSE,,"multiverse cell 954/1260: coding=share_recut_2017, outlier=winsor, es_set=no_starbound, df_basis=dfE, estimator=3LMA-RVE_CR2, rho=0.8 [DEC-045 S2]; descriptive curve cell"
H3,share_recut_2018|winsor|no_starbound|dfE,3LMA-RVE_CR2|r0.8,diff,Fisher_z,3LMA-RVE_CR2,0.8,2607,110,109,-0.01492586889880896,0.014824865315829383,-1.0068131197705876,17.885877398063464,0.3274521130491923,,,,,,,,,,,,,,,,,,,FALSE,,"multiverse cell 955/1260: coding=share_recut_2018, outlier=winsor, es_set=no_starbound, df_basis=dfE, estimator=3LMA-RVE_CR2, rho=0.8 [DEC-045 S2]; descriptive curve cell"
H3,share_recut_2019|winsor|no_starbound|dfE,3LMA-RVE_CR2|r0.8,diff,Fisher_z,3LMA-RVE_CR2,0.8,2607,110,109,-0.015901875853090372,0.01598982655227848,-0.9944995839135244,14.681445956294802,0.33608899401056713,,,,,,,,,,,,,,,,,,,FALSE,,"multiverse cell 956/1260: coding=share_recut_2019, outlier=winsor, es_set=no_starbound, df_basis=dfE, estimator=3LMA-RVE_CR2, rho=0.8 [DEC-045 S2]; descriptive curve cell"
H3,end_lag1|winsor|no_starbound|dfE,3LMA-RVE_CR2|r0.8,diff,Fisher_z,3LMA-RVE_CR2,0.8,2607,110,109,4.575628550516006e-4,0.0102336223733463,0.0447117196979374,38.37930017835777,0.9645689239491368,,,,,,,,,,,,,,,,,,,FALSE,,"multiverse cell 957/1260: coding=end_lag1, outlier=winsor, es_set=no_starbound, df_basis=dfE, estimator=3LMA-RVE_CR2, rho=0.8 [DEC-045 S2]; descriptive curve cell"
H3,end_lag2|winsor|no_starbound|dfE,3LMA-RVE_CR2|r0.8,diff,Fisher_z,3LMA-RVE_CR2,0.8,2607,110,109,0.013140407804474556,0.009765180294371479,1.3456390366953608,52.46789442805953,0.184205427686964,,,,,,,,,,,,,,,,,,,FALSE,,"multiverse cell 958/1260: coding=end_lag2, outlier=winsor, es_set=no_starbound, df_basis=dfE, estimator=3LMA-RVE_CR2, rho=0.8 [DEC-045 S2]; descriptive curve cell"
H3,end_lag3|winsor|no_starbound|dfE,3LMA-RVE_CR2|r0.8,diff,Fisher_z,3LMA-RVE_CR2,0.8,2607,110,109,0.0011233777472512002,0.009547768950740752,0.11765866487207405,60.3485027033799,0.9067288481716618,,,,,,,,,,,,,,,,,,,FALSE,,"multiverse cell 959/1260: coding=end_lag3, outlier=winsor, es_set=no_starbound, df_basis=dfE, estimator=3LMA-RVE_CR2, rho=0.8 [DEC-045 S2]; descriptive curve cell"
H3,clean_window|winsor|no_starbound|dfE,3LMA-RVE_CR2|r0.8,diff,Fisher_z,3LMA-RVE_CR2,0.8,905,38,38,-0.021040352355548866,0.018461554176239552,-1.1396847824777552,23.956690439007172,0.26568493975116947,,,,,,,,,,,,,,,,,,,FALSE,,"multiverse cell 960/1260: coding=clean_window, outlier=winsor, es_set=no_starbound, df_basis=dfE, estimator=3LMA-RVE_CR2, rho=0.8 [DEC-045 S2]; descriptive curve cell"
H3,paris_mid|none|full|k10,3LMA-RVE_CR2|r0.8,diff,Fisher_z,3LMA-RVE_CR2,0.8,2705,113,112,0.009984261373959281,0.018198133546485126,0.5486420543324174,15.391859386866928,0.5911212687180099,,,,,,,,,,,,,,,,,,,FALSE,,"multiverse cell 961/1260: coding=paris_mid, outlier=none, es_set=full, df_basis=k10, estimator=3LMA-RVE_CR2, rho=0.8 [DEC-045 S2]; descriptive curve cell"
H3,tie_break_median|none|full|k10,3LMA-RVE_CR2|r0.8,diff,Fisher_z,3LMA-RVE_CR2,0.8,2705,113,112,0.009697186967250727,0.017829373077213558,0.5438882749973978,12.566729118918449,0.5960362504995521,,,,,,,,,,,,,,,,,,,FALSE,,"multiverse cell 962/1260: coding=tie_break_median, outlier=none, es_set=full, df_basis=k10, estimator=3LMA-RVE_CR2, rho=0.8 [DEC-045 S2]; descriptive curve cell"
H3,end_any_exposure|none|full|k10,3LMA-RVE_CR2|r0.8,diff,Fisher_z,3LMA-RVE_CR2,0.8,2705,113,112,-0.020329809632470407,0.021098505582871147,-0.963566331872111,41.30601454753338,0.340870841719103,,,,,,,,,,,,,,,,,,,FALSE,,"multiverse cell 963/1260: coding=end_any_exposure, outlier=none, es_set=full, df_basis=k10, estimator=3LMA-RVE_CR2, rho=0.8 [DEC-045 S2]; descriptive curve cell"
H3,share_recut_2017|none|full|k10,3LMA-RVE_CR2|r0.8,diff,Fisher_z,3LMA-RVE_CR2,0.8,2705,113,112,0.007990278202711906,0.01806688898712323,0.44226087891539034,11.110981917440988,0.6667857720446336,,,,,,,,,,,,,,,,,,,FALSE,,"multiverse cell 964/1260: coding=share_recut_2017, outlier=none, es_set=full, df_basis=k10, estimator=3LMA-RVE_CR2, rho=0.8 [DEC-045 S2]; descriptive curve cell"
H3,share_recut_2018|none|full|k10,3LMA-RVE_CR2|r0.8,diff,Fisher_z,3LMA-RVE_CR2,0.8,2705,113,112,0.0034701437642542174,0.022491194897448597,0.1542889908729514,18.762168506978878,0.8790294363974258,,,,,,,,,,,,,,,,,,,FALSE,,"multiverse cell 965/1260: coding=share_recut_2018, outlier=none, es_set=full, df_basis=k10, estimator=3LMA-RVE_CR2, rho=0.8 [DEC-045 S2]; descriptive curve cell"
H3,share_recut_2019|none|full|k10,3LMA-RVE_CR2|r0.8,diff,Fisher_z,3LMA-RVE_CR2,0.8,2705,113,112,0.004126313920930262,0.023147815446627907,0.17825932345297704,15.431650570778393,0.8608384167261609,,,,,,,,,,,,,,,,,,,FALSE,,"multiverse cell 966/1260: coding=share_recut_2019, outlier=none, es_set=full, df_basis=k10, estimator=3LMA-RVE_CR2, rho=0.8 [DEC-045 S2]; descriptive curve cell"
H3,end_lag1|none|full|k10,3LMA-RVE_CR2|r0.8,diff,Fisher_z,3LMA-RVE_CR2,0.8,2705,113,112,-0.0075506518979369525,0.020765971159105865,-0.3636069721991305,18.17344532575362,0.7203469502438151,,,,,,,,,,,,,,,,,,,FALSE,,"multiverse cell 967/1260: coding=end_lag1, outlier=none, es_set=full, df_basis=k10, estimator=3LMA-RVE_CR2, rho=0.8 [DEC-045 S2]; descriptive curve cell"
H3,end_lag2|none|full|k10,3LMA-RVE_CR2|r0.8,diff,Fisher_z,3LMA-RVE_CR2,0.8,2705,113,112,0.0389624523266317,0.026349794714446657,1.4786624620369422,22.562888625416818,0.15305660264242674,,,,,,,,,,,,,,,,,,,FALSE,,"multiverse cell 968/1260: coding=end_lag2, outlier=none, es_set=full, df_basis=k10, estimator=3LMA-RVE_CR2, rho=0.8 [DEC-045 S2]; descriptive curve cell"
H3,end_lag3|none|full|k10,3LMA-RVE_CR2|r0.8,diff,Fisher_z,3LMA-RVE_CR2,0.8,2705,113,112,0.020450657744779104,0.021937475027126688,0.9322247760734056,22.954829815261505,0.36092258694536816,,,,,,,,,,,,,,,,,,,FALSE,,"multiverse cell 969/1260: coding=end_lag3, outlier=none, es_set=full, df_basis=k10, estimator=3LMA-RVE_CR2, rho=0.8 [DEC-045 S2]; descriptive curve cell"
H3,clean_window|none|full|k10,3LMA-RVE_CR2|r0.8,diff,Fisher_z,3LMA-RVE_CR2,0.8,929,40,40,-0.011741317120667977,0.016597404230177987,-0.7074188805572078,22.29919714623731,0.4866344023247898,,,,,,,,,,,,,,,,,,,FALSE,,"multiverse cell 970/1260: coding=clean_window, outlier=none, es_set=full, df_basis=k10, estimator=3LMA-RVE_CR2, rho=0.8 [DEC-045 S2]; descriptive curve cell"
H3,paris_mid|rstudent|full|k10,3LMA-RVE_CR2|r0.8,diff,Fisher_z,3LMA-RVE_CR2,0.8,2692,113,112,-0.013939104239408653,0.01051610637829436,-1.3255004978058695,40.95781798740755,0.1923515126595162,,,,,,,,,,,,,,,,,,,FALSE,,"multiverse cell 971/1260: coding=paris_mid, outlier=rstudent, es_set=full, df_basis=k10, estimator=3LMA-RVE_CR2, rho=0.8 [DEC-045 S2]; descriptive curve cell"
H3,tie_break_median|rstudent|full|k10,3LMA-RVE_CR2|r0.8,diff,Fisher_z,3LMA-RVE_CR2,0.8,2692,113,112,-0.012745145227868487,0.011089635514618282,-1.1492844116533787,30.952946848500208,0.2592421458740063,,,,,,,,,,,,,,,,,,,FALSE,,"multiverse cell 972/1260: coding=tie_break_median, outlier=rstudent, es_set=full, df_basis=k10, estimator=3LMA-RVE_CR2, rho=0.8 [DEC-045 S2]; descriptive curve cell"
H3,end_any_exposure|rstudent|full|k10,3LMA-RVE_CR2|r0.8,diff,Fisher_z,3LMA-RVE_CR2,0.8,2692,113,112,7.594747081160758e-4,0.010742740938735826,0.07069654871575526,34.29645215103706,0.9440499071624189,,,,,,,,,,,,,,,,,,,FALSE,,"multiverse cell 973/1260: coding=end_any_exposure, outlier=rstudent, es_set=full, df_basis=k10, estimator=3LMA-RVE_CR2, rho=0.8 [DEC-045 S2]; descriptive curve cell"
H3,share_recut_2017|rstudent|full|k10,3LMA-RVE_CR2|r0.8,diff,Fisher_z,3LMA-RVE_CR2,0.8,2692,113,112,-0.012968548858965478,0.011536303881071101,-1.1241511139667897,27.057351372063984,0.2708236510727713,,,,,,,,,,,,,,,,,,,FALSE,,"multiverse cell 974/1260: coding=share_recut_2017, outlier=rstudent, es_set=full, df_basis=k10, estimator=3LMA-RVE_CR2, rho=0.8 [DEC-045 S2]; descriptive curve cell"
H3,share_recut_2018|rstudent|full|k10,3LMA-RVE_CR2|r0.8,diff,Fisher_z,3LMA-RVE_CR2,0.8,2692,113,112,-0.013287915558641422,0.015032529602897842,-0.8839440805810814,17.515493942546335,0.38869888311897804,,,,,,,,,,,,,,,,,,,FALSE,,"multiverse cell 975/1260: coding=share_recut_2018, outlier=rstudent, es_set=full, df_basis=k10, estimator=3LMA-RVE_CR2, rho=0.8 [DEC-045 S2]; descriptive curve cell"
H3,share_recut_2019|rstudent|full|k10,3LMA-RVE_CR2|r0.8,diff,Fisher_z,3LMA-RVE_CR2,0.8,2692,113,112,-0.013939748506998376,0.01633812683019381,-0.8532035925462953,14.395367035131493,0.40751934615095275,,,,,,,,,,,,,,,,,,,FALSE,,"multiverse cell 976/1260: coding=share_recut_2019, outlier=rstudent, es_set=full, df_basis=k10, estimator=3LMA-RVE_CR2, rho=0.8 [DEC-045 S2]; descriptive curve cell"
H3,end_lag1|rstudent|full|k10,3LMA-RVE_CR2|r0.8,diff,Fisher_z,3LMA-RVE_CR2,0.8,2692,113,112,0.0016715838681081036,0.009158970992709015,0.18250782423470557,46.65193135531751,0.8559750130227936,,,,,,,,,,,,,,,,,,,FALSE,,"multiverse cell 977/1260: coding=end_lag1, outlier=rstudent, es_set=full, df_basis=k10, estimator=3LMA-RVE_CR2, rho=0.8 [DEC-045 S2]; descriptive curve cell"
H3,end_lag2|rstudent|full|k10,3LMA-RVE_CR2|r0.8,diff,Fisher_z,3LMA-RVE_CR2,0.8,2692,113,112,0.009821115535352969,0.008857333074092857,1.1088118119978028,62.5646090205676,0.2717555349843889,,,,,,,,,,,,,,,,,,,FALSE,,"multiverse cell 978/1260: coding=end_lag2, outlier=rstudent, es_set=full, df_basis=k10, estimator=3LMA-RVE_CR2, rho=0.8 [DEC-045 S2]; descriptive curve cell"
H3,end_lag3|rstudent|full|k10,3LMA-RVE_CR2|r0.8,diff,Fisher_z,3LMA-RVE_CR2,0.8,2692,113,112,-0.001491083616344334,0.009075283110545911,-0.16430160890646198,71.9523391007781,0.8699543969160997,,,,,,,,,,,,,,,,,,,FALSE,,"multiverse cell 979/1260: coding=end_lag3, outlier=rstudent, es_set=full, df_basis=k10, estimator=3LMA-RVE_CR2, rho=0.8 [DEC-045 S2]; descriptive curve cell"
H3,clean_window|rstudent|full|k10,3LMA-RVE_CR2|r0.8,diff,Fisher_z,3LMA-RVE_CR2,0.8,924,40,40,-0.021281281902980773,0.019744285661666156,-1.0778451177040413,23.694774813101677,0.2919541493591168,,,,,,,,,,,,,,,,,,,FALSE,,"multiverse cell 980/1260: coding=clean_window, outlier=rstudent, es_set=full, df_basis=k10, estimator=3LMA-RVE_CR2, rho=0.8 [DEC-045 S2]; descriptive curve cell"
H3,paris_mid|winsor|full|k10,3LMA-RVE_CR2|r0.8,diff,Fisher_z,3LMA-RVE_CR2,0.8,2705,113,112,-0.01039262988735936,0.010956458236869554,-0.9485391777780108,37.37406933044049,0.3489484371938256,,,,,,,,,,,,,,,,,,,FALSE,,"multiverse cell 981/1260: coding=paris_mid, outlier=winsor, es_set=full, df_basis=k10, estimator=3LMA-RVE_CR2, rho=0.8 [DEC-045 S2]; descriptive curve cell"
H3,tie_break_median|winsor|full|k10,3LMA-RVE_CR2|r0.8,diff,Fisher_z,3LMA-RVE_CR2,0.8,2705,113,112,-0.008269460354019369,0.011305950017773415,-0.7314255185118844,28.462301288725108,0.47049877345945923,,,,,,,,,,,,,,,,,,,FALSE,,"multiverse cell 982/1260: coding=tie_break_median, outlier=winsor, es_set=full, df_basis=k10, estimator=3LMA-RVE_CR2, rho=0.8 [DEC-045 S2]; descriptive curve cell"
H3,end_any_exposure|winsor|full|k10,3LMA-RVE_CR2|r0.8,diff,Fisher_z,3LMA-RVE_CR2,0.8,2705,113,112,0.0018408359024405796,0.01049793924908424,0.17535211995069985,35.20514203766022,0.861807642658329,,,,,,,,,,,,,,,,,,,FALSE,,"multiverse cell 983/1260: coding=end_any_exposure, outlier=winsor, es_set=full, df_basis=k10, estimator=3LMA-RVE_CR2, rho=0.8 [DEC-045 S2]; descriptive curve cell"
H3,share_recut_2017|winsor|full|k10,3LMA-RVE_CR2|r0.8,diff,Fisher_z,3LMA-RVE_CR2,0.8,2705,113,112,-0.008698685677199704,0.011788483895953114,-0.7378968961552289,24.83411715514727,0.4674930259197685,,,,,,,,,,,,,,,,,,,FALSE,,"multiverse cell 984/1260: coding=share_recut_2017, outlier=winsor, es_set=full, df_basis=k10, estimator=3LMA-RVE_CR2, rho=0.8 [DEC-045 S2]; descriptive curve cell"
H3,share_recut_2018|winsor|full|k10,3LMA-RVE_CR2|r0.8,diff,Fisher_z,3LMA-RVE_CR2,0.8,2705,113,112,-0.009711884708871313,0.015254699681815708,-0.6366486991840501,17.68583677261323,0.5325081340323661,,,,,,,,,,,,,,,,,,,FALSE,,"multiverse cell 985/1260: coding=share_recut_2018, outlier=winsor, es_set=full, df_basis=k10, estimator=3LMA-RVE_CR2, rho=0.8 [DEC-045 S2]; descriptive curve cell"
H3,share_recut_2019|winsor|full|k10,3LMA-RVE_CR2|r0.8,diff,Fisher_z,3LMA-RVE_CR2,0.8,2705,113,112,-0.010148856241299131,0.016619573950356098,-0.6106568237919046,14.534645416979915,0.5508571428667174,,,,,,,,,,,,,,,,,,,FALSE,,"multiverse cell 986/1260: coding=share_recut_2019, outlier=winsor, es_set=full, df_basis=k10, estimator=3LMA-RVE_CR2, rho=0.8 [DEC-045 S2]; descriptive curve cell"
H3,end_lag1|winsor|full|k10,3LMA-RVE_CR2|r0.8,diff,Fisher_z,3LMA-RVE_CR2,0.8,2705,113,112,0.004498178703113288,0.009366721548217643,0.48022978797413163,42.38354287880718,0.6335333789957756,,,,,,,,,,,,,,,,,,,FALSE,,"multiverse cell 987/1260: coding=end_lag1, outlier=winsor, es_set=full, df_basis=k10, estimator=3LMA-RVE_CR2, rho=0.8 [DEC-045 S2]; descriptive curve cell"
H3,end_lag2|winsor|full|k10,3LMA-RVE_CR2|r0.8,diff,Fisher_z,3LMA-RVE_CR2,0.8,2705,113,112,0.01601169429964893,0.009177805040098214,1.744610419342443,56.844622347761394,0.08645744313508427,,,,,,,,,,,,,,,,,,,FALSE,,"multiverse cell 988/1260: coding=end_lag2, outlier=winsor, es_set=full, df_basis=k10, estimator=3LMA-RVE_CR2, rho=0.8 [DEC-045 S2]; descriptive curve cell"
H3,end_lag3|winsor|full|k10,3LMA-RVE_CR2|r0.8,diff,Fisher_z,3LMA-RVE_CR2,0.8,2705,113,112,0.003933464033710823,0.009145695598438537,0.4300891049098979,63.94435891277875,0.6685768426289864,,,,,,,,,,,,,,,,,,,FALSE,,"multiverse cell 989/1260: coding=end_lag3, outlier=winsor, es_set=full, df_basis=k10, estimator=3LMA-RVE_CR2, rho=0.8 [DEC-045 S2]; descriptive curve cell"
H3,clean_window|winsor|full|k10,3LMA-RVE_CR2|r0.8,diff,Fisher_z,3LMA-RVE_CR2,0.8,929,40,40,-0.016031294576158275,0.018874791779677578,-0.8493494796281204,23.457392511132852,0.4042721579113967,,,,,,,,,,,,,,,,,,,FALSE,,"multiverse cell 990/1260: coding=clean_window, outlier=winsor, es_set=full, df_basis=k10, estimator=3LMA-RVE_CR2, rho=0.8 [DEC-045 S2]; descriptive curve cell"
H3,paris_mid|none|no_starbound|k10,3LMA-RVE_CR2|r0.8,diff,Fisher_z,3LMA-RVE_CR2,0.8,2607,110,109,0.00596148996171969,0.019215404853651884,0.31024534778858487,14.657072708168158,0.7607420676321827,,,,,,,,,,,,,,,,,,,FALSE,,"multiverse cell 991/1260: coding=paris_mid, outlier=none, es_set=no_starbound, df_basis=k10, estimator=3LMA-RVE_CR2, rho=0.8 [DEC-045 S2]; descriptive curve cell"
H3,tie_break_median|none|no_starbound|k10,3LMA-RVE_CR2|r0.8,diff,Fisher_z,3LMA-RVE_CR2,0.8,2607,110,109,0.00563105310925649,0.018892731314232518,0.2980539454882541,12.012450904809478,0.7707543684948094,,,,,,,,,,,,,,,,,,,FALSE,,"multiverse cell 992/1260: coding=tie_break_median, outlier=none, es_set=no_starbound, df_basis=k10, estimator=3LMA-RVE_CR2, rho=0.8 [DEC-045 S2]; descriptive curve cell"
H3,end_any_exposure|none|no_starbound|k10,3LMA-RVE_CR2|r0.8,diff,Fisher_z,3LMA-RVE_CR2,0.8,2607,110,109,-0.019216284608109112,0.02202342169662663,-0.8725385579413624,37.173207187686685,0.38851594899130215,,,,,,,,,,,,,,,,,,,FALSE,,"multiverse cell 993/1260: coding=end_any_exposure, outlier=none, es_set=no_starbound, df_basis=k10, estimator=3LMA-RVE_CR2, rho=0.8 [DEC-045 S2]; descriptive curve cell"
H3,share_recut_2017|none|no_starbound|k10,3LMA-RVE_CR2|r0.8,diff,Fisher_z,3LMA-RVE_CR2,0.8,2607,110,109,0.003846606603281462,0.01922170770212974,0.2001178387940663,10.635168995893,0.8451634955364962,,,,,,,,,,,,,,,,,,,FALSE,,"multiverse cell 994/1260: coding=share_recut_2017, outlier=none, es_set=no_starbound, df_basis=k10, estimator=3LMA-RVE_CR2, rho=0.8 [DEC-045 S2]; descriptive curve cell"
H3,share_recut_2018|none|no_starbound|k10,3LMA-RVE_CR2|r0.8,diff,Fisher_z,3LMA-RVE_CR2,0.8,2607,110,109,-0.0027065099213657087,0.023017443720487148,-0.11758516515701195,18.928103907088982,0.9076351458695681,,,,,,,,,,,,,,,,,,,FALSE,,"multiverse cell 995/1260: coding=share_recut_2018, outlier=none, es_set=no_starbound, df_basis=k10, estimator=3LMA-RVE_CR2, rho=0.8 [DEC-045 S2]; descriptive curve cell"
H3,share_recut_2019|none|no_starbound|k10,3LMA-RVE_CR2|r0.8,diff,Fisher_z,3LMA-RVE_CR2,0.8,2607,110,109,-0.0024940866733380654,0.023620943432733178,-0.1055879364192472,15.548663654482892,0.9172594672635954,,,,,,,,,,,,,,,,,,,FALSE,,"multiverse cell 996/1260: coding=share_recut_2019, outlier=none, es_set=no_starbound, df_basis=k10, estimator=3LMA-RVE_CR2, rho=0.8 [DEC-045 S2]; descriptive curve cell"
H3,end_lag1|none|no_starbound|k10,3LMA-RVE_CR2|r0.8,diff,Fisher_z,3LMA-RVE_CR2,0.8,2607,110,109,-0.013818570865316966,0.022523459530837165,-0.6135190220844084,16.427026838530935,0.5479352739184675,,,,,,,,,,,,,,,,,,,FALSE,,"multiverse cell 997/1260: coding=end_lag1, outlier=none, es_set=no_starbound, df_basis=k10, estimator=3LMA-RVE_CR2, rho=0.8 [DEC-045 S2]; descriptive curve cell"
H3,end_lag2|none|no_starbound|k10,3LMA-RVE_CR2|r0.8,diff,Fisher_z,3LMA-RVE_CR2,0.8,2607,110,109,0.03509437029631846,0.027579524186606003,1.2724791790774275,20.4996136737114,0.21744726890198726,,,,,,,,,,,,,,,,,,,FALSE,,"multiverse cell 998/1260: coding=end_lag2, outlier=none, es_set=no_starbound, df_basis=k10, estimator=3LMA-RVE_CR2, rho=0.8 [DEC-045 S2]; descriptive curve cell"
H3,end_lag3|none|no_starbound|k10,3LMA-RVE_CR2|r0.8,diff,Fisher_z,3LMA-RVE_CR2,0.8,2607,110,109,0.01688649268286206,0.02285939862405475,0.7387111516176349,21.18062660878851,0.46818993974982803,,,,,,,,,,,,,,,,,,,FALSE,,"multiverse cell 999/1260: coding=end_lag3, outlier=none, es_set=no_starbound, df_basis=k10, estimator=3LMA-RVE_CR2, rho=0.8 [DEC-045 S2]; descriptive curve cell"
H3,clean_window|none|no_starbound|k10,3LMA-RVE_CR2|r0.8,diff,Fisher_z,3LMA-RVE_CR2,0.8,905,38,38,-0.017946908831983077,0.01738583112157788,-1.0322721247251063,22.960114731024415,0.31269623203431257,,,,,,,,,,,,,,,,,,,FALSE,,"multiverse cell 1000/1260: coding=clean_window, outlier=none, es_set=no_starbound, df_basis=k10, estimator=3LMA-RVE_CR2, rho=0.8 [DEC-045 S2]; descriptive curve cell"
H3,paris_mid|rstudent|no_starbound|k10,3LMA-RVE_CR2|r0.8,diff,Fisher_z,3LMA-RVE_CR2,0.8,2594,110,109,-0.01800920828550972,0.01089916697919564,-1.652347222488264,40.03435559905231,0.1062866496179365,,,,,,,,,,,,,,,,,,,FALSE,,"multiverse cell 1001/1260: coding=paris_mid, outlier=rstudent, es_set=no_starbound, df_basis=k10, estimator=3LMA-RVE_CR2, rho=0.8 [DEC-045 S2]; descriptive curve cell"
H3,tie_break_median|rstudent|no_starbound|k10,3LMA-RVE_CR2|r0.8,diff,Fisher_z,3LMA-RVE_CR2,0.8,2594,110,109,-0.017009061970146025,0.011516513666080058,-1.4769280411869208,30.24127860577306,0.1500338248448389,,,,,,,,,,,,,,,,,,,FALSE,,"multiverse cell 1002/1260: coding=tie_break_median, outlier=rstudent, es_set=no_starbound, df_basis=k10, estimator=3LMA-RVE_CR2, rho=0.8 [DEC-045 S2]; descriptive curve cell"
H3,end_any_exposure|rstudent|no_starbound|k10,3LMA-RVE_CR2|r0.8,diff,Fisher_z,3LMA-RVE_CR2,0.8,2594,110,109,-4.558465288644689e-4,0.011637504475027906,-0.03917047076911013,30.8376202487346,0.9690069721838244,,,,,,,,,,,,,,,,,,,FALSE,,"multiverse cell 1003/1260: coding=end_any_exposure, outlier=rstudent, es_set=no_starbound, df_basis=k10, estimator=3LMA-RVE_CR2, rho=0.8 [DEC-045 S2]; descriptive curve cell"
H3,share_recut_2017|rstudent|no_starbound|k10,3LMA-RVE_CR2|r0.8,diff,Fisher_z,3LMA-RVE_CR2,0.8,2594,110,109,-0.017405189759076546,0.012009155421888722,-1.4493267134633494,26.36467324556496,0.15903790500981513,,,,,,,,,,,,,,,,,,,FALSE,,"multiverse cell 1004/1260: coding=share_recut_2017, outlier=rstudent, es_set=no_starbound, df_basis=k10, estimator=3LMA-RVE_CR2, rho=0.8 [DEC-045 S2]; descriptive curve cell"
H3,share_recut_2018|rstudent|no_starbound|k10,3LMA-RVE_CR2|r0.8,diff,Fisher_z,3LMA-RVE_CR2,0.8,2594,110,109,-0.018995239921682235,0.014898690151094145,-1.2749603977962616,17.760823184358596,0.21875024761745954,,,,,,,,,,,,,,,,,,,FALSE,,"multiverse cell 1005/1260: coding=share_recut_2018, outlier=rstudent, es_set=no_starbound, df_basis=k10, estimator=3LMA-RVE_CR2, rho=0.8 [DEC-045 S2]; descriptive curve cell"
H3,share_recut_2019|rstudent|no_starbound|k10,3LMA-RVE_CR2|r0.8,diff,Fisher_z,3LMA-RVE_CR2,0.8,2594,110,109,-0.02008716575851916,0.016069323481511303,-1.250031825025529,14.571452027065298,0.23099184363541667,,,,,,,,,,,,,,,,,,,FALSE,,"multiverse cell 1006/1260: coding=share_recut_2019, outlier=rstudent, es_set=no_starbound, df_basis=k10, estimator=3LMA-RVE_CR2, rho=0.8 [DEC-045 S2]; descriptive curve cell"
H3,end_lag1|rstudent|no_starbound|k10,3LMA-RVE_CR2|r0.8,diff,Fisher_z,3LMA-RVE_CR2,0.8,2594,110,109,-0.003461151986736341,0.010166878125870582,-0.3404340982438958,41.9208429958844,0.7352297798553589,,,,,,,,,,,,,,,,,,,FALSE,,"multiverse cell 1007/1260: coding=end_lag1, outlier=rstudent, es_set=no_starbound, df_basis=k10, estimator=3LMA-RVE_CR2, rho=0.8 [DEC-045 S2]; descriptive curve cell"
H3,end_lag2|rstudent|no_starbound|k10,3LMA-RVE_CR2|r0.8,diff,Fisher_z,3LMA-RVE_CR2,0.8,2594,110,109,0.005957523876249572,0.009553237377001509,0.6236130895890573,57.30320831760319,0.5353562653988009,,,,,,,,,,,,,,,,,,,FALSE,,"multiverse cell 1008/1260: coding=end_lag2, outlier=rstudent, es_set=no_starbound, df_basis=k10, estimator=3LMA-RVE_CR2, rho=0.8 [DEC-045 S2]; descriptive curve cell"
H3,end_lag3|rstudent|no_starbound|k10,3LMA-RVE_CR2|r0.8,diff,Fisher_z,3LMA-RVE_CR2,0.8,2594,110,109,-0.005049920070568634,0.009563633934481832,-0.5280336015749273,67.40231450157538,0.5992101982230782,,,,,,,,,,,,,,,,,,,FALSE,,"multiverse cell 1009/1260: coding=end_lag3, outlier=rstudent, es_set=no_starbound, df_basis=k10, estimator=3LMA-RVE_CR2, rho=0.8 [DEC-045 S2]; descriptive curve cell"
H3,clean_window|rstudent|no_starbound|k10,3LMA-RVE_CR2|r0.8,diff,Fisher_z,3LMA-RVE_CR2,0.8,900,38,38,-0.027594101182031795,0.01971556740601795,-1.39960979127636,24.258941067374913,0.17428856374865345,,,,,,,,,,,,,,,,,,,FALSE,,"multiverse cell 1010/1260: coding=clean_window, outlier=rstudent, es_set=no_starbound, df_basis=k10, estimator=3LMA-RVE_CR2, rho=0.8 [DEC-045 S2]; descriptive curve cell"
H3,paris_mid|winsor|no_starbound|k10,3LMA-RVE_CR2|r0.8,diff,Fisher_z,3LMA-RVE_CR2,0.8,2607,110,109,-0.014167385612141835,0.011313586300389363,-1.2522453301703507,36.37583474260249,0.21847225886597557,,,,,,,,,,,,,,,,,,,FALSE,,"multiverse cell 1011/1260: coding=paris_mid, outlier=winsor, es_set=no_starbound, df_basis=k10, estimator=3LMA-RVE_CR2, rho=0.8 [DEC-045 S2]; descriptive curve cell"
H3,tie_break_median|winsor|no_starbound|k10,3LMA-RVE_CR2|r0.8,diff,Fisher_z,3LMA-RVE_CR2,0.8,2607,110,109,-0.01221810273754112,0.011699599777067029,-1.0443180083382368,27.67961002213074,0.3053734157513681,,,,,,,,,,,,,,,,,,,FALSE,,"multiverse cell 1012/1260: coding=tie_break_median, outlier=winsor, es_set=no_starbound, df_basis=k10, estimator=3LMA-RVE_CR2, rho=0.8 [DEC-045 S2]; descriptive curve cell"
H3,end_any_exposure|winsor|no_starbound|k10,3LMA-RVE_CR2|r0.8,diff,Fisher_z,3LMA-RVE_CR2,0.8,2607,110,109,0.001021002721258886,0.011304711706226458,0.0903165642602397,31.585552583455726,0.9286059754797471,,,,,,,,,,,,,,,,,,,FALSE,,"multiverse cell 1013/1260: coding=end_any_exposure, outlier=winsor, es_set=no_starbound, df_basis=k10, estimator=3LMA-RVE_CR2, rho=0.8 [DEC-045 S2]; descriptive curve cell"
H3,share_recut_2017|winsor|no_starbound|k10,3LMA-RVE_CR2|r0.8,diff,Fisher_z,3LMA-RVE_CR2,0.8,2607,110,109,-0.012818958164711916,0.012224100232271837,-1.048662717184668,24.10751551848713,0.3047334277930814,,,,,,,,,,,,,,,,,,,FALSE,,"multiverse cell 1014/1260: coding=share_recut_2017, outlier=winsor, es_set=no_starbound, df_basis=k10, estimator=3LMA-RVE_CR2, rho=0.8 [DEC-045 S2]; descriptive curve cell"
H3,share_recut_2018|winsor|no_starbound|k10,3LMA-RVE_CR2|r0.8,diff,Fisher_z,3LMA-RVE_CR2,0.8,2607,110,109,-0.015114500234739502,0.014983679349700026,-1.0087308919248925,17.903455557484108,0.3265433699664364,,,,,,,,,,,,,,,,,,,FALSE,,"multiverse cell 1015/1260: coding=share_recut_2018, outlier=winsor, es_set=no_starbound, df_basis=k10, estimator=3LMA-RVE_CR2, rho=0.8 [DEC-045 S2]; descriptive curve cell"
H3,share_recut_2019|winsor|no_starbound|k10,3LMA-RVE_CR2|r0.8,diff,Fisher_z,3LMA-RVE_CR2,0.8,2607,110,109,-0.016018494496413502,0.016197167563894933,-0.9889688696016389,14.690750970718412,0.33868835197130864,,,,,,,,,,,,,,,,,,,FALSE,,"multiverse cell 1016/1260: coding=share_recut_2019, outlier=winsor, es_set=no_starbound, df_basis=k10, estimator=3LMA-RVE_CR2, rho=0.8 [DEC-045 S2]; descriptive curve cell"
H3,end_lag1|winsor|no_starbound|k10,3LMA-RVE_CR2|r0.8,diff,Fisher_z,3LMA-RVE_CR2,0.8,2607,110,109,7.448937773534003e-5,0.010292555450520775,0.007237209271636334,37.959431594075795,0.9942634949825253,,,,,,,,,,,,,,,,,,,FALSE,,"multiverse cell 1017/1260: coding=end_lag1, outlier=winsor, es_set=no_starbound, df_basis=k10, estimator=3LMA-RVE_CR2, rho=0.8 [DEC-045 S2]; descriptive curve cell"
H3,end_lag2|winsor|no_starbound|k10,3LMA-RVE_CR2|r0.8,diff,Fisher_z,3LMA-RVE_CR2,0.8,2607,110,109,0.0128682000313328,0.00980168007434615,1.312856564765119,51.791623622138616,0.19501898410400823,,,,,,,,,,,,,,,,,,,FALSE,,"multiverse cell 1018/1260: coding=end_lag2, outlier=winsor, es_set=no_starbound, df_basis=k10, estimator=3LMA-RVE_CR2, rho=0.8 [DEC-045 S2]; descriptive curve cell"
H3,end_lag3|winsor|no_starbound|k10,3LMA-RVE_CR2|r0.8,diff,Fisher_z,3LMA-RVE_CR2,0.8,2607,110,109,9.088064355041656e-4,0.009591084753997224,0.09475533360555564,59.54803665000724,0.9248273007649265,,,,,,,,,,,,,,,,,,,FALSE,,"multiverse cell 1019/1260: coding=end_lag3, outlier=winsor, es_set=no_starbound, df_basis=k10, estimator=3LMA-RVE_CR2, rho=0.8 [DEC-045 S2]; descriptive curve cell"
H3,clean_window|winsor|no_starbound|k10,3LMA-RVE_CR2|r0.8,diff,Fisher_z,3LMA-RVE_CR2,0.8,905,38,38,-0.021859113971996982,0.018703226426507336,-1.168734926986551,23.99679143745251,0.25399016430844884,,,,,,,,,,,,,,,,,,,FALSE,,"multiverse cell 1020/1260: coding=clean_window, outlier=winsor, es_set=no_starbound, df_basis=k10, estimator=3LMA-RVE_CR2, rho=0.8 [DEC-045 S2]; descriptive curve cell"
H3,paris_mid|none|full|k20,3LMA-RVE_CR2|r0.8,diff,Fisher_z,3LMA-RVE_CR2,0.8,2704,113,112,0.00916245041761015,0.01832768921055493,0.4999239299809541,15.142477873908373,0.6243149397468801,,,,,,,,,,,,,,,,,,,FALSE,,"multiverse cell 1021/1260: coding=paris_mid, outlier=none, es_set=full, df_basis=k20, estimator=3LMA-RVE_CR2, rho=0.8 [DEC-045 S2]; descriptive curve cell"
H3,tie_break_median|none|full|k20,3LMA-RVE_CR2|r0.8,diff,Fisher_z,3LMA-RVE_CR2,0.8,2704,113,112,0.0089726055043135855,0.017976109172927097,0.49914057697350717,12.373457834953538,0.6264364746496148,,,,,,,,,,,,,,,,,,,FALSE,,"multiverse cell 1022/1260: coding=tie_break_median, outlier=none, es_set=full, df_basis=k20, estimator=3LMA-RVE_CR2, rho=0.8 [DEC-045 S2]; descriptive curve cell"
H3,end_any_exposure|none|full|k20,3LMA-RVE_CR2|r0.8,diff,Fisher_z,3LMA-RVE_CR2,0.8,2704,113,112,-0.020276582865280536,0.021284693685946637,-0.9526368180091916,41.18316001681647,0.34633217720847365,,,,,,,,,,,,,,,,,,,FALSE,,"multiverse cell 1023/1260: coding=end_any_exposure, outlier=none, es_set=full, df_basis=k20, estimator=3LMA-RVE_CR2, rho=0.8 [DEC-045 S2]; descriptive curve cell"
H3,share_recut_2017|none|full|k20,3LMA-RVE_CR2|r0.8,diff,Fisher_z,3LMA-RVE_CR2,0.8,2704,113,112,0.007313766118356747,0.018234409107900244,0.40109696316882476,10.943201525988533,0.6960694194534004,,,,,,,,,,,,,,,,,,,FALSE,,"multiverse cell 1024/1260: coding=share_recut_2017, outlier=none, es_set=full, df_basis=k20, estimator=3LMA-RVE_CR2, rho=0.8 [DEC-045 S2]; descriptive curve cell"
H3,share_recut_2018|none|full|k20,3LMA-RVE_CR2|r0.8,diff,Fisher_z,3LMA-RVE_CR2,0.8,2704,113,112,0.0025617163433837783,0.02261250839572362,0.11328757953576875,18.765127991440174,0.9110057844288346,,,,,,,,,,,,,,,,,,,FALSE,,"multiverse cell 1025/1260: coding=share_recut_2018, outlier=none, es_set=full, df_basis=k20, estimator=3LMA-RVE_CR2, rho=0.8 [DEC-045 S2]; descriptive curve cell"
H3,share_recut_2019|none|full|k20,3LMA-RVE_CR2|r0.8,diff,Fisher_z,3LMA-RVE_CR2,0.8,2704,113,112,0.003209736486574584,0.023306032451748556,0.13772127423317693,15.433132619766182,0.8922414966013302,,,,,,,,,,,,,,,,,,,FALSE,,"multiverse cell 1026/1260: coding=share_recut_2019, outlier=none, es_set=full, df_basis=k20, estimator=3LMA-RVE_CR2, rho=0.8 [DEC-045 S2]; descriptive curve cell"
H3,end_lag1|none|full|k20,3LMA-RVE_CR2|r0.8,diff,Fisher_z,3LMA-RVE_CR2,0.8,2704,113,112,-0.0072073682341743245,0.020829455523264505,-0.3460180812755468,17.83818130641412,0.7333766702422082,,,,,,,,,,,,,,,,,,,FALSE,,"multiverse cell 1027/1260: coding=end_lag1, outlier=none, es_set=full, df_basis=k20, estimator=3LMA-RVE_CR2, rho=0.8 [DEC-045 S2]; descriptive curve cell"
H3,end_lag2|none|full|k20,3LMA-RVE_CR2|r0.8,diff,Fisher_z,3LMA-RVE_CR2,0.8,2704,113,112,0.03961044318743961,0.026391432781139663,1.500882635509913,22.161453179742875,0.14749997551610733,,,,,,,,,,,,,,,,,,,FALSE,,"multiverse cell 1028/1260: coding=end_lag2, outlier=none, es_set=full, df_basis=k20, estimator=3LMA-RVE_CR2, rho=0.8 [DEC-045 S2]; descriptive curve cell"
H3,end_lag3|none|full|k20,3LMA-RVE_CR2|r0.8,diff,Fisher_z,3LMA-RVE_CR2,0.8,2704,113,112,0.021413015315905545,0.021924172590382672,0.9766852193682624,22.537932301543727,0.33909269079432425,,,,,,,,,,,,,,,,,,,FALSE,,"multiverse cell 1029/1260: coding=end_lag3, outlier=none, es_set=full, df_basis=k20, estimator=3LMA-RVE_CR2, rho=0.8 [DEC-045 S2]; descriptive curve cell"
H3,clean_window|none|full|k20,3LMA-RVE_CR2|r0.8,diff,Fisher_z,3LMA-RVE_CR2,0.8,929,40,40,-0.012809155317807859,0.016987135050623985,-0.7540503610311465,22.520811164926446,0.4586312348811502,,,,,,,,,,,,,,,,,,,FALSE,,"multiverse cell 1030/1260: coding=clean_window, outlier=none, es_set=full, df_basis=k20, estimator=3LMA-RVE_CR2, rho=0.8 [DEC-045 S2]; descriptive curve cell"
H3,paris_mid|rstudent|full|k20,3LMA-RVE_CR2|r0.8,diff,Fisher_z,3LMA-RVE_CR2,0.8,2691,113,112,-0.014374281122294885,0.010651693094752734,-1.3494832224724898,40.53526696342866,0.18467106801623348,,,,,,,,,,,,,,,,,,,FALSE,,"multiverse cell 1031/1260: coding=paris_mid, outlier=rstudent, es_set=full, df_basis=k20, estimator=3LMA-RVE_CR2, rho=0.8 [DEC-045 S2]; descriptive curve cell"
H3,tie_break_median|rstudent|full|k20,3LMA-RVE_CR2|r0.8,diff,Fisher_z,3LMA-RVE_CR2,0.8,2691,113,112,-0.013145259197854045,0.011253455638733596,-1.1681086787785429,30.66550471059162,0.25176465130354336,,,,,,,,,,,,,,,,,,,FALSE,,"multiverse cell 1032/1260: coding=tie_break_median, outlier=rstudent, es_set=full, df_basis=k20, estimator=3LMA-RVE_CR2, rho=0.8 [DEC-045 S2]; descriptive curve cell"
H3,end_any_exposure|rstudent|full|k20,3LMA-RVE_CR2|r0.8,diff,Fisher_z,3LMA-RVE_CR2,0.8,2691,113,112,2.0653165278412822e-4,0.011027293684689795,0.018729133247886113,34.49129688875983,0.985165114448284,,,,,,,,,,,,,,,,,,,FALSE,,"multiverse cell 1033/1260: coding=end_any_exposure, outlier=rstudent, es_set=full, df_basis=k20, estimator=3LMA-RVE_CR2, rho=0.8 [DEC-045 S2]; descriptive curve cell"
H3,share_recut_2017|rstudent|full|k20,3LMA-RVE_CR2|r0.8,diff,Fisher_z,3LMA-RVE_CR2,0.8,2691,113,112,-0.01338109559981114,0.011717708115067465,-1.141955019566051,26.793932071419558,0.26357562228652914,,,,,,,,,,,,,,,,,,,FALSE,,"multiverse cell 1034/1260: coding=share_recut_2017, outlier=rstudent, es_set=full, df_basis=k20, estimator=3LMA-RVE_CR2, rho=0.8 [DEC-045 S2]; descriptive curve cell"
H3,share_recut_2018|rstudent|full|k20,3LMA-RVE_CR2|r0.8,diff,Fisher_z,3LMA-RVE_CR2,0.8,2691,113,112,-0.013872725468463729,0.015252174661991252,-0.9095572123911523,17.574481273732253,0.375361826484512,,,,,,,,,,,,,,,,,,,FALSE,,"multiverse cell 1035/1260: coding=share_recut_2018, outlier=rstudent, es_set=full, df_basis=k20, estimator=3LMA-RVE_CR2, rho=0.8 [DEC-045 S2]; descriptive curve cell"
H3,share_recut_2019|rstudent|full|k20,3LMA-RVE_CR2|r0.8,diff,Fisher_z,3LMA-RVE_CR2,0.8,2691,113,112,-0.01439109648705416,0.016621313345328147,-0.8658218630538694,14.43612201971199,0.4007486537587609,,,,,,,,,,,,,,,,,,,FALSE,,"multiverse cell 1036/1260: coding=share_recut_2019, outlier=rstudent, es_set=full, df_basis=k20, estimator=3LMA-RVE_CR2, rho=0.8 [DEC-045 S2]; descriptive curve cell"
H3,end_lag1|rstudent|full|k20,3LMA-RVE_CR2|r0.8,diff,Fisher_z,3LMA-RVE_CR2,0.8,2691,113,112,0.0012843106651798247,0.009319913034253644,0.13780285936784759,46.07606846618894,0.8909966819919006,,,,,,,,,,,,,,,,,,,FALSE,,"multiverse cell 1037/1260: coding=end_lag1, outlier=rstudent, es_set=full, df_basis=k20, estimator=3LMA-RVE_CR2, rho=0.8 [DEC-045 S2]; descriptive curve cell"
H3,end_lag2|rstudent|full|k20,3LMA-RVE_CR2|r0.8,diff,Fisher_z,3LMA-RVE_CR2,0.8,2691,113,112,0.00962774856025285,0.008968878389549344,1.073461824554476,61.630980227476286,0.28724906800419053,,,,,,,,,,,,,,,,,,,FALSE,,"multiverse cell 1038/1260: coding=end_lag2, outlier=rstudent, es_set=full, df_basis=k20, estimator=3LMA-RVE_CR2, rho=0.8 [DEC-045 S2]; descriptive curve cell"
H3,end_lag3|rstudent|full|k20,3LMA-RVE_CR2|r0.8,diff,Fisher_z,3LMA-RVE_CR2,0.8,2691,113,112,-0.0015492787702745536,0.009170853313694683,-0.1689350725914503,70.61375516589716,0.8663306991223868,,,,,,,,,,,,,,,,,,,FALSE,,"multiverse cell 1039/1260: coding=end_lag3, outlier=rstudent, es_set=full, df_basis=k20, estimator=3LMA-RVE_CR2, rho=0.8 [DEC-045 S2]; descriptive curve cell"
H3,clean_window|rstudent|full|k20,3LMA-RVE_CR2|r0.8,diff,Fisher_z,3LMA-RVE_CR2,0.8,924,40,40,-0.022922186621234575,0.02037604550691554,-1.1249575690952833,23.813317795417813,0.2718184889845861,,,,,,,,,,,,,,,,,,,FALSE,,"multiverse cell 1040/1260: coding=clean_window, outlier=rstudent, es_set=full, df_basis=k20, estimator=3LMA-RVE_CR2, rho=0.8 [DEC-045 S2]; descriptive curve cell"
H3,paris_mid|winsor|full|k20,3LMA-RVE_CR2|r0.8,diff,Fisher_z,3LMA-RVE_CR2,0.8,2704,113,112,-0.0109635009678484,0.011082610057102059,-0.9892526139023243,36.935381079538544,0.32897622300913565,,,,,,,,,,,,,,,,,,,FALSE,,"multiverse cell 1041/1260: coding=paris_mid, outlier=winsor, es_set=full, df_basis=k20, estimator=3LMA-RVE_CR2, rho=0.8 [DEC-045 S2]; descriptive curve cell"
H3,tie_break_median|winsor|full|k20,3LMA-RVE_CR2|r0.8,diff,Fisher_z,3LMA-RVE_CR2,0.8,2704,113,112,-0.008801292879354695,0.011461316683916641,-0.7679128953574168,28.148126543435126,0.4489334310457257,,,,,,,,,,,,,,,,,,,FALSE,,"multiverse cell 1042/1260: coding=tie_break_median, outlier=winsor, es_set=full, df_basis=k20, estimator=3LMA-RVE_CR2, rho=0.8 [DEC-045 S2]; descriptive curve cell"
H3,end_any_exposure|winsor|full|k20,3LMA-RVE_CR2|r0.8,diff,Fisher_z,3LMA-RVE_CR2,0.8,2704,113,112,0.0017441220155927015,0.010577713124932508,0.16488649247649453,35.32124607960214,0.8699733782516899,,,,,,,,,,,,,,,,,,,FALSE,,"multiverse cell 1043/1260: coding=end_any_exposure, outlier=winsor, es_set=full, df_basis=k20, estimator=3LMA-RVE_CR2, rho=0.8 [DEC-045 S2]; descriptive curve cell"
H3,share_recut_2017|winsor|full|k20,3LMA-RVE_CR2|r0.8,diff,Fisher_z,3LMA-RVE_CR2,0.8,2704,113,112,-0.009233838617487618,0.011961924468936768,-0.7719358738191702,24.556338040847177,0.4475180939513711,,,,,,,,,,,,,,,,,,,FALSE,,"multiverse cell 1044/1260: coding=share_recut_2017, outlier=winsor, es_set=full, df_basis=k20, estimator=3LMA-RVE_CR2, rho=0.8 [DEC-045 S2]; descriptive curve cell"
H3,share_recut_2018|winsor|full|k20,3LMA-RVE_CR2|r0.8,diff,Fisher_z,3LMA-RVE_CR2,0.8,2704,113,112,-0.010420671086790047,0.015455114834198492,-0.6742538763757083,17.727545737626045,0.5088476185588483,,,,,,,,,,,,,,,,,,,FALSE,,"multiverse cell 1045/1260: coding=share_recut_2018, outlier=winsor, es_set=full, df_basis=k20, estimator=3LMA-RVE_CR2, rho=0.8 [DEC-045 S2]; descriptive curve cell"
H3,share_recut_2019|winsor|full|k20,3LMA-RVE_CR2|r0.8,diff,Fisher_z,3LMA-RVE_CR2,0.8,2704,113,112,-0.010723866943439325,0.016877512787643937,-0.6353937975558989,14.561489472285116,0.5350299353821091,,,,,,,,,,,,,,,,,,,FALSE,,"multiverse cell 1046/1260: coding=share_recut_2019, outlier=winsor, es_set=full, df_basis=k20, estimator=3LMA-RVE_CR2, rho=0.8 [DEC-045 S2]; descriptive curve cell"
H3,end_lag1|winsor|full|k20,3LMA-RVE_CR2|r0.8,diff,Fisher_z,3LMA-RVE_CR2,0.8,2704,113,112,0.004470342791529823,0.009421709739270161,0.4744725655150688,41.80375568585501,0.6376322069505984,,,,,,,,,,,,,,,,,,,FALSE,,"multiverse cell 1047/1260: coding=end_lag1, outlier=winsor, es_set=full, df_basis=k20, estimator=3LMA-RVE_CR2, rho=0.8 [DEC-045 S2]; descriptive curve cell"
H3,end_lag2|winsor|full|k20,3LMA-RVE_CR2|r0.8,diff,Fisher_z,3LMA-RVE_CR2,0.8,2704,113,112,0.016191556695152855,0.00921610788175439,1.7568757769435541,55.9546594004578,0.0844097779103585,,,,,,,,,,,,,,,,,,,FALSE,,"multiverse cell 1048/1260: coding=end_lag2, outlier=winsor, es_set=full, df_basis=k20, estimator=3LMA-RVE_CR2, rho=0.8 [DEC-045 S2]; descriptive curve cell"
H3,end_lag3|winsor|full|k20,3LMA-RVE_CR2|r0.8,diff,Fisher_z,3LMA-RVE_CR2,0.8,2704,113,112,0.004313878366376721,0.00919785974437402,0.469008931019562,62.740373912714475,0.640688950357406,,,,,,,,,,,,,,,,,,,FALSE,,"multiverse cell 1049/1260: coding=end_lag3, outlier=winsor, es_set=full, df_basis=k20, estimator=3LMA-RVE_CR2, rho=0.8 [DEC-045 S2]; descriptive curve cell"
H3,clean_window|winsor|full|k20,3LMA-RVE_CR2|r0.8,diff,Fisher_z,3LMA-RVE_CR2,0.8,929,40,40,-0.01692938113072162,0.019175312598355847,-0.8828738016074481,23.50180804909309,0.38624632889551425,,,,,,,,,,,,,,,,,,,FALSE,,"multiverse cell 1050/1260: coding=clean_window, outlier=winsor, es_set=full, df_basis=k20, estimator=3LMA-RVE_CR2, rho=0.8 [DEC-045 S2]; descriptive curve cell"
H3,paris_mid|none|no_starbound|k20,3LMA-RVE_CR2|r0.8,diff,Fisher_z,3LMA-RVE_CR2,0.8,2606,110,109,0.005150367520990698,0.019363618794256993,0.2659816626073135,14.42562513318381,0.7940171702192476,,,,,,,,,,,,,,,,,,,FALSE,,"multiverse cell 1051/1260: coding=paris_mid, outlier=none, es_set=no_starbound, df_basis=k20, estimator=3LMA-RVE_CR2, rho=0.8 [DEC-045 S2]; descriptive curve cell"
H3,tie_break_median|none|no_starbound|k20,3LMA-RVE_CR2|r0.8,diff,Fisher_z,3LMA-RVE_CR2,0.8,2606,110,109,0.004921272088117053,0.01905988666795836,0.2582004905826759,11.83248107462982,0.8006884108974283,,,,,,,,,,,,,,,,,,,FALSE,,"multiverse cell 1052/1260: coding=tie_break_median, outlier=none, es_set=no_starbound, df_basis=k20, estimator=3LMA-RVE_CR2, rho=0.8 [DEC-045 S2]; descriptive curve cell"
H3,end_any_exposure|none|no_starbound|k20,3LMA-RVE_CR2|r0.8,diff,Fisher_z,3LMA-RVE_CR2,0.8,2606,110,109,-0.019253691058594022,0.02222221492768634,-0.8664163820414734,37.053254551627155,0.39183782384296906,,,,,,,,,,,,,,,,,,,FALSE,,"multiverse cell 1053/1260: coding=end_any_exposure, outlier=none, es_set=no_starbound, df_basis=k20, estimator=3LMA-RVE_CR2, rho=0.8 [DEC-045 S2]; descriptive curve cell"
H3,share_recut_2017|none|no_starbound|k20,3LMA-RVE_CR2|r0.8,diff,Fisher_z,3LMA-RVE_CR2,0.8,2606,110,109,0.0031876686567980164,0.019411136384940547,0.1642185492690195,10.478937612452892,0.8726836197485923,,,,,,,,,,,,,,,,,,,FALSE,,"multiverse cell 1054/1260: coding=share_recut_2017, outlier=none, es_set=no_starbound, df_basis=k20, estimator=3LMA-RVE_CR2, rho=0.8 [DEC-045 S2]; descriptive curve cell"
H3,share_recut_2018|none|no_starbound|k20,3LMA-RVE_CR2|r0.8,diff,Fisher_z,3LMA-RVE_CR2,0.8,2606,110,109,-0.003621959639248336,0.02312753969176619,-0.15660808229151227,18.931117038435996,0.8772118085544439,,,,,,,,,,,,,,,,,,,FALSE,,"multiverse cell 1055/1260: coding=share_recut_2018, outlier=none, es_set=no_starbound, df_basis=k20, estimator=3LMA-RVE_CR2, rho=0.8 [DEC-045 S2]; descriptive curve cell"
H3,share_recut_2019|none|no_starbound|k20,3LMA-RVE_CR2|r0.8,diff,Fisher_z,3LMA-RVE_CR2,0.8,2606,110,109,-0.0034191937113836127,0.023763913763229845,-0.1438817589329148,15.550192190455718,0.8874419390318037,,,,,,,,,,,,,,,,,,,FALSE,,"multiverse cell 1056/1260: coding=share_recut_2019, outlier=none, es_set=no_starbound, df_basis=k20, estimator=3LMA-RVE_CR2, rho=0.8 [DEC-045 S2]; descriptive curve cell"
H3,end_lag1|none|no_starbound|k20,3LMA-RVE_CR2|r0.8,diff,Fisher_z,3LMA-RVE_CR2,0.8,2606,110,109,-0.01343439568616945,0.02259547854639343,-0.5945612374876555,16.12988596695397,0.5603850771889927,,,,,,,,,,,,,,,,,,,FALSE,,"multiverse cell 1057/1260: coding=end_lag1, outlier=none, es_set=no_starbound, df_basis=k20, estimator=3LMA-RVE_CR2, rho=0.8 [DEC-045 S2]; descriptive curve cell"
H3,end_lag2|none|no_starbound|k20,3LMA-RVE_CR2|r0.8,diff,Fisher_z,3LMA-RVE_CR2,0.8,2606,110,109,0.035773703360580465,0.02761362940175339,1.2955089256868542,20.141614559276725,0.2097963461031589,,,,,,,,,,,,,,,,,,,FALSE,,"multiverse cell 1058/1260: coding=end_lag2, outlier=none, es_set=no_starbound, df_basis=k20, estimator=3LMA-RVE_CR2, rho=0.8 [DEC-045 S2]; descriptive curve cell"
H3,end_lag3|none|no_starbound|k20,3LMA-RVE_CR2|r0.8,diff,Fisher_z,3LMA-RVE_CR2,0.8,2606,110,109,0.01788481338168714,0.022835580962867988,0.7831994031931533,20.800582389534558,0.4423367368185992,,,,,,,,,,,,,,,,,,,FALSE,,"multiverse cell 1059/1260: coding=end_lag3, outlier=none, es_set=no_starbound, df_basis=k20, estimator=3LMA-RVE_CR2, rho=0.8 [DEC-045 S2]; descriptive curve cell"
H3,clean_window|none|no_starbound|k20,3LMA-RVE_CR2|r0.8,diff,Fisher_z,3LMA-RVE_CR2,0.8,905,38,38,-0.019068187977914583,0.017732608781987808,-1.0753176936539315,23.154767629163846,0.2933102681596466,,,,,,,,,,,,,,,,,,,FALSE,,"multiverse cell 1060/1260: coding=clean_window, outlier=none, es_set=no_starbound, df_basis=k20, estimator=3LMA-RVE_CR2, rho=0.8 [DEC-045 S2]; descriptive curve cell"
H3,paris_mid|rstudent|no_starbound|k20,3LMA-RVE_CR2|r0.8,diff,Fisher_z,3LMA-RVE_CR2,0.8,2593,110,109,-0.018419661569741473,0.011050860111302824,-1.6668079574097439,39.54102347780216,0.10345570571205137,,,,,,,,,,,,,,,,,,,FALSE,,"multiverse cell 1061/1260: coding=paris_mid, outlier=rstudent, es_set=no_starbound, df_basis=k20, estimator=3LMA-RVE_CR2, rho=0.8 [DEC-045 S2]; descriptive curve cell"
H3,tie_break_median|rstudent|no_starbound|k20,3LMA-RVE_CR2|r0.8,diff,Fisher_z,3LMA-RVE_CR2,0.8,2593,110,109,-0.017379793485796883,0.01169741324489,-1.485780926256429,29.90396618366573,0.14780437087445208,,,,,,,,,,,,,,,,,,,FALSE,,"multiverse cell 1062/1260: coding=tie_break_median, outlier=rstudent, es_set=no_starbound, df_basis=k20, estimator=3LMA-RVE_CR2, rho=0.8 [DEC-045 S2]; descriptive curve cell"
H3,end_any_exposure|rstudent|no_starbound|k20,3LMA-RVE_CR2|r0.8,diff,Fisher_z,3LMA-RVE_CR2,0.8,2593,110,109,-0.001126322102131233,0.011967175557913755,-0.09411762171287019,31.014364842665657,0.9256211476682874,,,,,,,,,,,,,,,,,,,FALSE,,"multiverse cell 1063/1260: coding=end_any_exposure, outlier=rstudent, es_set=no_starbound, df_basis=k20, estimator=3LMA-RVE_CR2, rho=0.8 [DEC-045 S2]; descriptive curve cell"
H3,share_recut_2017|rstudent|no_starbound|k20,3LMA-RVE_CR2|r0.8,diff,Fisher_z,3LMA-RVE_CR2,0.8,2593,110,109,-0.017789083473987465,0.012208770895851576,-1.4570740679581453,26.061332170189985,0.15704051366007146,,,,,,,,,,,,,,,,,,,FALSE,,"multiverse cell 1064/1260: coding=share_recut_2017, outlier=rstudent, es_set=no_starbound, df_basis=k20, estimator=3LMA-RVE_CR2, rho=0.8 [DEC-045 S2]; descriptive curve cell"
H3,share_recut_2018|rstudent|no_starbound|k20,3LMA-RVE_CR2|r0.8,diff,Fisher_z,3LMA-RVE_CR2,0.8,2593,110,109,-0.019574374865579065,0.015110558851652023,-1.2954103853967662,17.821119941339216,0.2117083650447456,,,,,,,,,,,,,,,,,,,FALSE,,"multiverse cell 1065/1260: coding=share_recut_2018, outlier=rstudent, es_set=no_starbound, df_basis=k20, estimator=3LMA-RVE_CR2, rho=0.8 [DEC-045 S2]; descriptive curve cell"
H3,share_recut_2019|rstudent|no_starbound|k20,3LMA-RVE_CR2|r0.8,diff,Fisher_z,3LMA-RVE_CR2,0.8,2593,110,109,-0.020534499118012653,0.01634650682099814,-1.2562010552392004,14.614006933736496,0.22875431175333086,,,,,,,,,,,,,,,,,,,FALSE,,"multiverse cell 1066/1260: coding=share_recut_2019, outlier=rstudent, es_set=no_starbound, df_basis=k20, estimator=3LMA-RVE_CR2, rho=0.8 [DEC-045 S2]; descriptive curve cell"
H3,end_lag1|rstudent|no_starbound|k20,3LMA-RVE_CR2|r0.8,diff,Fisher_z,3LMA-RVE_CR2,0.8,2593,110,109,-0.0037813280558017456,0.01036273031950772,-0.36489688906440415,41.30655324258665,0.7170500565351725,,,,,,,,,,,,,,,,,,,FALSE,,"multiverse cell 1067/1260: coding=end_lag1, outlier=rstudent, es_set=no_starbound, df_basis=k20, estimator=3LMA-RVE_CR2, rho=0.8 [DEC-045 S2]; descriptive curve cell"
H3,end_lag2|rstudent|no_starbound|k20,3LMA-RVE_CR2|r0.8,diff,Fisher_z,3LMA-RVE_CR2,0.8,2593,110,109,0.005827595731442307,0.009685274126946072,0.6016965193818262,56.27505489341846,0.5497926254417481,,,,,,,,,,,,,,,,,,,FALSE,,"multiverse cell 1068/1260: coding=end_lag2, outlier=rstudent, es_set=no_starbound, df_basis=k20, estimator=3LMA-RVE_CR2, rho=0.8 [DEC-045 S2]; descriptive curve cell"
H3,end_lag3|rstudent|no_starbound|k20,3LMA-RVE_CR2|r0.8,diff,Fisher_z,3LMA-RVE_CR2,0.8,2593,110,109,-0.005049681690149771,0.009675659894198317,-0.5218953275918309,65.93173028985187,0.6034921930852504,,,,,,,,,,,,,,,,,,,FALSE,,"multiverse cell 1069/1260: coding=end_lag3, outlier=rstudent, es_set=no_starbound, df_basis=k20, estimator=3LMA-RVE_CR2, rho=0.8 [DEC-045 S2]; descriptive curve cell"
H3,clean_window|rstudent|no_starbound|k20,3LMA-RVE_CR2|r0.8,diff,Fisher_z,3LMA-RVE_CR2,0.8,900,38,38,-0.029316028120713204,0.020354807479386772,-1.4402508179161813,24.393257425489924,0.16250886691931413,,,,,,,,,,,,,,,,,,,FALSE,,"multiverse cell 1070/1260: coding=clean_window, outlier=rstudent, es_set=no_starbound, df_basis=k20, estimator=3LMA-RVE_CR2, rho=0.8 [DEC-045 S2]; descriptive curve cell"
H3,paris_mid|winsor|no_starbound|k20,3LMA-RVE_CR2|r0.8,diff,Fisher_z,3LMA-RVE_CR2,0.8,2606,110,109,-0.014708738155595522,0.011452746907244927,-1.2842978435410004,35.89600634905452,0.20726504419147934,,,,,,,,,,,,,,,,,,,FALSE,,"multiverse cell 1071/1260: coding=paris_mid, outlier=winsor, es_set=no_starbound, df_basis=k20, estimator=3LMA-RVE_CR2, rho=0.8 [DEC-045 S2]; descriptive curve cell"
H3,tie_break_median|winsor|no_starbound|k20,3LMA-RVE_CR2|r0.8,diff,Fisher_z,3LMA-RVE_CR2,0.8,2606,110,109,-0.012717075664722202,0.011869538746596077,-1.0714043684611738,27.335273496443158,0.29335646864356285,,,,,,,,,,,,,,,,,,,FALSE,,"multiverse cell 1072/1260: coding=tie_break_median, outlier=winsor, es_set=no_starbound, df_basis=k20, estimator=3LMA-RVE_CR2, rho=0.8 [DEC-045 S2]; descriptive curve cell"
H3,end_any_exposure|winsor|no_starbound|k20,3LMA-RVE_CR2|r0.8,diff,Fisher_z,3LMA-RVE_CR2,0.8,2606,110,109,8.409894199262261e-4,0.011392565893048259,0.07381914029037108,31.68699283044352,0.9416183364195501,,,,,,,,,,,,,,,,,,,FALSE,,"multiverse cell 1073/1260: coding=end_any_exposure, outlier=winsor, es_set=no_starbound, df_basis=k20, estimator=3LMA-RVE_CR2, rho=0.8 [DEC-045 S2]; descriptive curve cell"
H3,share_recut_2017|winsor|no_starbound|k20,3LMA-RVE_CR2|r0.8,diff,Fisher_z,3LMA-RVE_CR2,0.8,2606,110,109,-0.01332082795105241,0.012413335692886116,-1.073106236761676,23.806172029410064,0.2939812567104754,,,,,,,,,,,,,,,,,,,FALSE,,"multiverse cell 1074/1260: coding=share_recut_2017, outlier=winsor, es_set=no_starbound, df_basis=k20, estimator=3LMA-RVE_CR2, rho=0.8 [DEC-045 S2]; descriptive curve cell"
H3,share_recut_2018|winsor|no_starbound|k20,3LMA-RVE_CR2|r0.8,diff,Fisher_z,3LMA-RVE_CR2,0.8,2606,110,109,-0.01580596887200309,0.015176543493215443,-1.0414735660375518,17.94534391778481,0.31148455490062893,,,,,,,,,,,,,,,,,,,FALSE,,"multiverse cell 1075/1260: coding=share_recut_2018, outlier=winsor, es_set=no_starbound, df_basis=k20, estimator=3LMA-RVE_CR2, rho=0.8 [DEC-045 S2]; descriptive curve cell"
H3,share_recut_2019|winsor|no_starbound|k20,3LMA-RVE_CR2|r0.8,diff,Fisher_z,3LMA-RVE_CR2,0.8,2606,110,109,-0.01657767518146979,0.016449627880074237,-1.0077842065686275,14.718281246904025,0.32983983911938486,,,,,,,,,,,,,,,,,,,FALSE,,"multiverse cell 1076/1260: coding=share_recut_2019, outlier=winsor, es_set=no_starbound, df_basis=k20, estimator=3LMA-RVE_CR2, rho=0.8 [DEC-045 S2]; descriptive curve cell"
H3,end_lag1|winsor|no_starbound|k20,3LMA-RVE_CR2|r0.8,diff,Fisher_z,3LMA-RVE_CR2,0.8,2606,110,109,1.4776886041516224e-4,0.010362953565375012,0.014259338274841996,37.38018285779614,0.9886989162962232,,,,,,,,,,,,,,,,,,,FALSE,,"multiverse cell 1077/1260: coding=end_lag1, outlier=winsor, es_set=no_starbound, df_basis=k20, estimator=3LMA-RVE_CR2, rho=0.8 [DEC-045 S2]; descriptive curve cell"
H3,end_lag2|winsor|no_starbound|k20,3LMA-RVE_CR2|r0.8,diff,Fisher_z,3LMA-RVE_CR2,0.8,2606,110,109,0.013138894605086479,0.009845929892572512,1.3344493357603617,50.875957815666084,0.18799869254887383,,,,,,,,,,,,,,,,,,,FALSE,,"multiverse cell 1078/1260: coding=end_lag2, outlier=winsor, es_set=no_starbound, df_basis=k20, estimator=3LMA-RVE_CR2, rho=0.8 [DEC-045 S2]; descriptive curve cell"
H3,end_lag3|winsor|no_starbound|k20,3LMA-RVE_CR2|r0.8,diff,Fisher_z,3LMA-RVE_CR2,0.8,2606,110,109,0.0013749968261340464,0.00964965415048503,0.14249182454533188,58.28324485221334,0.8871829891323105,,,,,,,,,,,,,,,,,,,FALSE,,"multiverse cell 1079/1260: coding=end_lag3, outlier=winsor, es_set=no_starbound, df_basis=k20, estimator=3LMA-RVE_CR2, rho=0.8 [DEC-045 S2]; descriptive curve cell"
H3,clean_window|winsor|no_starbound|k20,3LMA-RVE_CR2|r0.8,diff,Fisher_z,3LMA-RVE_CR2,0.8,905,38,38,-0.022787605550884715,0.018981672481379015,-1.2005056758428065,24.044249594714334,0.24163735815680915,,,,,,,,,,,,,,,,,,,FALSE,,"multiverse cell 1080/1260: coding=clean_window, outlier=winsor, es_set=no_starbound, df_basis=k20, estimator=3LMA-RVE_CR2, rho=0.8 [DEC-045 S2]; descriptive curve cell"
H3,paris_mid|none|full|dfE,one_per_cluster|r0.8,diff,Fisher_z,one_per_cluster,0.8,2705,113,112,0.02960333085353703,0.0705247032306191,0.4197583186806578,111,0.6754733607356194,,,,,,,,,,,,,,,,,,,FALSE,,"multiverse cell 1081/1260: coding=paris_mid, outlier=none, es_set=full, df_basis=dfE, estimator=one_per_cluster, rho=0.8 [DEC-045 S2]; cluster x cell aggregates (D2/H2b convention)"
H3,tie_break_median|none|full|dfE,one_per_cluster|r0.8,diff,Fisher_z,one_per_cluster,0.8,2705,113,112,0.012010311265702393,0.07481914782878973,0.1605245664276456,111,0.8727596467265039,,,,,,,,,,,,,,,,,,,FALSE,,"multiverse cell 1082/1260: coding=tie_break_median, outlier=none, es_set=full, df_basis=dfE, estimator=one_per_cluster, rho=0.8 [DEC-045 S2]; cluster x cell aggregates (D2/H2b convention)"
H3,end_any_exposure|none|full|dfE,one_per_cluster|r0.8,diff,Fisher_z,one_per_cluster,0.8,2705,113,112,-0.05349555060912864,0.07427467193378287,-0.720239473515559,110,0.47290525824912966,,,,,,,,,,,,,,,,,,,FALSE,,"multiverse cell 1083/1260: coding=end_any_exposure, outlier=none, es_set=full, df_basis=dfE, estimator=one_per_cluster, rho=0.8 [DEC-045 S2]; cluster x cell aggregates (D2/H2b convention)"
H3,share_recut_2017|none|full|dfE,one_per_cluster|r0.8,diff,Fisher_z,one_per_cluster,0.8,2705,113,112,0.007995446442145109,0.07822103159458663,0.1022160700153492,111,0.9187695989901443,,,,,,,,,,,,,,,,,,,FALSE,,"multiverse cell 1084/1260: coding=share_recut_2017, outlier=none, es_set=full, df_basis=dfE, estimator=one_per_cluster, rho=0.8 [DEC-045 S2]; cluster x cell aggregates (D2/H2b convention)"
H3,share_recut_2018|none|full|dfE,one_per_cluster|r0.8,diff,Fisher_z,one_per_cluster,0.8,2705,113,112,0.029407306190249394,0.09323935601639068,0.31539585263844855,110,0.7530586859779669,,,,,,,,,,,,,,,,,,,FALSE,,"multiverse cell 1085/1260: coding=share_recut_2018, outlier=none, es_set=full, df_basis=dfE, estimator=one_per_cluster, rho=0.8 [DEC-045 S2]; cluster x cell aggregates (D2/H2b convention)"
H3,share_recut_2019|none|full|dfE,one_per_cluster|r0.8,diff,Fisher_z,one_per_cluster,0.8,2705,113,112,0.032416362037732266,0.09913587840016638,0.32698920472447096,110,0.7442974596770618,,,,,,,,,,,,,,,,,,,FALSE,,"multiverse cell 1086/1260: coding=share_recut_2019, outlier=none, es_set=full, df_basis=dfE, estimator=one_per_cluster, rho=0.8 [DEC-045 S2]; cluster x cell aggregates (D2/H2b convention)"
H3,end_lag1|none|full|dfE,one_per_cluster|r0.8,diff,Fisher_z,one_per_cluster,0.8,2705,113,112,-0.06620152612061134,0.06603038449379132,-1.0025918617335343,111,0.3182384449672412,,,,,,,,,,,,,,,,,,,FALSE,,"multiverse cell 1087/1260: coding=end_lag1, outlier=none, es_set=full, df_basis=dfE, estimator=one_per_cluster, rho=0.8 [DEC-045 S2]; cluster x cell aggregates (D2/H2b convention)"
H3,end_lag2|none|full|dfE,one_per_cluster|r0.8,diff,Fisher_z,one_per_cluster,0.8,2705,113,112,0.04050162002987943,0.06334055955826279,0.6394263061826075,111,0.5238630881288071,,,,,,,,,,,,,,,,,,,FALSE,,"multiverse cell 1088/1260: coding=end_lag2, outlier=none, es_set=full, df_basis=dfE, estimator=one_per_cluster, rho=0.8 [DEC-045 S2]; cluster x cell aggregates (D2/H2b convention)"
H3,end_lag3|none|full|dfE,one_per_cluster|r0.8,diff,Fisher_z,one_per_cluster,0.8,2705,113,112,0.03180371070141364,0.06334466721864156,0.5020740039826778,111,0.6166099706481194,,,,,,,,,,,,,,,,,,,FALSE,,"multiverse cell 1089/1260: coding=end_lag3, outlier=none, es_set=full, df_basis=dfE, estimator=one_per_cluster, rho=0.8 [DEC-045 S2]; cluster x cell aggregates (D2/H2b convention)"
H3,clean_window|none|full|dfE,one_per_cluster|r0.8,diff,Fisher_z,one_per_cluster,0.8,929,40,40,-0.02898697243277974,0.03736910564867311,-0.7756935021485857,38,0.44273099418722994,,,,,,,,,,,,,,,,,,,FALSE,,"multiverse cell 1090/1260: coding=clean_window, outlier=none, es_set=full, df_basis=dfE, estimator=one_per_cluster, rho=0.8 [DEC-045 S2]; cluster x cell aggregates (D2/H2b convention)"
H3,paris_mid|rstudent|full|dfE,one_per_cluster|r0.8,diff,Fisher_z,one_per_cluster,0.8,2692,113,112,-0.01361333438549429,0.022455095229349176,-0.6062470119343534,111,0.5455885657789771,,,,,,,,,,,,,,,,,,,FALSE,,"multiverse cell 1091/1260: coding=paris_mid, outlier=rstudent, es_set=full, df_basis=dfE, estimator=one_per_cluster, rho=0.8 [DEC-045 S2]; cluster x cell aggregates (D2/H2b convention)"
H3,tie_break_median|rstudent|full|dfE,one_per_cluster|r0.8,diff,Fisher_z,one_per_cluster,0.8,2692,113,112,-0.02915396543183161,0.02370338374257441,-1.2299495189569596,111,0.221316467317546,,,,,,,,,,,,,,,,,,,FALSE,,"multiverse cell 1092/1260: coding=tie_break_median, outlier=rstudent, es_set=full, df_basis=dfE, estimator=one_per_cluster, rho=0.8 [DEC-045 S2]; cluster x cell aggregates (D2/H2b convention)"
H3,end_any_exposure|rstudent|full|dfE,one_per_cluster|r0.8,diff,Fisher_z,one_per_cluster,0.8,2692,113,112,-0.013343953041011013,0.023932867343938204,-0.557557640262892,110,0.5782793648608805,,,,,,,,,,,,,,,,,,,FALSE,,"multiverse cell 1093/1260: coding=end_any_exposure, outlier=rstudent, es_set=full, df_basis=dfE, estimator=one_per_cluster, rho=0.8 [DEC-045 S2]; cluster x cell aggregates (D2/H2b convention)"
H3,share_recut_2017|rstudent|full|dfE,one_per_cluster|r0.8,diff,Fisher_z,one_per_cluster,0.8,2692,113,112,-0.031863657012621026,0.024776475050245914,-1.2860448045172903,111,0.20110363390011116,,,,,,,,,,,,,,,,,,,FALSE,,"multiverse cell 1094/1260: coding=share_recut_2017, outlier=rstudent, es_set=full, df_basis=dfE, estimator=one_per_cluster, rho=0.8 [DEC-045 S2]; cluster x cell aggregates (D2/H2b convention)"
H3,share_recut_2018|rstudent|full|dfE,one_per_cluster|r0.8,diff,Fisher_z,one_per_cluster,0.8,2692,113,112,-0.008637926770927205,0.029728418653646546,-0.29056125963389107,110,0.771933984303373,,,,,,,,,,,,,,,,,,,FALSE,,"multiverse cell 1095/1260: coding=share_recut_2018, outlier=rstudent, es_set=full, df_basis=dfE, estimator=one_per_cluster, rho=0.8 [DEC-045 S2]; cluster x cell aggregates (D2/H2b convention)"
H3,share_recut_2019|rstudent|full|dfE,one_per_cluster|r0.8,diff,Fisher_z,one_per_cluster,0.8,2692,113,112,-0.005225400330753131,0.03162247538852829,-0.16524324128808568,110,0.869055831484312,,,,,,,,,,,,,,,,,,,FALSE,,"multiverse cell 1096/1260: coding=share_recut_2019, outlier=rstudent, es_set=full, df_basis=dfE, estimator=one_per_cluster, rho=0.8 [DEC-045 S2]; cluster x cell aggregates (D2/H2b convention)"
H3,end_lag1|rstudent|full|dfE,one_per_cluster|r0.8,diff,Fisher_z,one_per_cluster,0.8,2692,113,112,-0.0230964043956706,0.021152895147876993,-1.0918791131997205,111,0.2772505166707779,,,,,,,,,,,,,,,,,,,FALSE,,"multiverse cell 1097/1260: coding=end_lag1, outlier=rstudent, es_set=full, df_basis=dfE, estimator=one_per_cluster, rho=0.8 [DEC-045 S2]; cluster x cell aggregates (D2/H2b convention)"
H3,end_lag2|rstudent|full|dfE,one_per_cluster|r0.8,diff,Fisher_z,one_per_cluster,0.8,2692,113,112,-0.027004114072194198,0.02012874379318666,-1.341569764593793,111,0.18247377446084181,,,,,,,,,,,,,,,,,,,FALSE,,"multiverse cell 1098/1260: coding=end_lag2, outlier=rstudent, es_set=full, df_basis=dfE, estimator=one_per_cluster, rho=0.8 [DEC-045 S2]; cluster x cell aggregates (D2/H2b convention)"
H3,end_lag3|rstudent|full|dfE,one_per_cluster|r0.8,diff,Fisher_z,one_per_cluster,0.8,2692,113,112,-0.02054688181033479,0.020114878666356334,-1.0214767959153048,111,0.3092497239366182,,,,,,,,,,,,,,,,,,,FALSE,,"multiverse cell 1099/1260: coding=end_lag3, outlier=rstudent, es_set=full, df_basis=dfE, estimator=one_per_cluster, rho=0.8 [DEC-045 S2]; cluster x cell aggregates (D2/H2b convention)"
H3,clean_window|rstudent|full|dfE,one_per_cluster|r0.8,diff,Fisher_z,one_per_cluster,0.8,924,40,40,-0.03169212180240309,0.037274494353883976,-0.8502361293360052,38,0.4005193884888616,,,,,,,,,,,,,,,,,,,FALSE,,"multiverse cell 1100/1260: coding=clean_window, outlier=rstudent, es_set=full, df_basis=dfE, estimator=one_per_cluster, rho=0.8 [DEC-045 S2]; cluster x cell aggregates (D2/H2b convention)"
H3,paris_mid|winsor|full|dfE,one_per_cluster|r0.8,diff,Fisher_z,one_per_cluster,0.8,2705,113,112,-0.009918557596475246,0.0215354518800449,-0.4605688170242642,111,0.646009033845415,,,,,,,,,,,,,,,,,,,FALSE,,"multiverse cell 1101/1260: coding=paris_mid, outlier=winsor, es_set=full, df_basis=dfE, estimator=one_per_cluster, rho=0.8 [DEC-045 S2]; cluster x cell aggregates (D2/H2b convention)"
H3,tie_break_median|winsor|full|dfE,one_per_cluster|r0.8,diff,Fisher_z,one_per_cluster,0.8,2705,113,112,-0.02137909897074449,0.022784804506649065,-0.9383051307069867,111,0.3501248428188164,,,,,,,,,,,,,,,,,,,FALSE,,"multiverse cell 1102/1260: coding=tie_break_median, outlier=winsor, es_set=full, df_basis=dfE, estimator=one_per_cluster, rho=0.8 [DEC-045 S2]; cluster x cell aggregates (D2/H2b convention)"
H3,end_any_exposure|winsor|full|dfE,one_per_cluster|r0.8,diff,Fisher_z,one_per_cluster,0.8,2705,113,112,-0.011037581302999519,0.02294965235764031,-0.48094764709256826,110,0.6315089617521703,,,,,,,,,,,,,,,,,,,FALSE,,"multiverse cell 1103/1260: coding=end_any_exposure, outlier=winsor, es_set=full, df_basis=dfE, estimator=one_per_cluster, rho=0.8 [DEC-045 S2]; cluster x cell aggregates (D2/H2b convention)"
H3,share_recut_2017|winsor|full|dfE,one_per_cluster|r0.8,diff,Fisher_z,one_per_cluster,0.8,2705,113,112,-0.024659401487636942,0.023812226552963122,-1.0355773086901192,111,0.3026502085193962,,,,,,,,,,,,,,,,,,,FALSE,,"multiverse cell 1104/1260: coding=share_recut_2017, outlier=winsor, es_set=full, df_basis=dfE, estimator=one_per_cluster, rho=0.8 [DEC-045 S2]; cluster x cell aggregates (D2/H2b convention)"
H3,share_recut_2018|winsor|full|dfE,one_per_cluster|r0.8,diff,Fisher_z,one_per_cluster,0.8,2705,113,112,-0.0032606130370346556,0.028497322239336167,-0.11441822532132093,110,0.909114852934374,,,,,,,,,,,,,,,,,,,FALSE,,"multiverse cell 1105/1260: coding=share_recut_2018, outlier=winsor, es_set=full, df_basis=dfE, estimator=one_per_cluster, rho=0.8 [DEC-045 S2]; cluster x cell aggregates (D2/H2b convention)"
H3,share_recut_2019|winsor|full|dfE,one_per_cluster|r0.8,diff,Fisher_z,one_per_cluster,0.8,2705,113,112,-5.7684594620553e-4,0.030307465201831123,-0.019033130694502225,110,0.9848491564725248,,,,,,,,,,,,,,,,,,,FALSE,,"multiverse cell 1106/1260: coding=share_recut_2019, outlier=winsor, es_set=full, df_basis=dfE, estimator=one_per_cluster, rho=0.8 [DEC-045 S2]; cluster x cell aggregates (D2/H2b convention)"
H3,end_lag1|winsor|full|dfE,one_per_cluster|r0.8,diff,Fisher_z,one_per_cluster,0.8,2705,113,112,-0.017959984958451698,0.02031419122451251,-0.8841102636062584,111,0.3785476783275167,,,,,,,,,,,,,,,,,,,FALSE,,"multiverse cell 1107/1260: coding=end_lag1, outlier=winsor, es_set=full, df_basis=dfE, estimator=one_per_cluster, rho=0.8 [DEC-045 S2]; cluster x cell aggregates (D2/H2b convention)"
H3,end_lag2|winsor|full|dfE,one_per_cluster|r0.8,diff,Fisher_z,one_per_cluster,0.8,2705,113,112,-0.011012545657365806,0.019429101192863858,-0.5668067476744946,111,0.5719898673854098,,,,,,,,,,,,,,,,,,,FALSE,,"multiverse cell 1108/1260: coding=end_lag2, outlier=winsor, es_set=full, df_basis=dfE, estimator=one_per_cluster, rho=0.8 [DEC-045 S2]; cluster x cell aggregates (D2/H2b convention)"
H3,end_lag3|winsor|full|dfE,one_per_cluster|r0.8,diff,Fisher_z,one_per_cluster,0.8,2705,113,112,-0.008331874068978583,0.01935398931152605,-0.4304990529273791,111,0.6676673911977866,,,,,,,,,,,,,,,,,,,FALSE,,"multiverse cell 1109/1260: coding=end_lag3, outlier=winsor, es_set=full, df_basis=dfE, estimator=one_per_cluster, rho=0.8 [DEC-045 S2]; cluster x cell aggregates (D2/H2b convention)"
H3,clean_window|winsor|full|dfE,one_per_cluster|r0.8,diff,Fisher_z,one_per_cluster,0.8,929,40,40,-0.025427127845042065,0.03184162903716787,-0.7985498422634617,38,0.42951426890972355,,,,,,,,,,,,,,,,,,,FALSE,,"multiverse cell 1110/1260: coding=clean_window, outlier=winsor, es_set=full, df_basis=dfE, estimator=one_per_cluster, rho=0.8 [DEC-045 S2]; cluster x cell aggregates (D2/H2b convention)"
H3,paris_mid|none|no_starbound|dfE,one_per_cluster|r0.8,diff,Fisher_z,one_per_cluster,0.8,2607,110,109,0.022840847716309155,0.07211338081664177,0.31673522247397007,108,0.7520559384990866,,,,,,,,,,,,,,,,,,,FALSE,,"multiverse cell 1111/1260: coding=paris_mid, outlier=none, es_set=no_starbound, df_basis=dfE, estimator=one_per_cluster, rho=0.8 [DEC-045 S2]; cluster x cell aggregates (D2/H2b convention)"
H3,tie_break_median|none|no_starbound|dfE,one_per_cluster|r0.8,diff,Fisher_z,one_per_cluster,0.8,2607,110,109,0.0038593599048246593,0.07640336284669591,0.05051295860587318,108,0.9598069275230791,,,,,,,,,,,,,,,,,,,FALSE,,"multiverse cell 1112/1260: coding=tie_break_median, outlier=none, es_set=no_starbound, df_basis=dfE, estimator=one_per_cluster, rho=0.8 [DEC-045 S2]; cluster x cell aggregates (D2/H2b convention)"
H3,end_any_exposure|none|no_starbound|dfE,one_per_cluster|r0.8,diff,Fisher_z,one_per_cluster,0.8,2607,110,109,-0.058035113275582334,0.07789724974799765,-0.7450213385367194,107,0.4578921399942224,,,,,,,,,,,,,,,,,,,FALSE,,"multiverse cell 1113/1260: coding=end_any_exposure, outlier=none, es_set=no_starbound, df_basis=dfE, estimator=one_per_cluster, rho=0.8 [DEC-045 S2]; cluster x cell aggregates (D2/H2b convention)"
H3,share_recut_2017|none|no_starbound|dfE,one_per_cluster|r0.8,diff,Fisher_z,one_per_cluster,0.8,2607,110,109,-0.0011630276268992934,0.0798248716686837,-0.014569740014446698,108,0.9884023216579461,,,,,,,,,,,,,,,,,,,FALSE,,"multiverse cell 1114/1260: coding=share_recut_2017, outlier=none, es_set=no_starbound, df_basis=dfE, estimator=one_per_cluster, rho=0.8 [DEC-045 S2]; cluster x cell aggregates (D2/H2b convention)"
H3,share_recut_2018|none|no_starbound|dfE,one_per_cluster|r0.8,diff,Fisher_z,one_per_cluster,0.8,2607,110,109,0.03121150460701791,0.09502257538096914,0.3284640989984035,107,0.7432027250232582,,,,,,,,,,,,,,,,,,,FALSE,,"multiverse cell 1115/1260: coding=share_recut_2018, outlier=none, es_set=no_starbound, df_basis=dfE, estimator=one_per_cluster, rho=0.8 [DEC-045 S2]; cluster x cell aggregates (D2/H2b convention)"
H3,share_recut_2019|none|no_starbound|dfE,one_per_cluster|r0.8,diff,Fisher_z,one_per_cluster,0.8,2607,110,109,0.034204413531265326,0.10099933070276693,0.3386598039142083,107,0.73552968896304,,,,,,,,,,,,,,,,,,,FALSE,,"multiverse cell 1116/1260: coding=share_recut_2019, outlier=none, es_set=no_starbound, df_basis=dfE, estimator=one_per_cluster, rho=0.8 [DEC-045 S2]; cluster x cell aggregates (D2/H2b convention)"
H3,end_lag1|none|no_starbound|dfE,one_per_cluster|r0.8,diff,Fisher_z,one_per_cluster,0.8,2607,110,109,-0.0719084501376788,0.06844789260554347,-1.0505575467761743,108,0.29580691871726894,,,,,,,,,,,,,,,,,,,FALSE,,"multiverse cell 1117/1260: coding=end_lag1, outlier=none, es_set=no_starbound, df_basis=dfE, estimator=one_per_cluster, rho=0.8 [DEC-045 S2]; cluster x cell aggregates (D2/H2b convention)"
H3,end_lag2|none|no_starbound|dfE,one_per_cluster|r0.8,diff,Fisher_z,one_per_cluster,0.8,2607,110,109,0.038482602315887744,0.06540035137947287,0.5884158342300013,108,0.5574817676106655,,,,,,,,,,,,,,,,,,,FALSE,,"multiverse cell 1118/1260: coding=end_lag2, outlier=none, es_set=no_starbound, df_basis=dfE, estimator=one_per_cluster, rho=0.8 [DEC-045 S2]; cluster x cell aggregates (D2/H2b convention)"
H3,end_lag3|none|no_starbound|dfE,one_per_cluster|r0.8,diff,Fisher_z,one_per_cluster,0.8,2607,110,109,0.028783886281233406,0.06525915442131795,0.4410704756516227,108,0.6600436853124138,,,,,,,,,,,,,,,,,,,FALSE,,"multiverse cell 1119/1260: coding=end_lag3, outlier=none, es_set=no_starbound, df_basis=dfE, estimator=one_per_cluster, rho=0.8 [DEC-045 S2]; cluster x cell aggregates (D2/H2b convention)"
H3,clean_window|none|no_starbound|dfE,one_per_cluster|r0.8,diff,Fisher_z,one_per_cluster,0.8,905,38,38,-0.03186662903273062,0.03891460602345684,-0.8188860761823501,36,0.41823949462455656,,,,,,,,,,,,,,,,,,,FALSE,,"multiverse cell 1120/1260: coding=clean_window, outlier=none, es_set=no_starbound, df_basis=dfE, estimator=one_per_cluster, rho=0.8 [DEC-045 S2]; cluster x cell aggregates (D2/H2b convention)"
H3,paris_mid|rstudent|no_starbound|dfE,one_per_cluster|r0.8,diff,Fisher_z,one_per_cluster,0.8,2594,110,109,-0.022040200146605547,0.02352952406036364,-0.9367040357494134,108,0.3510007333671479,,,,,,,,,,,,,,,,,,,FALSE,,"multiverse cell 1121/1260: coding=paris_mid, outlier=rstudent, es_set=no_starbound, df_basis=dfE, estimator=one_per_cluster, rho=0.8 [DEC-045 S2]; cluster x cell aggregates (D2/H2b convention)"
H3,tie_break_median|rstudent|no_starbound|dfE,one_per_cluster|r0.8,diff,Fisher_z,one_per_cluster,0.8,2594,110,109,-0.03880857114299545,0.024753577356227335,-1.567796467738925,108,0.11985402141920136,,,,,,,,,,,,,,,,,,,FALSE,,"multiverse cell 1122/1260: coding=tie_break_median, outlier=rstudent, es_set=no_starbound, df_basis=dfE, estimator=one_per_cluster, rho=0.8 [DEC-045 S2]; cluster x cell aggregates (D2/H2b convention)"
H3,end_any_exposure|rstudent|no_starbound|dfE,one_per_cluster|r0.8,diff,Fisher_z,one_per_cluster,0.8,2594,110,109,-0.01792954111045583,0.02578461541372499,-0.6953580971741795,107,0.4883383309881544,,,,,,,,,,,,,,,,,,,FALSE,,"multiverse cell 1123/1260: coding=end_any_exposure, outlier=rstudent, es_set=no_starbound, df_basis=dfE, estimator=one_per_cluster, rho=0.8 [DEC-045 S2]; cluster x cell aggregates (D2/H2b convention)"
H3,share_recut_2017|rstudent|no_starbound|dfE,one_per_cluster|r0.8,diff,Fisher_z,one_per_cluster,0.8,2594,110,109,-0.042464901051581974,0.02584526755272807,-1.6430435848631653,108,0.1032822922126455,,,,,,,,,,,,,,,,,,,FALSE,,"multiverse cell 1124/1260: coding=share_recut_2017, outlier=rstudent, es_set=no_starbound, df_basis=dfE, estimator=one_per_cluster, rho=0.8 [DEC-045 S2]; cluster x cell aggregates (D2/H2b convention)"
H3,share_recut_2018|rstudent|no_starbound|dfE,one_per_cluster|r0.8,diff,Fisher_z,one_per_cluster,0.8,2594,110,109,-0.00788798229540074,0.031128542408568854,-0.25340030997498264,107,0.8004451272737134,,,,,,,,,,,,,,,,,,,FALSE,,"multiverse cell 1125/1260: coding=share_recut_2018, outlier=rstudent, es_set=no_starbound, df_basis=dfE, estimator=one_per_cluster, rho=0.8 [DEC-045 S2]; cluster x cell aggregates (D2/H2b convention)"
H3,share_recut_2019|rstudent|no_starbound|dfE,one_per_cluster|r0.8,diff,Fisher_z,one_per_cluster,0.8,2594,110,109,-0.004441451765140873,0.033098684065497826,-0.13418816761270147,107,0.893505857963957,,,,,,,,,,,,,,,,,,,FALSE,,"multiverse cell 1126/1260: coding=share_recut_2019, outlier=rstudent, es_set=no_starbound, df_basis=dfE, estimator=one_per_cluster, rho=0.8 [DEC-045 S2]; cluster x cell aggregates (D2/H2b convention)"
H3,end_lag1|rstudent|no_starbound|dfE,one_per_cluster|r0.8,diff,Fisher_z,one_per_cluster,0.8,2594,110,109,-0.028279125399761768,0.022511377702193868,-1.2562147805376567,108,0.21174870065384305,,,,,,,,,,,,,,,,,,,FALSE,,"multiverse cell 1127/1260: coding=end_lag1, outlier=rstudent, es_set=no_starbound, df_basis=dfE, estimator=one_per_cluster, rho=0.8 [DEC-045 S2]; cluster x cell aggregates (D2/H2b convention)"
H3,end_lag2|rstudent|no_starbound|dfE,one_per_cluster|r0.8,diff,Fisher_z,one_per_cluster,0.8,2594,110,109,-0.03175527391325566,0.021309508377507173,-1.4901927041533396,108,0.1390883478917077,,,,,,,,,,,,,,,,,,,FALSE,,"multiverse cell 1128/1260: coding=end_lag2, outlier=rstudent, es_set=no_starbound, df_basis=dfE, estimator=one_per_cluster, rho=0.8 [DEC-045 S2]; cluster x cell aggregates (D2/H2b convention)"
H3,end_lag3|rstudent|no_starbound|dfE,one_per_cluster|r0.8,diff,Fisher_z,one_per_cluster,0.8,2594,110,109,-0.025232448949924376,0.021250258040606918,-1.1873949437088211,108,0.23767689012561777,,,,,,,,,,,,,,,,,,,FALSE,,"multiverse cell 1129/1260: coding=end_lag3, outlier=rstudent, es_set=no_starbound, df_basis=dfE, estimator=one_per_cluster, rho=0.8 [DEC-045 S2]; cluster x cell aggregates (D2/H2b convention)"
H3,clean_window|rstudent|no_starbound|dfE,one_per_cluster|r0.8,diff,Fisher_z,one_per_cluster,0.8,900,38,38,-0.03477137038648011,0.03877697287905078,-0.8967015165143358,36,0.37583573350864896,,,,,,,,,,,,,,,,,,,FALSE,,"multiverse cell 1130/1260: coding=clean_window, outlier=rstudent, es_set=no_starbound, df_basis=dfE, estimator=one_per_cluster, rho=0.8 [DEC-045 S2]; cluster x cell aggregates (D2/H2b convention)"
H3,paris_mid|winsor|no_starbound|dfE,one_per_cluster|r0.8,diff,Fisher_z,one_per_cluster,0.8,2607,110,109,-0.017871574639467612,0.022574684699352563,-0.7916644186831174,108,0.4302916866975133,,,,,,,,,,,,,,,,,,,FALSE,,"multiverse cell 1131/1260: coding=paris_mid, outlier=winsor, es_set=no_starbound, df_basis=dfE, estimator=one_per_cluster, rho=0.8 [DEC-045 S2]; cluster x cell aggregates (D2/H2b convention)"
H3,tie_break_median|winsor|no_starbound|dfE,one_per_cluster|r0.8,diff,Fisher_z,one_per_cluster,0.8,2607,110,109,-0.030572080245118982,0.023813926002176675,-1.2837900076755335,108,0.20196293103188948,,,,,,,,,,,,,,,,,,,FALSE,,"multiverse cell 1132/1260: coding=tie_break_median, outlier=winsor, es_set=no_starbound, df_basis=dfE, estimator=one_per_cluster, rho=0.8 [DEC-045 S2]; cluster x cell aggregates (D2/H2b convention)"
H3,end_any_exposure|winsor|no_starbound|dfE,one_per_cluster|r0.8,diff,Fisher_z,one_per_cluster,0.8,2607,110,109,-0.014899498807252078,0.024729678818074665,-0.6024946347609735,107,0.548119674448557,,,,,,,,,,,,,,,,,,,FALSE,,"multiverse cell 1133/1260: coding=end_any_exposure, outlier=winsor, es_set=no_starbound, df_basis=dfE, estimator=one_per_cluster, rho=0.8 [DEC-045 S2]; cluster x cell aggregates (D2/H2b convention)"
H3,share_recut_2017|winsor|no_starbound|dfE,one_per_cluster|r0.8,diff,Fisher_z,one_per_cluster,0.8,2607,110,109,-0.03483162200744226,0.02485721695032125,-1.4012679728810953,108,0.1640010306641332,,,,,,,,,,,,,,,,,,,FALSE,,"multiverse cell 1134/1260: coding=share_recut_2017, outlier=winsor, es_set=no_starbound, df_basis=dfE, estimator=one_per_cluster, rho=0.8 [DEC-045 S2]; cluster x cell aggregates (D2/H2b convention)"
H3,share_recut_2018|winsor|no_starbound|dfE,one_per_cluster|r0.8,diff,Fisher_z,one_per_cluster,0.8,2607,110,109,-0.002125643682241378,0.02983516951447517,-0.07124624115877996,107,0.943334776095349,,,,,,,,,,,,,,,,,,,FALSE,,"multiverse cell 1135/1260: coding=share_recut_2018, outlier=winsor, es_set=no_starbound, df_basis=dfE, estimator=one_per_cluster, rho=0.8 [DEC-045 S2]; cluster x cell aggregates (D2/H2b convention)"
H3,share_recut_2019|winsor|no_starbound|dfE,one_per_cluster|r0.8,diff,Fisher_z,one_per_cluster,0.8,2607,110,109,5.755245970347558e-4,0.03171797859671151,0.018145059127268146,107,0.9855569237626882,,,,,,,,,,,,,,,,,,,FALSE,,"multiverse cell 1136/1260: coding=share_recut_2019, outlier=winsor, es_set=no_starbound, df_basis=dfE, estimator=one_per_cluster, rho=0.8 [DEC-045 S2]; cluster x cell aggregates (D2/H2b convention)"
H3,end_lag1|winsor|no_starbound|dfE,one_per_cluster|r0.8,diff,Fisher_z,one_per_cluster,0.8,2607,110,109,-0.022292528622701615,0.021629253723554228,-1.030665639583537,108,0.3050002679792114,,,,,,,,,,,,,,,,,,,FALSE,,"multiverse cell 1137/1260: coding=end_lag1, outlier=winsor, es_set=no_starbound, df_basis=dfE, estimator=one_per_cluster, rho=0.8 [DEC-045 S2]; cluster x cell aggregates (D2/H2b convention)"
H3,end_lag2|winsor|no_starbound|dfE,one_per_cluster|r0.8,diff,Fisher_z,one_per_cluster,0.8,2607,110,109,-0.014809268574873032,0.020591247951707164,-0.7192020905971964,108,0.4735697389653568,,,,,,,,,,,,,,,,,,,FALSE,,"multiverse cell 1138/1260: coding=end_lag2, outlier=winsor, es_set=no_starbound, df_basis=dfE, estimator=one_per_cluster, rho=0.8 [DEC-045 S2]; cluster x cell aggregates (D2/H2b convention)"
H3,end_lag3|winsor|no_starbound|dfE,one_per_cluster|r0.8,diff,Fisher_z,one_per_cluster,0.8,2607,110,109,-0.012401961017383029,0.0204640830675127,-0.6060355099452995,108,0.545762809915397,,,,,,,,,,,,,,,,,,,FALSE,,"multiverse cell 1139/1260: coding=end_lag3, outlier=winsor, es_set=no_starbound, df_basis=dfE, estimator=one_per_cluster, rho=0.8 [DEC-045 S2]; cluster x cell aggregates (D2/H2b convention)"
H3,clean_window|winsor|no_starbound|dfE,one_per_cluster|r0.8,diff,Fisher_z,one_per_cluster,0.8,905,38,38,-0.027680884747902684,0.03314853503725691,-0.8350560504948733,36,0.40919391978869935,,,,,,,,,,,,,,,,,,,FALSE,,"multiverse cell 1140/1260: coding=clean_window, outlier=winsor, es_set=no_starbound, df_basis=dfE, estimator=one_per_cluster, rho=0.8 [DEC-045 S2]; cluster x cell aggregates (D2/H2b convention)"
H3,paris_mid|none|full|k10,one_per_cluster|r0.8,diff,Fisher_z,one_per_cluster,0.8,2705,113,112,0.028740313322269284,0.07076334925643714,0.40614687722196613,111,0.6854166081951837,,,,,,,,,,,,,,,,,,,FALSE,,"multiverse cell 1141/1260: coding=paris_mid, outlier=none, es_set=full, df_basis=k10, estimator=one_per_cluster, rho=0.8 [DEC-045 S2]; cluster x cell aggregates (D2/H2b convention)"
H3,tie_break_median|none|full|k10,one_per_cluster|r0.8,diff,Fisher_z,one_per_cluster,0.8,2705,113,112,0.01124825747902082,0.0750689190163666,0.14983907623031664,111,0.8811635027748932,,,,,,,,,,,,,,,,,,,FALSE,,"multiverse cell 1142/1260: coding=tie_break_median, outlier=none, es_set=full, df_basis=k10, estimator=one_per_cluster, rho=0.8 [DEC-045 S2]; cluster x cell aggregates (D2/H2b convention)"
H3,end_any_exposure|none|full|k10,one_per_cluster|r0.8,diff,Fisher_z,one_per_cluster,0.8,2705,113,112,-0.05677274336397401,0.07452795353313747,-0.7617644208992141,110,0.44783079173438023,,,,,,,,,,,,,,,,,,,FALSE,,"multiverse cell 1143/1260: coding=end_any_exposure, outlier=none, es_set=full, df_basis=k10, estimator=one_per_cluster, rho=0.8 [DEC-045 S2]; cluster x cell aggregates (D2/H2b convention)"
H3,share_recut_2017|none|full|k10,one_per_cluster|r0.8,diff,Fisher_z,one_per_cluster,0.8,2705,113,112,0.007278669628225237,0.07848115241239118,0.09274417365813334,111,0.9262739879310864,,,,,,,,,,,,,,,,,,,FALSE,,"multiverse cell 1144/1260: coding=share_recut_2017, outlier=none, es_set=full, df_basis=k10, estimator=one_per_cluster, rho=0.8 [DEC-045 S2]; cluster x cell aggregates (D2/H2b convention)"
H3,share_recut_2018|none|full|k10,one_per_cluster|r0.8,diff,Fisher_z,one_per_cluster,0.8,2705,113,112,0.029452846621507052,0.09354687400678828,0.31484586667609854,110,0.7534751288743751,,,,,,,,,,,,,,,,,,,FALSE,,"multiverse cell 1145/1260: coding=share_recut_2018, outlier=none, es_set=full, df_basis=k10, estimator=one_per_cluster, rho=0.8 [DEC-045 S2]; cluster x cell aggregates (D2/H2b convention)"
H3,share_recut_2019|none|full|k10,one_per_cluster|r0.8,diff,Fisher_z,one_per_cluster,0.8,2705,113,112,0.03301616472398808,0.09946099309872504,0.3319508854211441,110,0.7405580120583067,,,,,,,,,,,,,,,,,,,FALSE,,"multiverse cell 1146/1260: coding=share_recut_2019, outlier=none, es_set=full, df_basis=k10, estimator=one_per_cluster, rho=0.8 [DEC-045 S2]; cluster x cell aggregates (D2/H2b convention)"
H3,end_lag1|none|full|k10,one_per_cluster|r0.8,diff,Fisher_z,one_per_cluster,0.8,2705,113,112,-0.06933111464445302,0.06623710101591991,-1.0467111872512276,111,0.2975067326974912,,,,,,,,,,,,,,,,,,,FALSE,,"multiverse cell 1147/1260: coding=end_lag1, outlier=none, es_set=full, df_basis=k10, estimator=one_per_cluster, rho=0.8 [DEC-045 S2]; cluster x cell aggregates (D2/H2b convention)"
H3,end_lag2|none|full|k10,one_per_cluster|r0.8,diff,Fisher_z,one_per_cluster,0.8,2705,113,112,0.03881516354771976,0.06356886929766467,0.6106001880569191,111,0.5427125231459043,,,,,,,,,,,,,,,,,,,FALSE,,"multiverse cell 1148/1260: coding=end_lag2, outlier=none, es_set=full, df_basis=k10, estimator=one_per_cluster, rho=0.8 [DEC-045 S2]; cluster x cell aggregates (D2/H2b convention)"
H3,end_lag3|none|full|k10,one_per_cluster|r0.8,diff,Fisher_z,one_per_cluster,0.8,2705,113,112,0.030454562775722317,0.06356554972013267,0.4791048438943438,111,0.6328065573887804,,,,,,,,,,,,,,,,,,,FALSE,,"multiverse cell 1149/1260: coding=end_lag3, outlier=none, es_set=full, df_basis=k10, estimator=one_per_cluster, rho=0.8 [DEC-045 S2]; cluster x cell aggregates (D2/H2b convention)"
H3,clean_window|none|full|k10,one_per_cluster|r0.8,diff,Fisher_z,one_per_cluster,0.8,929,40,40,-0.030851788461229757,0.03794316453236175,-0.8131053074109368,38,0.4212231403728829,,,,,,,,,,,,,,,,,,,FALSE,,"multiverse cell 1150/1260: coding=clean_window, outlier=none, es_set=full, df_basis=k10, estimator=one_per_cluster, rho=0.8 [DEC-045 S2]; cluster x cell aggregates (D2/H2b convention)"
H3,paris_mid|rstudent|full|k10,one_per_cluster|r0.8,diff,Fisher_z,one_per_cluster,0.8,2692,113,112,-0.014397315789882292,0.022644645988663902,-0.6357933701895675,111,0.5262198002673952,,,,,,,,,,,,,,,,,,,FALSE,,"multiverse cell 1151/1260: coding=paris_mid, outlier=rstudent, es_set=full, df_basis=k10, estimator=one_per_cluster, rho=0.8 [DEC-045 S2]; cluster x cell aggregates (D2/H2b convention)"
H3,tie_break_median|rstudent|full|k10,one_per_cluster|r0.8,diff,Fisher_z,one_per_cluster,0.8,2692,113,112,-0.02984500103472296,0.023901901151803726,-1.2486454882887317,111,0.21442187985346328,,,,,,,,,,,,,,,,,,,FALSE,,"multiverse cell 1152/1260: coding=tie_break_median, outlier=rstudent, es_set=full, df_basis=k10, estimator=one_per_cluster, rho=0.8 [DEC-045 S2]; cluster x cell aggregates (D2/H2b convention)"
H3,end_any_exposure|rstudent|full|k10,one_per_cluster|r0.8,diff,Fisher_z,one_per_cluster,0.8,2692,113,112,-0.0157969384724487,0.02414499097041049,-0.6542532358702364,110,0.5143142245287009,,,,,,,,,,,,,,,,,,,FALSE,,"multiverse cell 1153/1260: coding=end_any_exposure, outlier=rstudent, es_set=full, df_basis=k10, estimator=one_per_cluster, rho=0.8 [DEC-045 S2]; cluster x cell aggregates (D2/H2b convention)"
H3,share_recut_2017|rstudent|full|k10,one_per_cluster|r0.8,diff,Fisher_z,one_per_cluster,0.8,2692,113,112,-0.032520552069109476,0.024983789260673114,-1.3016661215718766,111,0.19572554255702299,,,,,,,,,,,,,,,,,,,FALSE,,"multiverse cell 1154/1260: coding=share_recut_2017, outlier=rstudent, es_set=full, df_basis=k10, estimator=one_per_cluster, rho=0.8 [DEC-045 S2]; cluster x cell aggregates (D2/H2b convention)"
H3,share_recut_2018|rstudent|full|k10,one_per_cluster|r0.8,diff,Fisher_z,one_per_cluster,0.8,2692,113,112,-0.008680229619920179,0.029977845829748107,-0.2895548155533735,110,0.7727019012345484,,,,,,,,,,,,,,,,,,,FALSE,,"multiverse cell 1155/1260: coding=share_recut_2018, outlier=rstudent, es_set=full, df_basis=k10, estimator=one_per_cluster, rho=0.8 [DEC-045 S2]; cluster x cell aggregates (D2/H2b convention)"
H3,share_recut_2019|rstudent|full|k10,one_per_cluster|r0.8,diff,Fisher_z,one_per_cluster,0.8,2692,113,112,-0.004745309489169035,0.031888315139626804,-0.14881029205811375,110,0.8819757981512839,,,,,,,,,,,,,,,,,,,FALSE,,"multiverse cell 1156/1260: coding=share_recut_2019, outlier=rstudent, es_set=full, df_basis=k10, estimator=one_per_cluster, rho=0.8 [DEC-045 S2]; cluster x cell aggregates (D2/H2b convention)"
H3,end_lag1|rstudent|full|k10,one_per_cluster|r0.8,diff,Fisher_z,one_per_cluster,0.8,2692,113,112,-0.02550177907471686,0.021323566517593727,-1.1959434203314796,111,0.2342671575000454,,,,,,,,,,,,,,,,,,,FALSE,,"multiverse cell 1157/1260: coding=end_lag1, outlier=rstudent, es_set=full, df_basis=k10, estimator=one_per_cluster, rho=0.8 [DEC-045 S2]; cluster x cell aggregates (D2/H2b convention)"
H3,end_lag2|rstudent|full|k10,one_per_cluster|r0.8,diff,Fisher_z,one_per_cluster,0.8,2692,113,112,-0.02845759524233306,0.02029365467314724,-1.4022903070282566,111,0.16361907198854558,,,,,,,,,,,,,,,,,,,FALSE,,"multiverse cell 1158/1260: coding=end_lag2, outlier=rstudent, es_set=full, df_basis=k10, estimator=one_per_cluster, rho=0.8 [DEC-045 S2]; cluster x cell aggregates (D2/H2b convention)"
H3,end_lag3|rstudent|full|k10,one_per_cluster|r0.8,diff,Fisher_z,one_per_cluster,0.8,2692,113,112,-0.02169471377408662,0.02028233844055467,-1.069635724582324,111,0.28710379521269713,,,,,,,,,,,,,,,,,,,FALSE,,"multiverse cell 1159/1260: coding=end_lag3, outlier=rstudent, es_set=full, df_basis=k10, estimator=one_per_cluster, rho=0.8 [DEC-045 S2]; cluster x cell aggregates (D2/H2b convention)"
H3,clean_window|rstudent|full|k10,one_per_cluster|r0.8,diff,Fisher_z,one_per_cluster,0.8,924,40,40,-0.033665094146538746,0.03786467498277567,-0.8890897429293325,38,0.379548769796631,,,,,,,,,,,,,,,,,,,FALSE,,"multiverse cell 1160/1260: coding=clean_window, outlier=rstudent, es_set=full, df_basis=k10, estimator=one_per_cluster, rho=0.8 [DEC-045 S2]; cluster x cell aggregates (D2/H2b convention)"
H3,paris_mid|winsor|full|k10,one_per_cluster|r0.8,diff,Fisher_z,one_per_cluster,0.8,2705,113,112,-0.010646705908387954,0.021614435026727323,-0.4925738699726721,111,0.6232866359870414,,,,,,,,,,,,,,,,,,,FALSE,,"multiverse cell 1161/1260: coding=paris_mid, outlier=winsor, es_set=full, df_basis=k10, estimator=one_per_cluster, rho=0.8 [DEC-045 S2]; cluster x cell aggregates (D2/H2b convention)"
H3,tie_break_median|winsor|full|k10,one_per_cluster|r0.8,diff,Fisher_z,one_per_cluster,0.8,2705,113,112,-0.022047104880688444,0.022866088830432944,-0.9641834702988428,111,0.3370498379032112,,,,,,,,,,,,,,,,,,,FALSE,,"multiverse cell 1162/1260: coding=tie_break_median, outlier=winsor, es_set=full, df_basis=k10, estimator=one_per_cluster, rho=0.8 [DEC-045 S2]; cluster x cell aggregates (D2/H2b convention)"
H3,end_any_exposure|winsor|full|k10,one_per_cluster|r0.8,diff,Fisher_z,one_per_cluster,0.8,2705,113,112,-0.013230595595237354,0.0230453716764638,-0.5741107490468352,110,0.5670649800328762,,,,,,,,,,,,,,,,,,,FALSE,,"multiverse cell 1163/1260: coding=end_any_exposure, outlier=winsor, es_set=full, df_basis=k10, estimator=one_per_cluster, rho=0.8 [DEC-045 S2]; cluster x cell aggregates (D2/H2b convention)"
H3,share_recut_2017|winsor|full|k10,one_per_cluster|r0.8,diff,Fisher_z,one_per_cluster,0.8,2705,113,112,-0.025310513605253396,0.023896593635798158,-1.0591682643561853,111,0.2918225579790826,,,,,,,,,,,,,,,,,,,FALSE,,"multiverse cell 1164/1260: coding=share_recut_2017, outlier=winsor, es_set=full, df_basis=k10, estimator=one_per_cluster, rho=0.8 [DEC-045 S2]; cluster x cell aggregates (D2/H2b convention)"
H3,share_recut_2018|winsor|full|k10,one_per_cluster|r0.8,diff,Fisher_z,one_per_cluster,0.8,2705,113,112,-0.0033803724681129507,0.028599408309094743,-0.11819728686617537,110,0.9061269067588755,,,,,,,,,,,,,,,,,,,FALSE,,"multiverse cell 1165/1260: coding=share_recut_2018, outlier=winsor, es_set=full, df_basis=k10, estimator=one_per_cluster, rho=0.8 [DEC-045 S2]; cluster x cell aggregates (D2/H2b convention)"
H3,share_recut_2019|winsor|full|k10,one_per_cluster|r0.8,diff,Fisher_z,one_per_cluster,0.8,2705,113,112,-2.060468118349687e-4,0.030416133351825175,-0.006774260536394068,110,0.9946072338786732,,,,,,,,,,,,,,,,,,,FALSE,,"multiverse cell 1166/1260: coding=share_recut_2019, outlier=winsor, es_set=full, df_basis=k10, estimator=one_per_cluster, rho=0.8 [DEC-045 S2]; cluster x cell aggregates (D2/H2b convention)"
H3,end_lag1|winsor|full|k10,one_per_cluster|r0.8,diff,Fisher_z,one_per_cluster,0.8,2705,113,112,-0.02017567462174209,0.020384397800812405,-0.9897606404118547,111,0.3244437768984647,,,,,,,,,,,,,,,,,,,FALSE,,"multiverse cell 1167/1260: coding=end_lag1, outlier=winsor, es_set=full, df_basis=k10, estimator=one_per_cluster, rho=0.8 [DEC-045 S2]; cluster x cell aggregates (D2/H2b convention)"
H3,end_lag2|winsor|full|k10,one_per_cluster|r0.8,diff,Fisher_z,one_per_cluster,0.8,2705,113,112,-0.012328430626894836,0.019501600893188198,-0.6321753118843227,111,0.5285723065448129,,,,,,,,,,,,,,,,,,,FALSE,,"multiverse cell 1168/1260: coding=end_lag2, outlier=winsor, es_set=full, df_basis=k10, estimator=one_per_cluster, rho=0.8 [DEC-045 S2]; cluster x cell aggregates (D2/H2b convention)"
H3,end_lag3|winsor|full|k10,one_per_cluster|r0.8,diff,Fisher_z,one_per_cluster,0.8,2705,113,112,-0.009400522664848657,0.019425788808797122,-0.4839197397529389,111,0.6293961878217684,,,,,,,,,,,,,,,,,,,FALSE,,"multiverse cell 1169/1260: coding=end_lag3, outlier=winsor, es_set=full, df_basis=k10, estimator=one_per_cluster, rho=0.8 [DEC-045 S2]; cluster x cell aggregates (D2/H2b convention)"
H3,clean_window|winsor|full|k10,one_per_cluster|r0.8,diff,Fisher_z,one_per_cluster,0.8,929,40,40,-0.027120221221756537,0.0319590839979256,-0.8485919441094386,38,0.4014225091257686,,,,,,,,,,,,,,,,,,,FALSE,,"multiverse cell 1170/1260: coding=clean_window, outlier=winsor, es_set=full, df_basis=k10, estimator=one_per_cluster, rho=0.8 [DEC-045 S2]; cluster x cell aggregates (D2/H2b convention)"
H3,paris_mid|none|no_starbound|k10,one_per_cluster|r0.8,diff,Fisher_z,one_per_cluster,0.8,2607,110,109,0.02220060346037525,0.07232630649707987,0.30695060394479823,108,0.7594720193141067,,,,,,,,,,,,,,,,,,,FALSE,,"multiverse cell 1171/1260: coding=paris_mid, outlier=none, es_set=no_starbound, df_basis=k10, estimator=one_per_cluster, rho=0.8 [DEC-045 S2]; cluster x cell aggregates (D2/H2b convention)"
H3,tie_break_median|none|no_starbound|k10,one_per_cluster|r0.8,diff,Fisher_z,one_per_cluster,0.8,2607,110,109,0.0033078390457204135,0.07662625889405844,0.043168478971337354,108,0.9656469426696801,,,,,,,,,,,,,,,,,,,FALSE,,"multiverse cell 1172/1260: coding=tie_break_median, outlier=none, es_set=no_starbound, df_basis=k10, estimator=one_per_cluster, rho=0.8 [DEC-045 S2]; cluster x cell aggregates (D2/H2b convention)"
H3,end_any_exposure|none|no_starbound|k10,one_per_cluster|r0.8,diff,Fisher_z,one_per_cluster,0.8,2607,110,109,-0.06183703139288621,0.07812886631630997,-0.7914748326506471,107,0.4304179758737735,,,,,,,,,,,,,,,,,,,FALSE,,"multiverse cell 1173/1260: coding=end_any_exposure, outlier=none, es_set=no_starbound, df_basis=k10, estimator=one_per_cluster, rho=0.8 [DEC-045 S2]; cluster x cell aggregates (D2/H2b convention)"
H3,share_recut_2017|none|no_starbound|k10,one_per_cluster|r0.8,diff,Fisher_z,one_per_cluster,0.8,2607,110,109,-0.0016763401727426797,0.08005689781921849,-0.020939359610562588,108,0.9833326662996503,,,,,,,,,,,,,,,,,,,FALSE,,"multiverse cell 1174/1260: coding=share_recut_2017, outlier=none, es_set=no_starbound, df_basis=k10, estimator=one_per_cluster, rho=0.8 [DEC-045 S2]; cluster x cell aggregates (D2/H2b convention)"
H3,share_recut_2018|none|no_starbound|k10,one_per_cluster|r0.8,diff,Fisher_z,one_per_cluster,0.8,2607,110,109,0.03144998621583521,0.0952962885364456,0.33002320131079727,107,0.7420276842931208,,,,,,,,,,,,,,,,,,,FALSE,,"multiverse cell 1175/1260: coding=share_recut_2018, outlier=none, es_set=no_starbound, df_basis=k10, estimator=one_per_cluster, rho=0.8 [DEC-045 S2]; cluster x cell aggregates (D2/H2b convention)"
H3,share_recut_2019|none|no_starbound|k10,one_per_cluster|r0.8,diff,Fisher_z,one_per_cluster,0.8,2607,110,109,0.03499399786173379,0.10128829902799712,0.34548904658830426,107,0.7304050385711565,,,,,,,,,,,,,,,,,,,FALSE,,"multiverse cell 1176/1260: coding=share_recut_2019, outlier=none, es_set=no_starbound, df_basis=k10, estimator=one_per_cluster, rho=0.8 [DEC-045 S2]; cluster x cell aggregates (D2/H2b convention)"
H3,end_lag1|none|no_starbound|k10,one_per_cluster|r0.8,diff,Fisher_z,one_per_cluster,0.8,2607,110,109,-0.07463038217965712,0.06863781686306801,-1.0873070501141409,108,0.2793217937308609,,,,,,,,,,,,,,,,,,,FALSE,,"multiverse cell 1177/1260: coding=end_lag1, outlier=none, es_set=no_starbound, df_basis=k10, estimator=one_per_cluster, rho=0.8 [DEC-045 S2]; cluster x cell aggregates (D2/H2b convention)"
H3,end_lag2|none|no_starbound|k10,one_per_cluster|r0.8,diff,Fisher_z,one_per_cluster,0.8,2607,110,109,0.03716174748975163,0.06560663530640899,0.566432759677303,108,0.5722748477614461,,,,,,,,,,,,,,,,,,,FALSE,,"multiverse cell 1178/1260: coding=end_lag2, outlier=none, es_set=no_starbound, df_basis=k10, estimator=one_per_cluster, rho=0.8 [DEC-045 S2]; cluster x cell aggregates (D2/H2b convention)"
H3,end_lag3|none|no_starbound|k10,one_per_cluster|r0.8,diff,Fisher_z,one_per_cluster,0.8,2607,110,109,0.027732287131248784,0.06545792666478392,0.42366583459430945,108,0.672652112992902,,,,,,,,,,,,,,,,,,,FALSE,,"multiverse cell 1179/1260: coding=end_lag3, outlier=none, es_set=no_starbound, df_basis=k10, estimator=one_per_cluster, rho=0.8 [DEC-045 S2]; cluster x cell aggregates (D2/H2b convention)"
H3,clean_window|none|no_starbound|k10,one_per_cluster|r0.8,diff,Fisher_z,one_per_cluster,0.8,905,38,38,-0.03399109971171081,0.03949385121768921,-0.8606681461464126,36,0.39511689598266764,,,,,,,,,,,,,,,,,,,FALSE,,"multiverse cell 1180/1260: coding=clean_window, outlier=none, es_set=no_starbound, df_basis=k10, estimator=one_per_cluster, rho=0.8 [DEC-045 S2]; cluster x cell aggregates (D2/H2b convention)"
H3,paris_mid|rstudent|no_starbound|k10,one_per_cluster|r0.8,diff,Fisher_z,one_per_cluster,0.8,2594,110,109,-0.022619648337580914,0.023651970064960125,-0.9563536684452103,108,0.34102944460447615,,,,,,,,,,,,,,,,,,,FALSE,,"multiverse cell 1181/1260: coding=paris_mid, outlier=rstudent, es_set=no_starbound, df_basis=k10, estimator=one_per_cluster, rho=0.8 [DEC-045 S2]; cluster x cell aggregates (D2/H2b convention)"
H3,tie_break_median|rstudent|no_starbound|k10,one_per_cluster|r0.8,diff,Fisher_z,one_per_cluster,0.8,2594,110,109,-0.039307737731578425,0.024882021234974,-1.579764656591794,108,0.11708522747711851,,,,,,,,,,,,,,,,,,,FALSE,,"multiverse cell 1182/1260: coding=tie_break_median, outlier=rstudent, es_set=no_starbound, df_basis=k10, estimator=one_per_cluster, rho=0.8 [DEC-045 S2]; cluster x cell aggregates (D2/H2b convention)"
H3,end_any_exposure|rstudent|no_starbound|k10,one_per_cluster|r0.8,diff,Fisher_z,one_per_cluster,0.8,2594,110,109,-0.02087351846884958,0.025927062508516154,-0.805086131990207,107,0.42255535475331496,,,,,,,,,,,,,,,,,,,FALSE,,"multiverse cell 1183/1260: coding=end_any_exposure, outlier=rstudent, es_set=no_starbound, df_basis=k10, estimator=one_per_cluster, rho=0.8 [DEC-045 S2]; cluster x cell aggregates (D2/H2b convention)"
H3,share_recut_2017|rstudent|no_starbound|k10,one_per_cluster|r0.8,diff,Fisher_z,one_per_cluster,0.8,2594,110,109,-0.042935465372671386,0.02597930211417927,-1.6526797057122484,108,0.10130037074584668,,,,,,,,,,,,,,,,,,,FALSE,,"multiverse cell 1184/1260: coding=share_recut_2017, outlier=rstudent, es_set=no_starbound, df_basis=k10, estimator=one_per_cluster, rho=0.8 [DEC-045 S2]; cluster x cell aggregates (D2/H2b convention)"
H3,share_recut_2018|rstudent|no_starbound|k10,one_per_cluster|r0.8,diff,Fisher_z,one_per_cluster,0.8,2594,110,109,-0.0077520901505929996,0.03128910934638797,-0.24775681738885624,107,0.8047973869822735,,,,,,,,,,,,,,,,,,,FALSE,,"multiverse cell 1185/1260: coding=share_recut_2018, outlier=rstudent, es_set=no_starbound, df_basis=k10, estimator=one_per_cluster, rho=0.8 [DEC-045 S2]; cluster x cell aggregates (D2/H2b convention)"
H3,share_recut_2019|rstudent|no_starbound|k10,one_per_cluster|r0.8,diff,Fisher_z,one_per_cluster,0.8,2594,110,109,-0.0037857493634865097,0.033269605292777005,-0.11379002937279856,107,0.9096174774380015,,,,,,,,,,,,,,,,,,,FALSE,,"multiverse cell 1186/1260: coding=share_recut_2019, outlier=rstudent, es_set=no_starbound, df_basis=k10, estimator=one_per_cluster, rho=0.8 [DEC-045 S2]; cluster x cell aggregates (D2/H2b convention)"
H3,end_lag1|rstudent|no_starbound|k10,one_per_cluster|r0.8,diff,Fisher_z,one_per_cluster,0.8,2594,110,109,-0.03029834858414973,0.022623436234473934,-1.339246092862792,108,0.18330229930014116,,,,,,,,,,,,,,,,,,,FALSE,,"multiverse cell 1187/1260: coding=end_lag1, outlier=rstudent, es_set=no_starbound, df_basis=k10, estimator=one_per_cluster, rho=0.8 [DEC-045 S2]; cluster x cell aggregates (D2/H2b convention)"
H3,end_lag2|rstudent|no_starbound|k10,one_per_cluster|r0.8,diff,Fisher_z,one_per_cluster,0.8,2594,110,109,-0.03287763995007317,0.02141862635968558,-1.535002263821918,108,0.12770769600603238,,,,,,,,,,,,,,,,,,,FALSE,,"multiverse cell 1188/1260: coding=end_lag2, outlier=rstudent, es_set=no_starbound, df_basis=k10, estimator=one_per_cluster, rho=0.8 [DEC-045 S2]; cluster x cell aggregates (D2/H2b convention)"
H3,end_lag3|rstudent|no_starbound|k10,one_per_cluster|r0.8,diff,Fisher_z,one_per_cluster,0.8,2594,110,109,-0.026109367715767298,0.02135981623942438,-1.2223591918162922,108,0.2242328145111352,,,,,,,,,,,,,,,,,,,FALSE,,"multiverse cell 1189/1260: coding=end_lag3, outlier=rstudent, es_set=no_starbound, df_basis=k10, estimator=one_per_cluster, rho=0.8 [DEC-045 S2]; cluster x cell aggregates (D2/H2b convention)"
H3,clean_window|rstudent|no_starbound|k10,one_per_cluster|r0.8,diff,Fisher_z,one_per_cluster,0.8,900,38,38,-0.03699170834848943,0.03937615307684482,-0.9394444469041451,36,0.35376355416205874,,,,,,,,,,,,,,,,,,,FALSE,,"multiverse cell 1190/1260: coding=clean_window, outlier=rstudent, es_set=no_starbound, df_basis=k10, estimator=one_per_cluster, rho=0.8 [DEC-045 S2]; cluster x cell aggregates (D2/H2b convention)"
H3,paris_mid|winsor|no_starbound|k10,one_per_cluster|r0.8,diff,Fisher_z,one_per_cluster,0.8,2607,110,109,-0.01841826977124389,0.022597254847616034,-0.8150666926335515,108,0.4168279152512677,,,,,,,,,,,,,,,,,,,FALSE,,"multiverse cell 1191/1260: coding=paris_mid, outlier=winsor, es_set=no_starbound, df_basis=k10, estimator=one_per_cluster, rho=0.8 [DEC-045 S2]; cluster x cell aggregates (D2/H2b convention)"
H3,tie_break_median|winsor|no_starbound|k10,one_per_cluster|r0.8,diff,Fisher_z,one_per_cluster,0.8,2607,110,109,-0.031069869889417553,0.023835987991157104,-1.3034857166795075,108,0.1951808448908367,,,,,,,,,,,,,,,,,,,FALSE,,"multiverse cell 1192/1260: coding=tie_break_median, outlier=winsor, es_set=no_starbound, df_basis=k10, estimator=one_per_cluster, rho=0.8 [DEC-045 S2]; cluster x cell aggregates (D2/H2b convention)"
H3,end_any_exposure|winsor|no_starbound|k10,one_per_cluster|r0.8,diff,Fisher_z,one_per_cluster,0.8,2607,110,109,-0.017544837773555828,0.024765550257753982,-0.7084372279619597,107,0.48021431269924075,,,,,,,,,,,,,,,,,,,FALSE,,"multiverse cell 1193/1260: coding=end_any_exposure, outlier=winsor, es_set=no_starbound, df_basis=k10, estimator=one_per_cluster, rho=0.8 [DEC-045 S2]; cluster x cell aggregates (D2/H2b convention)"
H3,share_recut_2017|winsor|no_starbound|k10,one_per_cluster|r0.8,diff,Fisher_z,one_per_cluster,0.8,2607,110,109,-0.03531782552913888,0.024879665194486204,-1.4195458521268995,108,0.1586198984138297,,,,,,,,,,,,,,,,,,,FALSE,,"multiverse cell 1194/1260: coding=share_recut_2017, outlier=winsor, es_set=no_starbound, df_basis=k10, estimator=one_per_cluster, rho=0.8 [DEC-045 S2]; cluster x cell aggregates (D2/H2b convention)"
H3,share_recut_2018|winsor|no_starbound|k10,one_per_cluster|r0.8,diff,Fisher_z,one_per_cluster,0.8,2607,110,109,-0.00208511157320386,0.029863015623303374,-0.06982253900630046,107,0.9444652331641816,,,,,,,,,,,,,,,,,,,FALSE,,"multiverse cell 1195/1260: coding=share_recut_2018, outlier=winsor, es_set=no_starbound, df_basis=k10, estimator=one_per_cluster, rho=0.8 [DEC-045 S2]; cluster x cell aggregates (D2/H2b convention)"
H3,share_recut_2019|winsor|no_starbound|k10,one_per_cluster|r0.8,diff,Fisher_z,one_per_cluster,0.8,2607,110,109,0.0011045147928656907,0.031747336211742486,0.0347907863985502,107,0.9723113875823495,,,,,,,,,,,,,,,,,,,FALSE,,"multiverse cell 1196/1260: coding=share_recut_2019, outlier=winsor, es_set=no_starbound, df_basis=k10, estimator=one_per_cluster, rho=0.8 [DEC-045 S2]; cluster x cell aggregates (D2/H2b convention)"
H3,end_lag1|winsor|no_starbound|k10,one_per_cluster|r0.8,diff,Fisher_z,one_per_cluster,0.8,2607,110,109,-0.02416659534834888,0.021649310132800657,-1.1162755395024948,108,0.2667816398984246,,,,,,,,,,,,,,,,,,,FALSE,,"multiverse cell 1197/1260: coding=end_lag1, outlier=winsor, es_set=no_starbound, df_basis=k10, estimator=one_per_cluster, rho=0.8 [DEC-045 S2]; cluster x cell aggregates (D2/H2b convention)"
H3,end_lag2|winsor|no_starbound|k10,one_per_cluster|r0.8,diff,Fisher_z,one_per_cluster,0.8,2607,110,109,-0.015827935711637438,0.020615037535299193,-0.7677859273617724,108,0.44428980494862014,,,,,,,,,,,,,,,,,,,FALSE,,"multiverse cell 1198/1260: coding=end_lag2, outlier=winsor, es_set=no_starbound, df_basis=k10, estimator=one_per_cluster, rho=0.8 [DEC-045 S2]; cluster x cell aggregates (D2/H2b convention)"
H3,end_lag3|winsor|no_starbound|k10,one_per_cluster|r0.8,diff,Fisher_z,one_per_cluster,0.8,2607,110,109,-0.013229992865504088,0.020485876179577346,-0.6458104476240685,108,0.5197719398024487,,,,,,,,,,,,,,,,,,,FALSE,,"multiverse cell 1199/1260: coding=end_lag3, outlier=winsor, es_set=no_starbound, df_basis=k10, estimator=one_per_cluster, rho=0.8 [DEC-045 S2]; cluster x cell aggregates (D2/H2b convention)"
H3,clean_window|winsor|no_starbound|k10,one_per_cluster|r0.8,diff,Fisher_z,one_per_cluster,0.8,905,38,38,-0.029593077648401633,0.03326066818414359,-0.8897319044994287,36,0.3795171678061987,,,,,,,,,,,,,,,,,,,FALSE,,"multiverse cell 1200/1260: coding=clean_window, outlier=winsor, es_set=no_starbound, df_basis=k10, estimator=one_per_cluster, rho=0.8 [DEC-045 S2]; cluster x cell aggregates (D2/H2b convention)"
H3,paris_mid|none|full|k20,one_per_cluster|r0.8,diff,Fisher_z,one_per_cluster,0.8,2704,113,112,0.027591355385533645,0.07103479311851624,0.3884202962272239,111,0.6984490152130765,,,,,,,,,,,,,,,,,,,FALSE,,"multiverse cell 1201/1260: coding=paris_mid, outlier=none, es_set=full, df_basis=k20, estimator=one_per_cluster, rho=0.8 [DEC-045 S2]; cluster x cell aggregates (D2/H2b convention)"
H3,tie_break_median|none|full|k20,one_per_cluster|r0.8,diff,Fisher_z,one_per_cluster,0.8,2704,113,112,0.010213941329053518,0.07535242941998188,0.13554893196774614,111,0.8924233892710692,,,,,,,,,,,,,,,,,,,FALSE,,"multiverse cell 1202/1260: coding=tie_break_median, outlier=none, es_set=full, df_basis=k20, estimator=one_per_cluster, rho=0.8 [DEC-045 S2]; cluster x cell aggregates (D2/H2b convention)"
H3,end_any_exposure|none|full|k20,one_per_cluster|r0.8,diff,Fisher_z,one_per_cluster,0.8,2704,113,112,-0.05979534765349482,0.07482697421147662,-0.7991148684497212,110,0.42594593544089676,,,,,,,,,,,,,,,,,,,FALSE,,"multiverse cell 1203/1260: coding=end_any_exposure, outlier=none, es_set=full, df_basis=k20, estimator=one_per_cluster, rho=0.8 [DEC-045 S2]; cluster x cell aggregates (D2/H2b convention)"
H3,share_recut_2017|none|full|k20,one_per_cluster|r0.8,diff,Fisher_z,one_per_cluster,0.8,2704,113,112,0.006296781620552527,0.07877619559507486,0.07993254273053783,111,0.9364348409276316,,,,,,,,,,,,,,,,,,,FALSE,,"multiverse cell 1204/1260: coding=share_recut_2017, outlier=none, es_set=full, df_basis=k20, estimator=one_per_cluster, rho=0.8 [DEC-045 S2]; cluster x cell aggregates (D2/H2b convention)"
H3,share_recut_2018|none|full|k20,one_per_cluster|r0.8,diff,Fisher_z,one_per_cluster,0.8,2704,113,112,0.029262062763947952,0.09389627447402867,0.31164242594142244,110,0.7559021779243156,,,,,,,,,,,,,,,,,,,FALSE,,"multiverse cell 1205/1260: coding=share_recut_2018, outlier=none, es_set=full, df_basis=k20, estimator=one_per_cluster, rho=0.8 [DEC-045 S2]; cluster x cell aggregates (D2/H2b convention)"
H3,share_recut_2019|none|full|k20,one_per_cluster|r0.8,diff,Fisher_z,one_per_cluster,0.8,2704,113,112,0.03338612156276191,0.0998304788410943,0.33442814208979654,110,0.7386933058834708,,,,,,,,,,,,,,,,,,,FALSE,,"multiverse cell 1206/1260: coding=share_recut_2019, outlier=none, es_set=full, df_basis=k20, estimator=one_per_cluster, rho=0.8 [DEC-045 S2]; cluster x cell aggregates (D2/H2b convention)"
H3,end_lag1|none|full|k20,one_per_cluster|r0.8,diff,Fisher_z,one_per_cluster,0.8,2704,113,112,-0.07211123826558855,0.06648178789288584,-1.0846765791222819,111,0.2804151769236133,,,,,,,,,,,,,,,,,,,FALSE,,"multiverse cell 1207/1260: coding=end_lag1, outlier=none, es_set=full, df_basis=k20, estimator=one_per_cluster, rho=0.8 [DEC-045 S2]; cluster x cell aggregates (D2/H2b convention)"
H3,end_lag2|none|full|k20,one_per_cluster|r0.8,diff,Fisher_z,one_per_cluster,0.8,2704,113,112,0.037561138587200275,0.06382606142983699,0.588492188703993,111,0.5573975588895732,,,,,,,,,,,,,,,,,,,FALSE,,"multiverse cell 1208/1260: coding=end_lag2, outlier=none, es_set=full, df_basis=k20, estimator=one_per_cluster, rho=0.8 [DEC-045 S2]; cluster x cell aggregates (D2/H2b convention)"
H3,end_lag3|none|full|k20,one_per_cluster|r0.8,diff,Fisher_z,one_per_cluster,0.8,2704,113,112,0.02962864010665945,0.06381408171801614,0.4642962698669473,111,0.6433448448729291,,,,,,,,,,,,,,,,,,,FALSE,,"multiverse cell 1209/1260: coding=end_lag3, outlier=none, es_set=full, df_basis=k20, estimator=one_per_cluster, rho=0.8 [DEC-045 S2]; cluster x cell aggregates (D2/H2b convention)"
H3,clean_window|none|full|k20,one_per_cluster|r0.8,diff,Fisher_z,one_per_cluster,0.8,929,40,40,-0.032647265787539514,0.038483429930013184,-0.8483460504147513,38,0.4015576831891349,,,,,,,,,,,,,,,,,,,FALSE,,"multiverse cell 1210/1260: coding=clean_window, outlier=none, es_set=full, df_basis=k20, estimator=one_per_cluster, rho=0.8 [DEC-045 S2]; cluster x cell aggregates (D2/H2b convention)"
H3,paris_mid|rstudent|full|k20,one_per_cluster|r0.8,diff,Fisher_z,one_per_cluster,0.8,2691,113,112,-0.015336497482651035,0.022847140026355385,-0.6712655266680895,111,0.5034459249973828,,,,,,,,,,,,,,,,,,,FALSE,,"multiverse cell 1211/1260: coding=paris_mid, outlier=rstudent, es_set=full, df_basis=k20, estimator=one_per_cluster, rho=0.8 [DEC-045 S2]; cluster x cell aggregates (D2/H2b convention)"
H3,tie_break_median|rstudent|full|k20,one_per_cluster|r0.8,diff,Fisher_z,one_per_cluster,0.8,2691,113,112,-0.030684307483795265,0.024113241130969798,-1.2725086319642833,111,0.20585156050416312,,,,,,,,,,,,,,,,,,,FALSE,,"multiverse cell 1212/1260: coding=tie_break_median, outlier=rstudent, es_set=full, df_basis=k20, estimator=one_per_cluster, rho=0.8 [DEC-045 S2]; cluster x cell aggregates (D2/H2b convention)"
H3,end_any_exposure|rstudent|full|k20,one_per_cluster|r0.8,diff,Fisher_z,one_per_cluster,0.8,2691,113,112,-0.01799177200975461,0.024375369691960542,-0.7381127850417234,110,0.4620177182352956,,,,,,,,,,,,,,,,,,,FALSE,,"multiverse cell 1213/1260: coding=end_any_exposure, outlier=rstudent, es_set=full, df_basis=k20, estimator=one_per_cluster, rho=0.8 [DEC-045 S2]; cluster x cell aggregates (D2/H2b convention)"
H3,share_recut_2017|rstudent|full|k20,one_per_cluster|r0.8,diff,Fisher_z,one_per_cluster,0.8,2691,113,112,-0.03332278808686797,0.02520449598874275,-1.3220969822904272,111,0.18885385891105771,,,,,,,,,,,,,,,,,,,FALSE,,"multiverse cell 1214/1260: coding=share_recut_2017, outlier=rstudent, es_set=full, df_basis=k20, estimator=one_per_cluster, rho=0.8 [DEC-045 S2]; cluster x cell aggregates (D2/H2b convention)"
H3,share_recut_2018|rstudent|full|k20,one_per_cluster|r0.8,diff,Fisher_z,one_per_cluster,0.8,2691,113,112,-0.008847023781608107,0.030245053860871354,-0.2925114242581556,110,0.7704466535053351,,,,,,,,,,,,,,,,,,,FALSE,,"multiverse cell 1215/1260: coding=share_recut_2018, outlier=rstudent, es_set=full, df_basis=k20, estimator=one_per_cluster, rho=0.8 [DEC-045 S2]; cluster x cell aggregates (D2/H2b convention)"
H3,share_recut_2019|rstudent|full|k20,one_per_cluster|r0.8,diff,Fisher_z,one_per_cluster,0.8,2691,113,112,-0.004384541153943353,0.03217308840433862,-0.13627977205172778,110,0.8918492132520581,,,,,,,,,,,,,,,,,,,FALSE,,"multiverse cell 1216/1260: coding=share_recut_2019, outlier=rstudent, es_set=full, df_basis=k20, estimator=one_per_cluster, rho=0.8 [DEC-045 S2]; cluster x cell aggregates (D2/H2b convention)"
H3,end_lag1|rstudent|full|k20,one_per_cluster|r0.8,diff,Fisher_z,one_per_cluster,0.8,2691,113,112,-0.027609596615564894,0.02151070771566079,-1.2835280447543727,111,0.20198022615089356,,,,,,,,,,,,,,,,,,,FALSE,,"multiverse cell 1217/1260: coding=end_lag1, outlier=rstudent, es_set=full, df_basis=k20, estimator=one_per_cluster, rho=0.8 [DEC-045 S2]; cluster x cell aggregates (D2/H2b convention)"
H3,end_lag2|rstudent|full|k20,one_per_cluster|r0.8,diff,Fisher_z,one_per_cluster,0.8,2691,113,112,-0.029582693706388136,0.02047608232065867,-1.4447438354231292,111,0.15134688519975265,,,,,,,,,,,,,,,,,,,FALSE,,"multiverse cell 1218/1260: coding=end_lag2, outlier=rstudent, es_set=full, df_basis=k20, estimator=one_per_cluster, rho=0.8 [DEC-045 S2]; cluster x cell aggregates (D2/H2b convention)"
H3,end_lag3|rstudent|full|k20,one_per_cluster|r0.8,diff,Fisher_z,one_per_cluster,0.8,2691,113,112,-0.022468730986964114,0.02046624069980193,-1.0978435813657546,111,0.2746485736535489,,,,,,,,,,,,,,,,,,,FALSE,,"multiverse cell 1219/1260: coding=end_lag3, outlier=rstudent, es_set=full, df_basis=k20, estimator=one_per_cluster, rho=0.8 [DEC-045 S2]; cluster x cell aggregates (D2/H2b convention)"
H3,clean_window|rstudent|full|k20,one_per_cluster|r0.8,diff,Fisher_z,one_per_cluster,0.8,924,40,40,-0.03556679444691955,0.038419472458184584,-0.9257491623715067,38,0.3604185932341808,,,,,,,,,,,,,,,,,,,FALSE,,"multiverse cell 1220/1260: coding=clean_window, outlier=rstudent, es_set=full, df_basis=k20, estimator=one_per_cluster, rho=0.8 [DEC-045 S2]; cluster x cell aggregates (D2/H2b convention)"
H3,paris_mid|winsor|full|k20,one_per_cluster|r0.8,diff,Fisher_z,one_per_cluster,0.8,2704,113,112,-0.011559580228347972,0.021740729881789513,-0.531701570793652,111,0.5959952191800639,,,,,,,,,,,,,,,,,,,FALSE,,"multiverse cell 1221/1260: coding=paris_mid, outlier=winsor, es_set=full, df_basis=k20, estimator=one_per_cluster, rho=0.8 [DEC-045 S2]; cluster x cell aggregates (D2/H2b convention)"
H3,tie_break_median|winsor|full|k20,one_per_cluster|r0.8,diff,Fisher_z,one_per_cluster,0.8,2704,113,112,-0.022889830720473806,0.02299675207683683,-0.9953505888133342,111,0.32173065996464684,,,,,,,,,,,,,,,,,,,FALSE,,"multiverse cell 1222/1260: coding=tie_break_median, outlier=winsor, es_set=full, df_basis=k20, estimator=one_per_cluster, rho=0.8 [DEC-045 S2]; cluster x cell aggregates (D2/H2b convention)"
H3,end_any_exposure|winsor|full|k20,one_per_cluster|r0.8,diff,Fisher_z,one_per_cluster,0.8,2704,113,112,-0.01526389628536906,0.0231947144636168,-0.658076490198316,110,0.5118638805874431,,,,,,,,,,,,,,,,,,,FALSE,,"multiverse cell 1223/1260: coding=end_any_exposure, outlier=winsor, es_set=full, df_basis=k20, estimator=one_per_cluster, rho=0.8 [DEC-045 S2]; cluster x cell aggregates (D2/H2b convention)"
H3,share_recut_2017|winsor|full|k20,one_per_cluster|r0.8,diff,Fisher_z,one_per_cluster,0.8,2704,113,112,-0.02613230148539964,0.024032417073847203,-1.0873771624843176,111,0.2792256884015199,,,,,,,,,,,,,,,,,,,FALSE,,"multiverse cell 1224/1260: coding=share_recut_2017, outlier=winsor, es_set=full, df_basis=k20, estimator=one_per_cluster, rho=0.8 [DEC-045 S2]; cluster x cell aggregates (D2/H2b convention)"
H3,share_recut_2018|winsor|full|k20,one_per_cluster|r0.8,diff,Fisher_z,one_per_cluster,0.8,2704,113,112,-0.003646431682157676,0.028764968897337224,-0.12676640448219734,110,0.8993567170930962,,,,,,,,,,,,,,,,,,,FALSE,,"multiverse cell 1225/1260: coding=share_recut_2018, outlier=winsor, es_set=full, df_basis=k20, estimator=one_per_cluster, rho=0.8 [DEC-045 S2]; cluster x cell aggregates (D2/H2b convention)"
H3,share_recut_2019|winsor|full|k20,one_per_cluster|r0.8,diff,Fisher_z,one_per_cluster,0.8,2704,113,112,2.507881923798083e-5,0.030592347657671652,8.197742624597759e-4,110,0.9993473996953155,,,,,,,,,,,,,,,,,,,FALSE,,"multiverse cell 1226/1260: coding=share_recut_2019, outlier=winsor, es_set=full, df_basis=k20, estimator=one_per_cluster, rho=0.8 [DEC-045 S2]; cluster x cell aggregates (D2/H2b convention)"
H3,end_lag1|winsor|full|k20,one_per_cluster|r0.8,diff,Fisher_z,one_per_cluster,0.8,2704,113,112,-0.02216663727356993,0.020502108206779,-1.081188190502309,111,0.28195681599646166,,,,,,,,,,,,,,,,,,,FALSE,,"multiverse cell 1227/1260: coding=end_lag1, outlier=winsor, es_set=full, df_basis=k20, estimator=one_per_cluster, rho=0.8 [DEC-045 S2]; cluster x cell aggregates (D2/H2b convention)"
H3,end_lag2|winsor|full|k20,one_per_cluster|r0.8,diff,Fisher_z,one_per_cluster,0.8,2704,113,112,-0.013370043076364406,0.01961963533851822,-0.6814623638858205,111,0.49699830395273603,,,,,,,,,,,,,,,,,,,FALSE,,"multiverse cell 1228/1260: coding=end_lag2, outlier=winsor, es_set=full, df_basis=k20, estimator=one_per_cluster, rho=0.8 [DEC-045 S2]; cluster x cell aggregates (D2/H2b convention)"
H3,end_lag3|winsor|full|k20,one_per_cluster|r0.8,diff,Fisher_z,one_per_cluster,0.8,2704,113,112,-0.010139726184470517,0.019542888554249273,-0.5188448041508072,111,0.6049018463189757,,,,,,,,,,,,,,,,,,,FALSE,,"multiverse cell 1229/1260: coding=end_lag3, outlier=winsor, es_set=full, df_basis=k20, estimator=one_per_cluster, rho=0.8 [DEC-045 S2]; cluster x cell aggregates (D2/H2b convention)"
H3,clean_window|winsor|full|k20,one_per_cluster|r0.8,diff,Fisher_z,one_per_cluster,0.8,929,40,40,-0.028824183911052858,0.0321742983895996,-0.8958760673510235,38,0.3759592404378901,,,,,,,,,,,,,,,,,,,FALSE,,"multiverse cell 1230/1260: coding=clean_window, outlier=winsor, es_set=full, df_basis=k20, estimator=one_per_cluster, rho=0.8 [DEC-045 S2]; cluster x cell aggregates (D2/H2b convention)"
H3,paris_mid|none|no_starbound|k20,one_per_cluster|r0.8,diff,Fisher_z,one_per_cluster,0.8,2606,110,109,0.021248491089068205,0.07257248201730111,0.2927899184156691,108,0.7702445259399661,,,,,,,,,,,,,,,,,,,FALSE,,"multiverse cell 1231/1260: coding=paris_mid, outlier=none, es_set=no_starbound, df_basis=k20, estimator=one_per_cluster, rho=0.8 [DEC-045 S2]; cluster x cell aggregates (D2/H2b convention)"
H3,tie_break_median|none|no_starbound|k20,one_per_cluster|r0.8,diff,Fisher_z,one_per_cluster,0.8,2606,110,109,0.0024602076489387975,0.07688321977861098,0.03199927963505023,108,0.9745316875618143,,,,,,,,,,,,,,,,,,,FALSE,,"multiverse cell 1232/1260: coding=tie_break_median, outlier=none, es_set=no_starbound, df_basis=k20, estimator=one_per_cluster, rho=0.8 [DEC-045 S2]; cluster x cell aggregates (D2/H2b convention)"
H3,end_any_exposure|none|no_starbound|k20,one_per_cluster|r0.8,diff,Fisher_z,one_per_cluster,0.8,2606,110,109,-0.06537075442537789,0.07840910194645481,-0.8337138521241992,107,0.40629955075734336,,,,,,,,,,,,,,,,,,,FALSE,,"multiverse cell 1233/1260: coding=end_any_exposure, outlier=none, es_set=no_starbound, df_basis=k20, estimator=one_per_cluster, rho=0.8 [DEC-045 S2]; cluster x cell aggregates (D2/H2b convention)"
H3,share_recut_2017|none|no_starbound|k20,one_per_cluster|r0.8,diff,Fisher_z,one_per_cluster,0.8,2606,110,109,-0.0024774895424010818,0.080324129475311,-0.03084365256846737,108,0.9754511543988301,,,,,,,,,,,,,,,,,,,FALSE,,"multiverse cell 1234/1260: coding=share_recut_2017, outlier=none, es_set=no_starbound, df_basis=k20, estimator=one_per_cluster, rho=0.8 [DEC-045 S2]; cluster x cell aggregates (D2/H2b convention)"
H3,share_recut_2018|none|no_starbound|k20,one_per_cluster|r0.8,diff,Fisher_z,one_per_cluster,0.8,2606,110,109,0.03143193592265091,0.09561254056912254,0.3287428169522111,107,0.742992620452291,,,,,,,,,,,,,,,,,,,FALSE,,"multiverse cell 1235/1260: coding=share_recut_2018, outlier=none, es_set=no_starbound, df_basis=k20, estimator=one_per_cluster, rho=0.8 [DEC-045 S2]; cluster x cell aggregates (D2/H2b convention)"
H3,share_recut_2019|none|no_starbound|k20,one_per_cluster|r0.8,diff,Fisher_z,one_per_cluster,0.8,2606,110,109,0.035534079990839754,0.10162228473645958,0.3496681862938966,107,0.7272750122522396,,,,,,,,,,,,,,,,,,,FALSE,,"multiverse cell 1236/1260: coding=share_recut_2019, outlier=none, es_set=no_starbound, df_basis=k20, estimator=one_per_cluster, rho=0.8 [DEC-045 S2]; cluster x cell aggregates (D2/H2b convention)"
H3,end_lag1|none|no_starbound|k20,one_per_cluster|r0.8,diff,Fisher_z,one_per_cluster,0.8,2606,110,109,-0.07703027073476534,0.06886741992832535,-1.1185299349813829,108,0.265822467875657,,,,,,,,,,,,,,,,,,,FALSE,,"multiverse cell 1237/1260: coding=end_lag1, outlier=none, es_set=no_starbound, df_basis=k20, estimator=one_per_cluster, rho=0.8 [DEC-045 S2]; cluster x cell aggregates (D2/H2b convention)"
H3,end_lag2|none|no_starbound|k20,one_per_cluster|r0.8,diff,Fisher_z,one_per_cluster,0.8,2606,110,109,0.03625637866009775,0.06584311389366466,0.5506479951517951,108,0.5830122257903265,,,,,,,,,,,,,,,,,,,FALSE,,"multiverse cell 1238/1260: coding=end_lag2, outlier=none, es_set=no_starbound, df_basis=k20, estimator=one_per_cluster, rho=0.8 [DEC-045 S2]; cluster x cell aggregates (D2/H2b convention)"
H3,end_lag3|none|no_starbound|k20,one_per_cluster|r0.8,diff,Fisher_z,one_per_cluster,0.8,2606,110,109,0.027195157028880403,0.06568543510092749,0.41402111422561627,108,0.6796797184868502,,,,,,,,,,,,,,,,,,,FALSE,,"multiverse cell 1239/1260: coding=end_lag3, outlier=none, es_set=no_starbound, df_basis=k20, estimator=one_per_cluster, rho=0.8 [DEC-045 S2]; cluster x cell aggregates (D2/H2b convention)"
H3,clean_window|none|no_starbound|k20,one_per_cluster|r0.8,diff,Fisher_z,one_per_cluster,0.8,905,38,38,-0.036045461438114094,0.040043536975806024,-0.9001567833503935,36,0.37401916675535196,,,,,,,,,,,,,,,,,,,FALSE,,"multiverse cell 1240/1260: coding=clean_window, outlier=none, es_set=no_starbound, df_basis=k20, estimator=one_per_cluster, rho=0.8 [DEC-045 S2]; cluster x cell aggregates (D2/H2b convention)"
H3,paris_mid|rstudent|no_starbound|k20,one_per_cluster|r0.8,diff,Fisher_z,one_per_cluster,0.8,2593,110,109,-0.02337051366334335,0.023786024338977474,-0.9825313104151988,108,0.3280341209137295,,,,,,,,,,,,,,,,,,,FALSE,,"multiverse cell 1241/1260: coding=paris_mid, outlier=rstudent, es_set=no_starbound, df_basis=k20, estimator=one_per_cluster, rho=0.8 [DEC-045 S2]; cluster x cell aggregates (D2/H2b convention)"
H3,tie_break_median|rstudent|no_starbound|k20,one_per_cluster|r0.8,diff,Fisher_z,one_per_cluster,0.8,2593,110,109,-0.03996980043903396,0.025021574374604186,-1.5974134896803927,108,0.11309541964898948,,,,,,,,,,,,,,,,,,,FALSE,,"multiverse cell 1242/1260: coding=tie_break_median, outlier=rstudent, es_set=no_starbound, df_basis=k20, estimator=one_per_cluster, rho=0.8 [DEC-045 S2]; cluster x cell aggregates (D2/H2b convention)"
H3,end_any_exposure|rstudent|no_starbound|k20,one_per_cluster|r0.8,diff,Fisher_z,one_per_cluster,0.8,2593,110,109,-0.02353661999367912,0.0260877713346843,-0.9022089197165967,107,0.3689723593723008,,,,,,,,,,,,,,,,,,,FALSE,,"multiverse cell 1243/1260: coding=end_any_exposure, outlier=rstudent, es_set=no_starbound, df_basis=k20, estimator=one_per_cluster, rho=0.8 [DEC-045 S2]; cluster x cell aggregates (D2/H2b convention)"
H3,share_recut_2017|rstudent|no_starbound|k20,one_per_cluster|r0.8,diff,Fisher_z,one_per_cluster,0.8,2593,110,109,-0.04356511468948923,0.026124888866920326,-1.6675712923185655,108,0.09829804373933176,,,,,,,,,,,,,,,,,,,FALSE,,"multiverse cell 1244/1260: coding=share_recut_2017, outlier=rstudent, es_set=no_starbound, df_basis=k20, estimator=one_per_cluster, rho=0.8 [DEC-045 S2]; cluster x cell aggregates (D2/H2b convention)"
H3,share_recut_2018|rstudent|no_starbound|k20,one_per_cluster|r0.8,diff,Fisher_z,one_per_cluster,0.8,2593,110,109,-0.007754498015095299,0.031466180274807014,-0.24643912757672198,107,0.8058144783919513,,,,,,,,,,,,,,,,,,,FALSE,,"multiverse cell 1245/1260: coding=share_recut_2018, outlier=rstudent, es_set=no_starbound, df_basis=k20, estimator=one_per_cluster, rho=0.8 [DEC-045 S2]; cluster x cell aggregates (D2/H2b convention)"
H3,share_recut_2019|rstudent|no_starbound|k20,one_per_cluster|r0.8,diff,Fisher_z,one_per_cluster,0.8,2593,110,109,-0.0032629910622339747,0.03345804965242028,-0.09752484368131534,107,0.9224920544555386,,,,,,,,,,,,,,,,,,,FALSE,,"multiverse cell 1246/1260: coding=share_recut_2019, outlier=rstudent, es_set=no_starbound, df_basis=k20, estimator=one_per_cluster, rho=0.8 [DEC-045 S2]; cluster x cell aggregates (D2/H2b convention)"
H3,end_lag1|rstudent|no_starbound|k20,one_per_cluster|r0.8,diff,Fisher_z,one_per_cluster,0.8,2593,110,109,-0.032036563131906684,0.02275235208600628,-1.408055000678836,108,0.16198682863180378,,,,,,,,,,,,,,,,,,,FALSE,,"multiverse cell 1247/1260: coding=end_lag1, outlier=rstudent, es_set=no_starbound, df_basis=k20, estimator=one_per_cluster, rho=0.8 [DEC-045 S2]; cluster x cell aggregates (D2/H2b convention)"
H3,end_lag2|rstudent|no_starbound|k20,one_per_cluster|r0.8,diff,Fisher_z,one_per_cluster,0.8,2593,110,109,-0.033683760508173004,0.02154494363321099,-1.5634183631026228,108,0.12087977467556776,,,,,,,,,,,,,,,,,,,FALSE,,"multiverse cell 1248/1260: coding=end_lag2, outlier=rstudent, es_set=no_starbound, df_basis=k20, estimator=one_per_cluster, rho=0.8 [DEC-045 S2]; cluster x cell aggregates (D2/H2b convention)"
H3,end_lag3|rstudent|no_starbound|k20,one_per_cluster|r0.8,diff,Fisher_z,one_per_cluster,0.8,2593,110,109,-0.026619236972100373,0.02148600768461795,-1.238910334708544,108,0.21806452497600728,,,,,,,,,,,,,,,,,,,FALSE,,"multiverse cell 1249/1260: coding=end_lag3, outlier=rstudent, es_set=no_starbound, df_basis=k20, estimator=one_per_cluster, rho=0.8 [DEC-045 S2]; cluster x cell aggregates (D2/H2b convention)"
H3,clean_window|rstudent|no_starbound|k20,one_per_cluster|r0.8,diff,Fisher_z,one_per_cluster,0.8,900,38,38,-0.0391396256697059,0.03994402579065934,-0.979861816503695,36,0.33369373645411426,,,,,,,,,,,,,,,,,,,FALSE,,"multiverse cell 1250/1260: coding=clean_window, outlier=rstudent, es_set=no_starbound, df_basis=k20, estimator=one_per_cluster, rho=0.8 [DEC-045 S2]; cluster x cell aggregates (D2/H2b convention)"
H3,paris_mid|winsor|no_starbound|k20,one_per_cluster|r0.8,diff,Fisher_z,one_per_cluster,0.8,2606,110,109,-0.0191663785760387,0.02266590269346695,-0.8456040262434849,108,0.39964324327055134,,,,,,,,,,,,,,,,,,,FALSE,,"multiverse cell 1251/1260: coding=paris_mid, outlier=winsor, es_set=no_starbound, df_basis=k20, estimator=one_per_cluster, rho=0.8 [DEC-045 S2]; cluster x cell aggregates (D2/H2b convention)"
H3,tie_break_median|winsor|no_starbound|k20,one_per_cluster|r0.8,diff,Fisher_z,one_per_cluster,0.8,2606,110,109,-0.03175730845003295,0.023906014852089163,-1.3284233548134712,108,0.18683855142205855,,,,,,,,,,,,,,,,,,,FALSE,,"multiverse cell 1252/1260: coding=tie_break_median, outlier=winsor, es_set=no_starbound, df_basis=k20, estimator=one_per_cluster, rho=0.8 [DEC-045 S2]; cluster x cell aggregates (D2/H2b convention)"
H3,end_any_exposure|winsor|no_starbound|k20,one_per_cluster|r0.8,diff,Fisher_z,one_per_cluster,0.8,2606,110,109,-0.02001715406069492,0.02485610691735346,-0.8053213694023744,107,0.4224202232207458,,,,,,,,,,,,,,,,,,,FALSE,,"multiverse cell 1253/1260: coding=end_any_exposure, outlier=winsor, es_set=no_starbound, df_basis=k20, estimator=one_per_cluster, rho=0.8 [DEC-045 S2]; cluster x cell aggregates (D2/H2b convention)"
H3,share_recut_2017|winsor|no_starbound|k20,one_per_cluster|r0.8,diff,Fisher_z,one_per_cluster,0.8,2606,110,109,-0.03598851909312043,0.024952054024883888,-1.442306876108485,108,0.152109606602927,,,,,,,,,,,,,,,,,,,FALSE,,"multiverse cell 1254/1260: coding=share_recut_2017, outlier=winsor, es_set=no_starbound, df_basis=k20, estimator=one_per_cluster, rho=0.8 [DEC-045 S2]; cluster x cell aggregates (D2/H2b convention)"
H3,share_recut_2018|winsor|no_starbound|k20,one_per_cluster|r0.8,diff,Fisher_z,one_per_cluster,0.8,2606,110,109,-0.00220514133107394,0.029953333685464635,-0.0736192289723004,107,0.9414508195002438,,,,,,,,,,,,,,,,,,,FALSE,,"multiverse cell 1255/1260: coding=share_recut_2018, outlier=winsor, es_set=no_starbound, df_basis=k20, estimator=one_per_cluster, rho=0.8 [DEC-045 S2]; cluster x cell aggregates (D2/H2b convention)"
H3,share_recut_2019|winsor|no_starbound|k20,one_per_cluster|r0.8,diff,Fisher_z,one_per_cluster,0.8,2606,110,109,0.0014798025447565477,0.03184310935890103,0.04647167235076879,107,0.9630209358760262,,,,,,,,,,,,,,,,,,,FALSE,,"multiverse cell 1256/1260: coding=share_recut_2019, outlier=winsor, es_set=no_starbound, df_basis=k20, estimator=one_per_cluster, rho=0.8 [DEC-045 S2]; cluster x cell aggregates (D2/H2b convention)"
H3,end_lag1|winsor|no_starbound|k20,one_per_cluster|r0.8,diff,Fisher_z,one_per_cluster,0.8,2606,110,109,-0.025835706049503235,0.021717714888910774,-1.1896143853833876,108,0.23680669724067707,,,,,,,,,,,,,,,,,,,FALSE,,"multiverse cell 1257/1260: coding=end_lag1, outlier=winsor, es_set=no_starbound, df_basis=k20, estimator=one_per_cluster, rho=0.8 [DEC-045 S2]; cluster x cell aggregates (D2/H2b convention)"
H3,end_lag2|winsor|no_starbound|k20,one_per_cluster|r0.8,diff,Fisher_z,one_per_cluster,0.8,2606,110,109,-0.016586490659787678,0.020684782154048786,-0.8018692455284612,108,0.42438943874109936,,,,,,,,,,,,,,,,,,,FALSE,,"multiverse cell 1258/1260: coding=end_lag2, outlier=winsor, es_set=no_starbound, df_basis=k20, estimator=one_per_cluster, rho=0.8 [DEC-045 S2]; cluster x cell aggregates (D2/H2b convention)"
H3,end_lag3|winsor|no_starbound|k20,one_per_cluster|r0.8,diff,Fisher_z,one_per_cluster,0.8,2606,110,109,-0.013736497688421202,0.020553370556263512,-0.6683330916852998,108,0.5053468783428064,,,,,,,,,,,,,,,,,,,FALSE,,"multiverse cell 1259/1260: coding=end_lag3, outlier=winsor, es_set=no_starbound, df_basis=k20, estimator=one_per_cluster, rho=0.8 [DEC-045 S2]; cluster x cell aggregates (D2/H2b convention)"
H3,clean_window|winsor|no_starbound|k20,one_per_cluster|r0.8,diff,Fisher_z,one_per_cluster,0.8,905,38,38,-0.031519008119531976,0.033480223725027736,-0.9414216696518166,36,0.3527635936013671,,,,,,,,,,,,,,,,,,,FALSE,,"multiverse cell 1260/1260: coding=clean_window, outlier=winsor, es_set=no_starbound, df_basis=k20, estimator=one_per_cluster, rho=0.8 [DEC-045 S2]; cluster x cell aggregates (D2/H2b convention)"
TH_design,design,defined,perm_list,count,descriptive,,,,,,,,,,,,,,,,,,,,,,,,,,,500,FALSE,,"output/TH_c_perms.rds: 112 x 500 cluster permutations, generated FIRST under seed 20260710; md5 = 077d689b2dee2931467650585089888a; workers receive indices (scheduling-invariant)"
TH_design,design,defined,execution_order,count,descriptive,,,,,,,,,,,,,,,,,,,,,,,,,,,,FALSE,,"pinned: PERMS -> masks -> H1 stream -> H1 calibration -> permutation pass (H5+H4+H3 core, ONE pass, 23 fits/replicate) -> H3 curve [DEC-045]"
TH_design,design,defined,blas_note,count,descriptive,,,,,,,,,,,,,,,,,,,,,,,,,,,,FALSE,,Windows CRAN reference BLAS is single-threaded; OMP/OPENBLAS/MKL thread env guards additionally set per worker [determinism pin]
TH_design,design,defined,center_sample_mid,year,descriptive,,,,,,,,,,,,,,,,,,,,,,,,,,,2012.257855823,FALSE,,derived in-script (constancy asserted); race consistency with R/08
TH_design,design,defined,t8_race_anchor,count,descriptive,,,,,,,,,,,,,,,,,,,,,,,,,,,,FALSE,,F65 gates PASSED: committed T8 B4/race/pp_mid_lag0 matched embedded constants at 1e-9; observed refit identity at 1e-6; |t_race_obs| = 1.052421
TH_design,design,defined,h4_admissible_echo,count,descriptive,,,,,,,,,,,,,,,,,,,,,,,,,,,12,FALSE,,"read from TH_a_results.csv design row and membership-verified: 2008, 2009, 2010, 2011, 2012, 2013, 2014, 2015, 2016, 2017, 2018, 2019; recomputation identity via the observed permutation-pass machinery"
TH_design,design,defined,rstudent_mask,count,descriptive,,,,,,,,,,,,,,,,,,,,,,,,,,,13,FALSE,,"|standardized marginal residual| > 3 from the full-set intercept spine (mu = -0.058647, sum sigma2 = 0.031629), computed ONCE, fixed across cells and replicates [DEC-045 amendment]"
TH_design,design,defined,winsor_bounds,count,descriptive,,,,,,,,,,,,,,,,,,,,,,,,,,,,FALSE,,"zi winsorized at empirical P1/P99 of the full estimation set: [-0.380770, 0.184715], computed once"
TH_design,design,defined,vi_k_identity,count,descriptive,,,,,,,,,,,,,,,,,,,,,,,,,,,2607,FALSE,,"load assert PASSED: vi_k10 = 1/(1/vi - 10) and vi_k20 = 1/(1/vi - 20) on PCC rows (1e-9; algebraically identical to 1/(n-13), 1/(n-23) under the F21 base convention vi = 1/(n-3)); bivariate rows carry base vi in the k-columns; the raw n_obs extraction column is NOT consumed; k20 basis excludes 1 row(s) with nonpositive/NA vi_k20 (tiny-n edge, n <= 23) from all k20 cells -- disclosed [DEC-045 amendment; author ruling 2026-07-24]"
TH_design,design,defined,core_cells,count,descriptive,,,,,,,,,,,,,,,,,,,,,,,,,,,10,FALSE,,core cell keys: paris_mid|none|full|dfE; tie_break_median|none|full|dfE; end_any_exposure|none|full|dfE; share_recut_2017|none|full|dfE; share_recut_2018|none|full|dfE; share_recut_2019|none|full|dfE; end_lag1|none|full|dfE; end_lag2|none|full|dfE; end_lag3|none|full|dfE; clean_window|none|full|dfE
