study_label,item_type,frame_tag,verbatim_quote,page,cited_work,note
Al-Fakir Al Rabab'a et al (2023),frame_use,STAKE,"According to stakeholder theory (Donaldson & Preston, 1995; Jones, 1995), when a firm effectively manages a better relationship with its key stakeholders, thereby building a better reputation, it is more likely to achieve economic success (Brammer & Millington, 2008).",3,,"stakeholder theory: relationship/reputation to economic success, own claim"
Al-Fakir Al Rabab'a et al (2023),frame_use,RISK,"firms with lower carbon performance are more vulnerable to carbon risk, making them more vulnerable to potential changes in environmental regulations and obligations. This increases the uncer­ tainty of current and future business conditions and increases firms’ financial distress risk, resulting in higher interest rates",3,,"carbon risk to regulatory change, distress risk, higher rates; own claim"
Al-Fakir Al Rabab'a et al (2023),frame_use,AGENCY,"According to agency theory, in­ formation asymmetry (to benefit shareholders at the cost of debtholders) increases agency costs which then increase capital constraints and cost of debt (COD).",4,,agency theory: information asymmetry raises agency costs and COD
Al-Fakir Al Rabab'a et al (2023),counter,,"To the extent that CCP negatively affects CFP, thereby increasing the financial distress risk, the firm’s ability to pay off debt is jeopardised (Damert et al., 2017; Wang et al., 2014). To bear this risk, lenders may demand more compensation by charging a higher interest rate.",3,,"cost-burden counter: green spending hurts CFP, raises distress, higher rate"
Al-Fakir Al Rabab'a et al (2023),mechanism_extra,,"If a lending project was unsuccessful, the lender might be subject to “the riskshifting effect”, obviously bearing most of the costs, especially if they take over mortgaged assets that have lost their market value for environment-related reasons.",3,,"risk-shifting plus collateral devaluation of mortgaged assets, lender-side"
Al-Fakir Al Rabab'a et al (2023),mechanism_extra,,"as compensation for potential reputational losses, financial institutions charge a higher interest rate to firms with a high level of carbon risk if they operate in countries with strong governance",4,,"lender reputational-loss premium, amplified under strong country governance"
Al-Fakir Al Rabab'a et al (2023),paris_policy,,"as most of these countries ratified the Kyoto Protocol, many are adopting stringent carbon-related legislation and policies with which firms must comply (Shyu, 2014). This will increase firms’ exposure to carbon risks.",2,,"Kyoto ratification drives stringent carbon policy, raises carbon-risk exposure"
Al-Fakir Al Rabab'a et al (2023),paris_policy,,"The reason is probably that Taiwan is one of the countries that has not ratified the United Nations Framework Convention on Climate Change (UNFCCC) or the Kyoto Protocol (Shyu, 2014), suggesting that firms’ exposure to carbon risk in Taiwan is relatively minimal.",10,,non-ratification of UNFCCC/Kyoto implies minimal carbon risk; attenuation
Al-Fakir Al Rabab'a et al (2023),key_citation,,"According to stakeholder theory (Donaldson & Preston, 1995; Jones, 1995), building a better relationship with key stakeholders will lead a firm to gain a better reputation, and consequently achieve greater economic success; thus, COD will decrease.",1,"Donaldson & Preston, 1995; Jones, 1995",stakeholder theory anchor for negative CCP-COD link
Al-Fakir Al Rabab'a et al (2023),key_citation,,"In line with neoclassical economics (Friedman, 1970), the unnecessary increase in costs from green projects would be viewed as placing the firm at a competitive disadvantage (Aupperle, Carroll, & Hatfield, 1985)",1,"Friedman, 1970",neoclassical cost-burden anchor for opposing prediction
Al-Fakir Al Rabab'a et al (2023),key_citation,,"Finally, financing a high carbon intensity project which has a negative impact on the environment may create an agency problem between borrowers and lenders (Jung et al., 2018; Maaloul, 2018).",3,"Jung et al., 2018",anchor for borrower-lender agency problem in carbon lending
Al-Fakir Al Rabab'a et al (2023),status,,,,,"Elsevier International Review of Financial Analysis empirical paper; theory in Sections 1-2, plus Kyoto/UNFCCC policy claims used to rationalise the Taiwan sub-sample result."
Ali et al (2023),frame_use,OTHER:decision-usefulness,We interpret our findings within the decision-usefulness and stakeholder-agency theories that suggest that non-financial information on firms' environmental performance is becoming increasingly important when borrowers' creditworthiness is assessed.,3417,,authors' headline frame; non-financial env info feeds creditworthiness assessment
Ali et al (2023),frame_use,AGENCY,can lead to reduced agency costs as stipulated by stakeholder-agency,3428,,"stakeholder-agency: disclosure lowers info asymmetry, cuts agency costs, lowers COD"
Ali et al (2023),frame_use,STAKE,"Finally, from a legitimacy theory perspective, our findings also lend support to the argument that firms with greater climate change actions are likely to gain legitimacy from different stakeholders and, as a result, be rewarded with a lower cost of financing from the capital markets.",3428,,legitimacy gained from stakeholders rewarded with cheaper capital; authors' own claim
Ali et al (2023),frame_use,RISK,"The moot point then, given their exposure to the looming climate change–related risks, is whether banks will factor in corporate climate",3418,,lenders' own climate/transition risk exposure motivates pricing borrower climate actions
Ali et al (2023),counter,,Their findings conclude that there are incremental economic benefits associated with environmental capital expenditure investment by low-polluting firms but not high-polluting firms.,3427,,"cited Clarkson: benefit conditional on pollution intensity, absent for high polluters"
Ali et al (2023),counter,,"paid less attention to their environmental performance. Similarly, the banks might pay less attention to their borrowers' environmental ini-",3428,,crisis attenuation: in COVID shock lenders may discount environmental initiatives
Ali et al (2023),paris_policy,,"introduction of SDGs, or the ratification of international treaties on climate change, especially the Kyoto Protocol treaty.",3427,,climate-policy events as rival external driver of the CER-COD link
Ali et al (2023),key_citation,,"usefulness (Godfrey et al., 1996) and stakeholder-agency (Hill &",3425,"Godfrey et al., 1996","decision-usefulness theory anchor, carried through hypothesis and conclusion"
Ali et al (2023),key_citation,,"Jones, 1992), who make a firm a going concern (Nadeem, 2021b).",3420,"Hill & Jones, 1992",stakeholder-agency theory anchor defining the firm's stakeholder set
Ali et al (2023),key_citation,,"agency, stakeholder, legitimacy and institutional theories. Among different theoretical explanations, Levitt (1958) expressed his concerns about corporations' engagement with CSR practices and argued that",3419,Levitt (1958),shareholder-primacy/cost-burden counter anchor opening the theory section
Ali et al (2023),status,,,,,"Business Strategy and the Environment research article; two-column dump is column-interleaved, so contiguous spans are short on theory pages."
Ali et al (2026),frame_use,RISK,"We argue that a firm's carbon risk increases default risk by amplifying uncertainty in present and future cash flows. Carbon-­ intensive activities expose firms to regulatory, reputational, and transition risks, which can adversely affect firm value, competitive positioning, and expected cash flows",pdf-2,,authors' own risk frame: carbon raises default risk via cash-flow uncertainty
Ali et al (2026),frame_use,AGENCY,"Agency theory provides a useful framework for explaining why carbon-­intensive firms may face higher borrowing costs. In the presence of separation between managers and capital providers, managers may not fully internalize the long-­term financial consequences of carbon-­related risks",pdf-4,,agency frame: manager-creditor conflict over carbon mitigation horizon
Ali et al (2026),frame_use,SIG,"The argument is further strengthened by the information asymmetry perspective. Carbon-­intensive firms often face greater opacity regarding the magnitude of their transition risk, the quality of their emissions reporting, and the credibility of their mitigation strategies.",pdf-4,,information-asymmetry frame: opacity of transition risk and emissions reporting
Ali et al (2026),frame_use,STAKE,"From a stakeholder theory perspective, carbon emissions signal misalignment with broader social and environmental expectations",pdf-5,,stakeholder/legitimacy frame; authors' own framing of H1
Ali et al (2026),mechanism_extra,,"Therefore, lenders incorporate carbon-­related risk into their credit assessments and may adjust loan contract terms, including collateral requirements, maturity structure, and debt pricing.",pdf-2,,"non-price contract channel: collateral and maturity, not only spread"
Ali et al (2026),mechanism_extra,,"Carbon-­intensive corporations may face higher financing costs if banks restrict lending, and institutional investors may shun such firms due to climate-­related capital requirements and a general trend toward sustainable investing in financial markets",pdf-4,,credit-rationing and investor-base exclusion channel; cited claim
Ali et al (2026),counter,,"Building on the efficiency hypothesis and the empirical evidence above, board gender diversity may also moderate the carbon risk–cost of debt relationship by reducing both agency conflicts and information asymmetry.",pdf-6,,conditionality: governance moderator attenuates carbon risk premium
Ali et al (2026),paris_policy,,"This time frame is particularly relevant, as it follows the increasing global emphasis on climate-­related regulation and sustainability reporting in the post-­Paris Agreement era, which has encouraged firms to incorporate environmental risk into financial and strategic decision-­making",pdf-6,,post-Paris regulatory emphasis pushes environmental risk into financial decisions
Ali et al (2026),key_citation,,"Carbon risk can be broadly defined as corporate exposure to financial, regulatory, and reputational risks arising from climate change and carbon-­intensive activities, particularly those linked to greenhouse gas emissions and fossil fuel dependence (Jung et al. 2018; Bolton and Kacperczyk 2021)",pdf-1,Jung et al. 2018,carbon-risk construct anchor used throughout hypothesis development
Ali et al (2026),key_citation,,"In this setting, creditors demand compensation for the higher expected agency costs and default risk through higher debt pricing (Jensen and Meckling 1976; Goss and Roberts 2011; Jung et al. 2018)",pdf-4,Jensen and Meckling 1976,agency-theory anchor for creditor pricing of carbon risk
Ali et al (2026),key_citation,,thereby undermining firm legitimacy and increasing financing frictions (Freeman 1984; Chapple et al. 2013; Matsumura et al. 2014),pdf-5,Freeman 1984,stakeholder-theory anchor behind legitimacy channel
Ali et al (2026),status,,,,,"Corporate Social Responsibility and Environmental Management research article (Europe/US panel); theory is agency + information-asymmetry + stakeholder, with board gender diversity as moderator; no printed folios, so pages are pdf-N; PDF dump has interleaved columns and long table blocks."
Almutairi (2026),frame_use,AGENCY,"From an agency theory perspective, managers may have incentives to withhold or selectively disclose climate-related information, which increases agency conflicts and information risk perceived by creditors.",4,,agency: selective climate disclosure raises creditors' information risk
Almutairi (2026),frame_use,SIG,"From an information asymmetry perspective, greater climate disclosure reduces uncertainty about firms’ environmental risks and future cash flows, thereby lowering perceived credit risk and, consequently, the cost of debt.",4,,author's core information-asymmetry mechanism; disclosure lowers COD
Almutairi (2026),frame_use,STAKE,"according to legitimacy theory, companies strive to comply with the political and economic pressures of society, which compel them to make sustainable disclosures that meet the demands of the society in which they operate",4,,legitimacy: societal pressure drives sustainability disclosure
Almutairi (2026),frame_use,OTHER:institutional,"In addition, institutional theory suggests that firms respond to regulatory pressures and societal expectations by",4,,institutional theory named; sentence continues onto next page
Almutairi (2026),mechanism_extra,,"prior studies indicate that environmental regulatory pressure enhances both firms’ environmental awareness and creditors’ sensitivity to environmental risks, ultimately leading to stricter financing conditions",5,,"regulation channel: raises lender sensitivity, tightens credit; cited finding"
Almutairi (2026),counter,,"lenders may discount the credibility of disclosure in politically connected firms or, alternatively, rely more on political backing than on disclosed information",6,,political backing substitutes for / discredits disclosure; author's argument
Almutairi (2026),counter,,"voluntary disclosure provides additional insights but may raise concerns about credibility and potential greenwashing (Boccaletti & Gucciardi, 2025; Kacanski, 2025). This distinction suggests that ESG disclosure does not have a uniform effect; rather, its impact depends on its quality, credibility, and scope.",6,,greenwashing/credibility caveat; effect conditional on disclosure quality
Almutairi (2026),paris_policy,,"guidelines for climate change disclosure, aligned with international frameworks such as TCFD. Policymakers should move beyond voluntary disclosure and advocate for the use of more standardized and possibly mandatory reporting frameworks to support transparency and reduce information asymmetry.",16,,climate-disclosure policy claim: mandatory TCFD-aligned regime cuts information asymmetry
Almutairi (2026),key_citation,,"According to agency theory, management tends to withhold information while simultaneously trying to reduce agency costs (Khelil, 2025).",3,"Khelil, 2025",agency-theory anchor for managerial information withholding
Almutairi (2026),key_citation,,"Signaling theory explains the role of the informational message conveyed by accounting disclosures in sending signals to stakeholders (Arifin et al., 2020).",3,"Arifin et al., 2020",signaling-theory anchor for disclosure as signal
Almutairi (2026),key_citation,,"These pressures collectively shape firms’ disclosure practices and push them toward greater transparency in climate-related reporting (Malik & Kashiramka, 2024).",4,"Malik & Kashiramka, 2024",legitimacy/institutional anchor; informal pressures drive climate reporting
Almutairi (2026),status,,,,,Int. J. Financial Stud. (MDPI) empirical paper on Egyptian listed firms; agency/signaling/legitimacy plus institutional framing; no Paris Agreement content.
Altavilla et al (2024),frame_use,RISK,"banks should care about their clients’ exposure to climate risk only insofar as this affects their default risk: for instance, a bank lending to an oil company should take into account the risk that carbon taxes or environmental regulations may end up forcing the company into default",5,,author's own: transition/regulatory risk priced only via borrower default risk
Altavilla et al (2024),frame_use,STAKE,"banks may internalize social concerns about climate risk for reputational reasons, in response to pressure from the media, depositors and activist shareholders",5,,author's own: reputational/stakeholder pressure channel beyond default risk
Altavilla et al (2024),frame_use,SIG,Disclosing an emission target appears to be a mechanism enabling high-emission firms to signal their plan to reduce their carbon footprint,14,,"author's own: target disclosure as forward-looking signal, lowers rate"
Altavilla et al (2024),frame_use,OTHER:risk-taking channel,"our approach is based on an extended version of the risk-taking channel of monetary policy, where changes in monetary policy should also affect banks’ pricing of climate risk: restrictive monetary policy should induce banks to penalize high-emission more than comparable low-emission firms",12,,"author's own: named theory, monetary stance moderates carbon premium"
Altavilla et al (2024),counter,,"media attention and investors’ activism may be less successful in affecting banks’ environmental record than that of mutual or pension funds, because banks’ loan portfolios are typically far more opaque than the securities portfolios of institutional investors",5,,author's own: loan-portfolio opacity weakens bank climate pricing vs markets
Altavilla et al (2024),counter,,"banks may be more inclined to restrict lending to firms with innovative, lesser known low-carbon technologies than to firms with traditional carbonintensive technologies. Moreover, the intangible nature of innovation makes the projects of the former harder to collateralize than those of the latter",6,,author's own: intangibility/collateral logic predicts opposite sign for green firms
Altavilla et al (2024),mechanism_extra,,"the effect of monetary policy shocks on interest rates charged to more polluting firms should be mitigated if these credibly commit to investments aimed to reduce their carbon footprint, as this would reduce their future exposure to climate risk",12,,"author's own: credible abatement commitment cuts future climate exposure, dampens premium"
Altavilla et al (2024),paris_policy,,"European banks reduced credit to U.S. polluting firms after President Trump’s announcement of withdrawal from the Paris Agreement, possibly for reputational reasons, in response to strong public pressure in favor of environmental policies",10,,"cited finding: Paris withdrawal amplified reputational credit tightening, limits regulatory arbitrage"
Altavilla et al (2024),key_citation,,"Acharya and Naqvi (2012) propose a model where banks elicit effort from loan officers by tying their compensation to the volume of loans: in the presence of abundant liquidity, volume-based compensation induces greater risk taking",11,Acharya and Naqvi (2012),"risk-taking channel anchor, extended to climate risk"
Altavilla et al (2024),key_citation,,"Dell’Ariccia, Laeven, and Marquez (2014) propose a model where banks can reduce the credit risk of their loan portfolio via costly monitoring",11,"Dell’Ariccia, Laeven, and Marquez (2014)",monitoring/leverage model underpinning the extended risk-taking channel
Altavilla et al (2024),key_citation,,"Ehlers, Packer, and De Greiff (2022) instead find that, following the 2015 Paris Agreement, polluting firms started paying a “carbon premium” on their syndicated loans.",9,"Ehlers, Packer, and De Greiff (2022)","carbon-premium-in-loans benchmark, repeatedly used to frame results"
Altavilla et al (2024),status,,,,,"ECB Working Paper 2969; empirical euro-area credit-register study; theory confined to intro and literature section, centred on an extended risk-taking channel of monetary policy."
Apergis et al (2022),frame_use,RISK,"The conceptual framework is based on the view that high ESG scores that reflect high level of ESG practices relate positively to the solvency of a firm. Firms with high ESG scores can control more effectively a significant part of environmental, social, legal, reputational, operational, and regulatory risks.",2,,"authors' own risk-mitigation frame: ESG practices raise solvency, control regulatory risk"
Apergis et al (2022),frame_use,STAKE,A downgrade in key stakeholder relationships can affect the value of the firm and increase its default risk.,2,,stakeholder/reputation channel: relationship damage raises default risk
Apergis et al (2022),mechanism_extra,,"Such liabilities increase the default risk of borrowers, and they may also rank higher to the claims of the debt holders. Furthermore, if these liabilities turn out to pose a significant risk to the firm's financial health, management may resort to a strategic bankruptcy in an attempt to avoid them.",2,,claim-priority channel: ESG liabilities may outrank bondholders; strategic bankruptcy
Apergis et al (2022),mechanism_extra,,"In financing firms with poor ESG practices, banks are becoming increas­ ingly cautious not only of the associated reputational and credit risk but also the risk to find themselves liable to environmental obligations (Balkenborg, 2001; Kroszner and Strahan, 2001).",3,,lender-liability channel: banks fear own environmental obligations
Apergis et al (2022),mechanism_extra,,"Large scale projects (like off-shore oil rings) and major fossil fuel deposits are at risk of losing market value due to unanticipated breakthroughs in renewable technology and governments stepping up climate policies (Van der Ploeg and Rezai, 2019).",2,,stranded-asset/collateral logic driven by climate policy tightening
Apergis et al (2022),paris_policy,,"Tightening international regulation, increased ESG coverage in media, public pressure on US policy makers and recent US's decision to reinstate the Paris Agreement will eventually lead the US's states and federal government to stricter regulation and criminal and civil pen­ alties for violations.",3,,Paris reinstatement seen as precursor to stricter US rules and penalties
Apergis et al (2022),counter,,"However, E pillar metrics may not be able to capture the full spectrum of related risks. E scores are affected by the availability and the quality of the reporting data provided by the firms and are mainly focused onto GHG emissions and resource use",1,,"measurement attenuation: E scores miss risk spectrum, depend on reporting quality"
Apergis et al (2022),counter,,"Lastly, there is an inherent correlation be­ tween the credit ratings and the ESG scores, as ESG considerations are partly incorporated in the calculation of credit ratings.",4,,ratings-subsumption caveat: ESG already partly inside credit ratings
Apergis et al (2022),key_citation,,"From the three components of climate risk (physical, transitional and regulatory), regulatory risk has started to materialize (Krueger et al., 2020), and has become a major channel through which environmental risks get priced in securities.",2,"Krueger et al., 2020",anchor for regulatory climate risk as pricing channel
Apergis et al (2022),key_citation,,Seltzer et al. (2020) using data both from the primary and sec­ ondary bond markets document that climate and other environmental regulatory risks affect corporate bond pricing.,4,Seltzer et al. (2020),anchor for climate regulatory risk in corporate bond pricing
Apergis et al (2022),key_citation,,"Bauer and Hann (2010) explore the effects of environmental scores on bond issue spreads on newly issued bonds(of 582 U.S. public companies across multiple industries between 1995 and 2006), to conclude that environmental concerns are related to higher spreads",4,Bauer and Hann (2010),benchmark anchor: environmental performance and bond issue spreads
Apergis et al (2022),status,,,,,"Energy Economics empirical study of ESG scores and at-issue US bond spreads; theory is discursive prose in intro/literature review, no formal hypotheses; ESG-wide rather than carbon-specific."
"Atif, Ali (2021)",frame_use,OTHER:RBV,"RBT embraces this argument: that a firm's internal strength, along with its corporate strategies, helps to capitalize the benefits for firms in their financial risk management.",3939,,resource-based theory is the paper's declared frame for ESG-default link
"Atif, Ali (2021)",frame_use,SIG,symmetric flow of information increases the availability of debt capital,3938,,"disclosure lowers information asymmetry, raising debt capital supply"
"Atif, Ali (2021)",frame_use,RISK,"acts as an ‘insurance’ for firms, protecting them from default by",3939,,insurance-like risk mitigation via stable cash flows; author's own claim
"Atif, Ali (2021)",frame_use,STAKE,"Therefore, ESG disclosure enhances a firm's ability to create reputation and to enjoy the benefits of such internal strength in its",3939,,reputation/stakeholder-linkage channel feeding financial risk management
"Atif, Ali (2021)",mechanism_extra,,"require less risk premium, which reduces the cost of debt",3948,,"lender-pricing channel: debtholders deem ESG firms safer, lower premium"
"Atif, Ali (2021)",counter,,"Despite the increasing importance of ESG, critics (e.g., Friedman, 1970) have supported the view that businesses exist to make profit, and thus, no social responsibility should be assigned to businesses that incur extra expenses.",3954,,cost-burden/shareholder-only counter view; endnote
"Atif, Ali (2021)",counter,,"This practice may result in ESG performance differing from ESG disclosure (Tashman et al., 2019).",3952,,greenwashing/decoupling: facades make disclosure diverge from performance
"Atif, Ali (2021)",counter,,should be relatively stronger (weaker or insignificant) for firms at mature stage (younger and other stages) of the life cycle.,3938,,conditionality: effect expected weak/insignificant outside mature stage
"Atif, Ali (2021)",key_citation,,"ation between ESG disclosure and default risk. RBT (Barney, 1991)",3937,"Barney, 1991",resource-based theory anchor for the whole argument
"Atif, Ali (2021)",key_citation,,"(Godfrey, 2005). ESG disclosure creates loyalty and trust, as well as",3939,"Godfrey, 2005",moral-capital/insurance anchor for downside protection
"Atif, Ali (2021)",key_citation,,"and reduces the cost of funds (Cheng et al., 2014; El Ghoul",3938,"Cheng et al., 2014",anchor for CSR disclosure lowering cost of funds
"Atif, Ali (2021)",status,,,,,"Business Strategy and the Environment empirical article; RBT-framed ESG disclosure to default risk (US 2006-2017); no Paris/climate-policy theory; two-column dump interleaves columns line-by-line, so contiguous quotes are short."
Attig et al (2025),frame_use,SIG,"In theory, voluntary environmental performance disclosure, albeit discretionary, may reduce information asymmetry about a firm (Grossman and Hart 1980; Verrecchia 1983) resulting in lower cost of external financing (Diamond and Verrecchia 1991).",pdf-4,,canonical disclosure-reduces-asymmetry frame; lower cost of external financing
Attig et al (2025),frame_use,STAKE,"Greater environmental disclosure may also enhance firms' environmental legitimacy (e.g., Berrone, Fosfuri, and Gelabert 2017; Lamin and Zaheer 2012) by projecting a favorable public image of the firm, which might decrease the firms' external financing frictions.",pdf-4,,environmental legitimacy / favorable public image lowers financing frictions
Attig et al (2025),frame_use,RISK,"The enhanced legitimacy and signal of lower environmental risk will likely lead to more stable (future) cash flows and improved ability to pay debt obligations, thereby lowering external debt financing premiums.",pdf-4,,authors' risk channel: lower env risk -> stabler cash flows -> lower debt premium
Attig et al (2025),frame_use,AGENCY,Jensen and Meckling (1976) and Smith and Warner (1979) argue that firms with pronounced agency problems benefit from more stringent debt covenants to mitigate moral hazard issues.,pdf-24,,agency/moral-hazard rationale for stringent covenants; cited theory
Attig et al (2025),mechanism_extra,,"the private debt market primarily operates on relationship lending (e.g., Bharath et al. 2011), granting private lenders (compared to public investors) better abilities to gather and process private information about borrowers (e.g., Fama 1985; James and Smith 2000).",pdf-2,,relationship-lending channel: banks gather private borrower information
Attig et al (2025),mechanism_extra,,"However, given the associated reputational harm and ensuing financial risks to borrowing firms, private lenders have incentives to factor in such behavior to avoid any direct or indirect costs on their loan recovery as well as their reputational capital.",pdf-4,,lender-side channel: borrower reputational harm threatens loan recovery and lender capital
Attig et al (2025),counter,,"When greenwashing behavior is unrelated to such key measures of credit risk, it is unlikely to have an impact on the cost of debt in a pure credit-­risk modeling sense.",pdf-4,,"null argument: if unrelated to default/LGD, no effect in pure credit-risk model"
Attig et al (2025),counter,,"selective environmental disclosure (or greenwashing) can generate positive moral capital among the firm's stakeholders, in turn, providing shareholders with insurance-­like protection for a firm's relationship-­based intangible assets (Godfrey 2005), resulting in favorable financing terms.",pdf-4,,"opposite-sign argument: moral capital gives insurance-like protection, cheaper debt"
Attig et al (2025),key_citation,,"This practice of selective disclosure is akin to greenwashing, a term referring to the selective release of positive information about environmental or social performance to project an overly responsible public image of the firm (Marquis, Toffel, and Zhou 2016).",pdf-7,"Marquis, Toffel, and Zhou 2016","greenwashing/selective-disclosure construct anchor, used throughout"
Attig et al (2025),key_citation,,"For instance, voluntary disclosure of (positive) environmental information could increase the demand for firm securities (Diamond and Verrecchia 1991).",pdf-4,Diamond and Verrecchia 1991,disclosure-cost-of-capital anchor for the lower-financing-cost prediction
Attig et al (2025),key_citation,,"One could argue that selective disclosure might exacerbate asymmetric information (Kim and Verrecchia 1994; Zhang 2001), resulting in higher debt costs.",pdf-4,Kim and Verrecchia 1994,"anchor for core claim: selective disclosure worsens asymmetry, raises debt cost"
Attig et al (2025),status,,,,,"Corporate Governance: An International Review; empirical bank-loan study of selective environmental disclosure (greenwashing) and loan spreads; theory concentrated in Section 2; no printed folios, so pages are pdf-N; no Paris-Agreement or climate-policy claims."
Azmi et al (2021),frame_use,STAKE,"Several researchers note that a stakeholder management approach leads to more efficient contracting (Jones, 1995). Firms that engage in ESG activities indirectly convey their willingness to fulfil stakeholders’ demands and avoid some of the costs attached to strict compliance with formal contractual agreements.",3,,"stakeholder frame: efficient contracting, avoids costs of formal contracts"
Azmi et al (2021),frame_use,SIG,ESG-related activity by banks in these markets could provide stronger signals of the firm’s non-financial information and help reduce information asymmetry between the firm and stakeholders. Increased transparency should be most appealing to minority shareholders and bondholders in emerging markets.,3,,signaling/info-asymmetry frame; explicitly names bondholders in emerging markets
Azmi et al (2021),frame_use,AGENCY,The trade-off view of ESG activity treats ESG as a potentially inefficient use of resources. Funds diverted towards ESG activities might have been used more efficiently by the firm.,3,,trade-off/cost-burden frame: ESG as inefficient resource use
Azmi et al (2021),mechanism_extra,,"ESG activities should reduce conflicts between stakeholders and reduce information asymmetry (Perrini et al., 2011). This expectation is supported by Healy and Palepu (2001), who show firms that engage in ESG activities more face lower monitoring costs.",4,,"monitoring-cost channel to cost of capital; author's own claim, cites Healy-Palepu"
Azmi et al (2021),mechanism_extra,,This reduction of information asymmetry would attract more depositors. Banks with high ESG scores should also have a greater ability keep depositors by making them feel confident about the bank’s trustworthiness and ability to avoid risk.,4,,deposit-funding channel: transparency lets banks retain depositors cheaply
Azmi et al (2021),counter,,"One possible explanation for these results is that bondholders care primarily about the bank’s tail risk, while shareholders place greater importance on the upside potential of ESG activity.",2,,"attenuation: bondholders price tail risk, shareholders upside; author's own"
Azmi et al (2021),counter,,"Moreover, the bondholders can also secure collateral against the debt and restrict certain activities of banks they feel are detrimental to themselves through covenants in the indenture agreement.",11,,"attenuation: collateral and covenants already protect lenders, so ESG unpriced"
Azmi et al (2021),counter,,The lack of a relationship between ESG activity and the cost of debt suggests increased ESG activity does not reduce default risk of banks.,16,,null COD read as ESG not lowering default risk; author's own inference
Azmi et al (2021),key_citation,,"Built on the work of Freeman (1984), the stakeholder view of ESG argues the firm has an ethical obligation to maximize the value of all shareholders (customers, debtors, employees, and regulatory authorities).",3,Freeman (1984),stakeholder theory anchor for the paper's main frame
Azmi et al (2021),key_citation,,"This view argues that managers should maximize the firm’s value and abstain from socially responsible initiatives to make the world a better place (Friedman, 1970).",3,"Friedman, 1970",shareholder/trade-off anchor for the cost-burden counter-theory
Azmi et al (2021),key_citation,,El Ghoul et al. (2011) highlight the negative relationship between sustainability reporting and the cost of capital. This suggests that the ESG should be viewed as a strategic move that eventually translates into improved performance.,4,El Ghoul et al. (2011),cost-of-capital anchor for the ESG-to-financing-cost channel
Azmi et al (2021),status,,,,,"Elsevier JIFMIM empirical paper on banks' own ESG and bank value in 44 emerging markets; framing is stakeholder vs trade-off, not CER->cost of debt. COD is only one of three value channels and is found insignificant, so the COD-relevant theory is thin and mostly attenuation/rationalization. No Paris-Agreement or climate-policy claim anywhere."
Bannier et al (2022),frame_use,RISK,credit risk should therefore be influenced by the fact that strong CSR activities help to insulate firms’ profits against extreme changes in consumer tastes or regulatory interventions due to environmental or societal crises,1,,risk-mitigation frame: CSR insulates profits from regulatory and environmental shocks
Bannier et al (2022),frame_use,STAKE,"Sustainable firm strategies appear particularly effective in reducing extreme equity risks (e.g. Kim et al., 2014; Ilhan et al., 2020), which supports the idea of CSR acting as “moral capital” (Godfrey et al., 2009) insuring firms against stakeholders’ sanctions in case of negative events.",1,,moral-capital / insurance frame against stakeholder sanctions
Bannier et al (2022),frame_use,AGENCY,"The ensuing CSR reputation (Soppe et al., 2011), however, also creates incentives to employ CSR in order to cover up corporate misbehavior (Diemont et al., 2015), which might be linked with agency conflicts (e.g. over- or underinvestment)",1,,cover-up incentive plus agency conflicts as risk-increasing view
Bannier et al (2022),counter,,"As a consequence, credit risk might also increase along with stronger CSR scores.",2,,authors' own claim: agency-driven CSR may raise credit risk
Bannier et al (2022),counter,,"reporting on CSR facets with particularly strong attention levels might lead both equity and debt investors to react either positively or negatively if their expectations are exceeded or disappointed (Benlemlih et al., 2016), with corresponding effects on market-based measures of risk.",2,,expectation-based investor reaction; sign ambiguous for market measures
Bannier et al (2022),mechanism_extra,,"country-specific issues have been shown to be demonstrably important for studying sustainability effects, due to different regulatory standards (Liang and Renneboog, 2017), company disclosure requirements (Hail and Leuz, 2006)",2,,institutional channel: regulation and disclosure condition sustainability effects
Bannier et al (2022),counter,,"one might believe it to be the consequence of agency-based credit ratings that are sticky due to the discrete through-the-cycle rating approach (Löffler, 2004; 2005), further tests demonstrate that the association does not dissipate over time.",5,,"rating stickiness / through-the-cycle raised as attenuation, then rejected"
Bannier et al (2022),paris_policy,,Action 6 of the EU Action Plan calls for “better integrating sustainability in ratings and market research” and the EU has commissioned the European Securities and Markets Authority to assess in how far sustainability issues are already incorporated in credit ratings.,1,,EU Sustainable Finance Action Plan pushes ESG into ratings; regulator-driven claim
Bannier et al (2022),key_citation,,"“moral capital” (Godfrey et al., 2009) insuring firms against stakeholders’ sanctions in case of negative events.",1,"Godfrey et al., 2009",moral-capital / risk-management hypothesis anchor
Bannier et al (2022),key_citation,,"strong CSR activities help to insulate firms’ profits against extreme changes in consumer tastes or regulatory interventions due to environmental or societal crises (e.g. Albu­ querque et al., 2019).",1,"Albuquerque et al., 2019",theory anchor for CSR insulating profits against shocks
Bannier et al (2022),key_citation,,"cover up corporate misbehavior (Diemont et al., 2015), which might be linked with agency conflicts (e.g. over- or underinvestment)",1,"Diemont et al., 2015",downside-of-being-responsible / tail-risk counter anchor
Bannier et al (2022),status,,,,,"Finance Research Letters short paper; explicitly exploratory, authors decline to identify underlying channels; theory confined to introduction."
"Bauer, Hann (2010)",frame_use,RISK,"Our conceptual framework is based on the view that environmental practices influence the solvency of borrowing firms by determining their exposure to legal, reputational, and regulatory risks.",2,,authors' own conceptual frame: env practices -> solvency via risk exposure
"Bauer, Hann (2010)",frame_use,STAKE,Stakeholders who take issue with socially questionable practices or fear reputational risks from being associated with an environmental scandal are likely to restrict or dissolve their relationship with the firm.,5,,stakeholder withdrawal from env offenders; feeds cash-flow volatility and default risk
"Bauer, Hann (2010)",frame_use,SIG,"In contrast, a proactive engagement in environmental matters is expected to reduce the likelihood as well as consequences of environmental violations, and can serve as a signal that management is committed to a low-risk environmental strategy.",8,,author claim: proactive engagement signals low-risk strategy; basis of H2
"Bauer, Hann (2010)",mechanism_extra,,"These environmental liabilities do not only burden the solvency of borrowers, but according to environmental law also often subordinate the claims of their debt holders.",4,,"claim-priority channel: env law subordinates debtholder claims, hurts recovery"
"Bauer, Hann (2010)",mechanism_extra,,"Particularly banks are cautious about financing firms with poor environmental practices because, next to the risk of incurring reputation and repayment losses (McKenzie and Wolfe, 2004), a too close involvement with such clients can make them liable for environmental obligations",5,,lender-liability channel raising funding cost for env offenders
"Bauer, Hann (2010)",mechanism_extra,,The reluctance of investors to finance or hold securities of environmental offenders can thus require an additional risk and liquidity premium on the cost of capital for firms with questionable practices,5,,investor-exclusion/screening channel: extra risk and liquidity premium
"Bauer, Hann (2010)",counter,,"While voluntary environmental disclosures can contain useful information for decision makers, we choose to ignore them since they ultimately represent an unaudited self-portrayal of the firm’s environmental performance.",10,,"greenwashing argument: voluntary disclosure unaudited, excluded from measure"
"Bauer, Hann (2010)",paris_policy,,"We argue that the relevance of corporate environmental management has increased over the recent years, as a result of the growing climate change concerns and investors’ awareness of the associated regulatory risks.",20,,climate-policy amplification: climate concerns raise perceived regulatory risk over time
"Bauer, Hann (2010)",key_citation,,"Reinhardt (1999) argues that an engagement beyond compliance standards can improve production efficiency, increase demand from environmentally sensitive consumers, discourage stakeholder activism, and help firms to attract skilled workers.",8,Reinhardt (1999),sole theory source used to derive H2 cash-flow/profitability argument
"Bauer, Hann (2010)",key_citation,,"Graham, Maher, and Northcut (2001) report that a firm’s listing as potentially responsible party for Superfund liabilities is associated with a significant deterioration of its bond ratings.",6,"Graham, Maher, and Northcut (2001)",anchor for env liability -> credit rating link
"Bauer, Hann (2010)",key_citation,,"Chava (2010) studies whether the environmental performance of firms affects the cost of their bank loans. The study documents a significantly negative relation, which is suggested to result from an increase in environmentally responsible lending.",7,Chava (2010),closest antecedent: env performance and cost of bank loans
"Bauer, Hann (2010)",status,,,,,"SSRN working paper (2010 Moskowitz prize); explicit conceptual-framework and hypotheses sections on legal/reputational/regulatory risk; pre-Paris, so climate claims are Kyoto/IPCC-era."
Ben Slimane et al (2019),frame_use,RISK,"All in all, these studies seem to show that poor extra-financial performance, whether or not it is captured by credit ratings, increases the risk and therefore the cost of the debt.",4,,authors' summary of literature: ESG/E weakness raises risk hence cost of debt
Ben Slimane et al (2019),frame_use,AGENCY,Bhojraj and Sengupta (2003) also demonstrated that corporate governance mechanisms – reduction of agency risk of self-interest management and information risks from partial disclosure – higher bond rating and lower bond yield.,4,,cited finding; agency risk plus disclosure-information risk channel to yields
Ben Slimane et al (2019),mechanism_extra,,"If ESG ratings affect credit ratings, we can expect an effect on the bond valuation and the transmission channels to bond markets must be theoretically defined and empirically assessed.",4,,authors' claim: credit-rating channel as transmission of ESG into bond pricing
Ben Slimane et al (2019),mechanism_extra,,"Investors are paying increasing attention to sustainability criteria, which impacts asset prices. This phenomenon is likely to go on since demand for responsible financial instruments is increasing faster than supply.",2,,authors' claim: investor-base/demand-supply imbalance channel on prices
Ben Slimane et al (2019),mechanism_extra,,"From a bond picking perspective, the consensus is that companies with better corporate social responsibility generally face lower capital constraints (Cheng et al., 2014).",4,,cited consensus; capital-constraint/access-to-finance channel
Ben Slimane et al (2019),mechanism_extra,,"Nevertheless, it does not mean that ESG ratings and credit ratings give the same information about a corporation. If it was the case, we would observe a perfect correlation",22,,construct discussion: ESG score carries information incremental to credit rating
Ben Slimane et al (2019),counter,,"Additionally, owners are directly associated with the firm while lenders, that are not part of the board, fix the cost of the debt based purely on financial statements and covenants.",4,,"attenuation: lenders price on financials/covenants, less ESG-sensitive than equity"
Ben Slimane et al (2019),counter,,"This overall neutrality, sometimes associated with a lack of maturity in incorporating ESG information into the bond market",2,,"attenuation: diffusion lag / immature ESG pricing in bonds, null results"
Ben Slimane et al (2019),key_citation,,"The big challenge is then to build an integrated model that considers all the factors that can affect the cost of debt. For that, we use the approach developed by Crifo et al. (2017) that measures the marginal effect of ESG ratings.",22,Crifo et al. (2017),framework anchor: integrated credit-ESG model adopted for cost of debt
Ben Slimane et al (2019),key_citation,,"Concerning the cost of debt, Mentz (2010) also noted that “the debt market exhibits a considerable weight for corporate finance, for which reason creditors should basically play a significant role in the transmission of CSR into the valuation of financial instruments”.",4,Mentz (2010),creditor-transmission anchor; paper spells it Menz (2010) elsewhere
Ben Slimane et al (2019),key_citation,,"For instance, Devalle et al. (2017) showed that “ESG performance, especially concerning social and governance metrics, meaningfully affects credit ratings”.",4,Devalle et al. (2017),"rating-channel anchor, reiterated in Section 4.1"
Ben Slimane et al (2019),status,,,,,"gate2_flag:duplicate; byte-identical copy '... (1).pdf' gets a duplicate_file status row (rule 6) | Amundi working paper (practitioner quantitative study, SSRN); theory confined to introduction literature review and Section 4 model setup; no Paris-Agreement or climate-policy claims."
Bhattacharya & Sharma (2019),frame_use,SIG,"We presume that credit rating agencies themselves receive signals from ESG (disclosures) reports. In this research paper, we have assumed that signalers are companies that participate in ESG reporting while credit rating companies are receivers.",469,,"signalling theory applied: ESG reports are signals, rating agencies the receivers"
Bhattacharya & Sharma (2019),frame_use,STAKE,"Hence, bondholders or creditors can exert pressure on companies to behave in a socially and environmentally responsible way to add to the economic and the moral value of the company.",471,,stakeholder theory: creditors as powerful stakeholders exerting pressure
Bhattacharya & Sharma (2019),frame_use,RISK,"Stakeholders value a positive image for CSR because it serves to mitigate risk (Donker et al., 2008). Fombrun et al. (2000) argued that CSR can act as a safety net by reducing reputational damage.",470,,"risk-mitigation/insurance frame; CSR as downside safety net, cited"
Bhattacharya & Sharma (2019),frame_use,AGENCY,The bondholders/creditors of a company are affected by speciﬁc principal-agent conﬂicts as risk or failure is generally transferred to the bondholders or creditors.,471,,"agency frame: risk shifted onto creditors, author claim"
Bhattacharya & Sharma (2019),frame_use,OTHER:RBV,"According to resource-based view, it is one of the most important intangible resources of ﬁrms that may lead to sustainable competitive advantage.",468,,RBV: reputation as inimitable intangible resource
Bhattacharya & Sharma (2019),mechanism_extra,,They conclude that such ﬁrms that go beyond just compliance norms and give back to the society and the community are appreciated by the market and the customers; this ultimately leads to lower ﬁnancing costs due to higher credit ratings.,480,,"explicit CSR to rating to lower financing cost chain, endorsing Attig et al."
Bhattacharya & Sharma (2019),counter,,Even ﬁrms with weaker environmental performance can use environmental reporting to signal their credit worthiness.,469,,decoupling/greenwashing: disclosure signals independent of real performance
Bhattacharya & Sharma (2019),counter,,"Larger ﬁrms with high market capital are generally graded “AA” and above due to their ﬁnancial soundness. However, relatively smaller ﬁrms can signal creditworthiness through ESG disclosure and performance.",480,,ceiling effect: no ESG benefit for large already top-rated firms
Bhattacharya & Sharma (2019),key_citation,,"In terms of market transactions when there is information asymmetry between buyers and sellers, buyers rely on signals to reduce their uncertainty (Spence, 1974).",469,"Spence, 1974",signalling theory anchor for the whole H2-H5 block
Bhattacharya & Sharma (2019),key_citation,,"Stakeholders are deﬁned as “any group or individual who can affect or is affected by the achievement of an organization”s objectives’ (Freeman, 1984).",471,"Freeman, 1984",stakeholder theory anchor for creditor-as-stakeholder argument
Bhattacharya & Sharma (2019),key_citation,,Hart (1995) postulated two ways of linking bio-physical environmental considerations to resource based theory,480,Hart (1995),NRBV anchor for compliance vs proactive environmental channel
Bhattacharya & Sharma (2019),status,,,,,"Int. J. of Ethics and Systems; ESG disclosure to credit rating in India; theory is reputation/signalling-led, no climate-policy or Paris content."
Boermans et al (2023),frame_use,RISK,"We focus specifically on corporate bond investors, as climate and environmental risks are downside risks, and thus have more fundamental implications for corporate bond investors (Seltzer et al., 2022; Hoepner et al., 2024).",1,,downside-risk asymmetry: why debt investors price climate risk; authors' own framing
Boermans et al (2023),frame_use,SIG,"signals to investors that the company possesses advanced green technologies. This has a positive option value, especially if investors anticipate stricter climate policies in the future, since it positions the firm to respond more effectively to increased policy stringency.",22,,green patents signal unobservable green capability; option value under anticipated policy
Boermans et al (2023),paris_policy,,"Current public policies and actions are inadequate in addressing climate change (UNEP, 2023), creating considerable uncertainty around the transition, and leaving firms exposed to climate transition risk.",1,,"inadequate climate policy creates transition uncertainty; amplification, authors' claim"
Boermans et al (2023),paris_policy,,"Using syndicated loan data, D’Arcangelo et al. (2023) show that that the costs of debt are lower for firms with lower emission intensity, especially in countries where climate-change mitigation policies become more stringent",4,,cited finding: policy stringency moderates the emissions-cost-of-debt link
Boermans et al (2023),mechanism_extra,,"This suggests that the disciplining effect of corporate bond investors becomes stronger as the bond maturity shortens, since firms need to roll over their debt more frequently. This aligns with the findings of De Haas and Popov (2023).",19,,refinancing/rollover channel: shorter maturity strengthens bondholder discipline
Boermans et al (2023),mechanism_extra,,This parameter captures whether European investors ask a lower risk premium for emission-intensive firms that make an effort to become green by engaging in green innovation.,24,,investor-base channel hypothesis: European holders demand lower risk premium
Boermans et al (2023),counter,,"The coefficient only turns statistically significant once we add the interaction term between emission intensity and the green patent ratio. The effect is positive, indicating that investors view high green innovation levels on their own as risky.",15,,"attenuation: green innovation alone raises spreads, investors read it as risky"
Boermans et al (2023),counter,,our results suggest that investors may need to exercise caution when accommodating emission-intensive companies by charging a lower climate risk premium once they innovate in the green space.,3,,greenwashing-adjacent caution: reward may be unwarranted absent emission cuts
Boermans et al (2023),key_citation,,"Bolton et al. (2023) find that there is path-dependency in innovation, as green innovation is predominantly undertaken by firms that are already green, while brown firms tend to innovate in brown technologies.",5,Bolton et al. (2023),anchor for green-patent-ratio construct and no-emission-reduction counter
Boermans et al (2023),key_citation,,Bolton and Kacperczyk (2021) find evidence of a positive carbon premium in the cross-section of U.S. stock returns and Bolton and Kacperczyk (2023) show that this premium is observed in global stock markets.,4,Bolton and Kacperczyk (2021),carbon-premium anchor; also used for emission-measure and data-coverage arguments
Boermans et al (2023),key_citation,,Seltzer et al. (2022) provide evidence that climate regulatory risks affect bond yield spreads.,4,Seltzer et al. (2022),climate regulatory risk in corporate bonds; anchors downside-risk framing
Boermans et al (2023),status,,,,,"DNB Working Paper No. 797 (English); no hypothesis section - theory sits in intro, related literature and discussion; blank cover page (pdf-1)."
Borsuk & Shrimali (2026),frame_use,RISK,"Our baseline specification proxies transition risk using firms' Scope 1 emissions, based on the premise that carbon-intensive firms are more exposed to regulatory tightening and will likely face higher adjustment costs as economies move toward decarbonization.",5,,authors' core transition/regulatory-risk premise behind emissions proxy
Borsuk & Shrimali (2026),frame_use,STAKE,"Hrazdil et al. (2024) and Nandy and Lodh (2012) investigating syndicated loan markets, find that environmental controversies are associated with elevated loan spreads, suggesting banks incorporate reputational risks into credit pricing.",8,,reputation/controversy channel priced by banks; cited findings
Borsuk & Shrimali (2026),frame_use,SIG,"A growing body of literature suggests that strong ESG practices can reduce investor uncertainty and enhance firms' resilience to long-term risks, including those associated with climate transition (Pástor et al., 2022; Krüger, 2015; Ilhan et al., 2021).",7,,ESG practices reduce investor uncertainty; information/signaling framing
Borsuk & Shrimali (2026),mechanism_extra,,"These financing needs may increase funding costs, either through higher interest expenses or elevated equity risk premia. Accordingly, we hypothesize that carbon-intensive firms face higher capital costs—both in debt and equity markets—due to their transition exposure.",9,,abatement capex and leverage raise funding costs; authors' cost-of-capital hypothesis
Borsuk & Shrimali (2026),paris_policy,,we exploit the 2015 Paris Agreement as a plausibly exogenous global policy signal that shifted investors' expectations about the stringency and timing of climate transition policy.,4,,Paris shifts policy-stringency expectations; amplification claim
Borsuk & Shrimali (2026),paris_policy,,"By applying the CPRP to firms' emissions, we estimate the unpriced carbon cost, reflecting the additional financial burden firms would incur under stringent global climate policy alignment.",6,,unpriced carbon cost under Paris-aligned prices as latent transition burden
Borsuk & Shrimali (2026),counter,,"creditors may not yet be pricing climate risks into debt contracts. One possible explanation is that lending institutions in India may not face strong regulatory or market-based incentives to penalize high-emitting firms, or that loan maturities are too short for climate risks to be perceived as material.",9,,null COD: weak lender incentives and short loan horizons attenuate pricing
Borsuk & Shrimali (2026),counter,,"Taken together, these features imply that the absence of a significant emissions premium in the cost of debt for India firms might be related with institutional constraints in credit markets rather than evidence that transition risk is immaterial.",14,,"null loan-spread effect attributed to credit-market institutions, not immateriality"
Borsuk & Shrimali (2026),key_citation,,"we rely on firm-level absolute carbon emissions, in line with the approach adopted by Bolton and Kacperczyk (2023) and Hsu et al. (2023), who assume that firms with higher GHG emissions face elevated transition risk due to their greater exposure to regulatory tightening, investor scrutiny, and reputational costs.",3,Bolton and Kacperczyk (2023),anchor for emissions-as-transition-risk-exposure premise
Borsuk & Shrimali (2026),key_citation,,Capasso et al. (2020) find that firms with larger carbon emissions are viewed by the market as more likely to default on debt,1,Capasso et al. (2020),anchor for carbon emissions raising perceived default risk
Borsuk & Shrimali (2026),key_citation,,Chava (2014) highlights a significant positive relationship between environmental risks and firms' credit spreads,8,Chava (2014),anchor linking environmental risk to credit spreads and borrowing costs
Borsuk & Shrimali (2026),status,,,,,"Energy Economics empirical paper (India, emissions and market-implied PD); theory sits inside methods/channel subsections; reports null cost-of-debt effect."
Boubaker et al (2026),frame_use,RISK,"Some studies show that more polluting firms, given their greater exposure to climate transition risk, suffer from greater credit rating deterioration and loan spreads (Carbone et al., 2021; Chen et al., 2021).",2,,transition-risk pricing frame; polluting firms face worse ratings and spreads
Boubaker et al (2026),paris_policy,,"Delis et al. (2024) focus on the risk of stranded fossil fuel reserves, that has been priced since 2015. Indeed, if these reserves were to become unburnable or “stranded” due to policy shifts, firms holding them would face considerable losses.",2,,"climate-policy shift to stranded reserves to losses; amplification, cited"
Boubaker et al (2026),frame_use,STAKE,"Beyond that, they also refer to the legitimacy theory, which postulates that firms are often driven to perform socially desired actions in return for approval. Therefore, by aligning with their debtholders’ climate priorities, they can gain legitimacy and trust, which may translate into a reduced cost of debt.",3,,legitimacy/stakeholder frame; approval of debtholders lowers COD
Boubaker et al (2026),counter,,Buchetti et al. (2024) highlight that banks may actually perceive ex­ posures to “green” firms as riskier than those to “brown” firms. They observe this phenomenon – known as green-transition risk – as a negative relationship between a firm's probability of default and its GHG emissions.,3,,"green-transition risk; sign may reverse, greener firms seen riskier"
Boubaker et al (2026),frame_use,OTHER:catch-up,"Drawing from economic growth theory, the ""catch-up"" hypothesis posits that economies with lower productivity levels possess a greater potential for rapid growth and improvement.",3,,named catch-up growth theory underpinning H2 heterogeneity
Boubaker et al (2026),frame_use,AGENCY,Their interpretation of the relationship between environ­ mental management and firms' performance proposes an inverted U-shaped curve. Sustainability commitment is advantageous unless it is pushed too far. Overinvesting in green initiatives can be detrimental when additional costs exceed the marginal benefits.,4,,overinvestment/cost-burden view; inverted-U bounds the benefit
Boubaker et al (2026),frame_use,SIG,"Finally, according to the signaling theory (Spence, 1973), the environmental transition may be considered a substantive action conveying the information of an active and observable effort toward environmental improvement (Truong et al., 2021).",4,,signaling frame; transition as substantive observable signal
Boubaker et al (2026),mechanism_extra,,"Such operational and market-based gains have implications for credit risk and, from lenders’ perspective, higher efficiency, innovation and profitability may translate into greater financial well-being and thus lower probability of default.",12,,efficiency/innovation channel into default probability; authors' own mechanism
Boubaker et al (2026),key_citation,,"In addition to the catch-up theory, further insights are provided by Schrettle et al. (2014), who offer an explanatory framework for corporate strategies and decision-making regarding the climate challenge.",4,Schrettle et al. (2014),anchor for inverted-U overinvestment and path dependency
Boubaker et al (2026),key_citation,,"Firms that improve their environmental position over time signal an active and observable commitment to sustainability, which can positively influence lenders' perception (Spence, 1973; Truong et al., 2021).",12,"Spence, 1973",signaling theory anchor for the transition-signal argument
Boubaker et al (2026),key_citation,,"As explained by Abramovitz (1986), the key point relates to the level of tech­ nology incorporated in capital stocks.",3,Abramovitz (1986),catch-up/convergence anchor behind H2
Boubaker et al (2026),status,,,,,"International Review of Economics and Finance empirical article; theory in Sec. 2, further mechanism development in Sec. 8 Discussion."
Brinette et al (2026),frame_use,STAKE,"From a theoretical standpoint, legitimacy theory argues that firms’ actions should be in accordance with societal norms and ex­ pectations to gain legitimacy (Dowling and Pfeffer, 1975). Firms establish implicit social contracts with the society and their survival depends on maintaining a societal appraisal (Suchman, 1995).",1,,sole named frame; legitimacy/social contract as paper's theory base
Brinette et al (2026),frame_use,RISK,"Firms with negative environmental impact might face with lower employee morale and customer demand, causing lower productivity and cash flow (Barkemeyer et al., 2023; Gillan et al., 2021). Thus, these firms are more likely to have higher default risk, increasing the cost of acquiring external funds",2,,authors' cash-flow to default-risk channel raising external funding cost
Brinette et al (2026),frame_use,SIG,The findings reveal that lenders perceive effective waste management as a signal of managerial efficiency and reduced risk.,1,,abstract; waste performance as signal of managerial efficiency to lenders
Brinette et al (2026),mechanism_extra,,"lenders are cautious about providing credit to such firms to avoid being held accountable for their environmental damage (Balkenborg, 2001).",2,,lender liability channel; creditor accountability for borrower damage
Brinette et al (2026),mechanism_extra,,"In addition, poor environmental practices can also harm firms’ reputation and legitimacy by creating a gap between firms’ behaviours and social expectations (Palea and Drogo, 2020). These firms often invest in costly actions to reestablish damaged legitimacy, increasing the cost of debt",2,,costly re-legitimation channel; remediation spending raises debt cost
Brinette et al (2026),mechanism_extra,,"Following international regulators and policymakers, inadequate waste management can affect corporate risk, valuation, and financing opportunities.",1,,"regulatory pressure channel (EU waste targets), not climate-policy specific"
Brinette et al (2026),counter,,"On the other hand, small firms are less scrutinized by market analysts and disclose financial information in a less formal manner. Therefore, they encounter difficulties in gaining lenders’ confidence (Mahmood et al., 2019).",5,,"conditional: effect hinges on borrower opacity/size, not uniform"
Brinette et al (2026),counter,,"For large firms, the coefficients are smaller in magnitude and less consis­ tently significant, indicating that lenders perceive larger firms as better able to absorb environmental risk.",5,,"attenuation for large firms; result-rationalization, risk-absorption capacity"
Brinette et al (2026),key_citation,,"legitimacy theory argues that firms’ actions should be in accordance with societal norms and ex­ pectations to gain legitimacy (Dowling and Pfeffer, 1975).",1,"Dowling and Pfeffer, 1975",legitimacy theory anchor carrying the paper's whole frame
Brinette et al (2026),key_citation,,"Firms establish implicit social contracts with the society and their survival depends on maintaining a societal appraisal (Suchman, 1995).",1,"Suchman, 1995",social-contract/managing-legitimacy anchor for survival argument
Brinette et al (2026),key_citation,,"Lending institutions avoid being perceived as facilitator of environmental damage conducted by borrowing firms and afraid of losing their own legitimacy (Eliwa et al., 2021).",2,"Eliwa et al., 2021",ESG-cost-of-debt anchor; source of lender reputational/legitimacy logic
Brinette et al (2026),status,,,,,"Finance Research Letters short paper; no hypothesis section, theory compressed into the introduction; legitimacy theory is the only named frame and no Paris/climate-policy claim appears in text."
Caragnano et al (2020),frame_use,RISK,We argue that lenders mitigate the impact of borrowers’ GHG emissions on their future cash flows primarily requiring firms with higher carbon emissions intensity to pay significantly higher costs for financing their operations through indebtedness.,1,,risk frame: lenders price emission-driven cash-flow risk into debt cost
Caragnano et al (2020),frame_use,AGENCY,"On the other, less risk adverse managers may undertake potentially high-profit carbon-intensive operations that may undermine the stability of expected cash flows. If carbon-intensive projects are successful, shareholders are expected to benefit the most; if they don’t, lenders may suffer high losses.",2,,agency/risk-shifting: carbon-intensive projects transfer downside to lenders
Caragnano et al (2020),frame_use,STAKE,"Additionally, lenders may also face reputational downturns with financing environmentally irresponsible companies, thus impairing their future operations, their market competitive position and their longterm ability to retain existing customers and attracting new ones.",2,,reputation channel on the lender side; financing polluters harms banks
Caragnano et al (2020),frame_use,SIG,"lenders cannot access and thus base their lending decisions on current carbon emissions data but instead have to rely on publicly disclosed information, which is typically delayed by a year.",5,,information/disclosure-lag argument motivating t+1 robustness test
Caragnano et al (2020),frame_use,OTHER:prospect,"This seems to be largely consistent with Kahneman and Tversky’s (1979) prospect theory but leads to an asymmetric framework of incentives for high emitting firms, on the one hand, and companies with low carbon",7,,names prospect theory; asymmetric incentives high vs low emitters
Caragnano et al (2020),mechanism_extra,,"value of carbon intensive assets and their ability to collateralize loans. Finally, the increase of litigation and reorganisation costs associated to higher GHG emissions can reduce the financial resources for debt reimbursement.",2,,"collateral-value and litigation/recovery channel, from Li et al. (2014)"
Caragnano et al (2020),counter,,"Although there are some outdated studies (for example, Spicer, 1978; Mahapatra, 1984) arguing that pollution monitoring activities increase production costs and capital consumption, the prevailing opinion in existing literature sustains that there is a positive relation among environmental performances and economic performances",2,,"cost-burden counter view, cited then dismissed by authors"
Caragnano et al (2020),counter,,"Moreover, a 100 b.p. reduction in the carbon intensity of high polluting firms should not be viewed as confirmation of a company’s ability/actual commitment to dramatically reducing its carbon intensity in future years, thus leading financial markets to be cautious in their carbon risk evaluation of the company.",7,,attenuation: markets discount high emitters' cuts as non-credible commitment
Caragnano et al (2020),key_citation,,"In this perspective, Li et al. (2014) have selected three points on which to focus the attention in order to justify the relation between carbon risk and the cost of debt financing.",2,Li et al. (2014),anchor supplying the three channels linking carbon risk to debt cost
Caragnano et al (2020),key_citation,,"They postulated that lenders take into account carbon risk during their overall risk assessment and can recur to loan contract terms governing collat­ eral, debt maturity and the price of debt in order to mitigate the impact of borrowers’ carbon risk.",2,Jung et al. (2018),anchor for lender risk assessment and loan contract terms; basis for H1
Caragnano et al (2020),key_citation,,They also argued that this relationship is greater for companies belonging to industries with lower environmental sensitivity.,2,Kim et al. (2015),carbon risk / cost of equity anchor motivating industry-sensitivity H2a
Caragnano et al (2020),status,,,,,"Journal of Environmental Management empirical article (EuroStoxx 600, 2010-2017); theory sits in intro and short lit review, no Paris-Agreement or explicit climate-policy claim; two-column PDF with columns interleaved, so page-2 text runs out of order."
Chava (2010),frame_use,RISK,"Hazardous and toxic chemical emissions may have a direct impact on the lender through increased credit risk and indirectly through increased compliance and litigation costs for the borrower, potential litigation risk to the bank through lender liability laws and regulatory compliance costs for the lender itself.",5,,"author's risk channel: env exposure -> credit, compliance, litigation risk for lender"
Chava (2010),frame_use,STAKE,Another distinct possibility is that lenders may face a reputation risk as a result of lending to environmentally damaging projects. Lenders may partly be influenced by the bad publicity and social attitudes that are increasingly critical of the polluting firms.,4,,reputation/social-attitude channel for lenders; author's own claim
Chava (2010),mechanism_extra,,"Lenders are potentially liable for environmental damage caused by borrowers under the terms of Comprehensive Environmental Response, Compensation and Liability Act (CERCLA) and its Superfund Amendments.",3,,lender liability channel via CERCLA/Superfund; direct legal exposure of bank
Chava (2010),mechanism_extra,,"These environmental initiatives by the banks may affect the borrower’s cost of debt capital similar to the increase in cost of equity capital due to exclusionary green investing in the stock market (See Heinkel, Kraus and Zechner (2001)).",4,,exclusion/green-investing analogy: bank initiatives raise borrower cost of debt
Chava (2010),counter,,But the impact of the environmental profile of the firm on the loan spreads may be muted if the bank loan markets are not transparent and it is not easy to find out the identity of lenders of polluting firms.,4,,attenuation: opaque loan market weakens reputational discipline on lenders
Chava (2010),counter,,"First, bank loans are relatively short-term with the average maturity of the loans around 3.5 years. It is not likely that the climate change would impact the firm significantly within the life of the loan.",14,,horizon mismatch: short loan maturity vs long climate impact; result rationalization
Chava (2010),counter,,"firms with more environmental concerns (strengths) have higher (lower) default risk (over and above the default risk proxied by the explanatory variables included in the loan spread specifications). In that case, lenders may simply be pricing the default risk of the firm and not necessarily the environmental concerns",18,,subsumption counter: env variables may proxy omitted default risk
Chava (2010),paris_policy,,"Greenhouse gases and other climate change issues, though not currently regulated, may be regulated in the future and this anticipated regulation may expose the lenders to increased risk.",5,,anticipated future GHG regulation raises lender risk today; amplification
Chava (2010),key_citation,,"(See Heinkel, Kraus and Zechner (2001) on how exclusionary ethical investing in the stock market can impact environmental policies of polluting firms)",1,"Heinkel, Kraus and Zechner (2001)",exclusionary-investing cost-of-capital anchor; the paper's core channel
Chava (2010),key_citation,,These results are consistent with Fisher-Vanden and Thorburn (2009) who find that there is no abnormal stock return when firms announce that they have joined CERES.,5,Fisher-Vanden and Thorburn (2009),voluntary-initiative non-pricing anchor; used to read CERES null
Chava (2010),key_citation,,"Karpoff, Lott and Wehrly (2005) find that while firms that violate environmental laws suffer statistically significant losses in the market value of firm equity, the losses, however, are of similar magnitudes to the legal penalties imposed.",5,"Karpoff, Lott and Wehrly (2005)",reputational-penalty anchor for environmental violations
Chava (2010),status,,,,,"Unpublished working paper (Texas A&M, Feb 2010); KLD/DealScan bank-loan study, informal intro-level theory, no formal hypotheses; front pages labelled pdf-1/pdf-2."
Chava (2014),frame_use,RISK,"Lenders can also be sensitive to the environmental profile of a firm because of the potential for regulatory, compliance, and litigation risk for the borrower, which can lead to a higher credit risk.",2224,,"image_transcribed; RISK frame, regulatory/litigation risk raises borrower credit risk"
Chava (2014),frame_use,STAKE,Another distinct possibility is that lenders will face a reputation risk as a result of lending to environmentally damaging projects. Lenders may partly be influenced by the bad publicity and social attitudes that are increasingly critical of the polluting firms.,2242,,"image_transcribed; STAKE frame, lender reputation and hostile social attitudes"
Chava (2014),mechanism_extra,,"Similarly, if a large number of lenders abstain from lending to firms with environmental concerns, and if these firms cannot easily switch to alternate sources of financing, the affected firms could end up paying higher interest rates on their bank loans.",2223,,"image_transcribed; lender-base exclusion channel, author's own claim, positive CER-COD"
Chava (2014),mechanism_extra,,"Lenders are potentially liable for environmental damage caused by borrowers under the terms of the Comprehensive Environmental Response, Compensation, and Liability Act (CERCLA) and its Superfund Amendments.",2242,,"image_transcribed; lender liability channel, CERCLA exposure priced into loans"
Chava (2014),paris_policy,,"Notably, firms with climate change concerns have a significantly higher cost of equity and debt capital, indicating that even though greenhouse gas emissions are not currently regulated, investors do seem to take these issues into consideration.",2244,,image_transcribed; climate concerns priced despite GHG being unregulated; amplifying
Chava (2014),counter,,"But, it is difficult to conclusively rule out the alternate explanation that an omitted, possibly unobserved component of a firm's risk is driving the observed relationship between a firm's environmental profile and the cost of its debt and equity capital.",2238,,"image_transcribed; counter, omitted default-risk component may subsume the effect"
Chava (2014),counter,,loan markets are not transparent and the identity of lenders of polluting firms cannot be easily identified or the lenders are not concerned about litigation risk stemming from lending to firms with environmental concerns.,2243,,"image_transcribed; counter, loan-market opacity mutes reputation channel"
Chava (2014),counter,,"Fisher-Vanden and Thorburn (2011) find that there is no abnormal stock reaction to a firm's announcement to join voluntary initiatives such as Ceres. In line with their findings, I find that voluntary environmental initiatives do not reduce the cost of equity or debt capital.",2225,,"image_transcribed; counter, voluntary/symbolic initiatives not priced by investors or lenders"
Chava (2014),key_citation,,the potential effects on the affected firm's cost of debt capital would be similar to the increase in the cost of equity capital due to exclusionary green investing in the stock market (see Heinkel et al. 2001).,2242,Heinkel et al. 2001,image_transcribed; exclusionary-investing model anchor extended to debt
Chava (2014),key_citation,,"The higher expected returns and lower institutional ownership in stocks with environmental concerns are consistent with the theoretical arguments in Merton (1987), Heinkel et al. (2001), and Gollier and Pouget (2009).",2225,Merton (1987),image_transcribed; investor-recognition/segmentation anchor for excluded firms
Chava (2014),key_citation,,"Investor tastes for assets as consumption goods can affect asset prices, as highlighted by Fama and French (2007). In particular, investor tastes and preferences for socially responsible investing can affect asset prices.",2223,Fama and French (2007),image_transcribed; investor-taste asset pricing anchor for SRI price effects
Chava (2014),status,,,,,"image_transcribed; quotes transcribed from rendered page images (rule 10); verified by token coverage >=0.75 against fresh OCR of re-rendered pages (rule 11) | Management Science empirical finance article (JSTOR scan, corrupt text layer); theory sits in Sec. 1 and Sec. 4; quotes transcribed from rendered page images."
Chen et al (2020),frame_use,STAKE,"Since their lending resources come mainly from depositors at a cost, commercial banks should encourage making loans to firms with more environmentally sensitive and responsible performance according to the stakeholder theory.",690,,stakeholder theory named; banks as depositors' agents should favour clean borrowers
Chen et al (2020),frame_use,SIG,"Unlike capital market investors, such as corporate debtholders and equity shareholders, banks are better able to reduce information asymmetry not only by assessing hard information in a firm’s annual report but also by using soft information for making lending decisions",689,,information-asymmetry frame: banks' hard plus soft information advantage over bondholders
Chen et al (2020),frame_use,RISK,"Second, firms with weak environmental performance encounter higher regulatory, compliance, and litigation risks; each of which affects their default risk and causes concern on the part of both financial and nonfinancial stakeholders.",690,,authors' own risk chain: regulatory/compliance/litigation risk raises default risk
Chen et al (2020),frame_use,AGENCY,"Taken together, although the agency theory of debt argues that shareholders may not necessarily act in the interest of debtholders in certain circumstances, the benefits of better governance outweigh the costs of a governance structure from the information risk standpoint.",692,,agency theory of debt named; nets out against information risk to give H2
Chen et al (2020),mechanism_extra,,"In addition, banks experience higher litigation risk if they lend to firms with environmental concerns, as these environmental liabilities not only impose potential solvency risks",690,,lender-liability channel: bank itself exposed to borrowers' environmental liabilities
Chen et al (2020),mechanism_extra,,"Third, lending to firms with high levels of chemical emissions may conflict with community interests or social norms that tarnish the bank’s public image or reputation (Hong and Kacperczyk 2009).",690,,"lender-side reputation/social-norm channel, distinct from borrower risk"
Chen et al (2020),counter,,"Under this situation, a firm with poorly aligned interests between shareholders and debtholders may transfer the risk to the debtholders. Banks that consider the possible effect of a wealth transfer will charge higher loan spreads even if the firms have a good governance structure.",691,,attenuates governance moderation: wealth transfer keeps spreads high despite good governance
Chen et al (2020),counter,,"As discussed previously, banks aim to maximize the shareholders’ value and have a low obligation to carry out any action that is good for society or that even hurts the creditor’s interests.",706,,attenuation: profit-maximising banks need not price environmental performance at all
Chen et al (2020),key_citation,,"On the other hand, a socially responsible bank takes stakeholders’ interests into account and balances them with the loan policy for a borrower that concerns of environmental performance (Freeman 1984).",706,Freeman 1984,"stakeholder-theory anchor, carried from intro through the bank-CSR test"
Chen et al (2020),key_citation,,Building mutual trust and cooperative relationships between firms and their stakeholders help the firms to gain a competitive advantage over those that do not (Jones 1995).,690,Jones 1995,instrumental stakeholder anchor: trust yields competitive advantage
Chen et al (2020),key_citation,,Schneider (2011) investigates the pulp and paper and chemical industries and shows that the misconduct of those firms increases the future costs of clean-up and compliance that affects their interest solvency and results in a higher cost of debt.,690,Schneider (2011),direct antecedent for H1: environmental misconduct raises cost of debt
Chen et al (2020),status,,,,,"gate2_flag:year_mismatch; J Bus Ethics 174:687-713; online-first + (c) 2020, issue 2021. Same paper. | Journal of Business Ethics empirical paper on toxic chemical emissions (TRI) and bank loan pricing; theory sits in a formal Literature Review and Hypothesis Development section; no Paris-Agreement or climate-policy claim, so no paris_policy record."
"Chen, Gao (2011)",frame_use,RISK,"The uncertainty of future cash-flows arises from future capital expenditures required to comply with regulation and legislation, clean-up costs and costs with lawsuits related to accidental spill and other uncontrollable events, and contingent environmental liability",pdf-2,,"authors' risk frame: compliance capex, cleanup, lawsuits, contingent liability drive cash-flow uncertainty"
"Chen, Gao (2011)",frame_use,SIG,"Information risk, or value ambiguity, is often translated into further discounting in firm valuation. This type of risk can be mitigated through corporate disclosures.",pdf-3,,information-risk/value-ambiguity frame; disclosure as mitigant of valuation discount
"Chen, Gao (2011)",frame_use,STAKE,"Environmental risk reduction is associated with good corporate reputation, and good corporate reputation is a valuable intangible asset (Branco and Rodrigues, 2006).",pdf-7,,reputation-as-intangible-asset channel from environmental risk reduction
"Chen, Gao (2011)",mechanism_extra,,"The impact of environmental risk on cost of equity can also result from a smaller base of investors in high polluting companies and consequent increase in the cost of equity (Merton, 1987).",pdf-7,,investor-base/exclusion channel: smaller investor base for polluters raises cost of capital
"Chen, Gao (2011)",mechanism_extra,,"It may also suggest that the company needs to invest in new equipment and efficiency in the near future. Future capital expenditures may imply lower cash flows available for debt payments, and consequently higher default risk.",pdf-16,,"future abatement capex crowds out cash for debt service, raising default risk"
"Chen, Gao (2011)",counter,,"equity holders will capture the potential incremental benefits of investments in future efficiency and pollution costs reductions, bond holders’ payoff function is fixed and as such bond investors will not benefit from the potential incremental value from these investments.",pdf-16,,attenuation: fixed bondholder payoff means debt does not capture env-investment upside
"Chen, Gao (2011)",counter,,"Kim, Surroca and Tribo (2009) argue that reductions in lending rates may simply be due to the fact that both borrowers and lenders belong to a similar cohort along the social responsibility dimension.",pdf-6,,"cited counter: lower lending rates may be borrower-lender CSR matching, not pricing"
"Chen, Gao (2011)",paris_policy,,"while new developments related to disclosure and regulation of greenhouse gases are anticipated in the coming years. Therefore, measures based on greenhouse gases emissions better capture environmental risks faced by companies.",pdf-4,,anticipated GHG disclosure/regulation makes carbon exposure the binding risk metric
"Chen, Gao (2011)",key_citation,,"Sharfman and Fernando (2008) argue that firms with better environmental risk management will have more flexibility to manage economic downturns, for example, by changing its processes.",pdf-7,Sharfman and Fernando (2008),"core theory anchor: env risk management gives downturn flexibility, lowers cost of capital"
"Chen, Gao (2011)",key_citation,,"Heinkel, Kraus and Zechner (2001) introduced a theoretical model to show that exclusionary ethical investing leads to polluting firms being held by fewer investors because green investors will not invest in polluting firms’ stock.",pdf-7,"Heinkel, Kraus and Zechner (2001)",theoretical model anchor for exclusionary green investing / risk-sharing loss
"Chen, Gao (2011)",key_citation,,"Bansal and Clelland (2004) make a similar argument, but relating to unsystematic risk. They argue that poor environmental performance, through the negative impact on the firm’s legitimacy, has long term effects on the share price volatility.",pdf-7,Bansal and Clelland (2004),legitimacy anchor: poor env performance raises unsystematic risk
"Chen, Gao (2011)",status,,,,,"gate2_flag:unknown_year; undated SSRN working paper (Chen & Silva Gao); published version J Financ Econom Pract 12(2) 2012 NOT in library | Undated SSRN working paper (electric utilities, US); short lit-review/hypothesis section, single hypothesis; pre-Paris, climate policy framed as anticipated GHG regulation and cap-and-trade; no printed folios."
Chodnicka-Jaworska (2022),frame_use,RISK,"Next, large pollution and high-carbon activity increases the credit margin and credit risk and has a direct impact on loan loss provisions and non-performing loans during the assessment stage by banks.",3,,author claim: high-carbon activity raises credit margin and credit risk
Chodnicka-Jaworska (2022),frame_use,SIG,"Downgrades or upgrades of credit ratings are changed if ﬁnancial or nonﬁnancial information is published, so this paper tests if ESG measures lead to favorable credit ratings.",4,,author claim: publication of non-financial information moves ratings
Chodnicka-Jaworska (2022),frame_use,AGENCY,"The negative impact of ESG factors on credit ratings can be an effect of conﬂict between large investors specialized in climate risk investments who would have to bear the associated costs as shareholders, and managers who receive proﬁts from overinvestments (Goss and Roberts, 2011).",3,,"cited: overinvestment conflict, shareholders bear ESG costs"
Chodnicka-Jaworska (2022),frame_use,STAKE,"Credit rating agencies are not willing to change credit ratings, because usually, companies from the energy sector, especially from coal and oil and gas subsectors, are large entities. They sometimes receive ﬁnancial support from governments. Governments are also stakeholders that create a lower risk of default.",16,,"author claim: government as stakeholder lowers default risk, ratings sticky"
Chodnicka-Jaworska (2022),mechanism_extra,,"Because credit ratings are taken during the analysis of the credit risk by banks and assessed as a value of credit margin, we can establish that ESG measures—as a part of the estimation credit rating—have an indirect impact on the cost of debt.",3,,"rating channel: ESG enters rating, indirect effect on cost of debt"
Chodnicka-Jaworska (2022),counter,,This can be an effect of introducing ESG-CSR policies by entities with higher risk premiums to reduce the cost of the capital and improve credit ratings.,3,,reverse causality: riskier firms adopt ESG-CSR to cut capital cost
Chodnicka-Jaworska (2022),counter,,ESG measures are also threatened as a marketing tool and a way to promote an environmentally and socially responsible policy.,16,,greenwashing: ESG as marketing/promotion tool
Chodnicka-Jaworska (2022),paris_policy,,Companies from the coal sector are usually big entities with high capital and their default risk can relate to the lower carbon policy introduced by regulators and governments.,11,,author claim: low-carbon policy drives coal-sector default risk
Chodnicka-Jaworska (2022),key_citation,,Goss and Roberts (2011) have a similar opinion. They suggest that companies with CSR policies pay more for borrowing cash than those that do not have them.,3,Goss and Roberts (2011),anchor for CSR raising borrowing cost
Chodnicka-Jaworska (2022),key_citation,,Menz (2010) has an opposing opinion. He found that ESGCSR factors increase corporate spreads and decrease their credit ratings.,3,Menz (2010),"anchor for ESG-CSR widening spreads, lowering ratings"
Chodnicka-Jaworska (2022),key_citation,,The mentioned opinion about the signiﬁcance of the E factor is also held by Ga-Young et al. (2020). The higher value of the E scores decreases the cost of debt in a small company subsample.,3,Ga-Young et al. (2020),anchor for E score reducing cost of debt
Chodnicka-Jaworska (2022),status,,,,,Frontiers in Energy Research empirical paper on ESG and energy-sector issuer credit ratings; theory is thin and scattered through the literature review and discussion; cost of debt enters only via the credit-rating channel.
Christ et al (2022),frame_use,RISK,"high levels of CSP can be seen as precautious risk-minimizing actions. Consequently, high levels of CSP can lower the overall risk profile and thus result in higher and/or less volatile cash flows, which should have a positive effect on default probabilities and the CoD.",7,,"risk mitigation view: CSP lowers risk profile, stabilises cash flows, cuts CoD"
Christ et al (2022),frame_use,AGENCY,"corporate sustainability investments could be seen as diametral to the maxim of firm value maximization and could be interpreted as a waste of scarce resources, for instance, to meet stakeholders’ philanthropic objectives, which should translate into lower and/or more volatile cash flows",6,,"overinvestment view: CSP as waste of scarce resources, raises cost of capital"
Christ et al (2022),frame_use,STAKE,firms invest in their CSP as a stakeholder management tool with the hope to convert their moral capital into competitive or financial advantages such as lower credit spreads in the future.,7,,stakeholder management / moral capital converted into lower credit spreads
Christ et al (2022),counter,,"some studies assume diminishing returns for corporate sustainability investments indicating a U-shaped CSP-CoD relation. This idea provides a synthesis of the risk mitigation and the overinvestment view, meaning there is an optimal degree of CSP.",8,,"diminishing returns, U-shaped relation; optimal CSP level, beyond it wasteful"
Christ et al (2022),mechanism_extra,,"Firms in countries with higher climate risk exposure are more likely to experience (more severe) economic damages, which should decrease their profitability and increase the volatility of their cash flows. As a result, investors eventually presume a higher risk profile (country-specific risk premium) for these firms.",9,,physical climate risk exposure channel; author's own country-specific risk premium
Christ et al (2022),counter,,"it seems plausible that investors believe that firms from carbon leakage risk sectors are more likely to relocate their facilities to evade stricter regulations rather than comply with more stringent climate risk regulations, which would diminish the importance of EMISSION in the risk assessment.",22,,regulatory circumvention / carbon leakage attenuates pricing of emission performance
Christ et al (2022),paris_policy,,"climate policy announcement can be interpreted as positive or negative, depending on the content of the policy announcement and the business model (and its emission intensity) of the respective firm.",25,,author's claim: climate policy event direction conditional on firm emission intensity
Christ et al (2022),paris_policy,,"With the Paris Agreement at COP 21, a central agreement was concluded that could not yet be grasped in its entire scope at the time and brought the expectation of stricter climate policy actions and corresponding restriction for the economy,",30,,"Paris Agreement raised expected policy stringency, widening CDS spreads for all firms"
Christ et al (2022),key_citation,,"Following Goss and Roberts (2011), higher levels of CSP can either cause lower and/or more volatile cash flows (overinvestment view) or lead to higher and more stable cash flow patterns (risk mitigation view).",6,Goss and Roberts (2011),anchor for competing overinvestment vs risk mitigation views
Christ et al (2022),key_citation,,"From the risk mitigation view, firms aspire to higher levels of CSP to lower their future regulatory, reputational, and in conclusion, financial risk (Bauer and Hann, 2010).",7,"Bauer and Hann, 2010",risk mitigation view anchor for environmental performance and credit risk
Christ et al (2022),key_citation,,"high levels of CSP enhance a firm’s moral capital and provide “insurance-like protection for many of a firm’s idiosyncratic intangible assets,” i.e., assets like a firm’s brand or reputation (Brown and Dacin, 1997; Godfrey, 2005).",7,"Godfrey, 2005",moral capital / insurance-like protection anchor
Christ et al (2022),status,,,,,"gate2_flag:unknown_year; undated working paper (Christ, Hertel, Kocian); no year anywhere on p.1 | Undated SSRN working paper (Ruhr University Bochum); European CDS sample; theory in Sec. 2, further mechanism development in the COP event-study sections."
Cicchini et al (2026),frame_use,RISK,"Other studies have argued that companies with higher emissions are associated with a greater level of CoD, as banks require an additional environmental risk premium due to the perception that these companies are less able to fulfill their debt obligations",pdf-4,,environmental risk premium; high emitters seen less able to service debt
Cicchini et al (2026),frame_use,SIG,Existing literature has primarily relied on signaling theory and the reduction of information asymmetries to explain why lower emissions and greater environmental disclosure are associated with more favorable financing conditions,pdf-10,,signaling theory and information asymmetry named as dominant explanation
Cicchini et al (2026),frame_use,STAKE,"Small and medium-­sized companies that voluntarily disclose their emissions are believed to do so out of genuine conviction and to obtain reputational and economic benefits, including more favorable financing terms.",pdf-5,,reputational benefits of voluntary disclosure feed into financing terms
Cicchini et al (2026),mechanism_extra,,"Furthermore, it indicates that regulation holds importance because, under stringent regulatory frameworks, an increase in issuance may also result in substantial costs arising from sanctions (S. Ali et al. 2025).",pdf-5,,regulatory sanction-cost channel under stringent frameworks; raises COD
Cicchini et al (2026),counter,,"Additional insights from the literature suggest that lenders do not always distinguish between ESG disclosure and ESG performance. This implies that benefits, in terms of the CoD, may sometimes be linked to symbolic rather than substantive disclosure practices (e.g., greenwashing) (Eliwa et al. 2021).",pdf-4,,greenwashing; benefits may attach to symbolic not substantive disclosure
Cicchini et al (2026),counter,,"Therefore, in regulated contexts, obligated companies may exhibit higher minimum performance thresholds and reduced variability, which could diminish the signaling power of emissions data alone.",pdf-9,,"mandatory regime compresses variance, erodes signalling power of emissions"
Cicchini et al (2026),paris_policy,,"Palea and Drogo (2020) reveal that lenders have increasingly considered corporate carbon risks since the Paris Agreement, especially for high emitters. Increased climate-­related disclosures appear to reduce debt costs for high emitters by lowering information asymmetry",pdf-5,,"carbon risk priced since Paris Agreement; amplification, cited finding"
Cicchini et al (2026),paris_policy,,"D'Arcangelo et al. (2025) highlight the significant impact of the CoD reduction effect under rigorous mitigation policies; however, they note that this effect diminishes under more lenient policies.",pdf-5,,mitigation-policy stringency moderates COD reduction; attenuates when lenient
Cicchini et al (2026),key_citation,,"Caragnano et al. (2020) demonstrate that financial markets consider companies' current carbon risk profiles when making lending decisions, leading to higher debt costs for carbon-­intensive companies.",pdf-5,Caragnano et al. (2020),core anchor for carbon-risk pricing in lending decisions
Cicchini et al (2026),key_citation,,"Thus, disclosure does not serve as a “signal” of ESG transparency or commitment, the way it does when it is voluntary (Eliwa et al. 2021; Raimo et al. 2021).",pdf-5,Eliwa et al. 2021,anchor for voluntary-vs-mandatory signal value behind HP2
Cicchini et al (2026),key_citation,,"These inconsistencies may also depend on contextual variables, including sectoral characteristics (Y. Wang et al. 2021) and, in particular, regulatory frameworks (Palea and Drogo 2020).",pdf-2,Palea and Drogo 2020,anchor for regulatory framework as moderator of emissions-CoD link
Cicchini et al (2026),status,,,,,"Business Strategy and the Environment research article; theory in Sec. 2.2-2.3 and Sec. 5 Discussion; no printed folios, pages cited as pdf-N."
"Cubas, Martinez (2018)",frame_use,RISK,"whether the credit rating agencies are valuing sustainable behavior by companies as a factor to increase their creditworthiness, thus reducing their debt risk premiums [5].",3,,"core claim: sustainable behavior raises creditworthiness, cuts debt risk premium"
"Cubas, Martinez (2018)",frame_use,SIG,"However, [49,54] found that rating agencies do indeed ‘collect and process CSR-related information in assessing the companies’ creditworthiness’, so companies that get a better CSR score are more likely to have a better rating.",3,,agencies collect and process CSR information; cited finding
"Cubas, Martinez (2018)",frame_use,STAKE,"The work in [51,52] found that good governance is a positive driver of credit ratings, and [53] stated that ‘trust underlies the corporate social responsibility (CSR) effects on long-term credit rating’.",3,,trust/reputation underlies CSR effect on long-term rating; cited
"Cubas, Martinez (2018)",mechanism_extra,,"The increasing sustainability consciousness of investors could provoke the above-mentioned change in the rating process, and that way, the risks associated with irresponsible sustainability behaviors would be penalized.",21,,investor-demand channel: raters would penalize irresponsible behavior; own claim
"Cubas, Martinez (2018)",counter,,"[33] found that there is an optimal level of CSR, beyond which debt financing costs increase. In line with this last paper, [34] found a U-shaped relationship between CSR and shareholder value.",2,,"cost burden: CSR beyond optimum raises debt financing costs; cited, non-linear"
"Cubas, Martinez (2018)",counter,,"However, none of those documents issued by the rating agencies stated clearly that they took into account sustainability issues when determining the credit ratings of the companies (neither measured as qualitative, nor quantitative variables). Therefore, it becomes an empirical issue.",2,,agencies never state sustainability enters ratings; incorporation uncertain
"Cubas, Martinez (2018)",counter,,"In the case of corporate bond markets, [5] found that the effect of being socially responsible is non-significant or just the opposite of what was expected.",3,,bond market: CSR effect null or reversed; cited counter-evidence
"Cubas, Martinez (2018)",counter,,"compared to other measures such as KLD scores, which, due to their agglutinative nature, make it difficult to identify firms that pursue value-destroying CSR practices [8].",2,,measurement noise: agglutinative scores hide value-destroying CSR; own claim
"Cubas, Martinez (2018)",key_citation,,"Standard & Poor’s, as stated in [45], analyzed both the financial and the business risk profiles of companies, which, according to [49], include CSR-related issues.",2,"[49] Attig, El Ghoul, Guedhami and Suh (2013)",anchor: CSR sits inside S&P business risk profile; cited three times
"Cubas, Martinez (2018)",key_citation,,"In contrast, [23] concluded that the CSP-CFP relationship was negative, and [5] found the same effect of CSR in the bond market.",2,[5] Menz (2010),counter anchor for bond/debt market; carries the debt risk premium claim
"Cubas, Martinez (2018)",key_citation,,The work in [53] stated that ‘CSR has a positive effect on long-term credit rating and such effect varies with country- and firm-level trust’.,3,"[53] Chang, Li and Shim (2017)",trust-creditworthiness anchor behind the reputation channel
"Cubas, Martinez (2018)",status,,,,,"MDPI Sustainability empirical article on whether S&P/Fitch ratings price sustainability measures; numbered references, no named theory frames, no climate-policy content."
D'Arcangelo et al (2025),frame_use,RISK,"Investors responsible for capital-allocation decisions need to be capable of assessing and correctly pricing firms’ transition risk, i.e. the risk of mitigation policies causing costly adjustments for firms due to – for instance – technology changes, stranded assets or changes in demand.",1,,"authors' transition-risk frame; tech change, stranded assets, demand shift"
D'Arcangelo et al (2025),frame_use,SIG,"However, not all investors may have the information and capacity to assess the environmental profile of their capital allocation decisions and borrowing firms’ transition risks.",1,,authors' information-asymmetry premise; investor capacity limits pricing
D'Arcangelo et al (2025),paris_policy,,A first result of this paper is that the negative relationship between firms’ environmental performance and the syndicated loans spreads becomes stronger as climate policy stringency rises. This relationship disappears when climate policies are lenient.,2,,climate-policy stringency moderates CER-COD; null when policy lenient
D'Arcangelo et al (2025),paris_policy,,"These policies decrease the marginal cost of abatement by subsidizing green innovation2 or the deployment of clean technologies (Jaffe et al., 2005). Some firms are ready to adopt the technologies and benefit from the subsidy, whereas other will not and could lose competitiveness as a result.",2,,"technology-push channel; adopters gain, non-adopters lose competitiveness"
D'Arcangelo et al (2025),paris_policy,,"At the same time, market-pull policies impose compliance costs for high emitting firms, worsening their financial and economic prospects and raising lending risks. If priced in, these risks should lead to lower loan spreads for green firms relative to brown firms (panel C).",5,,market-pull carbon-price channel; compliance cost raises lending risk for brown
D'Arcangelo et al (2025),paris_policy,,"If multi­ nationals systematically relocate production in jurisdictions with lower policy stringency (the ‘pollution haven’ hypothesis) to reduce their exposure to domestic policies, then domestic policy might be of limited importance for investors.",6,,attenuation: leakage/relocation makes domestic climate policy exposure weak
D'Arcangelo et al (2025),counter,,Bingler et al. (2022) suggests that ESG disclosure is mostly “cheap-talk” and is associated with cherry-picked disclosure of information that is not relevant to the firm’s exposure to climate change risks and policies.,3,,greenwashing/cheap-talk counter; cited finding used to rationalise ESG null
D'Arcangelo et al (2025),counter,,"ESG scores are financially material to investors but, as they may provide little information on a firms’ actual environmental per­ formances and their transition risks, they are not useful instruments to price the effect of mitigation policies in loan decisions.",11,,ratings-subsumption counter: ESG priced but uninformative on transition risk
D'Arcangelo et al (2025),key_citation,,"Since Chava (2014), several papers have analysed how financial markets incorporate information on firms’ environmental performance by adjusting required returns and, in turn, firms’ cost of capital.",1,Chava (2014),origin anchor for environmental performance to cost of capital literature
D'Arcangelo et al (2025),key_citation,,"We distinguish between “market-pull” and “technology-push” climate policies, following Jaffe et al. (2005).",5,Jaffe et al. (2005),theoretical backbone: policy-instrument channel taxonomy
D'Arcangelo et al (2025),key_citation,,"These papers show that investors require a premium when investing in firms with worse environmental performance (Delis et al., 2019; Bolton and Kacperczyk, 2020, 2021; Ehlers et al., 2022). This premium is often interpreted as evidence that investors price-in transition risks.",1,"Delis et al., 2019","carbon/transition-risk premium anchor, reused in hypothesis development"
D'Arcangelo et al (2025),status,,,,,"Journal of Environmental Management empirical article; theory compact in Sec. 3.1 hypotheses, climate-policy moderation of the CER-cost-of-debt link is the core claim."
Delis et al (2021),frame_use,RISK,we estimate whether banks price-in the use of fossil fuel reserves and the respective transition risk which is “the financial impact of fossil fuel assets losing their value in the needed rapid transition to a low-carbon economy aimed at stabilizing the climate”,3,,authors' core frame: transition/climate policy risk priced by banks
Delis et al (2021),paris_policy,,"If the Paris Agreement is implemented, fossil fuel firms must start this transition immediately, and this entails substantial costs that financial markets in general and banks in particular should price.",3,,own claim: Paris implementation forces costly immediate transition banks must price
Delis et al (2021),mechanism_extra,,The large fraction of potentially unburnable fossil fuels under the target of target of limiting global warming to 2°C above pre-industrial levels and/or the transition risk to greener technology suggest that banks should price in the extra risk of fossil fuel firms in loan contracts.,8,,"stranded-asset channel; central hypothesis, positive sign (verbatim typo retained)"
Delis et al (2021),paris_policy,,"the (relatively unexpected) 2015 Paris climate agreement was a departure that brought policy action much more forward in time. Hence the transition to a low-carbon economy became a medium (and even a short) term concern for fossil fuel firms, substantially increasing transition risk",41,,"own claim: Paris shortened risk horizon, amplifying pricing within loan maturities"
Delis et al (2021),mechanism_extra,,"Our premise is that loans with a relatively long maturity will bear higher environmental policy risk for the banks, because of the underlying uncertainty on relevant policy innovations in the more distant future.",22,,maturity/horizon channel: policy uncertainty grows with loan tenor
Delis et al (2021),mechanism_extra,,Fossil fuel firms will then need to increase their credit volume to make up for the “lost access to equity finance.” The effect should be more pronounced for fossil fuel firms that are highly exposed to climate policy and transition risks.,23,,investor-exclusion/divestment channel; substitution from equity toward bank credit
Delis et al (2021),mechanism_extra,,"“environmentally-friendly” or “green banks” (i.e., those aligning their business strategy with environmental/climate principles) should also demand a larger compensation for the risk of stranded fossil fuels.",24,,lender-heterogeneity channel: green lenders price stranding risk more
Delis et al (2021),counter,,The term carbon bubble precisely refers to the probability that financial markets misprice the risk that fossil fuel reserves will become stranded.,43,,attenuation: markets may misprice stranding risk (footnote definition)
Delis et al (2021),key_citation,,"Similarly, McGlade and Ekins (2015) estimate that 33% to 35% of current global oil reserves, 49% to 52% of current global gas reserves, and 82% to 88% of global coal reserves will be unusable.",7,McGlade and Ekins (2015),unburnable-carbon anchor quantifying stranding exposure
Delis et al (2021),key_citation,,"The Carbon Tracker Initiative in their 2011 and 2013 reports is the first effort to estimate the amount of stranded assets of listed companies based on the global carbon budget from 2000-2050, resulting from limiting global warming to 2°C above the pre-industrial level.",7,"Carbon Tracker Initiative (2011, 2013)",stranded-assets anchor grounding the carbon-budget premise
Delis et al (2021),key_citation,,"A hypothesis that relates to empirical findings from the tobacco industry (e.g., part of the analysis of Hong and Kacperczyk (2009)) suggests that if investors start taking the risk of stranded fossil fuel reserves into account",23,Hong and Kacperczyk (2009),sin-stock/divestment anchor for lost-equity-access hypothesis
Delis et al (2021),status,,,,,Swiss Finance Institute working paper (bank loan pricing); compact stranded-asset/transition-risk theory; literature review sits in Internet Appendix.
Devalle et al (2017),frame_use,RISK,ESG commitments may serve as risk mitigation on their credit rating in two ways: ESG factors affect borrowers’ cash flows and companies’ default probability estimation.,53,,"authors' own claim: two risk channels, cash flows and default probability"
Devalle et al (2017),frame_use,SIG,"banks and financial intermediaries may include ESG with the creditworthiness evaluation of their borrowers as the reduction in the default probability estimation, through which both counterparts take an advantage. Specifically, ESG disclosure leads to information asymmetry reduction because of more and better information gathering.",60,,"authors' claim: disclosure cuts information asymmetry, enabling lower borrower pricing"
Devalle et al (2017),frame_use,STAKE,"To supporrt these empirrical studies w with theoreticaal concepts, sttakeholder theeory suggests that higher social s performannce will decreaase firm risk through reducedd financial and operating riskks",57,,explicitly named stakeholder theory; social performance lowers firm risk; OCR-garbled page
Devalle et al (2017),mechanism_extra,,The study of Grunert et al. (2005) is one of the first works that demonstrates how the combination of financial and non-financial factors leads to more accuracy in the prediction of a default event.,54,,lender screening channel: non-financial data sharpens default prediction; cited finding
Devalle et al (2017),mechanism_extra,,"environmental concerns pay a premium on the cost of debt financing, and those firms have lower credit ratings assigned to them.",56,,environmental risk-pricing channel; cited Bauer & Hann finding anchoring H1
Devalle et al (2017),mechanism_extra,,"They acknowledge that social and environmental activities statistically impact on loan financing, and in greater detail, social issues have less cost reduction in loan financing than environmental ones.",55,,environmental dimension gives larger loan-cost reduction than social; cited Hoepner finding
Devalle et al (2017),counter,,"very few works consider the nexus between ESG and debt financing and do not have unidirectional results. Specifically, one stream of research provides a positive connection, whereas other studies present exactly the opposite results.",55,,evidence base mixed; no clear-cut direction for the ESG-debt link
Devalle et al (2017),counter,,"In contrast to the aforementioned studies, there is the research of Menz (2010), whose findings suggest that companies with higher ESG-CSR commitment face higher corporate bonds spreads and, hence, higher credit ratings.",55,,opposite direction: ESG commitment raises bond spreads / risk premium; cited finding
Devalle et al (2017),key_citation,,"The literature seemingly has not thoroughly investigated the relation between environmental issues and credit rating. In fact, only one study of this nature could be found (Bauer & Hann, 2010).",56,"Bauer & Hann, 2010",sole anchor for the environmental performance-credit rating hypothesis H1
Devalle et al (2017),key_citation,,"Finally, the research of Stellner, Klein, and Zwergel (2015) contributes to the literature by providing a scale position on these opposite results.",55,"Stellner, Klein, and Zwergel (2015)",risk-mitigation anchor; also basis for model choice and results comparison
Devalle et al (2017),key_citation,,Zeidan et al. (2015) have questioned whether the default probability depends also on the future sustainability and the long-term impact on socially responsible initiatives.,54,Zeidan et al. (2015),anchor for sustainability credit scoring and default-probability channel
Devalle et al (2017),status,,,,,"Journal article, International Journal of Business and Management 12(9); ESG scores to Moody's credit ratings, 56 Italian/Spanish firms. Thin original theory: hypothesis development leans on cited findings. No Paris Agreement or climate-policy content. Pages 57 and 59 are OCR-garbled with doubled letters."
Ding et al (2022),frame_use,RISK,"If investors perceive higher environmental risks brought by environmental administrative penalties, they will require a higher return on debt capital (risk premium).",3,,core risk-premium frame: env risk from penalty raises required debt return
Ding et al (2022),frame_use,SIG,These researchers hold that environmental reporting diminishes the degree of information asymmetry and the risk compensation required by creditors,2,,information-asymmetry channel: disclosure lowers creditor risk compensation
Ding et al (2022),frame_use,STAKE,"Companies can respond to legitimacy threats through two actions (Lindblom, 1994). The first is to change public perception. The second is to manipulate public perception by diverting public attention.",3,,legitimacy theory; disclosure as legitimacy management/manipulation
Ding et al (2022),frame_use,OTHER:asset_pricing,"Asset Pricing Theory tries to elucidate the value or price of assets paid in the future under undefined circumstances, where assets are generally financial instruments, and the price is the market’s values in equilibrium.",2,,"paper's declared theoretical foundation, named asset pricing theory"
Ding et al (2022),mechanism_extra,,"According to Jung et al. (2018), a firm’s exposure to carbon risk raises the uncertainty of its future cash flows, it likely influences default risk and leads the lenders to integrate carbon risk into their overall risk assessment.",2,,carbon-risk channel: cash-flow uncertainty to default risk to lender pricing; cited
Ding et al (2022),mechanism_extra,,"On the one hand, when the increment of EID is negative under the environmental administrative penalty, the amount of information that banks can refer to when making decisions will be reduced, which will lead to an increase in credit risk.",3,,authors' own channel: less disclosed information raises bank credit risk
Ding et al (2022),counter,,"Researchers found that managers tend to obfuscate adverse organizational outcomes, avoid negative information, or provide misleading information",3,,greenwashing/obfuscation after adverse events weakens disclosure signal; cited
Ding et al (2022),counter,,"Although annual environmental disclosures can reduce information asymmetry and reduce environmental risk, the impact of incremental EID on the COD depends on whether banks can make loan decisions using incremental information.",3,,attenuation: link conditional on banks identifying and using disclosure
Ding et al (2022),key_citation,,"Fisher and Hall (1969) found that rational man is risk-averse; for low risk, the required return is lower; for high risk, the required return is relatively high.",2,Fisher and Hall (1969),risk-aversion/risk-premium anchor for the COD prediction
Ding et al (2022),key_citation,,"Legitimacy is a generalized perception in which the actions of an organization are desirable, proper, or appropriate within some social system of norms, values, beliefs, and definitions (Suchman, 1995).",3,"Suchman, 1995",legitimacy theory anchor for disclosure behaviour
Ding et al (2022),key_citation,,Chen et al. (2011) found that both the firm’s credit risk and information risk increased after receiving punishment from regulators for corporate fraud.,3,Chen et al. (2011),anchor for adverse-event to information/credit-risk mechanism authors endorse
Ding et al (2022),status,,,,,"Journal of Cleaner Production empirical paper on Chinese manufacturers; asset-pricing/risk-premium frame, penalty-disclosure-COD mediation; no Paris/climate-policy claims."
Drago et al (2018),frame_use,RISK,"Our findings are consistent with the risk mitigation view, highlighting the benefits derived from CSR commitment. Consequently, CSR engagement can function as a tool for improving firm's creditworthiness.",644,,"risk mitigation view named; CSR lowers credit risk, raises creditworthiness"
Drago et al (2018),frame_use,AGENCY,"If corporate lenders adopt this view, they may give greater relevance to the increase in firms' fixed cost associated with greater CSR investments, which may increase firms' default risk. In this case, investors may require greater spreads to finance firms with better CSR ratings",646,,"overinvestment/cost-burden view; fixed costs raise default risk, positive sign"
Drago et al (2018),frame_use,SIG,Reliable CSR measures make it easier to identify sustainability risks and to incorporate this information in market prices.,650,,information channel; reliable ratings let markets price sustainability risk
Drago et al (2018),frame_use,STAKE,"In addition, CSR could also help firms mitigate potential conflicts",645,,stakeholder conflict mitigation channel (Freeman); own theory development
Drago et al (2018),frame_use,OTHER:varieties_of_capitalism,"In vector X, we also include a set of variables to control for country effects by following the Varieties of Capitalism (VoC) approach. This approach suggests that the different models of the economic system adopted by each country affect the national financial market",648,,named VoC theory; national institutional model shapes credit pricing
Drago et al (2018),counter,,"Measuring CSR is a challenging task: It involves the assessment of a broad range of economic, environmental, governance, and social factors. The different measurement solutions are unavoidably subjective, and the existing studies provide a remarkable variety of different CSR performance measures.",650,,measurement subjectivity/heterogeneity of CSR proxies weakens detected link
Drago et al (2018),counter,,"governance scores are driven significantly by the country‐level institutional structures. As a result, the impact of governance score is weaker when the country‐level institutional quality is already taken into account by other variables",649,,subsumption: score effect vanishes once country institutional quality controlled
Drago et al (2018),counter,,We must distinguish corporate scandals from other limited events,647,,"bad-news heterogeneity; scandals pre-anticipate downgrades, so no CDS reaction"
Drago et al (2018),key_citation,,"two main views (Goss & Roberts, 2011): the risk mitigation view and",645,"Goss & Roberts, 2011",organizes whole theory section into risk mitigation vs overinvestment
Drago et al (2018),key_citation,,"holders' theory (Friedman, 1970) and predicts a negative impact of",645,"Friedman, 1970",shareholder theory anchor grounding the overinvestment hypothesis H2
Drago et al (2018),key_citation,,"between CSR engagement and credit risk (Chen, Hung, & Lee, 2018).",645,"Chen, Hung, & Lee, 2018",anchor for risk mitigation view: CSR lowers idiosyncratic/credit risk
Drago et al (2018),status,,,,,"Corporate Social Responsibility and Environmental Management research article; CSR rating vs CDS spreads, European firms; no Paris/climate-policy theory; two-column text is line-interleaved so quotes are short."
"Drago, Carnevale (2020)",frame_use,RISK,"lenders may be concerned about the likelihood that CSR-related issues (e.g., a corporate scandal or a negative environmental event) increase default risk and jeopardize the ability of the borrower to repay his debts.",5,,risk mitigation view; environmental/CSR events raise default risk; authors' H1a rationale
"Drago, Carnevale (2020)",frame_use,AGENCY,"Under the overinvestment view, investors regard investments in CSR as a waste of scarce resources. Excessive costs for handling the various relations with a high number of stakeholders may increase complexity and reduce profitability, leading to higher borrowing costs.",4,,overinvestment/agency view; CSR as cost burden raising borrowing costs; authors' H1b
"Drago, Carnevale (2020)",frame_use,STAKE,"By engaging in CSR, firms can improve relationships with their stakeholders [19], resolve conflicts between various groups of stakeholders [20], and be less exposed to legal, reputational, and regulatory risks relating to controversial or irresponsible activities [9].",3,,stakeholder/reputation channel lowering legal and regulatory risk exposure; literature review
"Drago, Carnevale (2020)",frame_use,SIG,"According to the economic theory, rating agencies perform at least two main functions: signaling and monitoring.",8,,CSR ratings signal and monitor CSP; construct-measurement discussion in methods
"Drago, Carnevale (2020)",frame_use,OTHER:institutional,"The institutional theory argues that the national institutional and economic environment influences the likelihood that companies will assume CSR compliant behavior [46,47], and that variation in CSP across firms is explained by variation in national-level institutions [12].",6,,institutional theory grounds country-ESG moderation hypothesis H2; authors' own framing
"Drago, Carnevale (2020)",mechanism_extra,,"Given their continuous monitoring activity and long-term customer relationship with firms, banks are considered “quasi-insiders” of firms. Therefore, banks can assess firms’ creditworthiness better than other entities.",2,,relationship-lending/monitoring information channel: banks price CSP better than other investors
"Drago, Carnevale (2020)",counter,,"If credit ratings fully incorporate CSR-related information that is relevant for lenders, then we will observe a non-significant impact of CSR ratings when we include borrowers’ credit ratings in our model.",9,,ratings subsumption: credit ratings may already impound CSR information; authors' own caveat
"Drago, Carnevale (2020)",counter,,"Conversely, in countries with low ESG performance, high CSR ratings may bring lower benefits to the borrower or may be associated with higher borrowing costs.",7,,conditional attenuation/reversal: high CSP penalised in low-ESG countries; authors' H2
"Drago, Carnevale (2020)",key_citation,,The existing literature has proposed two different hypotheses explaining the CSP–CFP link: the risk mitigation view and the overinvestment view [8].,4,Goss and Roberts [8],supplies the risk-mitigation vs overinvestment dichotomy structuring the whole paper
"Drago, Carnevale (2020)",key_citation,,"Bae et al. [15] combine the risk mitigation hypothesis with the overinvestment hypothesis, suggesting a non-linear relationship between CSP and loan spreads.",5,Bae et al. [15],anchor for optimal-level/nonlinear CSR-loan spread theory behind H1c
"Drago, Carnevale (2020)",key_citation,,"In line with Stellner et al. [5], we claim that the benefits resulting from CSR investments are context driven.",2,Stellner et al. [5],"anchor for country-moderated, context-driven CSP-credit risk link"
"Drago, Carnevale (2020)",status,,,,,"MDPI Sustainability empirical article, CSR ratings and European syndicated loan spreads; rich theory sections; no Paris-Agreement or climate-policy-specific claims."
Du et al (2015),frame_use,SIG,"In essence, corporate environmental information disclosure is generally viewed as an important type of soft information. As the logical extension, we predict that lenders applaud a firm’s environmental performance and thus charge lower interest rates to firms that are more eco-friendly.",180,,soft-information/asymmetry channel; env disclosure -> lower interest rates
Du et al (2015),frame_use,STAKE,"Drawing on the integrative theory framework (Garriga and Melé 2004), environmental conservation is consistent with social demand and values and thus is an important channel for firms to obtain legitimacy and prestige (Garriga and Melé 2004; Kim et al. 2012).",183,,integrative-theory branch: env conservation buys legitimacy and prestige
Du et al (2015),frame_use,RISK,"Consequently, better environmental performance can reduce operational costs, increase profitability, and reduce debt default risk. As a result, environmentally friendly firms will be charged a lower cost of debt.",183,,core risk logic: lower operating cost and default risk -> lower cost of debt
Du et al (2015),frame_use,AGENCY,"On the other hand, the stakeholder expenses view argues that CSR is positively related with the cost of financing because CSR requires costly dispersal of scarce resources, reduces corporate value, and increases corporate default risks (Barnea and Rubin 2010; Goss and Roberts 2011; Kim et al. 2012).",182,,stakeholder-expenses/cost-burden view: CSR raises financing cost
Du et al (2015),frame_use,OTHER:ethical,"Moreover, lenders tend to consider managers’ personalities and reputations as crucial factors when they assess interest rates (Moulton 2007). In summary, lenders favor and reward firms that have credibility, trustworthiness, reliability, and responsibility, and thus grant them lower interest rates on debt.",183,,ethical-theory branch: trustworthiness and green reputation rewarded by lenders
Du et al (2015),frame_use,OTHER:political,"In this regard, the political careers of officials may closely depend on meeting emission reduction targets, and thus environmental performance can enhance political connections with important officials. As a result, in China, environmental conservation endeavors can mitigate risks of government sanctions, regulations, and shutdowns.",183,,political-theory branch: env perf -> political connections -> fewer sanctions
Du et al (2015),mechanism_extra,,"the China Banking Regulatory Commission (CBRC) requires all state-owned commercial banks to strictly execute green-credit policies in which environmental performance is a crucial benchmark (CBRC 2007; SINA 2006). As a result, commercial banks in China charge lower interest on debt and offer higher credit line to eco-friendly firms.",183,,green-credit mandate: regulator forces banks to price env perf into loans
Du et al (2015),counter,,"Based on above discussion, we predict that corporate environmental performance and internal control substitute for rather than reinforce each other to reduce the cost of debt.",184,,"attenuation: internal control substitutes for CEP, weakening CEP-COD link"
Du et al (2015),key_citation,,"Garriga and Melé (2004) document four CSR theories: (1) ethical theory; (2) integrative theory; (3) political theory; and (4) instrumental theory. Following the framework in Garriga and Melé (2004), we elaborate the association between corporate environmental performance and the cost of debt.",183,Garriga and Melé (2004),organizing four-CSR-theory framework for H1 development
Du et al (2015),key_citation,,"Although firms can engage in CSR activities by improving CSR-strengths and reducing CSR-weaknesses, corporate risks are more sensitive to negative effects than positive effects (Du 2014a; Zyglidopoulos et al. 2012).",182,Zyglidopoulos et al. (2012),CSR-strengths vs CSR-weaknesses distinction; risk asymmetry anchor
Du et al (2015),key_citation,,"This view recognizes firms as a nexus of explicit and implicit contracts between managers and various stakeholders (e.g., lenders, consumers, suppliers, government officials, labor unions, and communities) who provide many crucial resources for a firm’s competitive advantage (Cornell and Shapiro 1987).",182,Cornell and Shapiro (1987),stakeholder value maximization / nexus-of-contracts anchor
Du et al (2015),status,,,,,"gate2_flag:year_mismatch; J Bus Ethics 143:179-207; accepted+online+(c) 2015, issue 2017. Same paper. | J Bus Ethics empirical study of Chinese private-owned firms; theory organised via Garriga & Melé's four CSR theories; no climate/Paris content."
Du et al (2022),frame_use,SIG,"The higher the degree of information asymmetry, the higher the risk premium required by creditors, and the higher the cost of corporate debt financing.",pdf-4,,core information-asymmetry/signalling frame stated as risk-premium channel to COD
Du et al (2022),frame_use,STAKE,Stakeholder theory also provides a reasonable explanation for the intrinsic motivation of enterprises to obtain more favorable credit support by disclosing environmental information.,pdf-4,,stakeholder theory named; banks as key stakeholder granting credit
Du et al (2022),frame_use,RISK,"Better corporate social responsibility helps companies establish more stable relationships with consumers, employees, and operators, thereby reducing business risks and bankruptcy risks (Brooks and Oikonomou 2018). Creditors demand lower debt interest on companies with better social responsibilities.",pdf-4,,"risk-mitigation frame: CSR lowers business/bankruptcy risk, hence debt interest"
Du et al (2022),mechanism_extra,,"creditors can demand a lower risk premium and tend to formulate relatively favorable interest rate policies and loose agreement terms in the process of bank credit decision-making, thus reducing the debt financing cost of enterprises (Li et al. 2019).",pdf-4,,contract-terms/covenant channel: rate policy plus looser agreement terms
Du et al (2022),mechanism_extra,,The “green credit” economic policy proposed by the Ministry of Environmental Protection of China encourages creditors to fully evaluate and review the company’s environmental information before making a lending decision.,pdf-4,,regulatory credit-allocation channel; green credit policy mandates lender screening
Du et al (2022),counter,,"Although they may obtain more credit support, they cannot reduce the necessary rate of return required by stakeholders, so it is difficult to obtain interest rate concessions provided by creditors, and thus they cannot reduce their debt financing costs.",pdf-9,,authors' attenuation: heavy polluters' risk floor blocks rate concessions; null COD result
Du et al (2022),counter,,"the lack of verification of the quality of environmental information disclosure leads to the problems of environmental information disclosure of enterprises, such as disclosing good news but not bad, disclosing empty but not real",pdf-9,,greenwashing/unverified-disclosure noise weakens the disclosure-COD link
Du et al (2022),counter,,"Tang and Li (2008) show that there is no significant relationship between the quality of environmental information disclosure and corporate debt financing, which is mainly caused by creditors’ weak awareness of corporate environmental risks.",pdf-9,,cited null; attenuation via creditors' weak awareness of environmental risk
Du et al (2022),key_citation,,"This situation creates the problem of adverse selection; that is, the party with missing information cannot make the correct decision (Akerlof 1970).",pdf-3,Akerlof 1970,adverse-selection anchor underpinning H1 disclosure-credit argument
Du et al (2022),key_citation,,Signal transmission theory is fundamentally concerned with reducing the information asymmetry between the two parties (Spence 2002; Bergh et al. 2014).,pdf-4,Spence 2002; Bergh et al. 2014,signalling-theory anchor for H2 disclosure-cost-of-debt argument
Du et al (2022),key_citation,,Stakeholder theory believes that pressure from stakeholders is the main factor that motivates corporate environmental activities (Buysse and Verbeke 2003; Cooper et al. 2018).,pdf-3,Buysse and Verbeke 2003; Cooper et al. 2018,stakeholder-theory anchor opening the hypothesis development
Du et al (2022),status,,,,,"Environmental Science and Pollution Research empirical article on Chinese heavily polluting listed firms; H2 (cost of debt) rejected, so several counter-arguments sit in the results discussion; no Paris-Agreement or climate-policy-specific theory claim."
Dumrose & Höck (2023),frame_use,RISK,"This transition can affect a company’s business outlook through various channels (Network for Greening the Financial System 2019). Hence, climate change affects a company’s risk profile through both physical and transitional climate risk.",1,,authors' core frame: climate change enters firm risk profile via physical and transition risk
Dumrose & Höck (2023),mechanism_extra,,"Those credit fundamentals help predict a company’s default probability (Altman, 1968, 1989). Thus, we expect companies with lower carbon-risk should be less likely to default.",1,,"credit-fundamentals channel: climate risk hits leverage/profitability/liquidity, then default probability"
Dumrose & Höck (2023),mechanism_extra,,"Moreover, companies with a better management are associated with a better financial performance (Melnyk et al., 2003) and thus should have a lower credit-risk (Sharfman and Fernando, 2008). We, therefore, expect that the importance of management in­ creases with a company’s exposure.",2,,management-capability channel; basis of H1c and H2 (management matters more when exposure high)
Dumrose & Höck (2023),paris_policy,,"Companies perceive regulatory risk as the most important risk related to climate change (Sakhel, 2017) and many institutional investors realize that they already need to account for this risk (Krueger et al., 2020).",2,,"salience premise: climate regulatory risk is the dominant perceived risk, already priced"
Dumrose & Höck (2023),paris_policy,,"both the announcement of a more ambitious climate policy (Liu and Qiao, 2021) and its stricter enforcement (Seltzer et al., 2021) negatively affect credit-risk of highly exposed companies. Thus, both a) exposure to and b) management of carbon-risk should gain importance when climate policy ambitions are high.",2,,amplification claim behind H3: ambitious climate policy raises salience of exposure and management
Dumrose & Höck (2023),paris_policy,,"a more ambitious climate regulatory environment, especially when implemented early, could directly decrease the costs of a low-carbon transition by setting the right incentives, allowing for low-carbon infrastructure to be developed in a timely manner, and reducing the likelihood of a disorderly and costly disruptive transition of the economy",6,,"attenuation: early ambitious policy lowers transition cost, rationalizes rejected H3b"
Dumrose & Höck (2023),counter,,"In contrast to our study, Seltzer et al. (2021) focuses on negative incentives (e.g., state-level fines), while it does not account for positive ones (e.g., subsidies).",6,,conditionality: sign of the policy effect depends on punitive vs supportive policy design
Dumrose & Höck (2023),key_citation,,"The later finding contradicts, Seltzer et al. (2021) who find that stricter climate regulatory frameworks amplify the risk-enhancing relation between carbon-risk exposure and credit-risk.",6,Seltzer et al. (2021),"central antecedent: anchors H1b and H3, and the paper's contradicted H3b result"
Dumrose & Höck (2023),key_citation,,"In line with current research (Capasso et al., 2020; Seltzer et al., 2021), we expect higher exposure to be linked to higher credit spreads.",2,"Capasso et al., 2020",sole cited basis for the exposure-raises-spreads expectation (H1b)
Dumrose & Höck (2023),key_citation,,"Given the importance of a company’s regulatory environment for its transitional climate risk (NGFS, 2019), it should be considered when investigating the relationship between carbon-risk and credit-risk.",1,"NGFS, 2019",supplies transition-risk framing and motivates the regulatory-environment moderation
Dumrose & Höck (2023),status,,,,,"Finance Research Letters short empirical letter; no theory section - hypotheses derived briefly in the introduction, extra mechanism/policy argument sits in the discussion."
Duong et al (2025),frame_use,RISK,"In summary, carbon pricing and other transition risks can reduce corporate cash flows, increase cash flow volatility and obsolescence, and hence, cause high carbon emission firms, ceteris paribus, to exhibit higher credit risk.",2,,"risk-mitigation frame: carbon pricing/transition risk lowers cash flows, raises credit risk"
Duong et al (2025),frame_use,SIG,"On one hand, the “signaling hypothesis” (Flammer, 2013; Klassen and McLaughlin, 1996; Krueger, 2015) implies that stronger firms indicate their relative strength and commitment to mitigate climate risk through better carbon risk management.",2,,"signaling hypothesis: carbon risk management signals strength, lowers credit spreads"
Duong et al (2025),counter,,"Unsubstantiated claims of risk management or window-dressing efforts by overzealous firms can be counterproductive as financial market participants may penalize any misleading claims about a company’s environmental commitment. Hence, claims of better carbon risk management by windowdressing firms can significantly increase credit spreads.",2,,greenwashing/window-dressing counter: penalized claims raise spreads
Duong et al (2025),mechanism_extra,,"The transition to lower-cost clean energy technology results in rapid obsolescence of the existing carbon-intensive assets, turning them into non-performing or financially stranded assets. The stranded assets can intensify sunk capital costs and induce bankruptcies, thereby resulting in a loss in firm value.",2,,"stranded-asset/collateral channel: obsolescence, sunk costs, bankruptcy"
Duong et al (2025),mechanism_extra,,"Firms with stranded or noninvestible assets may attract costly penalties (e.g., via a potential carbon tax, emission trading schemes, or cap-and-trade policies) and/ or regulations mandating early retirement of firms’ fossil fuel power plants, thereby, face the risk of being excluded from investor portfolios.",2,,carbon-pricing penalties plus investor-exclusion channel; author's own claim
Duong et al (2025),paris_policy,,"firms with better and proactive carbon risk management practices should be viewed more positively by external stakeholders and in a better position to mitigate their credit spread risk. As such, the impact of carbon risk management on CDS spreads should be more pronounced after the Paris Agreement.",8,,Paris amplification hypothesis: CRM effect on spreads stronger post-Paris
Duong et al (2025),paris_policy,,"Ex-ante, we expect that while SCAPs may increase CDS spreads for local firms (due to higher regulatory risk and compliance costs), the mitigating impact of carbon risk management on CDS spreads would become stronger in states that have adopted a SCAP.",12,,state climate plans: compliance cost burden raises spreads but strengthens CRM mitigation
Duong et al (2025),paris_policy,,A lenient carbon transition risk regime may dilute the impact of CRMS on CDS spreads.,10,,policy-reversal attenuation: lax climate regime dilutes CRM effect
Duong et al (2025),key_citation,,"Following the Merton (1974) framework, carbon emissions can affect the underlying credit risk in multiple ways. First, firms with disproportionately high CO2 emissions may be exposed to carbon pricing risk and other regulatory interventions to limit emissions, leading to higher operational costs and lower cash flows.",2,Merton (1974),structural credit-risk framework anchoring emissions-to-credit-risk argument
Duong et al (2025),key_citation,,"The effectiveness of carbon risk management on credit risk depends on the relative strength of two competing hypotheses (Flammer, 2021).",2,"Flammer, 2021",source of the competing signaling vs greenwashing framing
Duong et al (2025),key_citation,,"Seltzer et al. (2023) find that firms with lower environmental scores, higher carbon emissions or intensities tend to have lower credit ratings and higher bond yield spreads",3,Seltzer et al. (2023),"regulatory-risk anchor: environmental profile, ratings and bond spreads"
Duong et al (2025),status,,,,,"Journal of Corporate Finance empirical CDS study; theory sits in introduction and in policy-setting passages, no separate hypothesis section."
Ehlers et al (2021),frame_use,RISK,"Borrowers with higher carbon emissions are more likely to face higher costs, or even hard emission constraints, if corresponding regulations tighten.",9,,transition/regulatory risk raises borrower costs and default risk; authors' own frame
Ehlers et al (2021),frame_use,SIG,"The more informed investors and creditors are of the financial risks of climate change, the more they will reallocate from investments with high climate-related financial risks to more environmentally beneficial investments with lower risks.",2,,information channel: better-informed creditors reallocate away from climate risk
Ehlers et al (2021),mechanism_extra,,"Ultimately, costs related to carbon emissions are balanced against revenue, and firms with greater carbon emissions relative to revenue will find transition costs (such as carbon taxes) to be more burdensome.",2,,carbon-tax cost burden scaled by revenue; carbon intensity proxies severity
Ehlers et al (2021),mechanism_extra,,"Also, the nature of the risks from carbon emissions we emphasize is not necessarily the same as those related to stranded assets. Risks from carbon emissions are broader and therefore apply in principle to all industries.",11,,emissions channel broader than stranded-asset/collateral logic; applies to all industries
Ehlers et al (2021),paris_policy,,"We argue that the Paris Agreement struck in December 2015 was particularly relevant in this context, as it provided a strong and clear signal of potential tightening of carbon emission regulations.",9,,amplification: Paris as clear policy signal of tightening regulation
Ehlers et al (2021),paris_policy,,"Of course, the willingness and ability of policy makers to implement regulations to reach the emission targets specified in the Paris Agreement are subject to uncertainty.",9,,"attenuation: implementation uncertainty, possible policy retreat"
Ehlers et al (2021),counter,,"This suggests potential for “green-washing”: scope 1 emissions of a firm can be reduced by simply outsourcing carbon intensive activities (Ben-David et al (2021)), without reducing the firm’s broader carbon footprint.",3,,greenwashing: scope 1 cut by outsourcing without lowering true footprint
Ehlers et al (2021),counter,,"For such firms, carbon risk would be highly material and the potential financial impact is unlikely to be fully internalized by the implied 7 basis points premium.",17,,underpricing: premium far below materiality of carbon risk
Ehlers et al (2021),key_citation,,Ongena et al (2018) examine syndicated loan data for fossil fuel firms to assess whether banks price the risk of stranded assets.,4,Ongena et al (2018),closest prior work: stranded-asset pricing in syndicated loans post-Paris
Ehlers et al (2021),key_citation,,"Bolton and Kacperczyk (2021), who show that the likelihood of divestment by institutional investors significantly increases with the degree and intensity of scope 1 emissions of the target firm, but not with emissions of other broader scopes.",3,Bolton and Kacperczyk (2021),anchor for scope-1-only pricing/divestment by investors
Ehlers et al (2021),key_citation,,"Highly electric energy-intensive production, as captured in scope 2, could be moved and outsourced to jurisdictions where carbon reduction policies are not in place and less likely to be implemented. A growing literature has documented such effects (eg Ben-David et al (2021)).",18,Ben-David et al (2021),anchor for carbon-emission exporting / greenwashing mechanism
Ehlers et al (2021),status,,,,,"BIS Working Paper No 946; empirical syndicated-loan study, theory carried in introduction and section 4 rather than a hypothesis section."
Eichholtz et al (2019),frame_use,RISK,"Furthermore, it has been argued that CSR-related investments may lead to a reduction in operational risk (An and Pivo, 2018; Albuquerque et al., 2018), which could result in easier access to capital or a reduced cost of capital.",19,,risk-mitigation frame; authors' summary of CSR lowering risk and cost of capital
Eichholtz et al (2019),frame_use,STAKE,"Another mechanism is that CSR or environmental performance may lead to an improved corporate image and an enhanced reputation, which could beneﬁt companies on the labor, goods, and capital markets (Turban and Greening, 1997).",19,,reputation/image channel benefiting capital markets; cited mechanism
Eichholtz et al (2019),frame_use,SIG,"Information provision about the relative performance of assets and ﬁrms, comparable to the miles-per-gallon (MPG) sticker on cars or hygiene scorecards in restaurants, may lead to increased user awareness and increased market eﬃciency",21,,certification as information disclosure raising market efficiency; authors' claim
Eichholtz et al (2019),mechanism_extra,,"the loss-given-default may well be lower for a loan on a environmentally certiﬁed building than for a loan on a conventional building, since certiﬁed buildings are consistently found to be more valuable, and have a higher liquidity, suggesting that these buildings represent higher collateral quality",21,,collateral-quality/LGD channel; higher liquidation value lowers spreads
Eichholtz et al (2019),mechanism_extra,,"If cash ﬂows from environmentally certiﬁed real estate are more stable than conventional buildings, this may affect the debt service capacity.",21,,cash-flow stability raises debt service capacity; authors' own mechanism
Eichholtz et al (2019),counter,,"Sharfman and Fernando (2008) conclude that the debt capacity for companies with a superior environmental performance is higher, but that their cost of debt is higher as well.",20,,"cited finding of opposite direction: superior env performance, higher cost of debt"
Eichholtz et al (2019),counter,,"So, lenders may simply not have been aware of environmental certiﬁcation programs, and would therefore not have included environmental considerations in their loan pricing.",30,,diffusion/awareness lag attenuates pricing; result-rationalization
Eichholtz et al (2019),paris_policy,,"This would provide a partial, market-based solution to an otherwise daunting policy challenge, potentially reducing the negative carbon externality the building stock imposes on society.",31,,debt-market pricing as partial market-based substitute for carbon policy
Eichholtz et al (2019),key_citation,,A recent paper by An and Pivo (2018) documents that commercial mortgages collateralized by environmentally certiﬁed buildings have a lower default risk.,21,An and Pivo (2018),anchor for default-risk channel of green certification
Eichholtz et al (2019),key_citation,,"One such mechanism relates to eﬃcient use of resources and an overall increase in organizational effectiveness (Sharfman and Fernando, 2008).",19,"Sharfman and Fernando, 2008",anchor for resource-efficiency mechanism and cost-of-capital debate
Eichholtz et al (2019),key_citation,,"Eichholtz et al. (2012) document that REITs owning a larger fraction of environmentally certiﬁed buildings display enhanced operating performance, and that REITs with larger fractions of environmentally certiﬁed space also exhibit signiﬁcantly lower systematic risk (beta).",21,Eichholtz et al. (2012),anchor for lower systematic risk of green REIT portfolios
Eichholtz et al (2019),status,,,,,"Journal of Banking and Finance empirical paper; real-estate specific (LEED/Energy Star), no formal hypothesis section, theory sits in intro and Section 2."
Eliwa et al (2021),frame_use,STAKE,"Therefore, firms with poor ESG performance might find it difficult to get the necessary support and resources to continue working in a community that values ESG practices, e.g., higher cost of debt.",4,,legitimacy theory: loss of societal support/resources raises cost of debt
Eliwa et al (2021),frame_use,RISK,"We argue that lending institutions incorporate firms’ ESG information in their lending decision to evaluate two types of risks imposed by these firms: default risk3 and reputational risk4 (Weber, Scholz, & Michalik, 2010; Weber, Diaz, & Schwegler, 2014).",2,,authors' core claim: ESG priced via borrower default risk and reputational risk
Eliwa et al (2021),frame_use,SIG,"Furthermore, a higher level of ESG disclosure is linked to lower information asymmetry between borrowing firms and lending institutions, and hence lowers the cost of debt.",5,,information-asymmetry channel from ESG disclosure to lower cost of debt
Eliwa et al (2021),frame_use,OTHER:institutional,"According to the institutional theory, organisations adapting their processes to be aligned with externally codified rules, norms, or laws and with best practices in the sector (DiMaggio & Powell, 1983). Thus, ESG practices are shaped by deep-seated institutions rather than only by organisational-level micro-factors.",3,,institutional theory: country-level forces shape ESG and its market reward
Eliwa et al (2021),frame_use,AGENCY,"lending institutions better value the risk associated with their decisions that can increase the wealth of stockholders while reducing the wealth of debtholders (such as dividend payout, claim dilution, asset substitution and underinvestment), resulting in a lower cost of capital charged to a borrowing firm.",13,,agency/wealth-expropriation channel: ESG signals lower debtholder-shareholder conflict
Eliwa et al (2021),counter,,"Hemingway and Maclagan (2004) who point out that a motivation for engaging in CSR practices is ‘‘greenwashing‘‘ to cover up for corporate misbehaviour. This, in turn, results in a riskier profile and a higher cost of debt for these firms (Jensen & Smith, 1985).",4,,"cited counter-view: CSR as greenwashing cover-up implies riskier profile, higher cost of debt"
Eliwa et al (2021),counter,,"Based on this approach, firms with weak ESG performance tend to increase their level of ESG disclosure above their actual ESG performance (greenwashing) to gain the benefits associated with ESG practices, e.g., lower cost of debt.",4,,greenwashing/symbolic approach: weak performers inflate disclosure to capture the discount
Eliwa et al (2021),paris_policy,,"He stated that this treaty would undermine the US economy and puts US firms at a permanent disadvantage. In 2017, Donald Trump announced that the US participation in the 2015 Paris Agreement on climate change mitigation is suspended.",2,,climate-policy attenuation: states side with firms claiming Paris burdens competitiveness
Eliwa et al (2021),key_citation,,This debate across the social accounting and market-based literature could be linked to the organisational legitimacy theory of Ashforth and Gibbs (1990). They identify two approaches firms follow regarding social and environmental disclosure:,2,Ashforth and Gibbs (1990),"substantive vs symbolic legitimation, the paper's central theoretical device"
Eliwa et al (2021),key_citation,,"DiMaggio and Powell (1983) theorised that organisations adapting their processes to nourish their legitimacy through the adoption of coercive (i.e. alignment with externally codified rules, laws, or norms), mimetic (i.e. alignment with best practices or managerial fads/fashions) or normative isomorphism",4,DiMaggio and Powell (1983),institutional-theory anchor for isomorphism and country-level moderation
Eliwa et al (2021),key_citation,,"Based on legitimacy theory, firms continually aim to ensure that they are perceived as operating within the bounds and norms of their societies (Deegan & Unerman, 2011).",4,"Deegan & Unerman, 2011",legitimacy-theory anchor underpinning H1a/H1b
Eliwa et al (2021),status,,,,,"Critical Perspectives on Accounting empirical study, 15 EU countries 2005-2016; legitimacy + institutional framing, substantive vs symbolic (greenwashing) lens; only climate-policy content is a Paris Agreement/Trump illustration."
Erragragui (2018),frame_use,STAKE,"Most of the empirical studies are grounded by theories suggesting that good managerial practices and greater attention to key stakeholders decrease ﬁrms’ costs (Moskowitz, 1972; Turban and Greening, 1997).",198,,stakeholder attention lowers firm costs; paper's grounding theory statement
Erragragui (2018),frame_use,RISK,"if good CSP can reduce ﬁrm operational risk exposure, it may potentially lower cash ﬂow volatility, risk and consequently the cost of debt (Orlitzky and Benjamin, 2001).",199,,"CSP lowers operational risk and cash-flow volatility, hence CoD"
Erragragui (2018),frame_use,SIG,"It is globally argued that a ﬁrm with good corporate governance practices will be perceived as more transparent and trustworthy by creditors, and therefore will be considered with a low default risk proﬁle.",199,,transparency/disclosure signals low default risk to creditors
Erragragui (2018),frame_use,AGENCY,"while the potential beneﬁt of the borrower remains stable at the level of the interest rate, the potential losses can amount to the entirety of the loan which makes the imperative to reduce agency costs by emphasizing on management aspects.",199,,Merton asymmetric debt payoff motivates reducing agency costs
Erragragui (2018),counter,,"Conventionally, equity capital market is perceived as more eﬃcient for pricing ﬁrms’ social performance than credit market. Usually, researchers argue that credit intermediation lack transparency concerning borrower’s social commitment and more importantly do not possess the same analytical abilities than investment analysts have.",199,,credit market less able than equity analysts to price CSP; weak-link argument
Erragragui (2018),mechanism_extra,,"Credit risk is aﬀected by environmental risk in various ways – direct, indirect or reputational (Mengze and Wei, 2015). A creditor may suﬀer direct risk due to incurring direct liability for cleaning up pollution caused by an insolvent borrower.",200,,"lender liability channel: direct, indirect, reputational environmental credit risk"
Erragragui (2018),mechanism_extra,,a high level of toxic release presents a signiﬁcant downside risk in future cleanup and compliance costs and that these costs can be large enough to threaten the ability of polluting ﬁrms to meet their ﬁxed payments to creditors.,200,,cleanup/compliance cost downside threatens debt service; cited Schneider
Erragragui (2018),counter,,"socially controversial ﬁrms disguise their concerns and legitimize themselves by declaring the adoption of CSR policies, generally reported as positive indicators of CSP by analysts despite their lack of operational materiality (Dawkins and Fraas, 2013; Laufer, 2003).",201,,greenwashing makes positive CSP ratings non-material noise; author's own
Erragragui (2018),key_citation,,"Thompson and Cowton (2004) documented the extent to which UK banks incorporate environmental considerations into their corporate lending decisions arguing that “even if banks are not directly concerned about the environment, they have an incentive to understand the environmental implications of their lending decisions”.",200,Thompson and Cowton (2004),anchor: banks' incentive to price environmental risk in lending
Erragragui (2018),key_citation,,The author explained that the threat of future new environmental regulation introduces uncertainty in the estimation of future cash ﬂows and subsequently ﬁrms’ capacity to meet their debt obligations.,200,Schneider (2011),anchor: regulatory uncertainty raises cash-flow/debt-repayment uncertainty
Erragragui (2018),key_citation,,Sharfman and Fernando (2008) add that the level of environmental risk exposure varies across the diﬀerent industries leading to a spurious correlation between environmental performance and the CoD.,205,Sharfman and Fernando (2008),anchor: industry variation in environmental risk exposure confounds link
Erragragui (2018),status,,,,,Research in International Business and Finance empirical panel study; theory sits in lit review and a greenwashing argument inside methods; no climate-policy/Paris content.
Ferriani (2022),frame_use,RISK,"firms with better ESG scores are also more likely to offer a hedge against climate shocks or unexpected deteriorations in the regulation concerning the environmental and the social dimension of corporate activity, so that investors require a higher compensation to hold the assets of less sustainable firms",22,,"risk channel: ESG as hedge vs climate/regulatory shocks, author's own framing"
Ferriani (2022),mechanism_extra,,"investors with strong ESG preferences derive utility from holdings assets of more sustainable firms and are willing to pay a premium to include these assets in their portfolio, ultimately lowering firms’ cost of capital; we refer to this as the non-pecuniary channel",22,,investor-base channel: non-pecuniary taste lowers cost of capital
Ferriani (2022),paris_policy,,The first one is based on carbon dioxide emissions: more polluting firms (CO2 ) may be exposed to interventions curbing corporate emissions via regulatory acts or via carbon pricing mechanisms such as emissions trading systems,22,,carbon pricing/ETS/regulatory acts as transition-risk source for emitters
Ferriani (2022),paris_policy,,"this could suggest that investors consider the overall assessment of ESG related risks as a relevant factor to be priced in, while a more narrow proxy explicitly focusing on the adverse shifts in climate regulation is material only for more polluting industries",26,,attenuation: climate-regulation risk priced only in polluting sectors
Ferriani (2022),counter,,"it could suggest that ESG valuations in EMEs are not as common and developed as the ones referred to firms domiciled in AEs, also possibly because of the different level of firms’ voluntary disclosure that is crucial for ESG assessment",16,,conditional: weak disclosure/rating development in EMEs kills the premium
Ferriani (2022),counter,,This is not a totally unexpected result as investors are likely to assign a larger weight to indicators of credit risk when pricing new bonds.,14,,credit-metric subsumption: investors weight credit risk over ESG
Ferriani (2022),counter,,we cannot nevertheless rule out the hypothesis that individual ESG dimensions per se are not successful in capturing unexplained components of corporate risk or investors’ preference for a specific dimension of firms sustainability,21,,E/S/G subcomponents alone may not capture unexplained risk
Ferriani (2022),mechanism_extra,,"These financial assets could be assimilated to the so called “sin stocks” (Hong and Kacperczyk, 2009) and investors could be tempted to operate a preemptive exclusionary strategy on the basis of ethical considerations",25,,sin-stock exclusion: ethical divestment as alternative pricing channel
Ferriani (2022),key_citation,,"two main motivations have been advanced by the literature to explain why firms chose to embrace ESG objectives and how this choice influences the price of financial assets, see Heinkel et al. (2001)",6,Heinkel et al. (2001),anchor for theoretical rationale of ESG investing
Ferriani (2022),key_citation,,"Albuquerque et al. (2019), Pástor et al. (2021), Pedersen et al. (2021). Although each study has its own peculiarities in terms of the overall theoretical framework, the literature is generally consistent in identifying the two main drivers of ESG investing",22,Pástor et al. (2021),equilibrium sustainable-investing anchor for two-channel framework
Ferriani (2022),key_citation,,"Bolton and Kacperczyk (2021) document that investors require a compensation for their exposure to more polluting activities, while Ilhan et al. (2020) show that the cost of protection against adverse shift in climate regulation is larger for firms with more carbon-intense business models",23,Bolton and Kacperczyk (2021),carbon-risk premium anchor for emissions-based risk channel
Ferriani (2022),status,,,,,"Bank of Italy / SSRN working paper, empirical bond-pricing study of Covid-19 ESG premium; theory is thin and confined to a two-channel (non-pecuniary preference vs risk) rationale plus carbon/climate-regulation risk proxies; no formal hypotheses, no Paris Agreement discussion, E-specific CER->COD theory largely absent."
Fonseka et al (2019a),frame_use,RISK,"Lending institutions face three diﬀerent types of risk associated with environmental exposure through their lending decisions (Boyer and Laﬀont, 1997; Thompson and Cowton, 2004).",162,,"lender-side environmental risk: direct, indirect and reputation risk in lending"
Fonseka et al (2019a),frame_use,SIG,Prior studies show that a ﬁrm's disclosure lowers the level of information asymmetry by disseminating information that allows stakeholders to have equal access to the ﬁnancial and other information of a ﬁrm,162,,disclosure lowers information asymmetry; authors' framing of the EID channel
Fonseka et al (2019a),frame_use,AGENCY,"Managers may choose not to disclose the negative outcomes of an environmental incident to protect themselves or a ﬁrm's value. However, failure to disclose such information may lead to an increase in a ﬁrm's business risk and its COD.",162,,agency-theory paragraph: managerial withholding raises business risk and COD
Fonseka et al (2019a),frame_use,STAKE,"Nevertheless, it is also possible that legitimacy and stakeholder theories provide a more complete view of ED because they recognize that ﬁrms are denoted by political and social, as well as institutional frameworks",162,,legitimacy and stakeholder theories named as fuller view of ED
Fonseka et al (2019a),mechanism_extra,,"Highly pollutant energy products (e.g., coal, natural gas and oil) are more adversely aﬀected by existing regulations and future regulation changes; the costs of compliance with environmental regulations are also higher for energy products which are highly pollutant.",163,,regulatory exposure and compliance-cost channel varying by energy product type
Fonseka et al (2019a),counter,,"However, other researchers document that ﬁrms do not reveal all related information because this could possibly harm future cash ﬂows (e.g., Dye, 1985), so it is likely that a ﬁrm incurs costs because of a more open policy of disclosure of environment information",162,,"proprietary-cost counter: disclosure itself is costly, may not lower COD"
Fonseka et al (2019a),counter,,"In contrast, Moroney et al. (2012) ﬁnd that not only do ﬁrms with strong environmental performance disclose more environmental information that reduces information asymmetry, but ﬁrms that have a tendency to pollute the environment do the same.",162,,"signal-noise counter: polluters also disclose more, weakening EID as signal"
Fonseka et al (2019a),paris_policy,,"These outcomes could be partially because of the given priority of reducing global emissions in the energy sector, policy tools (e.g., incentives, tax beneﬁts, regulation relief and market mechanisms) are attracting investment and shortening the time-to-market of clean technologies",163,,climate-policy tools and emission-reduction priority steer investment to clean tech
Fonseka et al (2019a),key_citation,,"Gray et al. (1995a, 1995b) claim that social and ED originate from a theoretical viewpoint that assumes that ED is a better approach to legitimize a ﬁrm's continuing existence to its stakeholders.",162,"Gray et al. (1995a, 1995b)",legitimacy anchor for environmental disclosure
Fonseka et al (2019a),key_citation,,Belkaoui and Karpik (1989) argue that agency theory has become a diﬃcult proposition as a basis for ED.,162,Belkaoui and Karpik (1989),"agency-theory anchor, invoked as problematic basis for ED"
Fonseka et al (2019a),key_citation,,"Botosan (1997) observes that high-quality voluntary disclosure lowers the level of information asymmetry, which reduces a ﬁrm's cost of capital.",162,Botosan (1997),disclosure - information asymmetry - cost of capital anchor
Fonseka et al (2019a),status,,,,,"gate2_flag:suffix_ambiguous; author-corrected per v12 provenance (staging filenames): staging_Fonseka_et_al_2019_energy.csv -> Pacific-Basin Finance Journal 54 (2019) 159-182 ENERGY paper | Pacific-Basin Finance Journal empirical archival paper; theory confined to Section 3 (pp.162-164); no Paris-Agreement content, only a generic climate-policy-tools claim."
Fonseka et al (2019b),frame_use,SIG,Prior studies show that a firm's public disclosure lowers information asymmetry by disseminating information that enables stakeholders to have equal access to financial and other information,201,,"signaling/info-asymmetry frame: disclosure lowers asymmetry, cuts cost of capital"
Fonseka et al (2019b),frame_use,RISK,"Lending institutions face three types of risks associated with environmental exposure through their lending decisions (Thompson & Cowton, 2004). First, indirect risk occurs where a borrower defaults on a loan due to the adverse financial consequences of environmental regulation",201,,risk frame: lenders' indirect env risk via borrower default; author taxonomy
Fonseka et al (2019b),frame_use,STAKE,"According to legitimacy and stakeholder theories, one can argue that a firm with a high level of EID can obtain lower cost loans than a firm that has a lower level of EID.",202,,legitimacy/stakeholder frame: high EID firms obtain lower-cost loans
Fonseka et al (2019b),frame_use,AGENCY,"management may decide not to disclose negative information of an environmental incident to safeguard them or deny/withhold information from shareholders to protect the firm's value. However, a failure to disclose such information leads to increased business risk and, eventually, an increase in the COD.",202,,agency frame: withholding negative env info raises business risk and COD
Fonseka et al (2019b),mechanism_extra,,"Second, direct risk occurs where the lenders have taken over mortgaged assets which have lost their commercial value due to environmental pollutants or the need for an environmental clean‐up from a defaulting borrower (Boyer & Laffont, 1997).",201,,"collateral channel: seized mortgaged assets lose value, clean-up liability"
Fonseka et al (2019b),counter,,"Hence, it is obvious to state that a firm incurs a cost for a more open policy on EID (Dye, 1985; Verrecchia, 1990). The effect of the level of environmental disclosure on the COD remains unclear, but we assume it would reduce the COD.",202,,proprietary/disclosure cost burden; authors concede net COD effect unclear
Fonseka et al (2019b),counter,,"Moroney, Windsor, and Aw (2012) reveal that not only firms with better environmental performance but also firms that have a higher tendency to pollute the environment usually disclose more environmental information to reduce information asymmetry.",202,,disclosure-performance decoupling: heavy polluters also disclose more; cited finding
Fonseka et al (2019b),counter,,"In line with these arguments, it can be stated that the increase in EID may in fact increase or decrease the COD for real estate developers who focus primarily on commercial estate developments over their counterparts who focus on residential estate development.",203,,conditional: EID effect on COD may be positive or negative by segment
Fonseka et al (2019b),key_citation,,"Third, prior literature such as Aintablian et al. (2007), Cowton and Thompson (2000), Gray and Bebbington (2001), Thompson (1998), and Thompson and Cowton (2004) find that banks in developed economies include an appraisal of environmental aspects in credit risk assessments when making lending decisions.",197,Thompson and Cowton (2004),anchor for banks pricing environmental risk in credit assessment
Fonseka et al (2019b),key_citation,,"Nevertheless, Gray, Kouhy, and Lavers (1995) suggest that social and environmental disclosure originate from a theoretical view point which assumes that environmental disclosure is a better approach to legitimize a firm's continuous existence to its numerous stakeholders.",202,"Gray, Kouhy, and Lavers (1995)",legitimacy-theory anchor for environmental disclosure
Fonseka et al (2019b),key_citation,,"On the other hand, risks associated with the residential real estate sector are low due to the investment income received when the sale is completed, and the short return period (Wang, 2008).",201,"Wang, 2008",anchor for commercial-vs-residential segment risk differential (H1)
Fonseka et al (2019b),status,,,,,gate2_flag:suffix_ambiguous; author-corrected per v12 provenance (staging filenames): staging_Fonseka_et_al_2019_realestate.csv -> Economics of Transition REAL-ESTATE paper | Economics of Transition and Institutional Change empirical paper on Chinese listed real-estate firms; theory in Section 3 only; no Paris/climate-policy content.
"Ge, Liu (2015)",frame_use,STAKE,"the stakeholder theory suggests that corporations should go beyond the interests of shareholders and consider the interests of a broader group of stakeholders (Freeman, 1984). Jones (1995) extends the stakeholder theory by indicating that CSR is essential for corporations in obtaining necessary resources and stakeholder support.",601,,stakeholder theory as the paper's main frame; CSR secures resources and support
"Ge, Liu (2015)",frame_use,AGENCY,"CSR activities consume resources that could otherwise help generate proﬁts for shareholders; hence a higher CSR performance could hurt shareholders’ interest. Reduced proﬁts also mean reduced interest-paying ability and increased distress risk, both of which can be related to higher costs of public debt ﬁnancing.",601,,"shareholder-theory cost-burden view: CSR drains resources, raises distress risk and COD"
"Ge, Liu (2015)",frame_use,SIG,"First, CSR-related information captures the dimension of a corporation’s environmental risk and decreases information asymmetry, which could eventually affect the cost of equity (e.g., Heinkel et al., 2001; Hong and Kacperczyk, 2009; Jones, 1995; Orlitzky et al., 2003).",601,,CSR information reduces information asymmetry about environmental risk; cost-of-capital channel
"Ge, Liu (2015)",frame_use,RISK,"Hong and Kacperczyk (2009) ﬁnd that socially irresponsible ﬁrms may have higher litigation risk, such as from lawsuits regarding environmental pollution, unsafe products, and employee beneﬁts. Litigation risk is likely to result in negative future cash ﬂows and decrease a ﬁrm’s interest-paying ability.",601,,litigation/pollution risk lowers future cash flows and interest-paying ability; cited finding
"Ge, Liu (2015)",mechanism_extra,,CSR performance can increase the size of the investor base. Heinkel et al. (2001) argue that socially conscious investors prefer to exclude ﬁrms with low CSR performance from their investment portfolios.,602,,"investor-base/exclusion channel; larger base lowers cost of capital (Merton, 1987)"
"Ge, Liu (2015)",mechanism_extra,,"According to Clarkson et al. (2004), ﬁrms from environmentally sensitive industries are more likely to have latent environmental liabilities due to future capital spending obligations to comply with more stringent environmental policies.",618,,latent environmental liabilities from future compliance spending in sensitive industries
"Ge, Liu (2015)",counter,,"If credit ratings fully reﬂect all available and relevant information pertaining to a bond issue’s default risk, then CSR performance should have no incremental explanatory power after credit ratings are controlled for in our models.",607,,ratings-subsumption counter: efficient ratings leave no incremental CSR effect
"Ge, Liu (2015)",counter,,"CSR activities consume a corporation’s economic resources. Since CSR-related expenditures may increase the default risk of ﬁrms in greater ﬁnancial distress (lower Z-score), bondholders would value CSR performance less for such bond issuers.",617,,conditional attenuation: CSR spending raises default risk for distressed issuers
"Ge, Liu (2015)",key_citation,,"The shareholder theory holds that a ﬁrm’s top priority is to maximize ﬁrm value. Accordingly, CSR-related expenditure is considered a poor use of shareholder money and this practice deviates from shareholder value maximization (Friedman, 1962).",601,"Friedman, 1962",shareholder-theory anchor for the cost-burden prediction
"Ge, Liu (2015)",key_citation,,"In contrast, the stakeholder theory suggests that corporations should go beyond the interests of shareholders and consider the interests of a broader group of stakeholders (Freeman, 1984).",598,"Freeman, 1984",stakeholder-theory anchor framing the paper's main hypothesis
"Ge, Liu (2015)",key_citation,,Jones (1995) extends stakeholder theory by indicating that CSR is essential for corporations in obtaining necessary resources and stakeholder support.,598,Jones (1995),instrumental stakeholder anchor: CSR secures resources and stakeholder support
"Ge, Liu (2015)",status,,,,,Journal of Accounting and Public Policy empirical paper; KLD CSR and US new bond issues; explicit shareholder-vs-stakeholder theory section; no climate-policy or Paris content.
Gonzales Sanches et al (2026),frame_use,STAKE,"Thus, stakeholder theory suggests that high CSR performance correlates with a reduced financial risk and better performance.",pdf-3,,stakeholder frame: high CSR performance implies reduced financial risk
Gonzales Sanches et al (2026),frame_use,OTHER:institutional,This theory suggests that organizational decisions are not solely driven by a rational pursuit of efficiency but also by a need for social legitimacy and conformity to societal norms and governmental regulations (DiMaggio and Powell 1983).,pdf-3,,"institutional frame: legitimacy and conformity to regulation, not just efficiency"
Gonzales Sanches et al (2026),frame_use,RISK,"Therefore, a firm's sustainable development ability can reduce the possibility of loan default for its lenders, which translates into a lower risk premium for lending",pdf-3,,risk/default channel: lower default probability lowers lending risk premium
Gonzales Sanches et al (2026),frame_use,SIG,"According to signaling theory, companies that do not report CER data would signal a lack of environmental commitment for stakeholders. Our study analyzes whether such behavior is viewed negatively by investors and results in higher debt financing costs.",pdf-6,,signaling frame in measurement section; non-reporting as negative signal
Gonzales Sanches et al (2026),paris_policy,,"Moreover, EPS could function as an overarching mechanism to ensure a minimum level of climate risk compliance within a specific territorial area (e.g., by offering a country risk discount).",pdf-5,,climate-policy claim: stringency as country-level climate-risk compliance discount
Gonzales Sanches et al (2026),paris_policy,,"For instance, European EPS continues to strengthen in pursuit of the European Green Deal's objectives. Consequently, firms require time to adapt to new institutional norms and regulations, as complete adaptation or compliance may not be immediate.",pdf-15,,Green Deal diffusion lag: firm adaptation to climate policy not immediate
Gonzales Sanches et al (2026),counter,,"suggesting that EPS also contributes to a reduction in borrowing costs independently of firm-­level CER, potentially acting as a risk valuation umbrella, particularly beneficial for companies with lower environmental performance.",pdf-10,,substitution: policy umbrella lowers COD independently of firm-level CER
Gonzales Sanches et al (2026),counter,,"For example, top-­down mandates, while effective in driving adoption, may not foster substantive ESG that generates real value, as it highlights the potential for “greenwashing” or “policy-­washing” driven by compliance rather than genuine strategic intent (Chen et al. 2025; Velte 2025).",pdf-15,,greenwashing/policy-washing counter: mandated compliance without substantive ESG
Gonzales Sanches et al (2026),key_citation,,"From the seminal work of DiMaggio and Powell (1983) to recent research as Glynn and D'Aunno (2023) and Chen et al. (2025), institutional theory pays attention to three kinds of forces",pdf-4,DiMaggio and Powell (1983),institutional-theory anchor for conformity forces on firms
Gonzales Sanches et al (2026),key_citation,,"Second, Porter and Linde's (1995) theory links environmental regulation to economic performance",pdf-4,Porter and Linde's (1995),named theory anchor linking environmental regulation to firm performance
Gonzales Sanches et al (2026),key_citation,,Eliwa et al. (2021) suggest that ESG practices have a greater impact on the cost of debt in countries with higher institutional pressures.,pdf-5,Eliwa et al. (2021),anchor for institutional-pressure conditioning of the ESG-COD link
Gonzales Sanches et al (2026),status,,,,,"Corporate Social Responsibility and Environmental Management empirical article on European CER, OECD environmental policy stringency (EPS) and cost of debt; explicit dual stakeholder + institutional framing; no printed folios in the dump (page=pdf-N) and no Paris Agreement mention, so policy claims are EU Green Deal / climate-risk framed."
Hamrouni et al (2019a),frame_use,SIG,"This mitigates information asymmetry, improves transparency and reduces risks. In this context, banks can be incited to apply better conditions to loans granted to the firm, which translates into lower cost of debt.",271,,image_transcribed; authors' own information-asymmetry chain deriving H1-H4
Hamrouni et al (2019a),frame_use,STAKE,"prior literature demonstrates that CSR reports can improve a firm’s legitimacy (Kuo and Chen, 2013; Mathuva et al., 2017; Cho and Patten, 2007). This mitigates its reputational risk (Kleimeier and Viehs, 2018; Chava, 2014 regarding environmental externalities) and leads to better access to debt financing",269,,image_transcribed; legitimacy/reputation frame routed to debt access
Hamrouni et al (2019a),frame_use,RISK,Khlif et al. (2015) state that banks evaluate the firms’ interest rate with respect to the future risks including the adverse effect of future regulatory costs imposed by the government and other stakeholders.,270,,image_transcribed; future regulatory-cost risk priced into interest rate; cited premise
Hamrouni et al (2019a),frame_use,AGENCY,"The expected negative association between governance disclosure and the cost of debt is based on agency theory such that sound governance practices can mitigate information asymmetry between managers and stockholders and constrain opportunistic managerial behavior (Byun, 2007), which in turn, reduces the cost of capital.",275,,image_transcribed; agency theory named explicitly as basis of governance-disclosure hypothesis
Hamrouni et al (2019a),mechanism_extra,,"They demonstrate that penalties are effectively negated for firms that publicly disclose carbon-related information, suggesting that lenders incorporate a firm’s exposure to carbon-related risk into lending decisions through the cost of financing.",270,,"image_transcribed; carbon-risk pricing channel, cited finding (Jung et al., 2018)"
Hamrouni et al (2019a),counter,,"CSR disclosure can be perceived by certain practitioners as marketing or “window dressing” to appear socially responsible without any real and effective engagement (Magnanelli and Izzo, 2017).",269,,"image_transcribed; greenwashing counter, undercuts credibility of disclosure signal"
Hamrouni et al (2019a),counter,,"if the financial market does not recognize the relevance and potential of CSR reports to reduce uncertainty, firms disclosing extensive environmental and social information may suffer from a competitive disadvantage due to the additional costs that it will incur from the resources spent for these reports.",270,,image_transcribed; cost-burden counter conditional on market non-recognition
Hamrouni et al (2019a),counter,,"Another reason might be because firms engage in social activities more than the necessary compliance level so that the debt market punishes them by imposing high interest rates (Sharfman and Fernando, 2008).",275,,"image_transcribed; over-investment beyond compliance penalised, rationalises positive coefficient"
Hamrouni et al (2019a),key_citation,,"Recently, Magnanelli and Izzo (2017) examined the impact of CSR performance on the cost of debt based on the instrumental view of stakeholder theory. They suppose that CSR engagement helps firms to create value, be accountable to larger groups of stakeholders and gain reputational advantages.",269,Magnanelli and Izzo (2017),image_transcribed; instrumental stakeholder anchor and source of contra-evidence
Hamrouni et al (2019a),key_citation,,"Cheng et al. (2014) examine how stakeholders’ engagement could affect the relationship between CSR and access to finance among publicly listed firms. They argue that firms with superior CSR performance have better stakeholder engagement and less opportunistic behavior (Benabou and Tirole, 2010; Eccles et al., 2012).",269,Cheng et al. (2014),"image_transcribed; stakeholder-engagement to access-to-finance anchor, cited repeatedly"
Hamrouni et al (2019a),key_citation,,"The ability of a lender to assess factors that affect a borrower’s ability to repay debt is the key to successful lending practices (Jung et al., 2018). Opacity mostly constrains the lender’s ability to properly assess the firm’s repayment ability.",269,"Jung et al., 2018",image_transcribed; opacity/lending premise and carbon-risk anchor of the paper
Hamrouni et al (2019a),status,,,,,"image_transcribed; quotes transcribed from rendered page images (rule 10); verified by token coverage >=0.75 against fresh OCR of re-rendered pages (rule 11) | Emerald Management Decision research paper (Vol. 58 No. 2, 2020, pp. 267-279), French SBF 120 CSR-disclosure and cost-of-debt study; scanned PDF with no text layer, all quotes transcribed from rendered page images; no Paris-Agreement or climate-policy claims (only CSR disclosure regulation), hence no paris_policy record."
Hansen & Marcet (2025),frame_use,OTHER:capital structure,"off theory (e.g., Hovakimian et al., 2001) and the Pecking order theory (e.g., Myers and Majluf, 1984) explain why firms raise funds in debt and equity markets under specific conditions, and precisely these conditions make us expect a differential impact",1,,trade-off/pecking order motivate differential debt vs equity pricing
Hansen & Marcet (2025),frame_use,SIG,"On one hand, violating environmental regulations indicates a lack of commitment to the environment and society of these firms; therefore, they provide a clear signal for investors",4,,author claim: violation is a clear negative signal to investors
Hansen & Marcet (2025),frame_use,RISK,"which is consistent with the increase in sustainability risk associated with the firm’s operations and the more attention that the firm receives from the media, and therefore, from investors.",5,,author claim: larger fines raise priced sustainability risk
Hansen & Marcet (2025),frame_use,STAKE,"They document that the legal penalties are minor compared to reputational costs imposed by the market. For each dollar, a firm misleadingly inflates its market value lost $4.08 due to reputational losses.",9,,cited anchor: reputational costs exceed legal penalties
Hansen & Marcet (2025),frame_use,AGENCY,"Finally, it is worth mentioning that as dictated by agency theory models and previous evidence (Myers and Majluf, 1984; Narayanan, 1988; Brav, 2009; Lemmon and Zender, 2019), the impact of information asymmetries is stronger in the equity market than in the",27,,agency theory: asymmetry effect larger in equity than debt
Hansen & Marcet (2025),mechanism_extra,,"First, a discount channel in which the cost of capital is affected, and second, a cash-flow channel in which future cash-flows decrease.",9,,authors' two channels; paper targets discount/cost-of-capital channel
Hansen & Marcet (2025),counter,,"have been demonstrated in previous studies to be noisy signals for a variety of reasons, including measurement inaccuracy (Berg et al., 2022), greenwashing behavior (Ferrés and Marcet, 2021) and conflict of interest of rating providers (Li et al., 2024).",1,,"ratings noise: measurement error, greenwashing, provider conflicts"
Hansen & Marcet (2025),counter,,"For instance, firms with non-recurring environmental violations do not face higher financing costs (debt and SEO); only those with repeated violations over time do.",2,,null for one-off violations; pricing conditional on repeat offending
Hansen & Marcet (2025),key_citation,,"the Pecking order theory (e.g., Myers and Majluf, 1984) explain why firms raise funds in debt and equity markets under specific conditions",1,"Myers and Majluf, 1984",pecking order anchor for debt vs equity information sensitivity
Hansen & Marcet (2025),key_citation,,"including measurement inaccuracy (Berg et al., 2022), greenwashing behavior (Ferrés and Marcet, 2021) and conflict of interest of rating providers (Li et al., 2024).",1,"Berg et al., 2022",anchor for ESG rating divergence/measurement noise
Hansen & Marcet (2025),key_citation,,Karpoff et al. (2005) studied the impact of environmental violations on firm equity.,9,Karpoff et al. (2005),anchor for market pricing of environmental violations
Hansen & Marcet (2025),status,,,,,"SSRN preprint (not peer reviewed); US EPA violation data, bond vs SEO issuance; no Paris/climate-policy theory; page text carries interleaved watermark fragments."
Ho & Wong (2023),frame_use,RISK,"In principle, highly emitting firms would be more exposed to the transition risk, in which their future cash flows, and hence their debt repayment ability could be adversely affected in the event of a disorderly transition towards a low-carbon economy.",2,,author's own transition-risk logic: emissions erode repayment ability
Ho & Wong (2023),paris_policy,,the increased global awareness of climate-related risks since then may lead banks in emerging markets to factor in the transition risk of borrowers in the loan pricing.,9,,"own claim; Paris raises awareness, amplifying transition-risk pricing"
Ho & Wong (2023),paris_policy,,The higher loan spread charged is consistent with the view that reaching the Paris Agreement in Dec 2015 had updated creditors' expectations on the stringency of the environmental policy into the future.,9,,own claim; Paris updates creditor expectations of future policy stringency
Ho & Wong (2023),mechanism_extra,,"these non-pricing loan features may include shortening loan tenor and/or requiring collaterals, which essentially reduce the extent of credit risk exposures faced by banks.",13,,non-price contract channel: tenor/collateral substitute for spread
Ho & Wong (2023),mechanism_extra,,"Intuitively, a more environmentally concerned bank (i.e. “green” bank) should make a greater effort to internalise the potential negative impact on its operations arising from climate-related risk by charging a higher loan spread to a brown borrower relative to non-green banks.",3,,"lender-side channel: green banks internalise own climate risk, price higher"
Ho & Wong (2023),counter,,"Despite this public commitment, the signature action could also be in part motivated by the reputational benefits from enhanced corporate images14 and, therefore, not necessarily reflecting that banks have committed tangible efforts to promote greenness.",5,,"greenwashing: green commitment may be reputational, not substantive"
Ho & Wong (2023),counter,,"while the climate transition risk of a corporate in principle could be one important environmental constraint faced by borrowers, banks may simply look at the holistic ratings of the borrowers' environmental profiles, rather than focusing solely on the dimension of transition risk.",9,,"ratings subsumption: banks may price holistic env ratings, not transition risk"
Ho & Wong (2023),counter,,"the associated credit risk impact stemming from Scope 2 emissions is relatively more difficult to ascertain by banks as it will hinge on the future dynamics of energy prices as well as the energy efficiency of energy suppliers, which are highly uncertain at the time of loan origination.",15,,measurement uncertainty of Scope 2 impact attenuates spread pricing
Ho & Wong (2023),key_citation,,"Delis et al. (2021) find that banks generally did not price climate policy exposure regarding borrowers' stranded fossil fuel reserves before 2015, but starting to price-in this factor afterward.",2,Delis et al. (2021),anchor for climate-policy exposure priced only post-2015
Ho & Wong (2023),key_citation,,"Based on a sample of global project finance syndicated loans, Ehlers et al. (2022) find that firms with higher emission intensity are charged with higher loan spreads, also only after the Paris Agreement.",2,Ehlers et al. (2022),anchor for emission-intensity loan premium after Paris
Ho & Wong (2023),key_citation,,Fard et al. (2020) based on a sample of international syndicated loans finds that banks would tend to shorten loan tenor and impose collateral requirements when lending to borrowers that face more stringent environmental regulations at the country-level.,13,Fard et al. (2020),anchor for non-pricing contract terms as risk-mitigation channel
Ho & Wong (2023),status,,,,,"Emerging Markets Review empirical banking study; no formal theory/hypothesis section - theory sits in the introduction, footnotes and discussion."
Hoepner et al (2016),frame_use,RISK,"We posit that CSR leads to reduced corporate default risk – which is what lending institutions ultimately price – and, consequently, to lower cost of debt.",161,,authors' core claim: CSR -> lower default risk -> lower cost of debt
Hoepner et al (2016),frame_use,STAKE,"The first one draws from instrumental stakeholder theory (Freeman, 1984; Jones, 1995) and posits that the efficient implementation of CSR policies and practices can lead to effective stakeholder management on the part of the firm.",159,,instrumental stakeholder theory named explicitly as first pillar
Hoepner et al (2016),frame_use,SIG,"The higher and better quality the informational flow is between two contracting parties, the lower the monitoring, policing and agency costs tend to be and thus the lower the overall cost of bank financing (Akerlof, 1970; Grossman and Stiglitz, 1980; Mankiw, 1986).",163,,"information-asymmetry channel: CSR raises info flow, cuts monitoring costs"
Hoepner et al (2016),frame_use,AGENCY,"An additional reason to motivate such research comes from the view that distinguishing good management via a firm’s CSR levels is even more important in the debt markets due to the agency conflicts arising between shareholders and debt-holders (Ashbaugh-Skaife et al., 2006).",160,,shareholder-debtholder agency conflict makes CSR screening matter more in debt
Hoepner et al (2016),mechanism_extra,,"The intuitive explanation is that these institutional mechanisms act as a shield for the borrowing firm, protecting it from the operational and reputational hazards occurring from systemic social and environmental challenges and ultimately reducing its default risk.",161,,country-institutional shield channel: macro sustainability framework cuts firm default risk
Hoepner et al (2016),mechanism_extra,,"firms with a better environmental performance have more effective business models, as they are able to avoid fines, sanctions, clean-up costs, lengthy judicial battles, as well as the effects of all the negativity publicity manifesting from such events",166,,"env-regulation/liability channel: fines, clean-up, litigation avoidance; basis of H3"
Hoepner et al (2016),counter,,"It appears that, at least in the international bank loan market, country-level sustainability is priced while firm-level sustainability is not, or perhaps the latter is priced only through the former (which would lead to a reinterpretation of previous empirical findings).",184,,substitution: country framework may subsume firm-level CSR pricing
Hoepner et al (2016),counter,,"for a firm that is truly financially robust, CSR many not be a crucially impactful factor, whereas for companies facing significant financial distress, the difference between poor and good CSR performance can have a significant influence on their viability, default risk and hence cost of debt.",180,,conditionality: CSR priced only for distressed borrowers; authors' explanation of null
Hoepner et al (2016),key_citation,,"Jones (1995, p. 412) notes that “There is another way to reduce opportunistic behavior, however – the voluntary adoption of standards of behavior that limit or eliminate it” and discretionary CSR engagements certainly fit this description.",163,"Jones (1995, p. 412)","stakeholder/opportunism anchor, quoted directly and reused throughout"
Hoepner et al (2016),key_citation,,"In the words of Goss (2009): “Stakeholder theorists argue that firms that are able to negotiate the intricacies of competing economic, social and governance agendas are likely endowed with higher quality managers.”",164,Goss (2009),anchor for CSR -> management quality -> default risk chain
Hoepner et al (2016),key_citation,,Merton’s (1973) seminal work has demonstrated that the pay-offs accruing from a corporate bond (the extension to corporate loans is straightforward) are asymmetric and resemble that of a put position.,160,Merton’s (1973),payoff asymmetry premise: why debtholders price downside more than equity
Hoepner et al (2016),status,,,,,JBFA empirical study of bank-loan spreads; explicit hypothesis-development section; contrasts priced country-level sustainability with unpriced firm-level CSR; no Paris/climate-policy-specific theory (2016 paper).
Hu et al (2024),frame_use,STAKE,"In view of stakeholder theory (Freeman, 1984), firms that demonstrate high social responsibility are more likely to establish good relationships with various stakeholders, including employees, consumers, suppliers, investors and regulators",2,,stakeholder theory frame: CSR builds stakeholder relations feeding credit risk profile
Hu et al (2024),frame_use,RISK,"In this sense, a company’s ESG achievements can help to reduce its credit risk via the improvement of CFP.",2,,authors' risk-mitigation frame: ESG lowers credit risk through financial performance
Hu et al (2024),frame_use,SIG,"By contrast, since the average level of ESG ratings is low in the US, firms demonstrating superior environmental performance are likely to be rewarded by rating agencies as recognition of their proactive environmental efforts.",3,,signal value of voluntary effort where norms are low; underpins H2
Hu et al (2024),mechanism_extra,,"Since a firm’s cost of debt is negatively correlated with its credit risk (Kisgen, 2006), an improvement of the firm’s ESG performance can have a positive impact on its external credit ratings.",2,,"cost-of-debt channel: ESG lowers COD, COD tied to credit risk, hence better ratings"
Hu et al (2024),mechanism_extra,,"Liesen et al. (2017) show that disclosure of firms’ carbon emissions has a positive impact on their financial performance. Moreover, the costs associated with carbon disclosure do not impose a burden on firms’ financial resources.",2,,carbon-disclosure channel; cited findings; rebuts cost-burden objection
Hu et al (2024),counter,,"good environmental performance becoming the new normal for European companies. As a result, further improvements in European firms’ environmental indicators may not lead to substantial increases in credit ratings.",3,,"attenuation: high performance is the EU norm, so further gains barely rewarded"
Hu et al (2024),paris_policy,,"Following the Paris Agreement, a number of countries have published their national climate action plans, including proposals for new regulations for both financial and non-financial firms. In this context, the Big Three CRAs have incorporated climate and environmental factors into their credit risk assessments of debt issuers",2,,amplification: Paris-driven national plans and regulation push CRAs to price climate
Hu et al (2024),paris_policy,,"In addition, political uncertainty in the US, with the withdrawal from the Paris Agreement under the Trump administration being the most prominent example, may negatively affect the average level of US firms’ environmental performance.",3,,attenuation: US Paris withdrawal and policy uncertainty depress environmental performance
Hu et al (2024),key_citation,,"In view of stakeholder theory (Freeman, 1984), firms that demonstrate high social responsibility are more likely to establish good relationships with various stakeholders",2,"Freeman, 1984",stakeholder theory anchor for the environment-creditworthiness link
Hu et al (2024),key_citation,,"Since a firm’s cost of debt is negatively correlated with its credit risk (Kisgen, 2006)",2,"Kisgen, 2006","anchor linking cost of debt to credit risk, bridging ESG to ratings"
Hu et al (2024),key_citation,,Liang and Renneboog (2017) use an extended sample of companies from 114 countries and come to a comparable conclusion: The legal origin of the country is the strongest explanatory factor for firms’ ESG ratings.,3,Liang and Renneboog (2017),legal-origin/country-norms anchor underpinning the US-EU difference hypothesis
Hu et al (2024),status,,,,,International Review of Financial Analysis; empirical US/EU study of environmental scores and credit ratings; theory confined to a short Section 2; cost of debt enters only as an intermediate channel.
Hui et al (2024),frame_use,RISK,EID provides various clues for banks to appraise credit risks.,3942,,authors' own claim; disclosure feeds banks' credit-risk appraisal
Hui et al (2024),frame_use,SIG,"First, EID narrows the information gap between firms and lending",3941,,information-asymmetry channel; disclosure eases adverse selection for lenders
Hui et al (2024),frame_use,STAKE,"Compared with mandatory disclosures, the voluntary perspective is motivated by the sense of corporate social responsibility and the ideology of altruism.",3943,,CSR/altruism motive makes voluntary EID credible; basis for H2
Hui et al (2024),mechanism_extra,,"to avoid indirect risks, such as lawsuits and reputation damage.",3942,,lender-liability and reputational-contagion channel beyond default risk
Hui et al (2024),mechanism_extra,,"loans require physical assets as the security. When firms experience environmental incidents, the value of stock tends to decrease",3960,,collateral-value channel; environmental incidents erode pledged security
Hui et al (2024),mechanism_extra,,"Additionally, our results illuminate the alignment of EID with local government policies championing green finance, emphasizing EID's importance beyond mere compliance measures.",3962,,political/green-credit channel; state banks reward EID to meet policy goals
Hui et al (2024),counter,,"EID is viewed as symbolic, the company might miss out on rewards",3957,,greenwashing/symbolic-disclosure attenuation; banks discount insincere EID
Hui et al (2024),paris_policy,,and meet its commitment to the Paris Agreement on climate,3952,,China's green-finance push framed as Paris commitment; amplifies EID benefit
Hui et al (2024),key_citation,,"be it for adverse selection (Akerlof, 1970), as a legitimacy tool",3942,"Akerlof, 1970",information-asymmetry/adverse-selection anchor used throughout
Hui et al (2024),key_citation,,(1991) and Leuz and Verrecchia (2000) argue that public disclosures,3942,Diamond and Verrecchia (1991) and Leuz and Verrecchia (2000),disclosure-reduces-asymmetry anchor for the signaling side of the debate
Hui et al (2024),key_citation,,"in their financial reports (Cho & Patten, 2007; Deegan, 2002).",3943,"Cho & Patten, 2007; Deegan, 2002",legitimacy-theory anchor; also invoked for greenwashing counter
Hui et al (2024),status,,,,,"Corp Soc Responsib Environ Manag research article on environmental information disclosure and Chinese bank loan size/cost; the two-column text dump is line-interleaved between columns, so contiguous verbatim spans are unusually short."
Höck et al (2020),frame_use,RISK,"The previously outlined risk-mitigation view, which states that higher sustainability leads to lower default risk, is widely held by researchers and investment professionals",87,,authors' named risk-mitigation view underpinning H1
Höck et al (2020),frame_use,STAKE,"Second, companies with a lower environmental sustainability face higher stakeholder and reputational risks.",86,,second transmission channel: stakeholder/reputation risk raises default risk
Höck et al (2020),frame_use,AGENCY,"some argue that investments in sustainability are a waste of scarce resources, which could be better spent by investing in the expansion of the firm or paying dividends. In accordance with this overinvestment view, the credit risk premia for more sustainable companies should be higher",87,,named overinvestment view: positive CER->COD prediction
Höck et al (2020),mechanism_extra,,"In summary, the companies with lower environmental sustainability have a higher regulatory risk due to potentially higher fines as well as a slower and more costly adaption of upcoming regulatory changes which are expected to increase their default risk.",86,,regulatory/liability channel: fines and costly compliance adaptation
Höck et al (2020),mechanism_extra,,"Additionally, banks and credit rating agencies start to incorporate sustainability criteria in their credit risk assessment process (Fitch Ratings 2019; Goss and Roberts 2011; Weber et al. 2008, 2010). Hence, less sustainable companies are likely to face higher refinancing costs for both loans and bonds",87,,lender/rating-agency assessment channel raising loan and bond costs
Höck et al (2020),mechanism_extra,,"The event risks that emerge from questionable business practices can lead to immense liabilities, which often question the continuation of the business and thus increase the default risk.",87,,event-risk channel: catastrophe liabilities threaten going concern
Höck et al (2020),paris_policy,,"The EU plans to reinforce this development by introducing the EU taxonomy,1 sustainability-related disclosure for investment products and alternative sustainable benchmarks (European Union 2019). This is likely to redirect capital to more sustainable firms and thus lead to a further increase in refinancing costs for less sustainable companies.",87,,EU climate-neutrality taxonomy/disclosure amplifies brown refinancing costs
Höck et al (2020),counter,,"Furthermore, companies with a low creditworthiness have less financial scope, which makes it more difficult for them to direct their few resources towards sustainable development.",87,,"attenuation: weak-credit firms cannot afford CER, effect conditional"
Höck et al (2020),key_citation,,"Bauer and Hann (2010) demonstrate that a deterioration of stakeholder relationships directly affects the cash flow, which influences both the firm value and the default risk.",86,Bauer and Hann (2010),anchor for stakeholder-relationship cash-flow/default channel
Höck et al (2020),key_citation,,"For instance, the findings from Menz (2010) indicate that socially responsible companies have higher risk premiums than non-socially responsible firms.",86,Menz (2010),anchor for overinvestment/positive-premium counterview
Höck et al (2020),key_citation,,"Moderating effects could provide a link between the risk-mitigation view and the overinvestment view, as shown by Stellner et al. (2015) for the moderating effect of country sustainability on the relationship between credit risk and sustainability on company level.",87,Stellner et al. (2015),anchor for moderation logic behind H2
Höck et al (2020),status,,,,,Journal of Asset Management empirical CDS study; theory concentrated in a short four-channel hypothesis-development section.
Jang et al (2020),frame_use,RISK,"To summarize, if the risk management view holds, the higher the ESG scores are, the lower the downside risks are, including the default risk.",2,,risk-management view: ESG lowers downside/default risk; authors' own frame
Jang et al (2020),frame_use,SIG,"ESG activities signal the firm’s dedication towards doing good for others while increasing the transparency of the firms even by paying the high costs, thereby decreasing the cost of financing with the decreased perceived default risks by the investors.",2,,costly signal plus transparency lowers perceived default risk and financing cost
Jang et al (2020),frame_use,STAKE,"In fact, literature with the risk management view asserts that CSR (more generally ESG) activities strengthen firms’ intangible assets such as reputation capital [6–8,10], which in turn creates shareholder wealth in the long run [5,11].",2,,reputation/moral-capital channel as insurance-like cushion; cited literature restated
Jang et al (2020),mechanism_extra,,"In addition, bond issuers are subject to frequent refinancing needs compared to equity issuers [4], thereby increasing their need to meet with social demands to avoid paying higher financing costs.",2,,refinancing/rollover channel specific to bond issuers; authors' own claim
Jang et al (2020),mechanism_extra,,The mounting demand pressure from the government pension funds in the market can explain why ESG lowers the cost of debt financing.,9,,investor-base/exclusion channel; GPFG excluded Korean firms on environmental grounds
Jang et al (2020),mechanism_extra,,"For example, when rating companies, CRAs mostly refer to companies’ financial matrices, which do not reflect any of the environmental concerns that are hardly predictable at the time.",9,,"ratings omit environmental risk, so ESG carries incremental credit information"
Jang et al (2020),counter,,"From the entrepreneur’s perspective, ESG is costly and difficult to implement. Firms should commit a considerable amount of investment to secure relevant resources including ESG data and specialists before implementing ESG firm-wide. For this reason, large companies can endure related costs while small companies struggle.",6,,"cost burden; conditional on size, large firms absorb costs, small firms struggle"
Jang et al (2020),counter,,This conforms to the view that bond investors react negatively to the management’s effort in strengthening corporate governance which mostly benefits equity holders [17].,6,,bondholder-shareholder conflict: governance raises bond returns; result rationalization
Jang et al (2020),key_citation,,"Put differently, Godfrey et al. [11] assert that “CSR-based moral capital creates value if it helps stakeholders attribute the negative event to managerial maladroitness rather than malevolence and temper their reactions accordingly.”",2,Godfrey et al. [11],core anchor for risk-management/moral-capital insurance view
Jang et al (2020),key_citation,,"Finally, to a certain degree, our study resembles the work of Polbennikov et al. [1] that examined the impact of ESG on corporate bond returns; however, there are significant differences between the two studies.",3,Polbennikov et al. [1],closest prior work; anchor for ESG pricing in corporate bonds and downside focus
Jang et al (2020),key_citation,,"According to English [13], environmental issues such as climate change or water pollution are more diffuse and long-term than social and governance risks that are mostly contained internally.",3,English [13],"anchor for why the E pillar differs: diffuse, long-horizon environmental risk"
Jang et al (2020),status,,,,,Sustainability (MDPI) empirical study of Korean corporate bond returns; theory sits in intro/literature review plus two qualitative case studies; no Paris-Agreement or climate-policy claims.
Jiraporn et al (2014),frame_use,RISK,"Credit rating agencies and debtholders concentrate considerably more on downside risk when reviewing a firm because their payoff on the upside is limited. Consequently, the risk mitigation hypothesis suggests that more socially responsible firms are assigned more favorable credit ratings.",518,,"image_transcribed; risk mitigation view, debtholders weight downside risk, CSR lifts ratings"
Jiraporn et al (2014),frame_use,AGENCY,"Thus, CSR initiatives represent an inefficient deployment of corporate resources that do not create value for shareholders. To the extent that CSR activities constitute an agency cost or a wasteful diversion of resources, firm value is expected to decline, making both shareholders and debtholders worse off.",519,,"image_transcribed; overinvestment view, CSR as agency cost that harms debtholders"
Jiraporn et al (2014),frame_use,SIG,"Credit rating agencies are sophisticated financial intermediaries with strong financial expertise. They also have access to better information than the average investor. Therefore, if CSR has a beneficial effect, credit rating agencies are more likely to discover it than public investors in general.",509,,image_transcribed; information advantage of rating agencies over public investors
Jiraporn et al (2014),frame_use,STAKE,"The positive moral capital alleviates the negative assessments and resulting sanctions by stakeholders following firms’ misconduct, making firms less vulnerable to negative events",518,,image_transcribed; stakeholder sanctions buffered by reputational moral capital
Jiraporn et al (2014),mechanism_extra,,"Moreover, CSR engagement fosters relationships with the government and the community, thereby mitigating the risk of litigation and government sanctions that would otherwise threaten firm profitability in the future",518,,image_transcribed; litigation and government-sanction channel protecting future cash flows
Jiraporn et al (2014),mechanism_extra,,we then estimate the effect of CSR on credit ratings since ratings significantly influence the cost of debt for the firm. Firms with favorable credit ratings have better access to capital markets and can borrow at a much lower cost.,505,,image_transcribed; ratings as transmission channel from CSR to cost of debt
Jiraporn et al (2014),counter,,"This view perceives CSR investments as an agency problem that reduces firm value, thereby hurting both debtholders and shareholders. Because the risk mitigation view and the agency view offer conflicting predictions, the effect of CSR on credit ratings remains an empirical question.",509,,"image_transcribed; sign indeterminacy, CSR may hurt debtholders, net effect empirical"
Jiraporn et al (2014),counter,,"In addition, if CSR reduces risk, then the effect should be attributed more to CSR concerns, rather than CSR strengths.",523,,"image_transcribed; asymmetry, concerns drive ratings while strengths need not"
Jiraporn et al (2014),key_citation,,"CSR activities generate a form of goodwill or moral capital for the firm that functions as “insurance-like” protection when negative events occur (Godfrey, 2005; Gardberg and Fombrun, 2006; Godfrey et al., 2009).",518,"Godfrey, 2005",image_transcribed; moral-capital insurance anchor of the risk mitigation view
Jiraporn et al (2014),key_citation,,"Bernea and Rubin (2010) contend that overinvestments in CSR occur because the credit for CSR initiatives accrues principally to the manager, while the cost is borne by the shareholders.",519,Bernea and Rubin (2010),image_transcribed; agency anchor generating the negative CSR-ratings prediction
Jiraporn et al (2014),key_citation,,"Managers tend to overinvest in CSR to enhance their own private benefits, rather than to maximize shareholder wealth (Friedman and Friedman, 1962; Bernea and Rubin, 2010).",509,"Friedman and Friedman, 1962",image_transcribed; shareholder-primacy anchor underpinning the agency view
Jiraporn et al (2014),status,,,,,"image_transcribed; quotes transcribed from rendered page images (rule 10); verified by token coverage >=0.75 against fresh OCR of re-rendered pages (rule 11) | Financial Management (FMA/Wiley), Fall 2014, 43(3), pp. 505-531; JSTOR scan with corrupt text layer, quotes transcribed from page images; explicit competing risk-mitigation vs overinvestment sections; outcome is credit ratings, pre-Paris so no climate-policy claims."
Johnson (2020),frame_use,RISK,perceived as less risky by the providers of equity and debt capital. These capital providers adjust their expectations about risks and returns accordingly and are often willing to accept lower returns and lending rates in case of providing capital to firms with superior ESG performance,2,,risk-perception channel: lower required returns and lending rates
Johnson (2020),frame_use,STAKE,A firm that focuses on its stakeholders’ interests is likely to deliberately avoid making decisions which could have a negative impact on stakeholders. The notion that firms should function in a responsible manner is highlighted by the stakeholder theory.,2,,stakeholder theory named as basis for ESG consideration
Johnson (2020),frame_use,SIG,It has therefore been argued that the improved disclosure of ESG-related risks can reduce a firm’s cost of capital (Atan et al. 2018).,2,,disclosure/transparency channel lowering cost of capital; cited claim
Johnson (2020),mechanism_extra,,"The majority of global banks, including a few South African banks, are signatories to voluntary principles such as the Equator Principles that require them to assess and manage environmental and social risks in project financing (Equator Principles 2019).",4,,lender screening: banks assess E&S risk in credit decisions
Johnson (2020),mechanism_extra,,Sustainability-linked financing (also known as ESG-linked loans) is becoming a growing trend which links loan pricing to a firm’s ESG consideration and disclosure. Firms are offered a discount when they outperform on the ESG criteria (Responsible Business 2018).,7,,loan-pricing channel: ESG-linked loans give explicit rate discount
Johnson (2020),mechanism_extra,,"As such, the more institutions consider and report on ESG risks in investment analysis and decision-making, the better would be their credit rating, and by implication access to additional debt capital is likely to increase (Isa 2019).",8,,credit-rating channel raising debt access; author's own claim
Johnson (2020),counter,,"Given that firms in this sector have many ESG risks, such as being considered big polluters, it could be that more transparent disclosure of such risks could open them up to more criticism from capital providers resulting in the increased cost of capital.",9,,"disclosure reveals bad news; polluters draw criticism, cost rises"
Johnson (2020),counter,,"The considered ESG disclosure scores might not reflect the actual ESG performance of firms because of the scores being mainly based on corporate reporting. Although firms are required to disclose positive and negative aspects, given the possible consequences, it is questionable whether they will do so.",10,,greenwashing/selective disclosure: scores decoupled from actual performance
Johnson (2020),key_citation,,The authors furthermore posit that investors consider ESG information and accept lower returns from those firms with good ESG performance.,4,Kölbel and Busch (2017),risk-perception anchor: investors accept lower returns
Johnson (2020),key_citation,,Atan et al. (2018) posit that managers tend to disclose more ESG information as leverage increases. This is because of increased scrutiny from financial institutions (Atan et al. 2018).,6,Atan et al. (2018),creditor-scrutiny anchor linking leverage to ESG disclosure
Johnson (2020),key_citation,,"This theory encourages the consideration of a broader range of aspects, such as ESG concerns, which are likely to impact on long-term performance (Bavoso 2012).",2,Bavoso 2012,sole named-theory anchor: stakeholder theory
Johnson (2020),status,,,,,"Journal of Economic and Financial Sciences; SA ESG-disclosure/WACC panel study, thin theory, stakeholder theory only named frame, no climate-policy content."
Jung et al (2016),frame_use,RISK,"We argue that a firm’s carbon risk exposure influences default risk because of the resultant uncertainty in current and future cash flows. On balance, a firm with a higher exposure to carbon risk will have a higher default risk.",1152,,author's core risk channel: carbon risk raises cash-flow uncertainty and default risk
Jung et al (2016),frame_use,AGENCY,"Much of the debt literature has adopted an agency theory perspective (Armstrong et al. 2010). In the context of carbon risk, agency problems can arise when there is a misalignment of the carbon-related goals of lenders and borrowers.",1157,,explicit agency-theory frame for hypothesis development
Jung et al (2016),frame_use,SIG,"Reduced information asymmetry can also directly result in a lower the cost of debt. Thus, lenders are expected to impose a smaller carbon risk premium if a firm exhibits higher carbon risk awareness.",1158,,author's H2 information channel; sic 'a lower the cost of debt'
Jung et al (2016),frame_use,STAKE,"Equally, firms perceived as environmentally irresponsible are likely to damage their brand image, potentially affecting future operations, competitive market position and ultimately future cash flows (Labatt and White 2007).",1156,,reputation/brand-image channel into cash flows and credit risk
Jung et al (2016),mechanism_extra,,An additional consideration for lenders is that they may themselves face reputational risks when their lending policies and processes towards carbon-intensive projects are viewed in a negative light by stakeholders.,1156,,"lender-side reputational risk channel, distinct from borrower default risk"
Jung et al (2016),paris_policy,,"Now, however, with the emergence of carbon-related regulations and policies, firms are more likely internalising the cost of carbon emissions making carbon risk a significant business consideration (Clarkson et al. 2015).",1152,,climate policy internalises carbon externality; amplification claim
Jung et al (2016),counter,,"To the extent that lenders require more stringent debt contracting terms, they could substitute for a higher cost of debt in the case of borrowing firms with high carbon risk. Such a substitution may serve to disguise the true effect of carbon risk on the cost of debt.",1169,,"attenuation: non-price contract terms substitute for price, masking COD effect"
Jung et al (2016),counter,,"Here, one possible explanation for this apparently contrary result is that lenders may see investments in carbon risk management strategies as inefficient for these firms since their exposure to carbon risk is inherently low (Sharfman and Fernando 2008; Goss and Roberts 2011).",1167,,cost-burden/conditional counter for low-emitting industries; author rationalisation
Jung et al (2016),key_citation,,Prior literature finds that lenders use a variety of contractual mechanisms to mitigate agency problems (Armstrong et al. 2010).,1169,Armstrong et al. 2010,agency-theory anchor for debt contracting
Jung et al (2016),key_citation,,"In short, carbon risk comprises three separate but related risk components—regulatory, physical and business risks (Labatt and White 2007).",1155,Labatt and White 2007,carbon-risk taxonomy underpinning H1
Jung et al (2016),key_citation,,Firms that are aware of the carbon risks they face are more likely to integrate these risks into formal risk management systems and to address them before they become bigger problems (Subramaniam et al. 2015).,1155,Subramaniam et al. 2015,awareness to formal risk management anchor for H2
Jung et al (2016),status,,,,,"gate2_flag:year_mismatch; J Bus Ethics 150:1151-1171; accepted+online+(c) 2016, issue 2018. Same paper. | Journal of Business Ethics empirical archival study (Australian NGER/CDP sample, 2009-2013); agency-theory framing with carbon-risk-awareness moderation; label year 2016 is the online-first year, filename shows the 2018 print issue."
Kim & Pouget (2026),frame_use,RISK,"but it may also be due to climate-related physical and transition risk (see, e.g., Pankratz and Schiller, 2024 and Seltzer et al., 2025).",1,,authors name transition/physical climate risk as a source of the carbon premium
Kim & Pouget (2026),frame_use,OTHER:tastes,"The carbon premium may arise due to social norms or reputation issues (see, e.g., Riedl and Smeets, 2017) that we summarize as tastes following Fama and French (2007)",1,,"alternative frame: investor social norms/tastes, not risk, drive the premium"
Kim & Pouget (2026),paris_policy,,"However, there is currently no international tax or regulation of carbon emissions to align corporate and societal interests. Financial markets can fill part of this gap by requiring a larger expected return from brown firms, i.e., by imposing a carbon premium on firms with large carbon emissions.",1,,"author claim: absent carbon tax/regulation, markets substitute via carbon premium"
Kim & Pouget (2026),mechanism_extra,,"the only point at which, if investors have a preference for green over brown projects, firms with low carbon emissions can directly benefit from a lower cost of capital and/or firms with high carbon emissions can be penalized by a higher cost of capital.",2,,green-investor demand channel; only primary issuance transmits to firms' cost of capital
Kim & Pouget (2026),counter,,"This raises the question of whether financial intermediaries pass on the carbon premium that they can anticipate on the secondary market to the issuing firms on the primary market, or instead whether markets are segmented.",2,,attenuation: dealer intermediation/market segmentation may block pass-through
Kim & Pouget (2026),counter,,We study whether investors on the secondary market are more responsive to uncertainty about future climate concerns than primary market participants. This differential sensitivity could contribute to the larger gap between the carbon premium in the secondary and the primary market.,12,,attenuation: primary-market participants less responsive to climate-concern uncertainty
Kim & Pouget (2026),mechanism_extra,,"Highly reputable underwriters may price the carbon premium in the primary market more in line with how it is priced in the secondary market, which in turn may reinforce their strong reputation.",15,,underwriter reputation/certification channel raises pricing of carbon at issuance
Kim & Pouget (2026),counter,,the carbon premium observed in bond markets appears much lower than what is needed to make firms internalize their social impact related to climate change.,18,,attenuation: premium magnitude too small to make firms internalize climate impact
Kim & Pouget (2026),key_citation,,"In one of the earliest analyses, Bolton and Kacperczyk (2021) find that US firms with larger absolute emissions display higher realized stock returns.",2,Bolton and Kacperczyk (2021),founding carbon-premium anchor; frames measurement and premium concept
Kim & Pouget (2026),key_citation,,"Seltzer et al. (2025) show that corporate bond credit ratings and spreads react to issuing firms’ environmental profile, especially when environmental regulations are strictly enforced.",4,Seltzer et al. (2025),closest bond-market antecedent; env profile to spreads under regulatory enforcement
Kim & Pouget (2026),key_citation,,"Fourth, the absolute level of the carbon premium, even at its maximum level on the secondary market, appears lower than needed to provide adequate incentives for corporations to reform and become greener (see Pedersen, 2025, for an estimate of the required carbon premium).",3,"Pedersen, 2025",theory benchmark for required carbon premium; anchors adequacy claim
Kim & Pouget (2026),status,,,,,"Journal of Corporate Finance empirical asset-pricing paper; no formal theory/hypothesis section, theory sits in introduction, footnotes and channel motivations."
"Kim, Kim (2022)",frame_use,RISK,"firms’ exposure to environmental risk adds to the uncertainty inherent in current and future cash flows, and ultimately increases the probability of default. As a result, funders (lenders or investors) are more likely to impose a higher risk premium on firms with higher environmental risk [35,36].",5,,core H1 chain: env risk -> cash-flow uncertainty -> default probability -> risk premium
"Kim, Kim (2022)",frame_use,SIG,"disclosure of ESG activities by companies, such as publication of sustainability reports, reduces information asymmetry between companies and investors, and consequently reduces uncertainty in default.",4,,"ESG disclosure reduces information asymmetry, lowers default uncertainty; cited-literature premise"
"Kim, Kim (2022)",frame_use,AGENCY,"a competitive environment acts as a form of external governance of a firm, thereby reducing agency costs and promoting efficient management [21,22,25,26] and, in turn, reducing the risk premium in the capital market [27].",5,,competition as external governance cuts agency costs and risk premium; basis of H2
"Kim, Kim (2022)",mechanism_extra,,"the negative effect between environmental risk and credit rating may become stronger. This is because, if competition, which plays a role as governance, is weak, environmental risks that negatively affect firm value may increase.",5,,"moderation channel: weak competition removes governance discipline, amplifies env risk effect"
"Kim, Kim (2022)",counter,,firms exposed to high environmental risk may have incentives to report high accounting performance through earnings management for green washing [44].,10,,greenwashing/earnings-management noise motivates use of direct emissions not CSR scores
"Kim, Kim (2022)",counter,,"However, ESG factors do not directly or strongly affect corporate credit ratings, and it is difficult to isolate how much ESG is actually reflected in the final credit rating (Korea Investors Service).",4,,ratings-subsumption attenuation: CRA states ESG not directly or strongly priced into ratings
"Kim, Kim (2022)",paris_policy,,"As environmental and carbon-related legislation tightens, capital market participants (such as lenders, investors) are increasingly incorporating environmental risk into decisions (such as lending, investment) [7–11].",5,,author claim: tightening carbon legislation drives lenders/investors to price env risk
"Kim, Kim (2022)",paris_policy,,"As the government’s greenhouse gas reduction target is upwardly adjusted, environmental regulations are becoming an important factor affecting the corporate business environment.",2,,Korean 2050 carbon-neutrality/ETS tightening makes climate regulation a business-environment factor
"Kim, Kim (2022)",key_citation,,Park and Noh [18] reported a negative relationship between climate change risk and the cost of capital measured by the weighted average cost of capital.,4,Park and Noh [18],"anchor for climate-change risk -> cost of capital, feeds default-uncertainty premise"
"Kim, Kim (2022)",key_citation,,"Jung et al. [34] investigated whether lenders take a firm’s exposure to carbon risk into account in their lending decisions, and documented a positive relationship between the carbon risk and cost of debt.",4,Jung et al. [34],closest cost-of-debt antecedent: lenders price carbon risk
"Kim, Kim (2022)",key_citation,,Hart [22] argued that competition in the product market reduces managerial slack.,5,Hart [22],named theory anchor for H2: product-market competition reduces managerial slack
"Kim, Kim (2022)",status,,,,,"MDPI Int. J. Environ. Res. Public Health empirical paper on Korean firms; theory is thin and mostly lit-review chaining; outcome is bond credit ratings, not cost of debt directly; no Paris Agreement mention, climate-policy claims are Korean 2050 carbon-neutrality/ETS."
"Kleimeier, Viehs (2021)",frame_use,RISK,"If, however, companies pay an environmental risk premium to all lenders, then this higher cost of debt reflects the lenders’ way to manage and price environmental risks in their loan books.",2,,authors' core risk-mitigation frame: premium charged by all lenders = risk pricing
"Kleimeier, Viehs (2021)",frame_use,OTHER:investor preferences,"In the spirit of Fama and French (2007), we postulate that investors care not only about expected investment payoffs but can also have tastes and thus preferences for certain types of assets.",2,,"competing taste-based frame: lender preferences, not risk, could raise spreads"
"Kleimeier, Viehs (2021)",frame_use,SIG,"A priori, it is unclear how lenders will respond to such control measures. Controls might signal high ex-ante environmental risk resulting in higher spreads, or low ex-post environmental risk resulting in lower spreads.",2,,signaling: emission controls may signal high ex-ante or low ex-post risk
"Kleimeier, Viehs (2021)",counter,,"using carbon emissions as a direct measure of environmental performance avoids the measurement, aggregation and convergence problems associated with the commonly-used but indirect measure of corporate environmental ratings (e.g. Semenova and Hassel, 2015).",2,,measurement-noise counter: env ratings suffer aggregation/convergence problems
"Kleimeier, Viehs (2021)",counter,,Model 3 supports risk mitigation for Scope 1 but not for Scope 2 emissions. Lenders charge an environmental risk premium only for emissions directly under the borrower’s control and responsibility.,2,,conditional/attenuation: Scope 2 indirect emissions not priced by lenders
"Kleimeier, Viehs (2021)",mechanism_extra,,"In sum, managers can use external verification and board-level controls to reduce the environmental risk premium charged by lenders.",3,,monitoring/credibility channel: verification and board oversight lower premium
"Kleimeier, Viehs (2021)",paris_policy,,"While countries might introduce effective legislation to mitigate the effects of climate change, our results indicate that there is scope for a market-based solution to complement explicit environmental regulation.",1,,authors' claim: loan pricing complements climate-change legislation
"Kleimeier, Viehs (2021)",paris_policy,,"Whether this market-based solution alone will ensure a sufficiently fast transition to a low-carbon economy, however, warrants further investigation.",4,,attenuation caveat: market solution alone may not deliver fast transition
"Kleimeier, Viehs (2021)",key_citation,,"We are amongst the first to differentiate between risk mitigation and investor preferences. In the spirit of Fama and French (2007), we postulate that investors care not only about expected investment payoffs but can also have tastes and thus preferences for certain types of assets.",2,Fama and French (2007),taste/preference asset-pricing anchor for the investor-preference hypothesis
"Kleimeier, Viehs (2021)",key_citation,,"to assess companies’ environmental performance and ultimately pressure companies to reduce their emissions. Signatories thus represent an ‘institutionalization of norms’ (Kolk et al., 2008).",2,"Kolk et al., 2008",institutionalization-of-norms anchor for CDP signatory pressure
"Kleimeier, Viehs (2021)",key_citation,,"avoids the measurement, aggregation and convergence problems associated with the commonly-used but indirect measure of corporate environmental ratings (e.g. Semenova and Hassel, 2015).",2,"Semenova and Hassel, 2015",construct-validity anchor against indirect environmental ratings
"Kleimeier, Viehs (2021)",status,,,,,Economics Letters 4-page research note; very compact theory - risk mitigation vs. investor preferences framing plus policy caveats.
Kordschia (2020),frame_use,RISK,"Advocates for CSR also argue that these activities should best be analyzed from a risk management perspective. Accordingly, responsible behavior can build up moral capital or goodwill that has an insurance-like property to mitigate the financial impact of unforeseen negative events (Godfrey 2005).",1615,,core frame: CSR as moral capital with insurance-like risk-mitigation property
Kordschia (2020),frame_use,STAKE,"Similarly, stakeholder engagement can lower capital costs through superior relationships with banks and bondholders and credibly convey a greater long-term orientation of company.",1616,,author claim: stakeholder engagement lowers capital cost via bank/bondholder relations
Kordschia (2020),frame_use,SIG,"Similarly, signalling theory (Spence 1973; Morris 1987) suggests that companies incur the costs of assurance in order to indicate to the addressees of CSR information that the company is committed to high-quality reporting (Simnett et al. 2009).",1619,,signalling frame for CSR assurance; basis of H2 on CSRA and COD
Kordschia (2020),frame_use,AGENCY,Some researchers argue that these expenditures represent agency costs that arise due to managerial overinvestments for private gains at the expense of shareholders (Harjoto and Jo 2011).,1615,,"opposing frame: CSR spend as agency cost/overinvestment, cited view not author's"
Kordschia (2020),mechanism_extra,,"Generally, creditors are not interested in maximizing shareholder wealth, but in minimizing default risk (Merton 1974). Therefore, they have a greater interest that material environmental, social, and governmental matters are transparently disclosed and mitigated through CSR activities.",1617,,"author's core mechanism: creditors price default risk, so value ESG mitigation"
Kordschia (2020),mechanism_extra,,They can also require the inclusion of ESG-specific covenants in transaction documents such that the issuing company has to comply with certain sustainability policies or practices (O’Sullivan and O’Dwyer 2015; PRI 2018).,1617,,covenant channel: creditors impose ESG covenants as direct monitoring device
Kordschia (2020),mechanism_extra,,"not only large institutional investors and banks, but also socially responsible private investors may now have an impact on companies’ credit costs through CSR screenings as part of their lending decisions.",1612,,investor-base/screening channel: SRI demand shifts credit costs; paper's headline explanation
Kordschia (2020),counter,,"Managers possess substantial leeway regarding the extent and usefulness of CSR disclosure, which they can exploit to present their CSR activities in a more favorable way (Magness 2006).",1618,,"greenwashing/discretion counter: CSR disclosure manipulable, motivates assurance"
Kordschia (2020),key_citation,,Godfrey (2005) shows that the optimal level of CSR depends on the reduction of risks by means of the economics of insurance (Mayers and Smith 1982; Cummins et al. 1992).,1617,Godfrey (2005),anchor for whole risk-management/insurance model of optimal CSR
Kordschia (2020),key_citation,,"“Some corporate decisions increase the wealth of stockholders while reducing the wealth of bondholders and, in cases where the wealth transfers are large enough, stock prices can rise from decisions that reduce the value of the firm” (Jensen and Smith 1985, p. 22).",1617,"Jensen and Smith 1985, p. 22",anchor for shareholder-creditor divergence; drives linear CSR-COD prediction
Kordschia (2020),key_citation,,"A positive association between CSR and COD can be derived from stakeholderagent theory (Hill and Jones 1992), which extends the principal-agent paradigm of financial economics (Jensen and Meckling 1976) by integrating a broader stakeholder focus (Freeman 1984).",1616,Hill and Jones 1992,stakeholder-agent theory anchor opening the hypothesis development
Kordschia (2020),status,,,,,"gate2_flag:year_mismatch; Rev Manag Sci 15:1611-1643: received 2019 (filename), online 2020 (worklist), issue 2021. Surname is KORDSACHIA - worklist misspells | Review of Managerial Science empirical article; explicit 'Theory and hypotheses' section building Godfrey's insurance/risk-management model for creditors; no Paris/climate-policy content at all."
Kozak (2021),frame_use,RISK,Transition risk impacts the incomes of enterprises and households and is a source of financial losses for credit institutions and investors. It affects the economy through investment and productivity channels. The basic measure of transition risk is the size and/or intensity of GHG or CO2 emissions.,1,,transition-risk channel; emission intensity is its basic measure; lender losses
Kozak (2021),frame_use,SIG,Siddique et al. showed that companies that disclosed their carbon footprints data had better access to long-term debt markets [24],3,,carbon disclosure/transparency lowers information asymmetry; cited finding
Kozak (2021),frame_use,STAKE,"market investors and financial institutions penalize enterprises for their exposure to carbon risk, including risks that are due to the possibility of deteriorating the reputation and incurring charges for contributing to the process of environmental erosion",10,,author claim; reputation-deterioration risk priced into debt
Kozak (2021),mechanism_extra,,The growing public pressure to limit the consequences of climate change has led financial institutions to include climate risk in their assessment of investment projects.,2,,credit-screening channel: pressure puts climate risk into lenders' project appraisal
Kozak (2021),mechanism_extra,,This means that financial markets perceive increased CO2 emissions as a source of possible increased charges for CO2 emissions or penalties for environmental pollution.,9,,anticipated future emission charges/pollution penalties raise high-carbon industries' debt cost
Kozak (2021),paris_policy,,"Due to the restrictive approach of the markets increasing the interest rates on funds for high-emitters, public programs would enable such companies to obtain cheaper funds for emission-reduction investments.",9,,EU MFF 2021-2027 climate funding can offset market carbon premium; attenuation
Kozak (2021),counter,,"While there are distant studies showing that pollution monitoring does not generate additional income, but increases production costs and capital depreciation [20]",2,,"cost-burden view; environmental effort as pure cost, cited minority position"
Kozak (2021),counter,,Zhou et al. found a nonlinear—U-shape—relationship between CO2 emissions and cost of debt in Chinese firms in the years 2011–2015. They explained that the deviation from linearity was significantly impacted by the mitigating influence of the media [43].,4,,"nonlinearity plus media moderation; relation not monotone, cited finding"
Kozak (2021),key_citation,,These results are in line with the results obtained by Caragnano et al. as to the countries and directions of changes in the amount of the premium imposed for carbon risk [53].,8,Caragnano et al. [53],"main European carbon-risk premium anchor, cited throughout"
Kozak (2021),key_citation,,"Hübel showed that the company’s improvement of its environmental standards can reduce future lawsuits and environmental disasters, help to lower credit risk, flatten the implied credit curve of CDS and lower the cost of long-term debt [15].",3,Hübel [15],litigation/credit-risk mechanism anchor for lower long-term debt cost
Kozak (2021),key_citation,,"Maaloul, while examining the relationship between the amount of GHG emissions and the cost of debt capital of Canadian companies, stated that, when granting loans, banks took into account the intensity of the company’s GHG emissions.",4,Maaloul [44],bank loan-pricing mechanism anchor for GHG intensity
Kozak (2021),status,,,,,"gate2_flag:duplicate; byte-identical copy 'Will the reduction of co emissions...' gets a duplicate_file status row (rule 6) | MDPI Energies empirical article; no named theories, mechanisms carried implicitly via literature review and policy framing"
Kumar & Firoz (2018),frame_use,RISK,"Prior studies indicate that emissions increase a firm’s exposure to environmental risk, which is negatively perceived by the firm’s lenders. In order to absorb this environmental risk, lenders charge an additional risk premium from the polluting firms.",1401,,lenders price environmental risk as an extra premium; author framing of core risk channel
Kumar & Firoz (2018),frame_use,SIG,"In cases of non-disclosure, information asymmetry or lack of publicly available information for all investors causes expectations of a higher rate of return on their investment (Easley and O’hara, 2004).",1401,,non-disclosure raises required return via information asymmetry
Kumar & Firoz (2018),frame_use,STAKE,"Prior environmental disclosure studies gave several explanations for firms’ willingness to voluntarily disclose their emissions information. Among all, Legitimacy Theory is considered as a most justifiable point to define the voluntarily GHG by the firms",1406,,legitimacy theory named as the rationale for voluntary carbon disclosure
Kumar & Firoz (2018),mechanism_extra,,"Coulson and Monks (1999) reported that a company with a serious environmental problem is unlikely to obtain funds without first addressing the problem, firms engaged in environmental management practices can benefit from banks considerations about environmental performance within lending decisions, including more favorable loan conditions.",1403,,credit-access and loan-terms channel in bank lending; cited finding
Kumar & Firoz (2018),mechanism_extra,,Probably the lenders are charging a higher rate because they want to recover the amount at the earliest because any objection by the environmental pollution control authority for the financed company may put their money in trouble and they may suffer loss.,1411,,lender-loss/enforcement channel: regulator action threatens recovery; authors' own reasoning
Kumar & Firoz (2018),counter,,"Therefore, if a firm can identify and effectively control carbon risk exposure through proactive carbon risk management, this risk may have a low probability of realization (UNEP FI, 2006).",1403,,attenuation: proactive carbon risk management lowers realization probability
Kumar & Firoz (2018),counter,,"Jung et al. (2016) observed that firms also manipulate the market by disclosing their emissions voluntarily under the CDP, the polluting firms’– voluntarily disclose their emissions to mitigate the negative impact of their environmental activities by displaying awareness about their carbon risk exposure",1403,,greenwashing/impression management: polluters disclose to blunt negative perception
Kumar & Firoz (2018),paris_policy,,"in case of non-fulfillment of carbon targets companies operating in Annex-1 parties (developed nations) have to buy extra carbon credit which will incur an additional cost to the company. Its resultant, the risk perception of debtors will increase. However, developing countries do not have any carbon targets.",1402,,Kyoto binding targets raise debtor risk perception; absent for developing countries
Kumar & Firoz (2018),key_citation,,"In their recent work, Jung et al. (2016) demonstrated that firms’ carbon risk influences default risk because of the resultant uncertainty in cash flows. On balance, firms with a high-emissions level will be unable to pay their debts.",1404,Jung et al. (2016),"carbon risk to default risk anchor, cited throughout"
Kumar & Firoz (2018),key_citation,,"Moreover, Sharfman and Fernando (2007) argued that firms with higher emissions level have to bear the higher COD because lenders demand an extra environmental risk premium for being a stack in emission-liable firm.",1403,Sharfman and Fernando (2007),environmental risk premium anchor for the COD hypothesis
Kumar & Firoz (2018),key_citation,,"Li et al. (2014) investigated the relationship among emissions, Australian carbon reduction plan and the cost of capital using 200 firms listed on ASX during 2006 to 2010. The study predicts a positive relationship between emission intensity and debt.",1404,Li et al. (2014),closest prior emissions-COD study; supplies predicted positive sign
Kumar & Firoz (2018),status,,,,,"Managerial Finance (Emerald), short empirical paper on Indian CDP firms; theory is thin and mostly literature-review framing; climate-policy content is Kyoto Protocol, not Paris."
Kölbel et al (2020),frame_use,RISK,"Climate risk exposure may potentially diminish a firm’s profitability and affect its ability to fulfill its financial obligations over time and, hence, may lead to increased credit risk.",2,,"core channel: climate risk cuts profitability, raises default/credit risk"
Kölbel et al (2020),frame_use,SIG,"Measuring climate-risks disclosures in Item 1.A of 10-K reports affords several advantages. First, as it relies on mandatory disclosure, it avoids the problems of strategic non-disclosure and greenwashing Lyon and Maxwell (2011).",3,,disclosure/information frame; mandatory filing counters strategic non-disclosure and greenwashing
Kölbel et al (2020),mechanism_extra,,"A “carbon premium” on equity returns could be driven by risk perception, but it could also be driven by divestment policies that reflect investor’s moral tastes (Hong and Kacperczyk, 2009; Bolton and Kacperczyk, 2020). This alternative hypothesis is implausible in the CDS market",4,,investor-taste/divestment channel separated from risk pricing; taste channel implausible for credit
Kölbel et al (2020),paris_policy,,"Transition risk is more imminent and more sensitive to political developments. In line with that, we find that the price effect of transition risk increased with the Paris Climate Accord of 2015.",4,,"amplification: transition risk politically sensitive, priced more strongly post-Paris"
Kölbel et al (2020),paris_policy,,Both Ilhan et al. (2019b) and Delis et al. (2019) find that the 2015 Paris Agreement was a pivotal point and that only afterwards climate change became price and risk relevant.,21,,cited finding used as premise: Paris as pricing pivot; motivates post-Paris split
Kölbel et al (2020),paris_policy,,"Strong regulatory actions may avoid the worst physical impacts of climate change in the longer term, but also endanger firms that are affected by the regulation in the short term.",21,,authors' claim: policy stringency trades long-run physical risk against short-run transition risk
Kölbel et al (2020),counter,,"In fact, according to a recent survey (Ilhan et al., 2019a), many institutional investors deem the current quality and quantity of climate risk disclosure insufficient. As a result, it is not apparent whether investors are pricing the climate risk information contained in 10-K reports.",2,,"attenuation: unstandardized, low-quality disclosure may not be priced by investors"
Kölbel et al (2020),counter,,"We conjecture that the potential damage due to physical climate risks is highly uncertain, or investors believe that they will materialize in the far distant future (or both).",22,,attenuation for physical risk: uncertainty and distant horizon rationalize null effect
Kölbel et al (2020),key_citation,,The idea in Matsumura et al. (2018) is that the choice to disclose on climate-change risk signals awareness and is rewarded by a lower implied cost of equity.,5,Matsumura et al. (2018),"signaling anchor: disclosure choice signals awareness, lowers cost of capital"
Kölbel et al (2020),key_citation,,"First, companies may strategically choose not to disclose, especially when managers fear that the information will be perceived as unfavorable by investors Lyon and Maxwell (2011).",7,Lyon and Maxwell (2011),"greenwashing/strategic non-disclosure anchor, invoked twice to justify mandatory measure"
Kölbel et al (2020),key_citation,,"In contrast, Jung et al. (2018) show that the penalty that a firm with high carbon-related risks receives is mitigated with the firm’s climate awareness, proxied by the willingness to respond to the Climate Disclosure Project (CDP) survey.",5,Jung et al. (2018),cost-of-debt anchor: carbon risk penalty mitigated by disclosed climate awareness
Kölbel et al (2020),status,,,,,"SSRN working paper (June 2020, U. Zurich); empirical CDS/NLP study with no hypothesis section — theory sits in the introduction, the measurement section and the Paris/results discussion."
Lee (2022),frame_use,SIG,"By voluntarily disclosing reliable carbon emissions information, companies communicate to the market about future possible costs of carbon emissions. This reduces uncertainty about future cash flows and costs of capital [36–39], which can contribute to higher corporate value and credit ratings.",4,,"core signaling/information channel: disclosure cuts cash-flow uncertainty, raises ratings"
Lee (2022),frame_use,RISK,"Heal [34] explained that CSR performance, including good environmental performance, improves long-term financial soundness by reducing risk due to conflict reduction, a decrease in pollution, improving conflict of interest with regulators, creating brands, increasing employee productivity, and reducing costs of capital.",4,,risk-mitigation logic (cited Heal): env performance lowers risk and cost of capital
Lee (2022),frame_use,STAKE,"Based on the stakeholder theory that asserts firms should pay attention to the interest of shareholders including outside stakeholders, the voluntary disclosure of carbon emission information may be useful to debtholders by decreasing information asymmetry between management and external stakeholders, thereby diminishing the litigation threat to companies [55].",11,,paper's declared frame; stakeholder theory routed to debtholders and litigation threat
Lee (2022),frame_use,AGENCY,"Based on the agency issues between management and external stakeholders, the effect of voluntary disclosure of carbon emission information may vary. Generally, managers retain more essential information on the intrinsic value of firms compared to external stakeholders.",10,,explicit agency framing; disclosure value conditional on managerial information advantage
Lee (2022),mechanism_extra,,"if a company does not disclose carbon emission information, the market can regard it as a reverse signal that the firm is emitting high levels of carbon. As a result, the market may lower its corporate value or credit rating for firms that avoid disclosure.",4,,"adverse-selection: silence read as bad news, non-disclosers penalised in ratings"
Lee (2022),mechanism_extra,,"This can have a positive effect on corporate liquidity by increasing investors’ demand for securities issued by the firm [41]. As a result, it ultimately lowers the cost of capital, thereby improving its corporate value or credit rating.",4,,investor-base/liquidity channel: broader securities demand lowers cost of capital
Lee (2022),counter,,"If the market finds out that the company has reported unreliable information, it may lose credibility. In this case, the risk that a company will bear, such as facing litigation probability, is very high. Therefore, it can be said that high reliability is secured despite the voluntary disclosure.",3,,cheap-talk concern raised then rebutted via credibility loss and litigation cost
Lee (2022),counter,,"Although the market is likely to underestimate companies with high carbon emission levels, the incentive for companies to voluntarily disclose carbon emission information can be explained as follows.",4,,"tension: high emitters discounted, so disclosure carries bad-news/proprietary cost"
Lee (2022),key_citation,,"Meanwhile, according to Demerjian et al. [9], managerial ability is the ability to efficiently utilize a given resource to generate high returns",4,Demerjian et al. [9],managerial-ability construct anchoring H2 moderation
Lee (2022),key_citation,,Matsumura et al. [13] compared companies that disclose carbon emission information with those that do not and found that the market value of companies that voluntarily disclose carbon emission information was significantly higher than that of non-disclosed companies.,4,Matsumura et al. [13],"carbon-disclosure valuation anchor, cited repeatedly for H1 and reliability"
Lee (2022),key_citation,,Clarkson et al. [12] show that investors are more likely to react positively to corporate environmental disclosure because of the lack of public information available to the public.,8,Clarkson et al. [12],information-scarcity rationale for pricing environmental disclosure
Lee (2022),status,,,,,"MDPI Sustainability empirical paper (Korea, CDP voluntary carbon disclosure and credit ratings); numeric-only citation style, theory concentrated in Section 2 plus an agency-framed passage inside results; no Paris/climate-policy claims."
Lemma et al (2017),frame_use,SIG,"First, voluntary disclosure reduces information asymmetries between posed by climate change” caused by carbon emissions (Jung et al., the firm and its capital providers, which in turn reduces monitoring 2018). Voluntary disclosure theory suggests that companies with costs.",113,,"authors' own: disclosure cuts information asymmetry with capital providers, lowering monitoring costs"
Lemma et al (2017),frame_use,RISK,"These impacts of climate change have direct bearing on firm's future the weighted average cost of capital (WACCi,t), described in the sem- cash flows and, by extension, its ability to repay debts and maintain",114,,authors' own: climate-change impacts hit future cash flows and ability to repay debts
Lemma et al (2017),frame_use,STAKE,"carbon risk is consistent with legitimacy theory. It corroborates the argument that firms with high corporate carbon risk would be willing to increase disclosure to obtain legitimacy for their activities and earn other rewards such as lower cost of capital, which ultimately help",124,,"authors' own: legitimacy motive links high carbon risk, disclosure and lower cost of capital"
Lemma et al (2017),paris_policy,,Climate change poses risks to a firm's value through several channels bon disclosure and cost of capital is weaker for firms with including the prospect of increased costs of compliance to carbon pol-,114,,amplification: compliance costs of carbon policies as a value/risk channel
Lemma et al (2017),mechanism_extra,,"to generate future customers, incorporate borrowers' environmental/carbon risk exposures into their capital allocation decisions",114,,bank-lending channel: lenders embed borrowers' carbon risk in capital allocation
Lemma et al (2017),counter,,"vein, both Verrecchia (1983) and Guidry and Patten (2012) contend suspicion or doubt about their environmental activities (Adams, 2004; that disclosure of (carbon) information comes with proprietary costs",113,,"cited: carbon disclosure carries proprietary costs, offsetting benefits"
Lemma et al (2017),counter,,"In a similar vein, He et al. (2013) argue that firms with good carbon performance face a smaller legitimacy problem, and investors are probably less sensitive to the",114,,"cited He et al.: good carbon performers face smaller legitimacy problem, weaker effect"
Lemma et al (2017),counter,,"Unfortunately, that does not appear to be the case. The findings show that corporate carbon risk and voluntary carbon disclosure are related so that those with the highest carbon risk tend to be better disclosers.",124,,authors' own: disclosure does not mirror carbon performance; greenwashing/decoupling
Lemma et al (2017),key_citation,,"Corporate carbon risk refers to “threats and opportunities that are associated with a firm's management of carbon emissions” (Jung et al., 2018; Subramaniam et al., 2015). It poses regulatory, physical,",113,"Jung et al., 2018",carbon-risk construct and regulatory/physical/business risk anchor
Lemma et al (2017),key_citation,,"Thus, both voluntary disclosure and signaling theo- affect cost of capital of a firm through its effect on the firm's real ries imply an inverse association between voluntary carbon disclosure decisions including production, investment, and capital allocation and corporate carbon risk (Clarkson et al., 2008).",113,"Clarkson et al., 2008",voluntary disclosure and signaling theory anchor
Lemma et al (2017),key_citation,,"Likewise, He et al. (2013) provide evidence corroborating a positive association between carbon disclosure and corporate carbon risk.",114,He et al. (2013),anchor for disclosure-carbon risk link and cost of capital conditionality
Lemma et al (2017),status,,,,,"Business Strategy and the Environment empirical article (South Africa/JSE, CDP data); cost of capital focus, cost of debt only in additional analysis; two-column text dump interleaves columns, so some quotes contain adjacent-column lines."
Li & Qiu (2026),frame_use,RISK,"Because bondholders do not participate in the operating upside that may accompany pollution-intensive production, they are effectively exposed to downside realizations without offsetting gains.",1,,bondholders bear downside without upside; asymmetric environmental tail-risk exposure
Li & Qiu (2026),frame_use,OTHER:option-based structural credit risk,Environmental regulatory and liability uncertainty thus creates additional short-put exposure for bondholders.,7,,authors' own frame: env. uncertainty as extra short put written by bondholders
Li & Qiu (2026),mechanism_extra,,"When firms release toxic chemicals, they may face future compliance investments, remediation and cleanup obligations, and litigation that reduce cash flows and collateral values.",1,,"cost/liability channel: compliance, remediation, litigation impair cash flow and collateral"
Li & Qiu (2026),mechanism_extra,,"Third, consent decrees and court-mandated remediation can require cash reserves or trusts that encumber assets ahead of unsecured creditors, effectively granting these obligations senior status in the payment waterfall.",7,,seniority/priority channel: env. obligations rank ahead of unsecured bondholders
Li & Qiu (2026),mechanism_extra,,"The key implication is that credit spreads can widen through required risk premia even when near-term expected default losses do not change, because pollution increases priced uncertainty about adverse cost realizations.",2,,risk-premium channel: priced uncertainty widens spreads absent expected-default change
Li & Qiu (2026),mechanism_extra,,"Hypothesis H2(b) predicts that investor composition moderates the pollution–spread relationship. Investors with greater attention to environmental risks may price pollution exposure more aggressively, strengthening the sensitivity.",24,,investor-base channel: ESG/attentive clienteles price pollution more aggressively
Li & Qiu (2026),counter,,"For heavily regulated firms, intensive monitoring converts uncertain environmental tail risk into predictable compliance obligations that bondholders can price as expected cash-flow effects rather than risk premia.",27,,"attenuation: oversight converts tail risk into predictable, priced compliance cost"
Li & Qiu (2026),paris_policy,,"Carbon exposure, by contrast, depends more heavily on evolving policy design and implementation across jurisdictions, with enforcement timelines and cost pass-through that can extend beyond typical bond maturities.",19,,"climate-policy attenuation: evolving carbon policy, timelines exceed bond maturities"
Li & Qiu (2026),key_citation,,"Following the structural view that risky debt resembles a risk-free bond minus a put option on firm assets (Merton 1974; Leland 1994), we allow for an intermediate environmental liability realization that can arrive before maturity.",1,Merton 1974,structural credit-risk anchor; debt as risk-free bond minus put
Li & Qiu (2026),key_citation,,we model straight debt as a risk-free bond minus a put option on firm assets (Merton 1974; Leland 1994).,6,Leland 1994,co-anchor for the endogenous-default structural debt-valuation frame
Li & Qiu (2026),key_citation,,"Following the option-based approach to credit spreads (e.g., Culp, Nozawa, and Veronesi 2018)",6,"Culp, Nozawa, and Veronesi 2018",option-based credit-spread approach the model explicitly follows
Li & Qiu (2026),status,,,,,"Finance working paper (Mar 2026), U.S. corporate bonds x EPA Toxics Release Inventory; theory is a formal option-based structural credit-spread model; pollution is toxic chemicals, explicitly non-carbon."
Li et al (2014),frame_use,SIG,The emissions reduction plan is a signal that may indicate informational asymmetry among existing managers and investors regarding carbon emissions.,403,,author's core info-asymmetry framing: policy as signal of manager-outsider gap
Li et al (2014),frame_use,RISK,"If a company is emissions-liable and emissions-intensive, then lenders are likely to charge the company a higher risk premium. The emissions reduction plan is, therefore, expected to increase the riskiness of debt owed by the emissions-liable companies.",403,,"author's own claim: emissions raise default risk, lenders price a premium"
Li et al (2014),mechanism_extra,,"First, the company’s default premium may increase as credit rating agencies downgrade the debt of certain issuers in response to concerns about carbon emissions from carbon-intensive assets.",403,,ratings channel: agency downgrades on carbon-intensive assets raise default premium
Li et al (2014),mechanism_extra,,"Second, the riskiness of breaching debt covenants will be increased because carbon costs may reduce the range of assets available to debt holders.",403,,covenant/collateral channel: carbon costs shrink assets pledgeable to lenders
Li et al (2014),mechanism_extra,,"Third, in general, rising litigation and remediation costs associated with higher carbon emissions can reduce the economic resources available to service the debt. If some companies pursue risky research and development into more “green” technologies and processes, wealth can also transfer from bond holders to shareholders",404,,litigation/remediation drain plus bondholder-to-shareholder wealth transfer via green R&D
Li et al (2014),paris_policy,,"On the one hand, debt holders will be reluctant to bear emission costs and they may require higher interest rates or more stringent debt covenants to mitigate the extra risks related to emissions.",401,,climate-policy claim: Australian carbon plan raises rates and tightens covenants
Li et al (2014),counter,,"First, the risks of intensive carbon emissions may not be recognized in time by the market. Given that discussions regarding carbon emissions among Australian listed companies only started in recent years, the understanding of the possible impact of carbon emissions may be inadequate.",415,,"attenuation: diffusion lag, delayed market recognition of carbon risk"
Li et al (2014),counter,,"Second, equity investors and owners might not treat the volume of carbon emissions as a significant risk since the emission costs for an individual company might be determined by other factors such as government subsidies, cost pass-through ability or specific regulatory requirements.",415,,"attenuation: subsidies, cost pass-through and regulation blunt firm-level carbon cost"
Li et al (2014),key_citation,,"Research has generally indicated that managers have better information than outsiders (e.g. individual investors) about their companies’ past and future operating performance (Sengupta, 1998).",403,"Sengupta, 1998",disclosure-quality/cost-of-debt anchor for the information-asymmetry premise
Li et al (2014),key_citation,,"CPA Australia (2009), in its comments on the superseded CPRS, argues that, if an entity owns a large number of carbon-intensive assets, the borrowing capacity of the entity would be reduced.",403,CPA Australia (2009),anchor for covenant/borrowing-capacity channel under carbon pricing
Li et al (2014),key_citation,,"In a recent theoretical work, Easley and O’Hara (2004) argue that information risk is an important risk factor that can be priced by the capital market.",404,Easley and O’Hara (2004),theoretical anchor: information risk priced into cost of capital
Li et al (2014),status,,,,,"Review of Accounting and Finance empirical paper on Australia's 2011 carbon pricing plan; short theory section, hypotheses for cost of debt and cost of equity."
Li et al (2022),frame_use,STAKE,believe that effective CSR can improve the relationship between enterprises and their stakeholders and is crucial for obtaining nec-,596,,stakeholder-theory leg of H1; CSR secures stakeholder resources and support
Li et al (2022),frame_use,SIG,"From the perspective of information asymmetry, Gelb and",596,,author frame label; CSR disclosure cuts creditors' investigation and supervision cost
Li et al (2022),frame_use,RISK,"which in turn reduces the risk premium and thus the rate of return required by creditors (Attig et al., 2013).",596,,"author claim: reputation lowers business risk, hence risk premium demanded by creditors"
Li et al (2022),mechanism_extra,,A possible explanation for this finding is that the implementation of the Green Financial System Guidelines makes creditors pay increased attention to the fulfillment of corporate environmental responsibilities.,600,,policy claim: green finance guidelines raise creditor attention to environmental responsibility
Li et al (2022),mechanism_extra,,credit policies increase the debt financing costs of heavy polluters,596,,"cited finding (Xu & Li 2020): policy raises polluters' debt cost, lowers green firms'"
Li et al (2022),mechanism_extra,,"increase creditors' perception of risks (Liu et al., 2019; Xu & Li, 2020)",594,,author claim: guidelines heighten creditors' risk perception of polluting borrowers
Li et al (2022),counter,,observe a U-shaped relationship between CSR and debt financing,595,,cited Ye & Zhang (2011): relation reverses above optimal CSR level
Li et al (2022),counter,,there is no significant relationship between CSR and debt financing,595,,cited Hajiha & Sarfaraz (2014) null result; paper calls literature inconclusive
Li et al (2022),key_citation,,"Based on the stakeholder theory, Fombrun and Shanley (1990)",596,Fombrun and Shanley (1990),named stakeholder-theory anchor of hypothesis development
Li et al (2022),key_citation,,"Using US companies as a sample, Goss and Roberts (2011)",595,Goss and Roberts (2011),"principal CSR-cost-of-bank-loan benchmark, cited throughout"
Li et al (2022),key_citation,,"creditors and debtors (Lambert et al., 2007) and alleviate financial con-",594,"Lambert et al., 2007",disclosure/information anchor for asymmetry-to-cost-of-capital channel
Li et al (2022),status,,,,,"gate2_flag:year_mismatch; CSR & Env Mgmt, DOI 10.1002/csr.2222; accepted Nov 2021 (filename), issue 2022 (worklist). Same paper. | Corp Soc Responsib Environ Manag 2022;29:593-608, empirical China CSR-cost-of-debt study; policy studied is China's 2016 Green Financial System Guidelines (green-finance regulation, not Paris/climate-specific), so no paris_policy records; two-column PDF dump interleaves columns, forcing short single-line or adjacent-line quotes."
Lin et al (2025),frame_use,RISK,"Lenders perceive high-­emission companies as high-­risk borrowers because of the increasing societal emphasis on carbon emissions (Hui et al. 2024; Xiang et al. 2022) and their negative public image (Hong and Kacperczyk 2009), which both lower profitability.",pdf-3,,lenders price high emitters as high-risk borrowers; societal pressure and image
Lin et al (2025),frame_use,SIG,Lenders incentivize borrowers to provide information that allows the former to better evaluate the latter's risk by offering lower borrowing rates (Chen et al. 2023; Hui et al. 2024).,pdf-3,,information/disclosure channel: rate discount as incentive to reveal risk
Lin et al (2025),frame_use,STAKE,"Although Friedman (1970) asserted that CSR leads to agency problems, Freeman and Reed (1983) suggested that companies benefit from CSR activities because they respond better to stakeholder concerns.",pdf-3,,stakeholder benefit claim (Freeman and Reed) set against Friedman agency view
Lin et al (2025),frame_use,AGENCY,Several studies argue that CSR disclosure comes at the expense of shareholders (Hussaini et al. 2021; Xue et al. 2023). A similar viewpoint may be supported for voluntary emissions disclosures because of the additional effort required.,pdf-7,,cost-burden/shareholder-expense view applied to voluntary emissions disclosure
Lin et al (2025),frame_use,OTHER:RBV,"Based on the resource-­ based view, Hart (1995) pointed out that an emphasis on environmental responsibility results in sustained competitive advantage.",pdf-3,,explicitly named resource-based view via Hart; competitive-advantage logic
Lin et al (2025),mechanism_extra,,"Furthermore, the adoption of the Equator Principles restricts financing channels because banks evaluate the potential impacts on the environment and society and monitor the funds used. Therefore, higher interest rates are expected because fewer banks are willing to provide loans.",pdf-4,,"credit-supply channel: Equator Principles screening shrinks lender pool, raises rates"
Lin et al (2025),counter,,"Financial providers may also regard disclosures as opportunistic (Cao et al. 2022). In addition, companies may not disclose information because of the overwhelming signaling costs (Gupta and Das 2024). In particular, the negative impacts of disclosures may be stronger when they are voluntary (Xue et al. 2023).",pdf-3,,"attenuation: opportunistic/greenwashed disclosure, signaling costs, voluntary penalty"
Lin et al (2025),paris_policy,,"In addition, high-­emissions companies suffer the most from the resulting increase in policy uncertainty (Bolton and Kacperczyk 2021). Such higher policy uncertainty results in financial institutions charging them higher interest rates.",pdf-2,,"amplification: climate policy uncertainty hits high emitters, banks raise rates"
Lin et al (2025),key_citation,,These lower costs of bank borrowing result from firms better responding to stakeholders' concerns (Freeman and Reed 1983).,pdf-2,Freeman and Reed (1983),stakeholder anchor used to explain the paper's own COD result
Lin et al (2025),key_citation,,"Lenders consider borrowers' downward risks. Policy uncertainty results in higher deep out-­of-­the-­money put option prices (Ilhan et al. 2021), premiums for credit default swaps (Zhang and Zhao 2022), and higher loan costs (Chava 2014).",pdf-4,Chava (2014),"downside-risk/loan-cost anchor, repeatedly loaded across the hypothesis development"
Lin et al (2025),key_citation,,Ren et al. (2023) highlighted that emissions-­intensive companies experience increasing costs of debt because of the introduction of low-­carbon policies.,pdf-4,Ren et al. (2023),"low-carbon policy to cost-of-debt anchor, carried through intro, background and H2"
Lin et al (2025),status,,,,,"Empirical article, Corporate Social Responsibility and Environmental Management (Wiley); Taiwan emerging-market bank-loan study; theory confined to Sections 1-3 plus additional-test framing; no printed folios, pages cited as pdf-N."
Liu et al (2023),frame_use,SIG,"First, environmental, social, and corporate governance (ESG) information is not centralized in China, and the government-backed CECE has a strong signaling effect on lending markets.",2,,author's claim: opaque ESG environment makes state-backed rating a credible signal
Liu et al (2023),frame_use,RISK,"Drawing on reputation theory and risk perception theory, we investigate the motivations for lenders' decisions. We posit that high CECE ratings create better credit, enabling lenders to provide better offers.",2,,explicitly names risk perception theory as motivation frame for lender pricing
Liu et al (2023),frame_use,STAKE,"as social pressure to protect the environment in­ creases, good environmental performance can enhance a company's social reputation and create long-term value (Du et al., 2011).",2,,reputation/social-pressure channel; green performance builds reputation and long-term value
Liu et al (2023),frame_use,AGENCY,"In contrast, because environmental expenditures may be strongly associated with agency costs, capital markets do not value corporate environmental engagement",1,,"opposing agency-cost view: green spending seen as wasted resources, not rewarded"
Liu et al (2023),mechanism_extra,,"For this reason, lenders are more willing to offer long-term loans to environmentally friendly firms because they do not need to frequently monitor such firms by renegotiating their contracts (He and Xiong, 2012).",2,,monitoring/renegotiation-rollover channel; reduces need for short maturities
Liu et al (2023),mechanism_extra,,"For example, in 2018, the Agricultural Bank of China and Yicheng Rural Commercial Bank were sued for lending to polluting firms. Consequently, lenders compensate for higher environmental compliance risk by offering higher interest rates.",2,,"lender-liability channel: banks sued for lending to polluters, so price compliance risk"
Liu et al (2023),mechanism_extra,,"Therefore, more stringent green finance strengthens the positive debt financing consequences of the CECE as a means of government green grip.",8,,green-credit policy amplifies rating effect on debt terms; not climate-specific
Liu et al (2023),counter,,"Due to the greenwashing or actions that are merely symbolic, using selfreported environmental information for decision-making always results in endogenous selection bias (Scott and Balthrop, 2021).",3,,greenwashing/self-report noise makes voluntary env measures unreliable for lenders
Liu et al (2023),key_citation,,"Lenders applaud a good corporate environmental image because that image positively signals a firm's greater willingness to act in a socially responsible manner and emphasizes its business reputation (Du et al., 2011).",8,"Du et al., 2011",reputation-signaling anchor carrying the paper's motivation argument
Liu et al (2023),key_citation,,"Second, polluting firms are well known for the litigation risk to which they expose their lenders (Chava, 2014).",2,"Chava, 2014",litigation/environmental-risk anchor for the lender risk channel
Liu et al (2023),key_citation,,Sharfman and Fernando (2008) even find that corporate environmental risk management increases the cost of debt.,3,Sharfman and Fernando (2008),opposite-direction anchor: env risk management raises cost of debt
Liu et al (2023),status,,,,,"Pacific-Basin Finance Journal empirical study of China's government-initiated CECE environmental ratings; no hypothesis section, theory sits in intro and a short 'motivation analysis'."
Luo et al (2019),frame_use,SIG,"information asymmetry can easily lead to creditors' reverse selection. The higher the level of information asymmetry is, the higher the risk premium demanded by creditors and the higher the cost of corporate debt ﬁnancing will be.",269,,info asymmetry causes adverse selection; creditors demand higher risk premium
Luo et al (2019),frame_use,RISK,"Better corporate social responsibility helps companies establish more stable relationships with consumers, employees, and suppliers, thereby reducing their business risks and bankruptcy risks. Creditors require lower debt interest for companies with better social responsibilities.",269,,"CSR cuts business and bankruptcy risk, so creditors charge lower interest"
Luo et al (2019),frame_use,STAKE,"The high quality of disclosed environmental information will improve a company's reputation, establishing itself as a green company and signaling its proactive attitudes on shouldering environmental responsibility, which can help the company win the support of creditors.",275,,reputation/green identity channel; author's own mechanism list in conclusions
Luo et al (2019),mechanism_extra,,The “green credit” economic policy put forward by the Ministry of Environmental Protection of China urges creditors to make a full assessment and review of the company's environmental information before making a lending decision.,269,,green-credit policy compels lenders to screen environmental information
Luo et al (2019),mechanism_extra,,The media arouses the attention of investors and creditors and reduces their costs in searching information by reporting the environmental information disclosed by companies.,269,,media as information intermediary lowers creditor search costs
Luo et al (2019),counter,,"enterprises with higher quality of environmental information disclosure are considered to have “greenwashing” behavior, and corporate debt ﬁnancing costs will be greatly increased, and banks will not even lend to them.",276,,heavy negative coverage recasts high disclosure as greenwashing; COD rises
Luo et al (2019),counter,,"In addition, environmental information disclosure quality is an information decision made by the internal managers of the company. Creditors often suspect that disclosures are intended to attract investment and promote ﬁnancing.",270,,creditors suspect manager-chosen disclosure is financing-motivated impression management
Luo et al (2019),counter,,"some creditors are irrational investors who can get easily affected by media sentiment. Their affected conﬁdence in such companies means higher lending rates to compensate risk premiums, thereby weakening the negative impact of environmental information disclosure quality on the cost of debt ﬁnancing.",270,,"behavioral attenuation: media sentiment sways creditors, weakening disclosure effect"
Luo et al (2019),key_citation,,"Signaling theory is fundamentally concerned with reducing information asymmetry between two parties (Spence, 2002; Bergh et al., 2014).",269,"Spence, 2002",signaling theory anchor for the disclosure/asymmetry argument
Luo et al (2019),key_citation,,"Related researches show that when the other conditions are the same, corporate social responsibility and loan interest rate are negatively related to each other (Wu and Shen, 2013)",269,"Wu and Shen, 2013",empirical anchor: CSR negatively related to loan interest rate
Luo et al (2019),key_citation,,"companies that disclose environmental information can obtain high-quota bank loans and have lower debt ﬁnancing costs (Liu and Anbumozhi, 2009; Cormier and Magnan, 1999).",269,"Cormier and Magnan, 1999","anchor: environmental disclosure yields larger, cheaper bank loans"
Luo et al (2019),status,,,,,"Journal of Cleaner Production empirical paper on Chinese heavy-polluting listed firms; env disclosure quality, media attention and debt financing cost; non-native English with typos."
Ma et al (2022),frame_use,RISK,"environmental penalties may raise market investors' concerns about the environmental risk of penalized firms, which increases their default risk and further leads to a downside debt risk.",481,,"authors: env penalty raises env risk, default risk, downside debt risk"
Ma et al (2022),frame_use,SIG,Custódio et al. (2013) find that firms with a severe information asymmetry problem have to depend more on short‐term debts. Environmental violations reflect that penalized firms may have higher information asymmetry.,485,,"violation signals higher information asymmetry, forcing short-term debt reliance"
Ma et al (2022),mechanism_extra,,"If a firm cannot replace matured bonds through issuing new bonds or borrowing loans from bank, it suffers the rollover risk and a higher illiquidity premium (He & Xiong, 2012; Valenzuela, 2016).",495,,core rollover-risk channel: failed refinancing raises illiquidity premium
Ma et al (2022),mechanism_extra,,China's government restrictions on credit to firms that violate environmental regulations by administrative means will result in a more severe refinancing risk and stricter financing constraints for penalized firms.,482,,"green-credit lending ban imposes refinancing risk, financing constraints on violators"
Ma et al (2022),mechanism_extra,,"With damaged reputations and changed investor preferences, it will be hard for penalized companies to gain access to equity financing, which would further increase their default risk and rise environmental risk premium in their corporate debt yields.",485,,"reputation damage plus equity-investor screening blocks equity, raising default risk"
Ma et al (2022),counter,,"Therefore, while these firms incur environmental punishments, their refinancing risk is relatively small, and their cost of bonds may not increase as so much as that of firms that depend more on outside financing sources.",485,,"attenuation: internal cash generation lowers refinancing risk, muting bond-cost effect"
Ma et al (2022),counter,,"the direct loss from the penalty (i.e., the pollution fines) by itself is too small relative to the gross income of the penalized firm and thus can hardly arise the investors' concerns.",492,,cost-burden channel too small: fines negligible versus gross income
Ma et al (2022),paris_policy,,"after that the Chinese government implemented stricter regulations on environmental pollutions. The Paris Agreement is strictly exogenous, which cannot be affected by firms' environmental performance, but it may result in the firms having a higher probability to be penalized for environmental pollutions.",492,,"amplification: Paris tightened Chinese regulation, raising penalty probability"
Ma et al (2022),key_citation,,"it suffers the rollover risk and a higher illiquidity premium (He & Xiong, 2012; Valenzuela, 2016).",495,"He & Xiong, 2012",rollover-risk/credit-risk anchor for the paper's refinancing channel
Ma et al (2022),key_citation,,Harford et al. (2014) find that firms usually alleviate the refinancing risk by holding more cash.,497,Harford et al. (2014),refinancing-risk anchor behind internal-financing-dependence moderator
Ma et al (2022),key_citation,,Chava (2014) finds that firms with environmental concerns like excessive carbon or toxic emissions are charged a higher cost for bank loans relative to firms with superior environmental performance.,484,Chava (2014),anchor for environmental concerns raising bank loan cost
Ma et al (2022),status,,,,,Journal of International Financial Management & Accounting; China listed-firm bond spreads after environmental penalties; green-credit refinancing/rollover channel is the paper's distinctive mechanism; Paris Agreement used only as an instrument.
"Maaloul, Wegener (2021)",frame_use,AGENCY,"The main agency problem is that, if GHG-intensive projects are successful, shareholders will get most of the proﬁts, but if they fail, creditors will bear most of the costs.",66,,"agency framing: GHG-project upside to shareholders, downside borne by creditors"
"Maaloul, Wegener (2021)",frame_use,RISK,"Overall, we argue that ﬁrms with high GHG emissions are more likely to default on their debt obligations, because of their higher exposure to potentially costly environmental litigation, reputational losses, and regulatory risk.",66,,"authors' own claim: litigation, reputation, regulatory exposure raise default risk"
"Maaloul, Wegener (2021)",frame_use,SIG,"The willingness to voluntarily disclose GHG emissions to the CDP can be viewed as a ﬁrm’s awareness of its carbon risk proﬁle (e.g. Jung, Herbohn, and Clarkson 2018). This market signal of carbon awareness has been shown to be relevant to lenders",82,,CDP response as market signal of carbon-risk awareness to lenders
"Maaloul, Wegener (2021)",frame_use,STAKE,"Yet these same environmental disclosures can be used as a tool to gain symbolic legitimacy (Cho and Patten 2007; Gray, Kouhy, and Lavers 1995; Roberts 1992).",71,,"legitimacy view: disclosure as symbolic legitimacy tool, obscures performance"
"Maaloul, Wegener (2021)",paris_policy,,"With the increasing number of GHG abatement regulations, GHG emitting ﬁrms are likely to incur costs related to their GHG emissions through taxes or cap-and-trade schemes, as well as the costs of reducing GHG emissions through the development of low-carbon technologies",66,,"climate-policy cost burden: carbon taxes, cap-and-trade, abatement technology costs"
"Maaloul, Wegener (2021)",mechanism_extra,,"For ﬁnancial stakeholders, environmental disclosures, and GHG emissions data by extension, act as a proxy for assessing a ﬁrm’s unbooked future environmental liabilities (Clarkson, Li, and Richardson 2004; Hughes 2000; Matsumura, Prakash, and Vera-Muñoz 2014).",71,,information channel: emissions data proxy unbooked future environmental liabilities
"Maaloul, Wegener (2021)",counter,,"Ultimately, many of the facilities included in the CDP disclosures are less likely to suﬀer from future environmental regulatory costs and thus introduce noise into the proxy. Furthermore, the additional information can be used to ‘greenwash’ the overall performance.",72,,greenwashing/noise counter: consolidated CDP values a noisy regulatory-risk proxy
"Maaloul, Wegener (2021)",counter,,"These results seem to indicate that even if the ﬁrm attempts to signal it is aware of its carbon risk through the voluntary disclosure of its GHG emissions to the CDP, it will not mitigate the higher cost of debt associated with higher GHG emissions.",85,,cheap-talk counter: voluntary carbon-awareness signal fails to lower cost of debt
"Maaloul, Wegener (2021)",key_citation,,"Increased default risk may exacerbate agency problems between lenders and borrowers (Jung, Herbohn, and Clarkson 2018; Zhou et al. 2018).",66,"Jung, Herbohn, and Clarkson 2018",agency anchor: default risk exacerbates lender-borrower agency conflict
"Maaloul, Wegener (2021)",key_citation,,These projects are potentially risky because they usually involve the externalisation of carbon pollution which is accompanied by the risk of having the implicit costs being explicitly shifted back to companies due to increasing GHG-related regulations (Goss and Roberts 2011; Maaloul 2018).,66,Maaloul 2018,direct GHG-to-cost-of-debt anchor; carbon-externalisation cost-shifting argument
"Maaloul, Wegener (2021)",key_citation,,"Having a high level of variation in the GHG emissions between facilities can create the impression that a ﬁrm is a better environmental performer than they are (Wegener, Labelle, and Jerman 2019).",72,"Wegener, Labelle, and Jerman 2019",obfuscation anchor: facility-level variation masks poor carbon performance
"Maaloul, Wegener (2021)",status,,,,,"gate2_flag:year_mismatch; SEAJ 42:1-2, 63-92; online 24 Dec 2021 (worklist), issue 2022 (filename). Same paper. | Social and Environmental Accountability Journal archival study (US S&P 500, 2010-2016); short 'theoretical foundations' section (agency/risk); greenwashing and information-quality arguments sit inside the measurement sections."
Mahmoudian et al (2023),frame_use,SIG,"Because performance is often not directly observable to investors and other stakeholders, better per­ forming firms desire to reveal their performance through quality voluntary disclosures by providing greater detail and clarity such that it cannot be mimicked by poorer performing firms",2,,"voluntary disclosure theory: unobservable performance, non-mimicable quality disclosure"
Mahmoudian et al (2023),frame_use,RISK,"Financial institutions, as one of the primary stakeholder groups, are increasingly incorporating environmental and carbon issues into their overall risk assessment and lending decisions (Jung et al., 2018; Thompson, 1998; Thompson & Cowton, 2004; Weber, 2012) because such issues may influence default risk.",2,,lenders price carbon issues through default risk in lending decisions
Mahmoudian et al (2023),frame_use,STAKE,"The motives of stakeholders, including investors, financial risk managers, insurance companies, carbon traders, and non-governmental organizations (NGOs), shape the way corporations are governed (Matten & Moon, 2008). Stakeholders are demanding that corporate practices become more visible and transparent (Freeman, 1984).",2,,stakeholder pressure for transparency shapes governance; Freeman anchor
Mahmoudian et al (2023),frame_use,AGENCY,"The asset substitution problem (Jensen & Meckling, 1976) suggests that shareholders are more likely to take risker projects when the cost of failure is shared with debtholders.",4,,agency/asset-substitution risk shifting to debtholders; author's own framing
Mahmoudian et al (2023),mechanism_extra,,"In addition, risks can play out in increased carbon compliance costs that result in future lia­ bilities and a negative impact on firm value (Haupt & Ismer, 2013; Subramaniam et al., 2015; Thompson, 1998; Weber, 2012).",2,,carbon compliance-cost channel: future liabilities and negative firm value
Mahmoudian et al (2023),mechanism_extra,,"Having emissions verified increases the credibility and level of confidence in the use of carbon information for decision-making (Tang & Luo, 2014).",4,,assurance/verification channel raising credibility of carbon data for lenders
Mahmoudian et al (2023),counter,,"However, if the company does not provide quality disclosure about their emissions reduction performance, stakeholders, especially debt holders, have difficulty judging the long-term effects as actual emissions reduction performance is generally not directly observable.",4,,attenuation: performance unobservable to debt holders absent quality disclosure
Mahmoudian et al (2023),paris_policy,,"Furthermore, the Bank of Canada recognizes that corporate trans­ parency regarding carbon risks and management of these risks may provide relevant information to investors, while less transparent cor­ porations may be perceived as having higher risk (Bank of Canada, 2021).",1,,central-bank climate-risk claim: less carbon transparency perceived as higher risk
Mahmoudian et al (2023),key_citation,,"Tang and Luo (2014) proposed that carbon management is a tool to implement companies’ carbon strategies or policies (Klassen & McLaughlin, 1996), which in turn mitigate emissions and associated risks (Pinkse & Kolk, 2009).",3,Tang and Luo (2014),"core carbon-management-to-risk framework anchor, used throughout"
Mahmoudian et al (2023),key_citation,,"Using the Global Reporting Initiative (GRI) as a guide, Clarkson et al. (2008) investigated five industries with the greatest regulation and propensity to pollute. Consistent with voluntary disclosure theory, they found that better-performing firms provided more substantial, detailed disclosure about their environ­ mental performance",4,Clarkson et al. (2008),voluntary disclosure theory anchor for quality environmental disclosure
Mahmoudian et al (2023),key_citation,,"Kleimeier and Viehs (2016) studied CDP reporters and non-reporters and found that higher carbon emissions are positively related to larger loan spreads. However, they also found that high-risk firms can mitigate the risk pre­ mium by providing additional relevant information regarding carbon management practices.",3,Kleimeier and Viehs (2016),emissions-to-loan-spread anchor; risk premium mitigated by disclosure
Mahmoudian et al (2023),status,,,,,"J. of International Accounting, Auditing and Taxation; SEM/3SLS CDP study; theory is voluntary disclosure with risk, stakeholder and agency support; no Paris-Agreement-specific theorising."
"Nandy, Lodh (2012)",frame_use,RISK,"can increase or maintain their ﬂow of revenues by continuing the business without any legal hazards, which reduce the banks direct and indirect credit risk and the reputation risk. It is expected that banks will offer a lower spread because of lower risk",85,,H1 logic: eco-friendliness cuts direct/indirect credit and reputation risk -> lower spread
"Nandy, Lodh (2012)",frame_use,SIG,"The environment disclosure by ﬁrms and especially incorporation of ﬁrms in the KLD analyst report with a high score in the environment area will reduce the information risk and the banks can overcome the adverse selection and moral hazard problem, which lowers the spread of the loan.",85,,"disclosure/KLD score cuts information risk, adverse selection, moral hazard -> lower spread"
"Nandy, Lodh (2012)",frame_use,STAKE,"by complying with social and legal norms related to environment (Kassinis & Vafeas, 2002), ﬁrms enhance their reputation by not polluting and exploiting the environment. This develops a positive impact on the future cash ﬂow that reduces the probability of credit default.",85,,legitimacy/reputation channel: norm compliance -> future cash flow -> lower default
"Nandy, Lodh (2012)",frame_use,OTHER:institutional,"As per the institutional theory, if the survival of the ﬁrm is threatened because of disclosed negative operating information (Hunter & Bansal, 2007) then the banks have to bear the credit risk in addition to the expenditure of cleaning.",83,,institutional theory named: negative disclosure threatens survival -> bank bears credit and cleanup cost
"Nandy, Lodh (2012)",mechanism_extra,,"According to the Comprehensive Environmental Response, Compensation and Liability Act (CERCLA) 1980, many US banks are ﬁnancially liable as they operate, own or somehow take part in the management of a contaminating business (Weber, Fenchel & Scholz, 2008).",83,,lender liability channel via CERCLA 1980; banks financially liable for borrower contamination
"Nandy, Lodh (2012)",counter,,"mostly ﬁnd negative or inconclusive impact of environment consciousness on the ﬁnancial performance of ﬁrms (Horvathova, 2010). Similarly, by reviewing around 52 studies, Orlitzky et al. (2003) conclude that there exists an unclear relationship between ﬁrms' social responsibility and corporate debt.",85,,"cited literature: negative or inconclusive CER-performance link, unclear CSR-debt relation"
"Nandy, Lodh (2012)",counter,,As the KLD environment score is not too high in our sample it requires further research to investigate if an investment in environment related issues beyond a certain threshold can be a value destroying agency cost.,91,,authors' attenuation: env investment beyond a threshold may be value-destroying agency cost
"Nandy, Lodh (2012)",paris_policy,,"Apart from the climate legislation and the efforts of environmentalists, a proper coordination among lenders and borrowers, the two major players in this corporate world, is obvious to hold the global warming below 2-degree Celsius for the progress of economy.",83,,climate legislation plus 2-degree warming target requires lender-borrower coordination
"Nandy, Lodh (2012)",key_citation,,"Despite the study of Goss and Roberts (2011) that examines the impact of social responsibility on the cost of bank loans, the subsection ‘environment’ included under the Management discussion and analysis section by most of the US ﬁrms' disclosure (Holland & Foo, 2003) has not been examined explicitly yet.",84,Goss and Roberts (2011),CSR-and-bank-loan-cost anchor defining the paper's gap
"Nandy, Lodh (2012)",key_citation,,"The direct, indirect and reputational environment risks (Thompson & Cowton, 2004) are the major aspects to be considered by banks.",85,"Thompson & Cowton, 2004","typology anchor: direct, indirect and reputational environmental risk for banks"
"Nandy, Lodh (2012)",key_citation,,"Moreover, higher information transparency can reduce the cost of capital (Diamond & Verrecchia, 1991) by lowering the information asymmetry and by increasing the liquidity of the securities.",85,"Diamond & Verrecchia, 1991",disclosure-transparency -> lower cost of capital anchor behind H1
"Nandy, Lodh (2012)",status,,,,,International Review of Financial Analysis (2012); KLD environment score x DealScan US bank loans; formal Section 3 hypotheses (H1-H6) on price and non-price loan terms.
Nasih et al (2024),frame_use,SIG,"It is believed that level of corporate disclosure can minimize information asymmetry, thus lowering the risk borne by the firm (Putra et al., 2020).",5,,disclosure lowers information asymmetry and firm risk; author premise for H1
Nasih et al (2024),frame_use,RISK,"According to the study, firms with high carbon emission risks must bear higher borrowing costs and those risks are mitigated once the firms publish carbon disclosure based on CDP.",2,,carbon risk raises borrowing cost; disclosure mitigates; cited Jung et al. finding
Nasih et al (2024),frame_use,STAKE,He (2017) developed a hypothesis and found that CED has a negative relationship with the cost of equity as CED is part of the fulfillment of legitimacy theory and stakeholder theory.,9,,legitimacy/stakeholder fulfilment as rationale for negative CED-cost link; cited
Nasih et al (2024),frame_use,OTHER:impression-management,"The practice is explained in impression management theory, where companies tend to manage stakeholders’ perspectives about the company itself as much as possible.",4,,impression management theory named as driver of discretionary green reporting
Nasih et al (2024),mechanism_extra,,Firms participating in PROPER are less likely to engage in greenwashing activities as they are provided assurance services by the government.,5,,government assurance/verification channel makes disclosure credible
Nasih et al (2024),counter,,"This phenomenon is in line with Yan et al.’s (2022) finding that not all environmental-related disclosure are favored by shareholders and creditors, mainly when government supervision of greenwashing practices is weak.",3,,creditors may not reward disclosure when greenwashing oversight is weak
Nasih et al (2024),counter,,"Jiang et al. (2022) suggest that firms tend to greenwash carbon information and use carbon disclosure as a legitimizing tool, as CED offers significant incentives.",5,,symbolic legitimation: CED used as greenwashing/legitimizing tool
Nasih et al (2024),paris_policy,,"Plans to implement carbon taxes in certain industrial sectors have been repeatedly delayed, causing companies to report carbon emission management without clear guidance from the government.",11,,delayed Indonesian carbon tax leaves carbon reporting without policy guidance
Nasih et al (2024),key_citation,,He (2017) argued that firms that expose carbon emission disclosure broadly would pay a lower cost of debt.,5,He (2017),"central CED-cost of capital anchor, used in intro, hypothesis and discussion"
Nasih et al (2024),key_citation,,Jung et al. (2018) revealed that companies that respond to carbon information questionnaires by CDP and those that publish carbon-related information voluntarily gain certain benefits.,9,Jung et al. (2018),carbon risk and cost of debt anchor for the paper's prediction
Nasih et al (2024),key_citation,,"Greenwashing can be defined as ‘‘selectively disclosing positive information about a company’s environmental or social performance, without fully disclosing negative information on that dimension, thereby creating an overly positive corporate image’’ (Lyon & Maxwell, 2011).",4,"Lyon & Maxwell, 2011",definitional anchor for the greenwashing construct framing the design
Nasih et al (2024),status,,,,,"SAGE Open empirical paper (Indonesia, PROPER firms); signaling/legitimacy plus a long impression-management & greenwashing theory section; odd: plain-language summary describes a different study (CEO auditor background)."
Ng & Rezaee (2012),frame_use,SIG,"Sengupta (1998) argues that firms producing high quality disclosures are perceived to have a lower likelihood of withholding valuable unfavorable information, thus usually enjoy a lower cost of debt.",8,,"signaling/disclosure frame: high-quality disclosure signals no withheld bad news, lowers COD"
Ng & Rezaee (2012),frame_use,RISK,"We posit, as discussed in the next section, that disclosures of EGSEE sustainability performance provide valuable information to debt holders about the financing, operating, reputation and compliance risks.",9,,"risk frame: EGSEE disclosure informs debt holders on financing, operating, reputation, compliance risk"
Ng & Rezaee (2012),frame_use,STAKE,"Business sustainability encourages corporations to focus their efforts in creating enduring value for shareholders while protecting the interests of other stakeholders including creditors, employers, suppliers, government and society at large.",13,,stakeholder frame naming creditors as protected stakeholders; authors' own claim
Ng & Rezaee (2012),frame_use,AGENCY,"Third, prior studies in agency theory (e.g., Shleifer and Wolfenzon, 2002; Lombardo and Pagano, 2002; Lambert et al., 2007a) find that more transparency and better corporate governance lowers cost of capital and thus increases firm value through improving managerial investment and production decisions",17,,"agency theory: transparency/governance curbs managerial appropriation, lowers cost of capital"
Ng & Rezaee (2012),mechanism_extra,,"Disclosures of sustainability information however, make investors aware of the firm existence and enlarge its investor base, which improves risk sharing and thus lowers the cost of capital.",16,,"investor-base/recognition channel (Merton): disclosure widens investor base, improves risk sharing"
Ng & Rezaee (2012),counter,,"Bond-holders, on the other hand, may not be able to benefit from such long-term sustainable performance, since they are fixed income recipients. They are only exposed to down-side risk, but could not benefit from upside potential.",15,,"attenuation for debt: fixed-income holders capture no upside, so COD effect weaker than COE"
Ng & Rezaee (2012),counter,,"shareholders may consider CSR as an expense rather than investment that uses shareholders' funds to engage in social projects (Gelb & Stawser, 2001) or management uses CSR as a vehicle to advance its own social, political, reputation or career agendas, at the expense of shareholders",36,,cost-burden/entrenchment counter: CSR as expense or managerial agenda at shareholder expense
Ng & Rezaee (2012),paris_policy,,"In 2010, the SEC issued its guidance regarding the relevance and importance of disclosure of material risk pertaining to climate change by public companies (SEC 2010).",24,,climate-policy claim: SEC 2010 guidance makes climate-change risk a material disclosure item
Ng & Rezaee (2012),key_citation,,Results are consistent and support the stakeholder theory developed originally by Freeman (1984) that firms have relationships with many stakeholders,35,Freeman (1984),stakeholder theory anchor named in conclusion
Ng & Rezaee (2012),key_citation,,"First, consistent with Merton (1987) and Leuz et al (2008), we posit that investors typically have incomplete financial and non-financial information about a firm’s EGSEE sustainability performance",16,Merton (1987),investor-recognition/incomplete-information anchor for mechanism 1
Ng & Rezaee (2012),key_citation,,"Sustainability disclosures can affect cost of capital through the firm risk estimation (e.g., Leuz et al 2008; Brown, 1979; Barry and Brown, 1984 and 1985; Coles, 1988).",17,Leuz et al 2008,"disclosure-to-cost-of-capital anchor, here for the estimation-risk channel"
Ng & Rezaee (2012),status,,,,,"gate2_flag:unknown_year; undated; SSRN abstract=2038654 (2012) consistent with the worklist year | SSRN working paper (undated, ca. 2012), US KLD sample; theory is generic disclosure/cost-of-capital under an EGSEE five-dimension frame, not carbon-specific."
Ofogbe et al (2021),frame_use,AGENCY,The theory upholds that performing CSR activities will consume the resources that otherwise might have facilitated the generation of a bigger profit for shareholders.,280,,shareholder-theory cost-burden view of CSR spending; author's framing of Friedman
Ofogbe et al (2021),frame_use,STAKE,"T. M. Jones (1995) broadens the theory by indicating that CSR is an indispensable part for corporations to obtain the essential resources and stakeholder support. Considering the standpoint of the theory, performing CSR may result in a discount cost of acquiring capital for two reasons.",281,,instrumental stakeholder theory as the paper's main lower-cost-of-capital frame
Ofogbe et al (2021),frame_use,SIG,"The first reason is that CSR-associated facts capture the organizational environmental peril and lead to a decline in the information asymmetry. This, in return, might have an effect on CoE (Jones, 1995; Heinkel, Kraus & Zechner, 2001; Orlitzky, Schmidt & Rynes, 2003).",281,,"disclosure of environmental risk reduces information asymmetry, lowering capital cost"
Ofogbe et al (2021),frame_use,RISK,"Debt holders are exposed to a smaller threat when lending in the case when businesses undertake CSR, and they will be more liable to lend and ask for lower interest. Therefore, CSR is deemed to be able to decrease CoD.",280,,"core risk-mitigation argument for CSR to CoD, author's own claim"
Ofogbe et al (2021),mechanism_extra,,"CSR communicates the vital nonfinancial information which credit rating agencies use in evaluating companies. A. Goss and G. S. Roberts (2011) stipulate that with healthier credit ratings, companies can make a debt at a lower cost owing to the trust these agencies have in their operations.",280,,"credit-rating channel: CSR raises ratings, ratings lower CoD"
Ofogbe et al (2021),mechanism_extra,,"Performing CSR may lead to boosting the size of the investor base. Socially mindful investors choose to eliminate the firms with low CSR performance from their investment portfolios (Heinkel et al, 2001).",281,,investor-base/exclusion channel; green-investment screening lowers CoC
Ofogbe et al (2021),counter,,The one reason for this could be the fact that credit ratings mattered more to bond investors than CSR ratings did. His results revealed a non-positive correlation between CSR and CoD.,280,,ratings subsumption; cited Menz finding of no CSR-CoD link
Ofogbe et al (2021),counter,,"a higher performance of CSR could affect shareholders’ interest. When interest is reduced, the capacity to pay or the interest in paying is also reduced, which may result in an enhanced distress risk, and both may relate to the higher costs of debt financing.",280,,cost-burden counter: CSR spending raises distress risk and thus CoD
Ofogbe et al (2021),key_citation,,"M. Friedman (1962) upholds that shareholder theory emphasizes a firm’s top priority as maximizing the firm’s value. Therefore, expenditures relating to CSR are conceived as a poor way to use shareholders’ money, which practice digresses from shareholder value maximization theory.",280,M. Friedman (1962),shareholder/agency anchor of the theoretical framework
Ofogbe et al (2021),key_citation,,"E. Freeman (1984) propounded stakeholder theory. His theory opposed shareholder theory, holding that businesses had to consider stakeholders in all facets of their operations.",280,E. Freeman (1984),"stakeholder theory anchor, opposed to shareholder view"
Ofogbe et al (2021),key_citation,,"This is also owing to their better commitment to and their engagement with the stakeholders based on mutual trust and cooperation (Jones, 1995). CSR adoption makes stakeholders feel stronger self-assurance and trust in companies.",280,"Jones, 1995",instrumental stakeholder anchor for trust lowering agency costs
Ofogbe et al (2021),status,,,,,"Review paper, Economic Horizons (Serbia), Nigerian sample; CSR-cost of capital, no climate-policy or Paris content; two-column dump with columns out of reading order."
Oikonomou et al (2014),frame_use,RISK,That firms with better CSP have lower stock return volatilities is indicative of a correspondingly lower volatility in the firm’s underlying asset values and this would suggest a lower default risk.,52,,"frame: CSP as risk management; asset volatility to default risk, author claim"
Oikonomou et al (2014),frame_use,STAKE,The principal viewpoint that this study takes in the relation between CSP and credit risk/corporate spreads/bond ratings follows the reasoning that has been put forward by stakeholder theorists.,54,,frame: stakeholder theory is the paper's principal lens for credit risk
Oikonomou et al (2014),frame_use,AGENCY,"there is a significant agency problem affecting both the shareholders and creditors of a firm in that managers can take decisions against the objective of firm value maximization, either because they are acting in self-interest or because they are incompetent.",54,,"frame: Jensen-Meckling agency conflict harming creditors, author claim"
Oikonomou et al (2014),frame_use,SIG,"convince stakeholders of the managerial teams’ competence and trustworthiness, thus limiting the potential hazards arising from agency risks and lowering the firm’s costs of debt and equity. This signaling effect is at the core of the “good management” theory (Waddock and Graves, 1997).",55,,"frame: CSP signals managerial competence, lowers cost of debt (good management theory)"
Oikonomou et al (2014),mechanism_extra,,"companies need to refinance themselves in the debt market more frequently than in the equity market (due to the limited maturity of short- and medium-term bonds), the former appears to be more suitable for socially aware groups to implicitly exercise stakeholder activism",51,,refinancing/rollover: frequent debt refinancing lets stakeholders price CSP
Oikonomou et al (2014),mechanism_extra,,"Finally, as Bauer and Hann (2010) note, significant environmental liabilities can create insurmountable risks for a firm, making it tempting for its management team to consider filing for strategic bankruptcy in an attempt to avoid them.",54,,"environmental liability/strategic bankruptcy channel raising bondholder loss, cites Bauer and Hann"
Oikonomou et al (2014),counter,,"if bond ratings fully reflect all available and relevant information pertaining to default risks, then when we incorporate bond ratings into a model for yield spreads, there should be no further role for CSP (which would be subsumed into the ratings themselves).",52,,ratings subsumption: CSP may add nothing once bond ratings are in the spread model
Oikonomou et al (2014),counter,,Their findings are mixed and suggest that banks are indifferent to discretionary CSP investments by high-quality borrowers but they impose higher spreads on low-quality borrowers who engage in socially responsible practices.,53,,"cited finding: CSR raises loan spreads for low-quality borrowers, conditional/positive"
Oikonomou et al (2014),key_citation,,"If this perception of corporate character is deemed to be one of a trustworthy and cooperative partner, then it can result in a significant competitive advantage (Jones, 1995).",54,"Jones, 1995",instrumental stakeholder theory anchor for character/trust advantage
Oikonomou et al (2014),key_citation,,"According to the seminal work of Jensen and Meckling (1976) concerning managerial behavior and agency costs, there is a significant agency problem affecting both the shareholders and creditors of a firm",54,Jensen and Meckling (1976),agency-cost anchor for the shareholder-creditor conflict
Oikonomou et al (2014),key_citation,,"Prior literature within the CSP-CFP research field has argued that the financial benefits of CSP generally accrue in the long run (Hillman and Keim, 2001)",70,"Hillman and Keim, 2001","stakeholder-management anchor for long-run accrual, basis of maturity hypothesis"
Oikonomou et al (2014),status,,,,,The Financial Review empirical paper on CSP and corporate bond spreads/ratings; theory concentrated in Section 2.2; no climate-policy or Paris-specific claims.
Okimoto & Takaoka (2024),frame_use,RISK,"The tighter regulations and higher carbon tax may decrease the net profit of the large carbon emitters, which leads to their lower asset prices. Investors evaluate large carbon emitters less about their sustainability, resulting in higher CDS spreads.",6,,"H2 carbon risk hypothesis: tighter regulation/carbon tax erodes profit, raises CDS spreads"
Okimoto & Takaoka (2024),frame_use,AGENCY,The literature implies that the negative relationship between the proenvironmental policy of a firm and financial outcomes can be explained by the agency cost /overinvestment; risk-averse managers may overinvest in corporate social responsibility (CSR) activities that alleviate firm risk and reduce their risk exposure.,14,,agency cost/overinvestment view of CSR; authors' reading of literature
Okimoto & Takaoka (2024),frame_use,SIG,"Specifically, Pedersen et al. (2021) argue that although the ESG performance could be a favorable signal of firm fundamentals, the market could underreact to this predictability of corporate ESG performance for expected future profits due to the lack of recognition.",7,,ESG as signal of fundamentals but market underreacts; motivates H3
Okimoto & Takaoka (2024),counter,,"Therefore, it is not unreasonable to consider that firms with higher carbon emissions tend to have higher growth and profitability, with smaller default risk.",1,,"reverse direction: emissions proxy production scale, so higher emissions imply lower default risk"
Okimoto & Takaoka (2024),counter,,"Considering the relatively high decarbonization cost in Japan, as indicated in OECD (2019), investors may be concerned about profitability as the firm accelerates to decarbonize itself.",6,,"cost-burden attenuation, Japan-specific high decarbonization cost"
Okimoto & Takaoka (2024),mechanism_extra,,"The theoretical model in Luo and Balvers (2017) considers the boycott risk premium of socially responsible investors. If large emitters are targeted, their asset prices are required to pay extra compensation for the risk.",7,,investor exclusion/boycott channel: targeted emitters must pay extra risk compensation
Okimoto & Takaoka (2024),paris_policy,,"Since the Kyoto Protocol of 1997, many Japanese companies have attempted to reduce Scope 1 carbon emissions. Consequently, it might be difficult to reduce Scope 1 carbon emissions further, even if institutional investor pressure increases.",5,,Kyoto-era Japanese abatement exhausts Scope 1 headroom; attenuates investor pressure
Okimoto & Takaoka (2024),paris_policy,,"This result implies that higher carbon emissions signal a higher risk for a firm’s long-term sustainability in the market. This is relevant because the risk of a higher carbon tax and tighter regulation appears to be inevitable, given the active movement toward net-zero emissions.",14,,net-zero movement makes carbon tax/regulation tightening inevitable; amplifies long-term risk
Okimoto & Takaoka (2024),key_citation,,One of the motivations for this hypothesis is the market underreaction discussed by Pedersen et al. (2021) and Duan et al. (2023).,7,Pedersen et al. (2021),underreaction anchor motivating investor awareness hypothesis
Okimoto & Takaoka (2024),key_citation,,Heinkel et al. (2001) theoretically indicate that polluting firms’ cost of capital can be raised by green investors.,7,Heinkel et al. (2001),green-investor cost-of-capital theory anchor
Okimoto & Takaoka (2024),key_citation,,"For example, Friedman (1970) clearly states that a corporate executive, who is an agent of the corporation owner, serves the interests of his/her principal.",1,Friedman (1970),agency premise opening the paper's theoretical framing
Okimoto & Takaoka (2024),status,,,,,"Energy Economics empirical finance paper (Japan, CDS spreads vs carbon emissions); theory sits in the Section 4.1 hypotheses (H1 profitability, H2 carbon risk, H3 investor awareness) plus the p.14 discussion."
"Okimoto, Takaoka (2022)",frame_use,SIG,"However, it could be possible that higher ESG scores can provide stronger signals for corporate bonds in lower credit rating categories.",14,,signalling channel; ESG score more informative for low-rated issuers; author hypothesis
"Okimoto, Takaoka (2022)",frame_use,RISK,Do well-performed ESG activities help hedge against ESG risks and lower a company’s default risk?,7,,risk-mitigation framing; ESG as hedge against ESG risk lowering default risk
"Okimoto, Takaoka (2022)",frame_use,STAKE,"In response to the society’s increasing demand for pro-social behavior, ﬁrms voluntarily provide relevant information to stakeholders.",4,,societal/stakeholder demand for pro-social behaviour drives voluntary disclosure
"Okimoto, Takaoka (2022)",frame_use,AGENCY,"this implies that those companies with higher environmental scores might overinvest in environmental issues, possibly offsetting the lowering impact of higher environmental scores on credit spreads",12,,overinvestment in environmental issues offsets spread reduction; rationalises null E effect
"Okimoto, Takaoka (2022)",mechanism_extra,,"the increase in the number of PRI signatories should increase the impact of higher ESG performance on corporate sustainability, which should translate into lower credit risk, then lead to the reduction in credit spreads",16,,investor-base channel: growing PRI signatory pressure raises ESG impact on spreads
"Okimoto, Takaoka (2022)",counter,,"However, this type of information published by the ﬁrm may not be credible in nature, see Tirole (2017). Hence, we use the sustainability metrics at the ﬁrm-level provided by the ESG ratings provider and observable to the investor.",4,,credibility/greenwashing counter: firm-published information may not be credible (Tirole)
"Okimoto, Takaoka (2022)",counter,,"this also suggests that ﬁrms with little credit risk should not be considerably affected by ESG scores, making additional information on higher sustainability due to the higher ESG scores less informative",14,,attenuation: ESG information redundant for firms with negligible credit risk
"Okimoto, Takaoka (2022)",paris_policy,,the European Central Bank stated that they would support sustainable ﬁnance and confront the climate change menace by accepting green bonds as collateral with payouts linked to sustainability targets and include them in its asset purchase schemes,20,,ECB climate policy: green bonds as collateral and in asset purchases
"Okimoto, Takaoka (2022)",key_citation,,"Given that the engagement on ESG issues possibly enhances sustainability and decreases a ﬁrm’s downside risk, as shown by Hoepner et al. (2020) using ﬁrms’ stock return, it is quite sensible that lowly-rated issuing ﬁrms beneﬁt more from the engagement on ESG issues.",2,Hoepner et al. (2020),"downside-risk anchor: ESG engagement lowers firm risk, benefiting low-rated issuers"
"Okimoto, Takaoka (2022)",key_citation,,"There are several recent empirical studies on ﬁrms’ ESG performances and individual corporate bond pricing, e.g., Stellner et al. (2015) on Eurozone corporate bonds and Jang et al. (2020) on ESG scores and bond returns in Korea.",2,Stellner et al. (2015),closest prior CSR-corporate bond spread study; source of controls and instrument
"Okimoto, Takaoka (2022)",key_citation,,Longstaff et al. (2005) ﬁnd that the majority of credit spreads are due to default risk.,2,Longstaff et al. (2005),"anchors credit spread as mainly default risk, bridging ESG risk to spreads"
"Okimoto, Takaoka (2022)",status,,,,,"Working paper (RIETI/Seikei), Japan ESG-credit spread study; theory thin and embedded in empirical strategy; environmental pillar insignificant."
Ould Daoud Ellili (2020),frame_use,SIG,"This result is explained by the fact that the CSR disclosure reduces the information asymmetry and increases the transparency, which leads to a reduction in the cost of capital [2,3].",6,,"info-asymmetry channel: disclosure raises transparency, lowers cost of capital"
Ould Daoud Ellili (2020),frame_use,RISK,This result is explained by the fact that the higher CSR disclosure is associated with better risk management in the companies leading to a lower cost of capital and less information asymmetry.,7,,risk-management channel; cited finding used to motivate H3
Ould Daoud Ellili (2020),frame_use,STAKE,This result suggests that the CSR disclosure is more important than a non-financial disclosure in satisfying the different stakeholders and could be considered as an operating license that generates significant reduction in the companies’ cost of capital.,7,,legitimacy/social-licence framing: disclosure as operating license
Ould Daoud Ellili (2020),frame_use,AGENCY,this result suggests that the owner-managers may invest in risky projects and transfer the risk to the creditors and this risk shifting behavior may lead the creditors to require a higher cost of debt for the companies with high managerial ownership.,8,,risk-shifting to creditors raises cost of debt; cited finding
Ould Daoud Ellili (2020),mechanism_extra,,"In fact, the tangible assets are considered as collateral in case of bankruptcy and the costs associated with the capital would be reduced.",12,,"collateral/liquidation-value channel, generic asset tangibility not carbon-specific"
Ould Daoud Ellili (2020),counter,,"The empirical results reveal insufficient evidence about the negative impact of the CSR disclosure on the cost of capital. This finding is explained by the economic stagnancy of the Japanese companies, the low awareness about the non-financial disclosure",6,,"null CSR-cost of capital result attributed to low awareness, market stagnancy"
Ould Daoud Ellili (2020),key_citation,,"In fact, the shareholders may expropriate the creditors’ wealth by investing in projects and making financial decisions that would reduce the value of the company’s debt [8].",8,[8] Jensen and Meckling (1976),agency anchor; supplies shareholder-creditor conflict behind H5
Ould Daoud Ellili (2020),key_citation,,This theory states that the managers are always more informed than the investors about the actual and future financial situation of the company [26].,4,[26] Myers and Majluf (1984),information-asymmetry/pecking-order anchor for signalling and cost of capital
Ould Daoud Ellili (2020),key_citation,,"there is another study that has considered the environmental risk management [1]. By using a sample of 267 US companies during 1999-2002, the empirical results show that the higher environmental risk management is associated with a lower cost of capital",7,[1] Sharfman and Fernando (2008),"only environment-specific anchor; env risk management lowers cost of capital, motivates H3a"
Ould Daoud Ellili (2020),status,,,,,"MDPI Sustainability empirical paper (UAE, 30 firms); theory is capital-structure based (agency, information asymmetry, trade-off, pecking order); no Paris/climate-policy claims; numeric citation style."
Owolabi et al (2024),frame_use,AGENCY,"The Agency Theory helps to clarify the dynamics between carbon risk and the CoD (Armstrong et al., 2010). From the perspective of carbon risk, agency issues might occur once the carbon-related objectives of creditors and debtors diverge.",2,,explicitly named frame; creditor-borrower objective divergence over carbon
Owolabi et al (2024),frame_use,RISK,"When agency issues arise, such as increased default risk, creditors are anticipated to execute potential solutions such as incorporating carbon risk in their credit risk evaluation and protecting themselves by charging high interest rates.",3,,default-risk pricing channel: carbon risk enters credit risk evaluation
Owolabi et al (2024),frame_use,STAKE,"Hence, the Stakeholder Theory is used in several studies to help explain the link between the cost of debt, CSR, and environmental issues (Bauer and Hann, 2010; Goss and Roberts, 2011). These practices are posited to correlate with reduced capital costs by mitigating risks associated with environmental externalities.",3,,explicitly named frame; externality-risk mitigation lowers capital costs
Owolabi et al (2024),frame_use,OTHER:regulatory,"Regulatory Theory suggests that an increase in carbon risk results in a higher cost of debt. Essentially, as carbon risk rises, regulatory demands from environmental protection bodies intensify. This leads to increased compliance costs, which in turn reduce a firm’s financial capability to service debt",3,,explicitly named Regulatory Theory; compliance-cost burden erodes debt service
Owolabi et al (2024),paris_policy,,"In conclusion, these studies have shown that the Paris Agreement influenced banks’ lending decisions, leading them to price carbon risk. Therefore, we hypothesise the following: H1. Carbon risk has a higher and more increasing impact on the cost of debt post-Paris Agreement.",3,,amplification; authors' own hypothesis: Paris makes lenders price carbon risk
Owolabi et al (2024),paris_policy,,"Their findings suggest that after adopting the Paris Agreement, financial institutions began to find the risk of stranded fossil fuel reserves by increasing the credit charges for fossil fuel firms and charging a high interest rate spread to those with more significant fossil reserves.",3,,"amplification via stranded-asset channel; cited finding (Delis et al., 2018)"
Owolabi et al (2024),paris_policy,,"Similarly, Wang et al. (2024) investigated the influence of carbon regulations on debt default risks in high‑carbon enterprises, using China’s entry into the Paris Agreement as an exogenous shock. According to the study, high‑carbon firms’ debt default risk decreases significantly once carbon regulations are implemented.",3,,attenuation/reversal: Paris-linked regulation lowers default risk; cited finding
Owolabi et al (2024),counter,,"The findings imply that the environmental policies of a country are roughly twice as influential as social policies in shaping the cost of corporate loans, while there is no substantial evidence that a company’s sustainability practices affect bank interest rates.",4,,"substitution: country policy priced, firm-level practice not (Hoepner et al., 2016)"
Owolabi et al (2024),key_citation,,"Overall, higher GHG emitters are deemed riskier and incur a higher CoD (Jung et al., 2018; Palea and Drogo, 2020; Zhou et al., 2018).",3,"Jung et al., 2018","dominant carbon-risk-to-CoD anchor, carried through hypotheses and measures"
Owolabi et al (2024),key_citation,,"Goss and Roberts (2011) explained that carbon-intensive projects are risky because they tend to offload carbon pollution onto the environment. This issue potentially results in carbon-related risks being passed back to the firm, leading to stricter borrowing conditions imposed by lenders.",3,Goss and Roberts (2011),externality-transfer logic; also the paper's stakeholder-theory anchor
Owolabi et al (2024),key_citation,,"Carbon risk is inseparably linked to environmental hazards and is a key focus for governments, regulators, creditors, and other stakeholders (Zhou et al., 2018).",3,"Zhou et al., 2018",Regulatory Theory anchor; carbon risk as regulator and creditor concern
Owolabi et al (2024),status,,,,,"Energy Economics empirical paper on G7 listed firms 2011-2020; theory is short and citation-led, with the Paris Agreement as the central policy construct."
"Palea, Drogo (2020)",frame_use,RISK,"In general, research documents that capital providers take corporate carbon risk into consideration when they analyse a company's risk profile and define their investment strategies",2955,,risk frame: carbon enters lenders' risk-profile and allocation decisions
"Palea, Drogo (2020)",frame_use,SIG,related risks to provide firms with significant benefits in terms of a lower cost of capital. A commitment to an increased level of disclo-,2955,,"disclosure/information-asymmetry frame; EC expectation, authors endorse"
"Palea, Drogo (2020)",frame_use,STAKE,Much of the research drawing on the legitimation theory to explain managerial strategies suggests that environmental disclosure,2955,,names legitimation theory; disclosure as legitimation among stakeholders
"Palea, Drogo (2020)",paris_policy,,H2. The effect of carbon risk on the cost of debt is higher in the years following the Paris Agreement.,2955,,authors' Paris amplification hypothesis
"Palea, Drogo (2020)",paris_policy,,"It is likely that lenders have become aware of the strong commitment taken by policymakers in fighting climate change and adopting consistent actions and are thus starting to price carbon risk for all borrowers, whether high or low emitters.",2967,,policy-commitment credibility extends carbon pricing to all borrowers
"Palea, Drogo (2020)",paris_policy,,"although the most polluting sectors were already charged before the Paris Agreement, and not further penalised in the subsequent period, our results indicate that the less polluting sectors started being charged a higher spread for their emissions only in the period after the Agreement.",2953,,attenuation via pre-pricing: high emitters already priced pre-Paris
"Palea, Drogo (2020)",mechanism_extra,,"taking into account the risk associated with stranded assets. Delis, De Greiff, and Ongena (2020), for instance, find that since 2015 banks have charged a higher loan spread to fossil fuel firms",2955,,stranded-asset/collateral channel; cited post-2015 loan-spread finding
"Palea, Drogo (2020)",counter,,"In contrast, other studies show that boards generally do not fulfil their monitoring roles (e.g. Prado-Lorenzo & Garcia-Sanchez, 2010). Environmental governance mechanisms focus more on avoiding reputational and/or regulatory harm than taking responsible actions",2957,,symbolic-governance counter: carbon governance as impression management
"Palea, Drogo (2020)",key_citation,,"Consistent with the European Commission (2018, 2019), we assume that board monitoring can mitigate the corporate carbon risk",2957,"European Commission (2018, 2019)",EU policy anchor carrying disclosure and governance mechanisms
"Palea, Drogo (2020)",key_citation,,"risk of stranded assets for high polluters (e.g. Delis et al., 2020).",2965,"Delis et al., 2020",stranded-asset/climate-policy-risk anchor for loan pricing
"Palea, Drogo (2020)",key_citation,,"indicate an important role for external certification in accessing both bank and equity financing (Kleimeier & Viehs, 2018",2957,"Kleimeier & Viehs, 2018",prior carbon-disclosure/cost-of-debt anchor used across hypotheses
"Palea, Drogo (2020)",status,,,,,"Business Strategy and the Environment empirical article on eurozone carbon intensity and cost of debt; theory is heavily EU-policy framed (Paris Agreement, EC Action Plan); source text is two-column PDF with interleaved columns, so quotes are short contiguous spans."
Panjwani et al (2023),frame_use,SIG,"Similarly, Dhaliwal et al. (2011) show that voluntary disclosures can reduce cost of equity for firms; our result shows that the same pattern extends to debt markets as well.",1,,voluntary-disclosure channel carried from equity to debt; paper's core signaling logic
Panjwani et al (2023),frame_use,RISK,we find that lenders in the credit market demand similar compensation for their exposure to climate risk but only for scope 1 + 2 emissions and not for scope 3 emissions,2,,"lenders price climate-risk exposure, but only scope 1+2; author's own claim"
Panjwani et al (2023),counter,,Is this trend because markets reward advertised rather than actual pollution reduction efforts—greenwashing—or because scope 3 data is not yet mature enough to provide reliable information?,pdf-1,,greenwashing vs data-immaturity dichotomy; paper's central attenuation question
Panjwani et al (2023),counter,,"Thus, the two findings together suggest that firms stand to benefit by disclosing their scope 3 emissions without being penalized by investors for disclosing (higher) emissions.",1,,"disclosure-selection decoupling: act of disclosing priced, emission level not"
Panjwani et al (2023),counter,,"Given these weaknesses in voluntary disclosures, our findings augment those of Baker et al. (2018) who show that the green premium only extends to bonds that are externally certified as green.",2,,pricing requires external certification; unverified voluntary disclosure weak
Panjwani et al (2023),counter,,"Since firms are still learning and determining their scope 3 emissions, their disclosed data can be noisy",3,,measurement-noise argument inside sample-filter discussion; attenuates pricing
Panjwani et al (2023),counter,,suggesting scope 1 + 2 data is more streamlined and robust than scope 3 data which is more intricate and requires greater attention to detail in interpreting the results.,12,,data-quality asymmetry rationalizes null scope 3 pricing; author's own claim
Panjwani et al (2023),mechanism_extra,,"disclosing scope 3 emissions is associated with a 20 basis points discount in the credit market for firm, potentially rewarding firms more than the costs associated with determining its carbon emissions",11,,cost-benefit channel: debt discount can outweigh measurement cost burden
Panjwani et al (2023),key_citation,,While Bolton and Kacperczyk (2021) find that stocks of firms with higher emissions earn higher returns,2,Bolton and Kacperczyk (2021),"carbon-risk-premium anchor, extended from equity to credit"
Panjwani et al (2023),key_citation,,Dhaliwal et al. (2011) show that voluntary disclosures can reduce cost of equity for firms,1,Dhaliwal et al. (2011),voluntary-disclosure-lowers-cost-of-capital anchor for the disclosure premium
Panjwani et al (2023),key_citation,,our evidence is in line with Zerbib (2019) who finds that investors’ pro-environmental preferences have a limited effect on bond pricing at this stage of market development.,2,Zerbib (2019),market-immaturity anchor for weak pro-environmental bond pricing
Panjwani et al (2023),status,,,,,"SSRN working paper (Fed Board/practitioner co-authors, Feb 2023), empirical scope 3 disclosure-premium study; theory-light with arguments concentrated in intro and data-quality discussion; no Paris/climate-policy theory; abstract page has no printed folio (pdf-1)."
Piechocka-Kałużna et al (2021),frame_use,STAKE,"Legitimacy theory posits that an organization would voluntarily report its actions, such as disclosing certain ESG information, if management believed the organization's societies desired those actions.",538,,legitimacy frame: ESG disclosure as response to societal expectations
Piechocka-Kałużna et al (2021),frame_use,SIG,"Increasing transparency by providing additional information, often optional, can result in a higher position in investor rankings. This is mainly due to higher confidence in the company and reduced uncertainty among its stakeholders",537,,authors' disclosure/uncertainty-reduction channel
Piechocka-Kałużna et al (2021),frame_use,RISK,"taking environmental and social aspects into account motivates to create new products and streamline processes, lower costs can result from reduced resource consumption; more effective risk management.",537,,environmental action yields lower costs and better risk management
Piechocka-Kałużna et al (2021),mechanism_extra,,"Significant for the authors of this article is the aforementioned 'investment attractiveness,' which should translate into an increase in their confidence and sense of security, which may, in turn, translate into a potential reduction in the cost of capital, among other things.",537,,"core chain: attractiveness to investors, sense of security, lower cost of capital"
Piechocka-Kałużna et al (2021),counter,,"However, the results of the study are not conclusive, some confirm the existence of the expected relationships, but many prevent from concluding a positive impact of the mentioned activity",538,,inconclusive prior evidence on CSR benefits; authors' summary
Piechocka-Kałużna et al (2021),counter,,Xu et al. (2019) conducted a study on selected Chinese companies and proved a positive relationship between CSR disclosure and the cost of debt.,539,,"cited finding: positive CSR disclosure-COD relation, opposite sign"
Piechocka-Kałużna et al (2021),counter,,"The impact of information presented in the financial statements of a given year is visible for the recipients of the statements with a delay, after the books have been closed, de facto in the following financial year at the earliest.",545,,reporting-lag argument: pricing of ESG info delayed to next fiscal year
Piechocka-Kałużna et al (2021),key_citation,,"Suchman (1995: 574) stated that legitimacy theory could be defined as a generalized perception or assumption that the actions of an entity are desirable, proper, or appropriate within some socially constructed system of norms, values, beliefs, and definitions.",538,Suchman (1995: 574),legitimacy-theory definitional anchor
Piechocka-Kałużna et al (2021),key_citation,,"As Rahman and Alsayegh (2021) point out, no generally accepted theory explains corporate voluntary disclosure practices, but it can be argued that the legitimacy theory is currently dominant in the ESG literature.",538,Rahman and Alsayegh (2021),source for legitimacy theory's dominance in ESG literature
Piechocka-Kałużna et al (2021),key_citation,,"As Botosan (2006) noticed, most empirical studies have focused on the relationship between non-financial information and the cost of capital",538,Botosan (2006),anchor for disclosure-cost of capital literature
Piechocka-Kałużna et al (2021),status,,,,,"European Research Studies Journal empirical paper (US ESG/cost of capital); thin theory, legitimacy theory the only named frame; no Paris/climate-policy content."
Pizzutilo et al (2020),frame_use,RISK,"Therefore, lenders may incorporate carbon risk evaluations in their credit risk assessment process and ask higher interest rates to high carbon risk companies",3,,authors' core risk-pricing frame: carbon risk enters credit risk assessment
Pizzutilo et al (2020),frame_use,AGENCY,"Firstly, by analyzing the issue through the agency theory lens, it has been argued that there is a not negligible misalignment of carbon-related objectives between lenders and borrowers (Armstrong et al. 2010).",3,,explicitly named agency theory; lender-borrower objective misalignment
Pizzutilo et al (2020),frame_use,STAKE,"as highlighted by Jung et al. (2018), reputational risks do not involve only borrowers but also lenders, as they could be considered by their own stakeholders supporting and financing negative environmental impact activities",3,,reputation/legitimacy channel operating on the lender side
Pizzutilo et al (2020),frame_use,SIG,Information uncertainty reflects the degree to which the firm’s value is influenced by uncertainties surrounding environmental issues that relate to the company and its business,2,,"information-uncertainty dimension of carbon risk, alongside cash-flow uncertainty"
Pizzutilo et al (2020),paris_policy,,"in the light of the legislative interventions aimed at reducing GHG emissions, highly polluting firms have to deal with further costs (and then with lower expected free cash flows) in terms of taxation, as well as of compliance with the foreseen standards",3,,"climate-policy amplification: GHG legislation, carbon taxation, compliance costs cut free cash flow"
Pizzutilo et al (2020),paris_policy,,"Indeed, climate change, and policies to combat its impacts create systematic risk across the entire economy, affecting energy prices, national income, health, agriculture, production, consumption, etc. that can significantly affect companies’ value and market prices",2,,"climate policy as undiversifiable systematic risk; amplification, authors' own claim"
Pizzutilo et al (2020),mechanism_extra,,"Secondly, carbon costs could have a negative impact on the market value of firm’s assets and consequently the possibility of violating the covenants on the debt would increase.",3,,"covenant/collateral channel via asset-value erosion, from Li et al. (2014)"
Pizzutilo et al (2020),counter,,They evidenced the existence of a U-shaped relationship between carbon risk and the cost of debt and concluded that positive media attention significantly contributes to mitigate the effect of carbon emission intensity over the cost of debt.,3,,"conditional/non-linear link; media attention attenuates it (cited finding, Zhou et al. 2018)"
Pizzutilo et al (2020),key_citation,,"Moreover, Li et al. (2014) identified three key aspects on which to focus the attention in order to justify the relation between carbon risk and debt capital cost",3,Li et al. (2014),"supplies the paper's three-channel rationale: ratings, covenants, litigation costs"
Pizzutilo et al (2020),key_citation,,Jung et al. (2018) focus on the uncertainty of present and future cash flows due to exposure to carbon risk and argue that the latter may influence default risk.,2,Jung et al. (2018),"anchor for default-risk, loan-contract-terms and lender reputation arguments"
Pizzutilo et al (2020),key_citation,,"Labatt and White (2007) investigated the carbon risk and split it into three specific components, namely regulatory, physical and business risk.",2,Labatt and White (2007),carbon-risk construct taxonomy underpinning the paper's risk framing
Pizzutilo et al (2020),status,,,,,"MDPI Int. J. Financial Studies empirical note (10 pp.); theory sits entirely in intro/literature review, no formal hypotheses and no Paris Agreement mention despite European carbon-risk focus."
Polbennikov et al (2016),frame_use,RISK,"However, bondholders are typically concerned about downside risk. ESG ratings can be highly relevant to corporate bond investors if they indeed represent risk factors not otherwise ref lected in traditional measures of financial strength.",21,,"authors' framing; bondholder downside-risk view, ESG as unpriced risk factor"
Polbennikov et al (2016),frame_use,SIG,"ESG considerations may not be fully incorporated into credit ratings, leaving room for ESG scores to bring relevant incremental information to investors.",29,,authors' claim; incremental information beyond credit ratings
Polbennikov et al (2016),mechanism_extra,,"In particular, governance failures and changes in the business environment through litigation or regulation have the potential to affect not only the profitability of a corporate bond issuer but also its cost of funding and solvency.",21,,authors' claim; litigation/regulation channel explicitly to cost of funding and solvency
Polbennikov et al (2016),mechanism_extra,,"For example, a change in regulation in response to environmental challenges can affect corporate profitability and even survival, making a high Environmental score a desirable characteristic for a corporate issuer.",28,,"authors' claim; environmental regulation to profitability and survival, E score as hedge"
Polbennikov et al (2016),mechanism_extra,,"One can indeed assume that different sectors are exposed to different types of regulatory change or litigation risk. For example, the Transport and Energy sector may be sensitive to changes in regulation related to the usage of fossil fuels, an area likely covered by Environmental scores.",34,,authors' claim; sector heterogeneity in fossil-fuel regulatory exposure moderates E pricing
Polbennikov et al (2016),counter,,This could imply that higher-rated companies with stronger balance sheets are better positioned to address environmental issues.,29,,"reverse causality; credit quality drives environmental performance, not vice versa"
Polbennikov et al (2016),counter,,"Rating agencies might indeed take the controversial nature of the business into consideration when assessing credit quality, including the possibility of litigation or regulatory changes.",30,,ratings subsumption; agencies already embed litigation/regulatory risk in credit quality
Polbennikov et al (2016),counter,,"As we discussed earlier, cash f low predictability and corporate survival might take precedence over ESG characteristics in times of stress.",38,,state-dependent attenuation; ESG deprioritised versus near-term survival in distress
Polbennikov et al (2016),key_citation,,"For example, Chava [2014] found evidence that high Environmental ratings might reduce the cost of capital for underlying companies.",40,Chava [2014],endnote 17; anchors risk-perception explanation for tighter spreads of high-E issuers
Polbennikov et al (2016),key_citation,,"For example, Bauer and Hann [2010], El Ghoul [2011], and Chava [2011] have found that companies with poor sustainability ratings have a higher cost of capital.",21,Bauer and Hann [2010],core cost-of-capital anchor in the paper's only theory paragraph
Polbennikov et al (2016),key_citation,,"For example, Bauer and Hann [2010], El Ghoul [2011], and Chava [2011] have found that companies with poor sustainability ratings have a higher cost of capital.",21,El Ghoul [2011],same anchor sentence; CSR to cost of capital evidence motivating the bond study
Polbennikov et al (2016),status,,,,,"The Journal of Fixed Income (Summer 2016), Barclays Research practitioner article; no theory section, no hypotheses, no reference-list citations beyond ten items; theory is confined to the introductory paragraph, brief interpretive asides and one endnote; the words climate, carbon, emissions and Paris do not appear, so no paris_policy records."
Ratajczak & Mikolajewicz (2021),frame_use,STAKE,"The conciliatory solution could be found in instrumental stakeholder theory (Donaldson & Preston, 1995), which claims that the company may benefit if it is able to develop the relationships with its stakeholders based on mutual trust and cooperation.",75,,authors' named theory frame: mutual-trust stakeholder relations create firm benefit
Ratajczak & Mikolajewicz (2021),frame_use,RISK,Considering the above the universal hypothesis assumes that the mitigation of ESG risks and the management of ESG issues in the company can have a positive impact on its cost of debt.,79,,authors' universal hypothesis: ESG risk mitigation lowers cost of debt
Ratajczak & Mikolajewicz (2021),frame_use,SIG,They also state that bondholders are more likely to use CSR information to assess the creditworthiness of issuers with lower levels of corporate governance and higher information asymmetry and those operating in environmentally sensitive industries.,78,,"info-asymmetry conditioning: cited Ge & Liu, CSR info used more when opacity high"
Ratajczak & Mikolajewicz (2021),frame_use,AGENCY,In case of low-quality borrowers (secured) voluntary investments in CSR are perceived by banks through the agency costs and overinvestment which results in higher loan spreads,78,,"cited Goss & Roberts: CSR read as agency cost/overinvestment, raises spreads"
Ratajczak & Mikolajewicz (2021),frame_use,OTHER:term-structure,"the liquidity preference theory (Hicks, 1946; Keynes, 1936) argues that perfect shiftability does not exist and that the longer the maturity the greater the uncertainty there is. In this case a risk-averse investor would demand a risk/liquidity premium (positive) for long-term bonds.",80,,term-structure theory grounding short- vs long-term debt hypotheses
Ratajczak & Mikolajewicz (2021),mechanism_extra,,The above conclusions are confirmed by Ge and Liu (2015) who additionally point out that bonds of companies with better CSR performance require fewer covenants.,78,,covenant channel: better CSR implies fewer bond covenants (cited Ge & Liu)
Ratajczak & Mikolajewicz (2021),counter,,The study confirmed a negative correlation between the cost of equity (beta coefficient) and the ERM quality but in case of cost of debt the relationship proved positive.,79,,"cited Sharfman & Fernando: env risk management raises, not lowers, cost of debt"
Ratajczak & Mikolajewicz (2021),counter,,"If the market demands a premium only for systematic risk and the insufficient disclosure constitutes an element of diversifiable risk (for which no premium is due as it may be mitigated), then the decrease in the cost of capital should not occur.",77,,Botosan 2006 pricing counter: diversifiable disclosure risk earns no premium
Ratajczak & Mikolajewicz (2021),key_citation,,"instrumental stakeholder theory (Donaldson & Preston, 1995), which claims that the company may benefit if it is able to develop the relationships with its stakeholders based on mutual trust and cooperation.",75,"Donaldson & Preston, 1995",instrumental stakeholder theory anchor for the CSR business case
Ratajczak & Mikolajewicz (2021),key_citation,,This is consistent with Goss and Roberts’ (2011) findings that lenders are able to discriminate between valuable and wasteful CSR expenditures and punish the latter through higher loan spreads.,92,Goss and Roberts (2011),agency anchor: lenders separate valuable from wasteful CSR spending
Ratajczak & Mikolajewicz (2021),key_citation,,"The study by Ye and Zhang (2011) indicated that the relationship between CSR and cost of debt is more complex than the simple linear relationship suggested by other studies, i.e. this relationship is U-curve-shaped.",79,Ye and Zhang (2011),"non-linear CSR-cost-of-debt anchor: U-curve, optimal CSR level"
Ratajczak & Mikolajewicz (2021),status,,,,,"Economics and Business Review (Poland), empirical ESG-dimension study; theory is lit-review synthesis plus term-structure theory; no climate-policy or Paris content."
Ririmasse et al (2026),frame_use,STAKE,"From the perspective of legitimacy theory, firms seek to align with societal and regulatory norms to secure stakeholder approval and favorable financing terms, often through public carbon disclosures",2968,,legitimacy theory: align with norms to secure approval and favorable financing terms
Ririmasse et al (2026),frame_use,SIG,"Both theories imply that reliable environmental disclosure can improve financing conditions, while incomplete or unreliable reporting may fail to deliver these benefits or even heighten perceived risk.",2968,,"disclosure-credibility channel: reliable disclosure helps, unreliable raises perceived risk"
Ririmasse et al (2026),frame_use,RISK,"This gap is critical because carbon-intensive firms are more exposed to transition and regulatory risks, which can make them less attractive to lenders and result in higher costs of debt or reduced access to credit",2969,,transition and regulatory risk raises COD or cuts credit access; H1 rationale
Ririmasse et al (2026),mechanism_extra,,"Companies with higher carbon emissions face significant financial risks, including “stranded assets” risk, potential asset devaluation, and heightened credit and reputational risks.",2968,,stranded-asset and devaluation channel feeding credit and reputational risk
Ririmasse et al (2026),mechanism_extra,,"This creates an important role for third-party vendors such as Trucost, which provide standardized, independently verified emissions estimates (Swinkels and Markwat 2023).",2969,,third-party vendor verification substitutes for weak mandatory disclosure
Ririmasse et al (2026),counter,,"In many emerging markets, voluntary carbon disclosures are sometimes regarded as sym­ bolic or legitimacy-driven rather than substantive, providing limited insight into a firm’s true exposure to climate risk.",2969,,"greenwashing: voluntary disclosure symbolic, uninformative about true climate risk"
Ririmasse et al (2026),counter,,"carbon risk is not yet fully priced in by lenders in these contexts.6 This may reflect weaker stakeholder pressure, limited disclosure requirements, or a risk-averse stance by capital providers who already screen for environmental risk at the debt allocation stage",2979,,null COD pricing; lenders ration quantity at allocation stage instead
Ririmasse et al (2026),paris_policy,,"We examine whether lenders responded to climate policy shifts following the 2015 Paris Agreement, which marked a global regulatory milestone with potential implications for firms’ environmental performance.",2980,,Paris Agreement framed as global regulatory milestone; own DiD design claim
Ririmasse et al (2026),key_citation,,"firms seek to align with societal and regulatory norms to secure stakeholder approval and favorable financing terms, often through public carbon disclosures (Miranda, Cruz-Suárez, and Prado Roman 2018)",2968,"Miranda, Cruz-Suárez, and Prado Roman 2018",legitimacy-theory anchor for disclosure-financing link
Ririmasse et al (2026),key_citation,,"Drawing on stakeholder theory, which links ESG practices to firms’ financing conditions (Owolabi et al. 2024), we interact carbon intensity with Refinitiv ESG scores",2979,Owolabi et al. 2024,stakeholder-theory anchor linking ESG practice to financing conditions
Ririmasse et al (2026),key_citation,,"Recent studies indicate that investors and lenders are increasingly relying on such vendor data in evaluating credit and investment decisions (Aswani, Raghunandan, and Rajgopal 2024; Bolton and Kacperczyk 2023; Ho and Wong 2023).",2969,"Aswani, Raghunandan, and Rajgopal 2024",anchor for vendor-estimated emissions credibility; carries H3
Ririmasse et al (2026),status,,,,,Emerging Markets Finance and Trade empirical paper (US/UK vs China/India); theory thin - legitimacy/stakeholder framing only; Paris tested by untabulated DiD; pp.2973-2978 are tables.
Safiullah et al (2021),frame_use,RISK,The rationale for ﬁrms with high carbon emissions to have low credit ratings can be attributed to the uncertainty of the cash ﬂows resulting from the increased regulatory and business risks associated with carbon emissions.,2,,authors' core risk frame: regulatory/business risk raises cash flow uncertainty
Safiullah et al (2021),frame_use,STAKE,"Society punishes such ﬁrms by withdrawing support, which may result in serious setbacks including decrease of sales, market competitiveness, funding opportunities, and intangible asset values (Attig et al., 2013). This is likely to result in higher ﬁnancial uncertainty, leading to a lower credit rating.",3,,"social contract/legitimacy: society withdraws support, lowering rating"
Safiullah et al (2021),frame_use,AGENCY,The spirit of the theory is that pursuing socially responsible activities at the ﬁrm level is equivalent to imposing tax on shareholders because such an activity may be contrary to achieving the objectives of ﬁrms.,3,,new classical (Friedman) cost-burden view of environmental effort
Safiullah et al (2021),mechanism_extra,,"High carbon-emitting ﬁrms may require to pay a high price for their carbon emissions under the carbon trading mechanism, which can constrain the economic resources available to service their debt (Li et al., 2014; Ibikunle et al., 2016).",2,,explicit carbon-price/trading channel drains debt-service resources
Safiullah et al (2021),mechanism_extra,,"Such regulatory restrictions require carbon-intensive ﬁrms to commit resources for compliance, environmental disaster management, and litigation settlement (Bauer and Hann, 2010; Okereke and Russel, 2010), which, in turn, decrease their creditworthiness or credit ratings.",3,,"compliance, disaster-management and litigation cost channel to creditworthiness"
Safiullah et al (2021),paris_policy,,"This policy vacuum has created an avenue for markets including the credit market to move forward and make ﬁrms accountable for their carbon proﬁle. As a major stakeholder, credit market is perceived to actively monitor ﬁrms' carbon proﬁle.",2,,US climate-policy vacuum shifts carbon discipline to credit market
Safiullah et al (2021),paris_policy,,"Emissions create negative externalities that affect the residents of the entire planet. To limit the damage, national and international bodies enact regulations (e.g., Kyoto Protocol, Paris Climate Agreement) that persuade ﬁrms to internalize negative externalities.",3,,Kyoto/Paris named as forcing internalization of carbon externalities
Safiullah et al (2021),counter,,"As a consequence, ﬁrms' attempt to behave environmentally may prove to be value-reducing which results in downgrade of ﬁrms' credit ratings.",3,,"counter-direction: environmental effort value-reducing, rating downgrade"
Safiullah et al (2021),key_citation,,"stakeholder's theory,7 which views that ﬁrms should protect the legitimate interest of “any group or individual who can affect or is affected by a ﬁrm's operations in achieving its objectives” (Freeman, 1984: p.46).",3,"Freeman, 1984: p.46","stakeholder theory anchor, quoted definition"
Safiullah et al (2021),key_citation,,"In light of the new classical theory, it is argued that the social responsibility of ﬁrms is to increase proﬁts for their shareholders (Friedman, 2007).",3,"Friedman, 2007",new classical / shareholder-primacy anchor
Safiullah et al (2021),key_citation,,"Firms that fail to comply with these prescribed standards are perceived to breach the principles of social contract (Deegan, 2002).",3,"Deegan, 2002",social contract theory anchor
Safiullah et al (2021),status,,,,,"Energy Economics empirical study (US firms, 2004-2018); short Section 2 hypothesis development on new classical, social contract and stakeholder theories; cash-flow-uncertainty channel; ligature characters (fi/fl) throughout the dump."
Safiullah et al (2025),frame_use,SIG,"According to signalling theory (Connelly et al., 2011; Spence, 1978), when information asymmetry is present, high-­quality individuals or organisations tend to send “costly” and “observable” information to reduce the asymmetric information problem among parties and signal their high quality.",2177,,"signalling: costly, observable signal reduces information asymmetry"
Safiullah et al (2025),frame_use,STAKE,"According to legitimacy theory, firms need to behave in a socially responsible way to operate successfully within society (Dowling & Pfeffer, 1975).",2175,,legitimacy theory as competing frame; social licence to operate
Safiullah et al (2025),frame_use,RISK,"carbon assurance can act as a strategic signal for high-­quality firms (in terms of carbon performance). These high-­quality firms tend to have lower regulatory and climate-­change risks related to their carbon emissions, which can improve their credit ratings.",2178,,"assured high-quality firms face lower regulatory/climate risk, raising ratings"
Safiullah et al (2025),frame_use,OTHER:institutional,"Our findings suggest the important role of market and institutional characteristics in shaping a firm's behaviour and performance, consistent with institutional theory (Campbell, 2007).",2203,,authors' claim: market/political context shapes assurance-rating link
Safiullah et al (2025),counter,,"adopt external assurance to “greenwash” their actual carbon activities and show their legitimacy (legitimacy theory) (Clarkson et al., 2019; Kaplan & Ramanna, 2021). In such cases, carbon assurance can be associated with more risks due to potential greenwash problems, reducing firm credit ratings.",2178,,"greenwashing counter: assurance signals low commitment, lowers ratings"
Safiullah et al (2025),counter,,"although the assurance statement is available it should be noted that the outcomes may vary depending on how recipients perceive and interpret the assurance signal and its credibility. (Baier et al., 2022).",2178,,attenuation: receivers may not read assurance signal as credible
Safiullah et al (2025),mechanism_extra,,"One potential channel is that carbon assurance reduces information asymmetry, attracting more analyst following (Cuadrado-­Ballesteros et al., 2017; Jiraporn et al., 2012), which in turn can lower default risk and improve credit ratings (Cheng & Subramanyam, 2008).",2192,,analyst-following channel: transparency -> coverage -> lower default risk
Safiullah et al (2025),key_citation,,"In this paper we use signalling and legitimacy theory to explain the relationship between carbon assurance and credit ratings. According to signalling theory (Spence, 1978), high-­ quality signallers tend to send costly and observable information to reflect their quality",2175,"Spence, 1978",signalling theory anchor for the main hypothesis
Safiullah et al (2025),key_citation,,"A quality signal must possess two characteristics: First, it must be costly (i.e., the signal must be costly for signallers to produce to avoid copying or cheating) and second, it must be observable (i.e., the signal must be observable by receivers) (Connelly et al., 2011; Spence, 1978).",2178,"Connelly et al., 2011",signalling review; costly-and-observable signal conditions
Safiullah et al (2025),key_citation,,"“Not surprisingly, auditors of these reports often resort to double negatives ‘We found no evidence of misreporting in the company's ESG report’ and the reports themselves have had little impact on either corporate actions or external stakeholders” (Kaplan & Ramanna, 2021, p. 122).",2178,"Kaplan & Ramanna, 2021",anchor for carbon-accounting critique behind greenwashing counter
Safiullah et al (2025),status,,,,,"Accounting & Finance empirical archival paper; carbon assurance and S&P credit ratings, US 2007-2017; signalling vs legitimacy framed as competing views; no Paris/climate-policy theory claims."
Salvi et al (2021),frame_use,RISK,"responsible firms are expected to be regarded as less risky, with their CSP viewed as an insurance mechanism in case of negative occurrences",2,,"risk-mitigation/insurance view: superior CSP lowers risk, hence lower spreads"
Salvi et al (2021),frame_use,SIG,"facing lower information asymmetries compared to other investors, as well as an elevated level of capabilities (Menz, 2010; Oikonomou, Brooks, & Pavelin, 2014; Weber, Duffy, & Schram, 2018), two facts that make it highly probable that CSR performance (CSP) is incorporated in their investment decisions.",2,,information-asymmetry argument: sophisticated bond investors impound CSP
Salvi et al (2021),frame_use,STAKE,"Based on the stakeholder view of the firm, we expect the performance of the firm on stakeholder dimensions to have an impact on its bond spreads and ratings.",3,,stakeholder view of the firm underpins H6-H7 on spreads and ratings
Salvi et al (2021),frame_use,OTHER:institutional,"The latter authors posit that common-law systems tend to be more shareholder-oriented with more liberal economies, while civil-law systems present more coordinated markets and an increased stakeholder orientation.",3,,institutional/legal-origin frame; civil-law stakeholder vs common-law shareholder orientation
Salvi et al (2021),mechanism_extra,,"due to the shorter maturities of debt instruments compared to equity ones, firms face extensive exposure to the debt-market discipline.",2,,refinancing/rollover channel: frequent debt issuance exposes firms to market discipline
Salvi et al (2021),mechanism_extra,,"with effective stakeholder management, litigation risk is naturally driven down for the underlying firm, which in the meantime benefits from a more robust license to operate.",12,,litigation-risk and license-to-operate channel; authors' own mechanism in discussion
Salvi et al (2021),counter,,"This outcome may be attributable to the fact that environmental practices, as well as shareholder protection, are, to a large degree, subject to explicit regulation",12,,"regulatory-substitution attenuation: env performance mandated, so not priced in spreads"
Salvi et al (2021),counter,,"one can argue that it is not necessarily firms with stronger CSP that face lower cost of debt, in the form of reduced bond spreads, but firms that enjoy lower financing costs that can afford to further invest in their CSR efforts.",14,,reverse causality: cheap debt may fund CSR rather than CSR lowering spreads
Salvi et al (2021),key_citation,,"Taking on previous literature (Oikonomou et al., 2014), we analyze CSP using two variables: CSP strengths, which measures the overall firm’s CSR engagement and CSP controversies, which measures CSR-related controversies associated with the firm.",2,"Oikonomou et al., 2014",template for CSP strengths/controversies operationalization and bond design
Salvi et al (2021),key_citation,,"We take off from stakeholder theory pillar studies (Davis, 1983; Freeman, 1984) and consider the long-observed primary stakeholder groups that provide vital input to and have eminent expectations from a firm: employees, customers, shareholders.",3,"Davis, 1983; Freeman, 1984",stakeholder-theory pillar cited to derive stakeholder-group hypotheses
Salvi et al (2021),key_citation,,"among seminal studies in the field, Menz (2010) studied the Eurobond market indicating a null relationship between responsibility and risk premia.",2,Menz (2010),"seminal null-result counterpoint, also anchor for spread risk factors"
Salvi et al (2021),status,,,,,"Global Finance Journal empirical paper on CSP, bond spreads and ratings in 40 countries; stakeholder/institutional theory throughout, no climate- or Paris-specific claims."
Sandra et al (2021),frame_use,STAKE,Freeman [23] propounded the stakeholder’s theory. His theory opposed the shareholders 'theory and held that businesses must consider stakeholders in all facets of their operations.,950,,stakeholder theory named as the paper's core frame; author's own framing
Sandra et al (2021),frame_use,RISK,"The risk mitigation perspective argues that CSR investment can reduce risk (Boutin-Dufresne & Savaria [72]; Lee & Faff [73]); thus, banks are more willing to provide attractive loan terms to socially responsible firms.",949,,risk-mitigation view: lower risk -> better bank loan terms
Sandra et al (2021),frame_use,AGENCY,"for the shareholder's theory, a higher performance of CSR could affect shareholders’interest, when interest is reduced, the capacity to or interest to pay is also reduced, and this can result in an enhanced distress risk and both can be related to higher costs of debt financing.",950,,shareholder/cost-burden view: CSR spend -> distress risk -> higher COD
Sandra et al (2021),frame_use,SIG,"Considering the theory standpoint, performing CSR may result in a discount cost of acquiring capital for two reasons. The first reason is that CSR-associated facts capture the organisational environmental peril and lead to a decline in information asymmetry.",950,,"CSR data proxy environmental risk, cut information asymmetry, lower cost of capital"
Sandra et al (2021),mechanism_extra,,"Accordingly, CSR communicates vital non-financial information which credit rating agencies use in evaluating the companies. Goss & Roberts [26] stipulate that with healthier credit ratings, companies can get debt at a lesser cost owing to the trust these agencies have in their operations.",948,,"credit-rating channel: CSR raises ratings, ratings lower debt cost"
Sandra et al (2021),mechanism_extra,,"By implication, firms with high CSR performance can increase the relative size of their investor base. Merton [58] opined that the larger the relative size of the investor’s base, the lower the cost of capital and the higher the market valuation.",948,,investor-base/exclusion channel; larger investor base lowers cost of capital
Sandra et al (2021),counter,,"The over-investment view indicates that CSR investments represent costly diversions of firm resources, and therefore managers will over-invest in CSR to gain personal benefits at the expense of shareholders. Thus, higher CSR performance is positively associated with the cost of debt",949,,over-investment counter: CSR as managerial diversion raises COD
Sandra et al (2021),counter,,"Menz [38] fall to establish that CSR lowers the COD. However, it was revealed that socially responsible companies receive lower risk premiums. One reason for this could be that credit ratings matter more for bond investors than CSR ratings.",948,,ratings-subsumption counter; cited null finding for CSR-COD
Sandra et al (2021),key_citation,,"The theory proposes that corporations, in doing business, should go beyond the benefits shareholders stand to get to put into account the interests of a wider group of stakeholders in the society Freeman, [23].",950,Freeman [23],"stakeholder theory anchor, carries the paper's main frame"
Sandra et al (2021),key_citation,,"Friedman[24] upholds that the shareholder theory emphasised a firm’s top priority as maximising the firm’s value. Therefore, expenditures, as it relates to CSR, are conceived as a poor way of using shareholder money and this practice digresses from the shareholder value maximisation theory.",950,Friedman[24],shareholder-value anchor for the cost-burden counter-argument
Sandra et al (2021),key_citation,,"Finally, Goss and Roberts [69] provide two alternative viewpoints on CSR investment: the over-investment view and risk mitigation perspectives.",949,Goss and Roberts [69],supplies the paper's two-view CSR-debt framework
Sandra et al (2021),status,,,,,"Universal Journal of Accounting and Finance empirical panel-ARDL study; CSR-cost of capital in Nigeria; theory thin, no climate/Paris content."
Schneider (2010),frame_use,RISK,Firms that have poor environmental performance will face future environmental liabilities related to compliance and clean-up costs due to increasingly strict environmental laws and regulations. These liabilities are large enough to drive polluting firms into bankruptcy,2,,core downside-risk frame: regulatory clean-up and compliance liabilities drive default risk
Schneider (2010),frame_use,SIG,"Under current accounting standards, firms with relatively poor environmental performance can keep many of the related liabilities off their balance sheets",3,,"information opacity: contingent env liabilities stay off balance sheet, unobservable to creditors"
Schneider (2010),mechanism_extra,,"Environmental laws passed in recent decades often subordinate the rights of creditors on a firm’s assets to remediation and clean-up costs. A firm’s operating sites and facilities that might act as collateral can become a liability, rather than an asset, when they are associated with polluting operations.",3,,"claim-priority plus collateral channel: creditors subordinated, assets become liabilities"
Schneider (2010),mechanism_extra,,"Poor environmental performance in a given industry also indicates that a firm has fallen behind its peers in keeping up with technological advances, and that future expenditures will be required just to catch up with its peers.",4,,technology-lag channel: poor performers face future catch-up capital expenditure
Schneider (2010),counter,,"While bankruptcy remains a remote risk, bondholders may not be as concerned over a firm’s environmental performance as equity holders, as it is highly unlikely they will be forced to become the firm’s owners.",3,,author claim: concave pay-off insulates bondholders while default remote
Schneider (2010),counter,,"For firms in polluting industries, environmental risk is one of the major idiosyncratic risks faced, which leads me to expect that it will fade as a determinant of bond pricing as bond quality increases.",8,,H2 attenuation: idiosyncratic env risk displaced by systemic/liquidity factors at high grades
Schneider (2010),counter,,"A number of papers exploring the determinants of firms’ bond pricing include bond rating as a control variable, only to find that it subsumes the variable of interest.",21,,ratings-subsumption caveat: bond rating absorbs the environmental variable
Schneider (2010),paris_policy,,"As we move into an era of carbon cap and trade, quantification of environmental performance will become an even more important part of firms’ operations.",6,,pre-Paris climate-policy amplification: carbon cap-and-trade raises salience of env metrics
Schneider (2010),key_citation,,"The second aspect is motivated by Easton et al. (2009), who explore the role that earnings play in the bond market. They find that the relation between earnings and bond returns is conditioned on the riskiness of the bond.",4,Easton et al. (2009),source of the conditioning logic behind Hypothesis Two
Schneider (2010),key_citation,,"The bond pay-off is described as one that can be replicated by taking a long position in the firm’s assets and then taking a short position on a call option on the same assets (Merton, 1973).",7,"Merton, 1973",contingent-claims foundation for the non-linear bond pay-off argument
Schneider (2010),key_citation,,"Porter and van der Linde (1995) propose that a strategy of better relative environmental performance is a choice taken by more innovative firms and is related to creating a competitive advantage (as per the Porter model, [Porter, 1990]).",4,Porter and van der Linde (1995),competitive-advantage anchor; footnote ties env performance to creditworthiness
Schneider (2010),status,,,,,"SSRN working paper (accounting), U.S. pulp/paper and chemical bonds; theory sits in intro plus Section 2 pay-off-structure and hypotheses; pre-Paris, so only a passing carbon cap-and-trade claim."
Seltzer et al (2022),frame_use,RISK,This suggests that regulation is a major channel through which climate and other types of environmental risks get embedded in security prices.,1,,regulatory risk as the channel embedding climate risk in security prices; authors' own framing
Seltzer et al (2022),mechanism_extra,,"In particular, environmental regulatory costs can have significant effects on firms’ operating costs and cash flows (Karpoff, Lott, and Wehrly, 2005). Moreover, uncertainty about future regulation itself poses costs to firms and their investors (Pindyck, 1993).",1,,regulatory cost + regulation-uncertainty channel to cash flows
Seltzer et al (2022),mechanism_extra,,"for many corporations, the bond market, rather than the equity market, is the marginal source of finance. Further, climate and environmental risks are fundamentally downside risks for most firms.",1,,downside-risk asymmetry: debt prices climate risk more than equity
Seltzer et al (2022),mechanism_extra,,"Thus, even when two firms have objectively similar levels of environmental quality, depending on the local regulatory conditions of their facility locations, these firms can face different degrees of regulatory risks.",2,,enforcement-location exposure moderates identical environmental quality
Seltzer et al (2022),paris_policy,,We hypothesize that the Paris Agreement shock resulted in firms with poor environmental practices or high carbon footprints facing greater climate regulatory risks relative to other firms. The increased risks should then be reflected in changes in firms’ bond credit ratings and spreads.,20,,core Paris hypothesis: expected regulation raises brown firms' credit risk
Seltzer et al (2022),paris_policy,,"Given that the expected tightening of environmental regulations following the Paris Agreement would presumably be carried out under a state-enforcement regime, we hypothesize that any effects on credit ratings and yield spreads should be stronger for issuers operating in high-enforcement states.",5,,Paris effect amplified by state enforcement regime; triple-diff hypothesis
Seltzer et al (2022),counter,,The initial increase in yield spreads for firms with low environmental profiles somewhat subsides in later months. One explanation for the partial reversals is the uncertainty surrounding what policy changes would ultimately result from the Agreement.,28,,attenuation: policy uncertainty over Paris implementation reverses spread effect
Seltzer et al (2022),counter,,The partial reversals are consistent with the argument that ratings agencies are only comfortable adjusting ratings after a clear and definitive change in climate policy.,37,,attenuation: rating agencies adjust only after definitive policy change
Seltzer et al (2022),key_citation,,"Our evidence that corporate bond investors demand higher interest rates from issuers with poor environmental performance is consistent with earlier work on the higher cost of bank loans for firms with poorer environmental performance (Chava, 2014)",6,"Chava, 2014",anchor for environmental performance to cost of debt
Seltzer et al (2022),key_citation,,"In addition, Karpoff, Lott, and Wehrly (2005) provide evidence that a firm’s equity investors respond negatively to new information regarding EPA violations and that this response is tied to the expected legal penalties.",9,"Karpoff, Lott, and Wehrly, 2005",anchor for regulatory/legal cost pricing of EPA violations
Seltzer et al (2022),key_citation,,"Of the three components of climate risk (physical, technological and regulatory), regulatory risk is the one that investors and others in the finance community believe has the most immediate relevance (Krüger, Sautner, and Starks, 2020; Stroebel and Wurgler, 2021).",1,"Krüger, Sautner, and Starks, 2020",anchor for regulatory risk being investors' most immediate climate risk
Seltzer et al (2022),status,,,,,"SSRN working paper (finance, later RFS); empirical event-study design, theory concentrated in intro and Section 4 hypothesis development."
Shad et al (2022),frame_use,SIG,"Moreover, the reduction in the cost of capital can be explained through risk mitigation and information asymmetry reduction resulting from transparent reporting provided by sustainability reports to relevant stakeholders.",pdf-3,,"core author claim: transparency cuts information asymmetry, lowers cost of capital"
Shad et al (2022),frame_use,RISK,Firms with sound environmental sustainability reporting should have lower systematic risk (beta) resulting in a lower cost of capital.,pdf-4,,"H3 argument: environmental reporting lowers systematic risk (beta), hence cost of capital"
Shad et al (2022),frame_use,STAKE,"Sustainability reporting not only helps companies to respond to the growing expectations of the relevant stakeholders but also improves environmental legitimacy, reduces information asymmetry, and increases brand value and compliance with labor laws, which ultimately improves corporate image and attracts new talent",pdf-2,,legitimacy/stakeholder-expectations channel; environmental legitimacy and corporate image
Shad et al (2022),frame_use,AGENCY,"The value-destruction theory predicts that companies engaged in environmental and social sustainability lose focus on profit, and instead pursue satisfying other stakeholders at the expense of shareholders (Alshehhi et al. 2018).",pdf-8,,named value-destruction theory: env/social spending at shareholders' expense
Shad et al (2022),mechanism_extra,,"Companies with higher sustainability ratings should be able to borrow at lower interest rates than firms with lower sustainability ratings, all else equal (Watts 2018).",pdf-3,,credit-rating channel: sustainability ratings translate into lower borrowing rates
Shad et al (2022),mechanism_extra,,"Improving corporate environmental performance could increase the efficiency of a company, improve its financial situation, and meet the demands of its stakeholders.",pdf-4,,efficiency/operating-performance channel from environmental performance
Shad et al (2022),counter,,"Social sustainability reporting shows no relation to the cost of debt or equity capital, which might be explained by the lack of reporting in the areas of anti-corruption, human rights, and diversity likely due to the absence of legislation on transparency policies and procedures",pdf-10,,null result rationalized by thin disclosure and missing transparency legislation
Shad et al (2022),key_citation,,The value-creation notion of sustainability reporting hypothesizes that firms with high social sustainability performance exhibit lower idiosyncratic or unsystematic risk (Alshehhi et al. 2018).,pdf-4,Alshehhi et al. 2018,anchor for value-creation vs value-destruction risk framing
Shad et al (2022),key_citation,,"According to Clark et al. (2014), good employee relations and product safety lead to a lower cost of capital by reducing firm-specific uncertainties,",pdf-4,Clark et al. (2014),anchor: firm-specific uncertainty reduction lowers cost of capital
Shad et al (2022),key_citation,,"Ng and Rezaee (2015) argue that the interaction of economic performance with improved environmental, social, and governance performance reduces the cost of equity.",pdf-3,Ng and Rezaee (2015),H1 anchor: sustainability performance interaction lowers cost of equity
Shad et al (2022),status,,,,,"Environ Sci Pollut Res empirical paper on Malaysian oil and gas (2008-2017); journal masthead dates it 2020; theory is thin and borrowed (information asymmetry, risk mitigation, value-creation vs value-destruction); no Paris/climate-policy claims."
Shi et al (2025),frame_use,SIG,"Compared with voluntary disclosures, compliance-based CEP is more closely related to actual business costs and regulatory outcomes. As a result, it sends a clearer and more cred­ ible signal to investors, helping them make more informed financing decisions.",3,,paper's core signalling claim: compliance-based CEP is a credible investor signal
Shi et al (2025),frame_use,RISK,"Firms that fail to comply with environmental regulations may face fines, lawsuits, or forced shutdowns, all of which increase credit risk. Conversely, firms that proactively manage environmental issues are more likely to be viewed as stable, future-oriented, and aligned with regulatory expecta­ tions",3,,"regulatory/credit-risk channel; both directions, authors' own framing"
Shi et al (2025),frame_use,STAKE,"Therefore, by aligning with societal expectations, superior environmental performance enhances corporate legitimacy, which in turn reduces perceived risks and lowers debt financing costs",3,,legitimacy theory; authors' own predicted negative CEP-COD link
Shi et al (2025),frame_use,AGENCY,"Creditors, who prioritize financial returns and risk control, may perceive substantial environmental investments as finan­ cially inefficient, particularly if such expenditures do not yield imme­ diate financial benefits",3,,cost-burden/overinvestment view; paper labels it stakeholder theory
Shi et al (2025),counter,,"most existing studies measure CEP from a volun­ tary perspective, often relying on process-oriented indicators and self-reported data. This approach makes them vulnerable to green­ washing and selective reporting",2,,signal-credibility counter: voluntary self-reported CEP proxies are greenwashing-prone
Shi et al (2025),counter,,"Companies may exaggerate positive outcomes or withhold negative information in self-reports to avoid reputational and financial harm (Han et al., 2016; Lyon and Maxwell, 2011; Wang et al., 2017). This practice undermines the accuracy of the information avail­ able to investors.",5,,greenwashing argument inside construct-measurement section; degrades investors' information
Shi et al (2025),counter,,"the informational value of environmental performance for investment decisions may be diminished in the case of SOEs, reducing its influence on debt financing costs",4,,conditional attenuation: implicit state guarantees crowd out the environmental signal
Shi et al (2025),paris_policy,,"In the European Union, companies are facing rising compliance burdens and financial risks from mechanisms like the Carbon Border Adjustment Mechanism (CBAM), which penalizes carbon-intensive production",1,,climate-policy amplification: CBAM raises compliance burden and financial risk
Shi et al (2025),key_citation,,"Legitimacy theory underscores the importance of aligning a company’s actions with socially accepted norms, particularly in the context of debt financing (Deegan et al., 2002; Gunningham et al., 2004; Suchman, 1995)",3,"Suchman, 1995",legitimacy-theory anchor
Shi et al (2025),key_citation,,"superior environmental performance enhances corporate legitimacy, which in turn reduces perceived risks and lowers debt financing costs (Barney and Harrison, 2020; Freeman, 2010; Freeman et al., 2020)",3,"Freeman, 2010",stakeholder-theory anchor for competing prediction
Shi et al (2025),key_citation,,"compliance-oriented measures are more directly tied to regulatory and operational risks that are central to creditors’ risk assessments, thus providing a clearer theoretical basis for understanding how environmental performance affects debt financing costs (Cai et al., 2016)",2,"Cai et al., 2016",anchor for compliance-based CEP as creditor-relevant risk proxy
Shi et al (2025),status,,,,,Journal of Environmental Management empirical article; China compliance-based CEP ratings and debt cost; theory in Section 2 plus greenwashing argument inside measurement section.
Srivisal et al (2021),frame_use,SIG,"Having a coverage by ESG rating provider also means that a company must disclose adequate extra-financial information for evaluation, which is also beneficial to investors and creditors due to the lesser asymmetric information problem.",164,,ESG coverage as disclosure reducing information asymmetry for creditors; own claim
Srivisal et al (2021),frame_use,STAKE,"Once a company is covered, based on the stakeholder theory suggested by Freeman (1984; 1994), and Freeman and Evan (1990), the ESG scores may signal how well it can manage its relationship with customers, clients, suppliers, workers and the community, the sources for financial wealth of a company.",165,,stakeholder theory named; ESG signals stakeholder-relationship quality
Srivisal et al (2021),frame_use,RISK,"The next strand of literature, which is most relevant to the interest of our paper, attempted to explain the link between ESG and firm performance by looking at risk mitigation effect. Arguably, better ESG disclosure or practice could help reduce financial risk implicitly through better accountability and stakeholder management.",168,,risk-mitigation frame the paper adopts as its own channel
Srivisal et al (2021),mechanism_extra,,"Hence, firms failing to disclose adequate information to be assessed by an ESG score provider, regardless of their actual ESG culture, may face relatively higher cost imposed by these external factors, especially in Japan and China where ESG-supportive laws and governmental policies have become more vital",164,,external-pressure/regulatory cost channel for non-disclosers; own H1 mechanism
Srivisal et al (2021),mechanism_extra,,Weber et al. (2008) and Weber (2012) argued that environmental risks of borrowers could affect overall credit risk and suggested that lending banks integrate environmental risks into their credit risk management.,168,,lender-side channel: banks integrate borrower environmental risk into credit risk; cited
Srivisal et al (2021),mechanism_extra,,"A Japanese company with poor environmental management could be severely punished by clients and partners and, in turn, affected by poorer company’s business outlook.",179,,product-market/partner punishment for poor env performance worsens outlook; own claim
Srivisal et al (2021),counter,,"Nevertheless, social responsibility comes at a cost. Hahn et al. (2010) and Winn et al. (2012) argued that there generally was a trade-off between a company’s business objectives and sustainability.",176,,cost-burden/trade-off counter used to rationalise negative social-pillar link
Srivisal et al (2021),counter,,"the strong support from the government, either through official subsidy programs or privileges from political connections, could be regarded by some investors or credit providers as positive effect on credit risk reduction. Consequently, it is possible that the effect of ESG on creditworthiness of firms is weak in China",166,,"state support/political connections substitute for ESG, weakening link; own prediction"
Srivisal et al (2021),key_citation,,"Another part of the literature, which also attempted to explain the effect of ESG on financial performance, argued on the basis of the stakeholder theory as initially discussed in Freeman (1984; 1994), and Freeman and Evan (1990).",167,"Freeman (1984; 1994), and Freeman and Evan (1990)",stakeholder theory anchor of the paper
Srivisal et al (2021),key_citation,,The positive contribution of environmental score to credit rating found in Japan herein is as well observed in Canadian and European markets in which Weber (2012) and Weber et al. (2008) respectively documented that banks integrated environmental risk into their credit risk management when lending to their clients.,179,Weber (2012) and Weber et al. (2008),environmental credit-risk-integration anchor; cited in review and discussion
Srivisal et al (2021),key_citation,,"Attig et al. (2013) found that credit rating providers tended to give better rating for firms with good social performance, as CSR performance could convey non-financial information helpful for assessing creditworthiness.",168,Attig et al. (2013),information-conveyance anchor for CSR-to-credit-rating link
Srivisal et al (2021),status,,,,,Asian Academy of Management Journal of Accounting and Finance; empirical ordered-logit study of ESG and issuer credit ratings in China/Japan; theory is light and mostly in intro/literature review; no Paris-Agreement or climate-policy claims.
Sze et al (2021),frame_use,RISK,"One plausible explanation is that investors are particularly concerned about the ESG performance of those firms from high GHG emissions sectors, as their business performance is subject more to climate-related risks, particularly the transition risk.",4,,climate/transition risk drives investor concern for high-GHG firms; authors' own
Sze et al (2021),frame_use,STAKE,"Specifically, the stakeholder theory posits that firms should uphold the interest of their stakeholders by addressing their sustainability concerns. By doing so, firms are rewarded with a lower cost on their debts.",6,,stakeholder theory: addressing stakeholder concerns rewarded with lower debt cost
Sze et al (2021),frame_use,AGENCY,Positive sign: Investment in ESG related activities may be regarded as a waste of resource (“Overinvestment view”) which may result in higher OAS.,22,,overinvestment view: ESG spend as waste of resources raising OAS; competing hypothesis
Sze et al (2021),mechanism_extra,,"Theoretically, firms operating in a country with a greater awareness of sustainability issues may be subject to stricter legal requirements, monitoring and enforcement of sustainability-related issues such that these firms may have a higher incentive to improve their ESG performance.",7,,"country channel: stricter legal requirements, monitoring, enforcement raise ESG incentives"
Sze et al (2021),paris_policy,,"probably reflecting that the Agreement increased the awareness of firms in the region to climaterelated risks, and signalled a strong commitment by policymakers to tackle such risks. Together these factors may push investors to price-in such risks in their debt funding costs.",5,,"amplification: Paris raised awareness and signalled policymaker commitment, investors price in"
Sze et al (2021),paris_policy,,"In particular, with more governments announcing their “net zero carbon emission” targets, the transition risk faced by firms might be disorderly if authorities start to take material action to reduce greenhouse gases; and the policy or changes may come earlier than previously anticipated.",5,,"amplification: net-zero targets make transition disorderly, policy may arrive earlier"
Sze et al (2021),counter,,"Given that ESG-related risks would be structurally different from traditional types of risks, investors may take a longer time horizon to price in ESG-related risks. This may suggest that a firm’s ESG performance may have a persistent effect on the OAS.",15,,"diffusion lag: ESG risks priced over longer horizon, contemporaneous link weak"
Sze et al (2021),counter,,The lack of consistent and comparable ESG data means that ESG-related vulnerabilities might not be adequately incorporated into asset prices when investors have started to price in ESG risks in funding corporate debt.,19,,measurement noise: inconsistent ESG data leaves risks inadequately priced
Sze et al (2021),key_citation,,"The findings of recent studies show that a firm with a better ESG performance tends to have a profile of lower downside risks, consistent with the risk mitigation view (Goss and Roberts, 2011).",6,"Goss and Roberts, 2011",named anchor for the risk mitigation view
Sze et al (2021),key_citation,,"Palea & Drogo (2020) show that while high emitters had already been charged a higher premium before the Paris Agreement, firms operating in less polluting sectors started being charged a higher spread after the Agreement.",7,Palea & Drogo (2020),anchor for Paris-Agreement shift in emission pricing of debt
Sze et al (2021),key_citation,,"Consistent with this theoretical argument, Eliwa et al. (2019) and Stellner et al. (2015) find a negative relationship between countries’ sustainability performance and firms’ cost of debt for developed economies",7,Stellner et al. (2015),anchor for country sustainability moderating firm cost of debt
Sze et al (2021),status,,,,,"HKIMR Working Paper No.30/2021; empirical EMEAP bond study, thin theory carried in a short literature review, footnotes and the variable-interpretation table."
Tan et al (2021),frame_use,RISK,"the uncertainty of firms' future cash flows and ability to repay debt, increasing their credit risk.",464,,air pollution raises cash-flow uncertainty and credit risk; authors' framing
Tan et al (2021),frame_use,SIG,"information asymmetry increases, bond investors discount the value of bonds, resulting in bond price drops and bond yield spread increases.",465,,second pillar of conceptual framework: opacity channel raises spread
Tan et al (2021),frame_use,STAKE,"Regardless of whether these capital providers are simply concerned about the immediate business and debt default risks or the long-term costs of climate change, our result confirms a social responsibility consideration within their lending decisions.",480,,social-responsibility motive imputed to lenders; authors' discussion claim
Tan et al (2021),frame_use,AGENCY,"shareholders increase the monitoring costs and the credit risk faced by banks and, in turn, raise the cost of debt for the borrower.",467,,monitoring-cost/hazard logic underpinning H3A; cited from Lin et al.
Tan et al (2021),mechanism_extra,,Capital providers of bond markets appear to consider environmental risks in their lending decisions in addition to the standard measures of financial performance.,480,,lender-screening channel: environmental risk priced beyond financials
Tan et al (2021),counter,,that firms with more active internal or external monitoring are more responsible for managing business risk to reduce financial uncertainty.,467,,conditional: pollution penalty attenuated by governance/monitoring
Tan et al (2021),counter,,"with high carbon risks, Lenders can choose to impose more strict terms for debt contracts as alternatives for a higher cost of debt.",480,,covenant substitution; authors say COD effect may be underestimated
Tan et al (2021),paris_policy,,"hold entities liable to pay a price for carbon emissions,",466,,"carbon pricing prices emitters, yet penalty extends to all local firms"
Tan et al (2021),key_citation,,"(Jung et al., 2018). Physical risk is the risk directly associated with cli-",466,Jung et al. (2018),carbon-risk taxonomy (physical/regulatory/business) anchors whole framework
Tan et al (2021),key_citation,,Fisher (1959) suggests that default risk is the most important deter-,464,Fisher (1959),default-risk pricing of bond yields; first pillar of framework
Tan et al (2021),key_citation,,"fossil fuels (Hoffmann & Busch, 2008). Among carbon risk studies,",465,"Hoffmann & Busch, 2008",definition of carbon risk used to frame air pollution as carbon risk
Tan et al (2021),status,,,,,"Business Strategy and the Environment research article; China bond-yield-spread study using city air quality as carbon-risk proxy; two-column text is heavily interleaved, so contiguous quotes are short; no Paris Agreement content."
Tan et al (2026),frame_use,SIG,"the uncertainty reduction hypothesis posits that standardized disclosure alleviates the information uncertainty faced by lenders, thereby lowering the ambiguity premium embedded in financing costs",pdf-1,,uncertainty reduction: disclosure cuts lenders' ambiguity premium; author's framing
Tan et al (2026),frame_use,RISK,"capital markets have already begun to price these physical and transition risks, resulting in higher financing costs for exposed firms. Investors increasingly view climate exposure as a material financial risk and demand a higher risk premium to compensate for the associated uncertainty.",pdf-3,,climate exposure priced as material risk; creditors demand risk premium
Tan et al (2026),frame_use,STAKE,"Overall, climate risk disclosure is not only a core element of firms' responses to the climate crisis, but also a key manifestation of their environmental accountability and responsiveness to stakeholder expectations.",pdf-3,,disclosure as environmental accountability meeting stakeholder expectations
Tan et al (2026),counter,,whether climate risk disclosure systematically reduces firms' cost of capital by alleviating information asymmetry or instead increases financing costs by revealing previously unpriced latent risks.,pdf-1,,core tension: disclosure may reveal unpriced latent risk and raise cost
Tan et al (2026),mechanism_extra,,"Through these channels, disclosure can contribute to improved risk management and lower effective default risk over time, even if firms' objective exposure to climate shocks remains unchanged (Ilhan et al. 2021).",pdf-4,,"real-effects channel: disclosure improves risk management, lowers effective default risk"
Tan et al (2026),counter,,"Moreover, the impact of physical climate risks on the cost of equity capital may be more delayed and long-­term, rather than directly affecting current debt financing costs.",7,,"physical-risk effects delayed and long-term, not priced in current debt cost"
Tan et al (2026),paris_policy,,"The transition toward a low-­carbon economy is likely to produce asymmetric outcomes across industries, with fossil fuel-­intensive sectors facing heightened transition pressures, while industries providing low-­carbon technological solutions are expected to experience stronger growth prospects (Hugues 2019).",pdf-3,,low-carbon transition asymmetric: fossil-fuel-intensive sectors face heightened pressure
Tan et al (2026),paris_policy,,"With the support and guidance of national policies to achieve the “carbon peak” and “carbon neutrality” targets, when companies actively respond to transition risks and disclose them in their annual reports, it indicates that these companies are more proactively responding to policies.",8,,carbon peak/neutrality targets: transition-risk disclosure signals policy alignment
Tan et al (2026),key_citation,,"tend to adopt conservative pricing strategies and embed precautionary uncertainty premia into loan contracts, resulting in higher borrowing costs (Diamond and Verrecchia 1991).",pdf-4,Diamond and Verrecchia 1991,core disclosure anchor: opacity drives precautionary uncertainty premia
Tan et al (2026),key_citation,,"On the other hand, the proprietary cost perspective suggests that detailed reporting may inadvertently reveal latent transition risks or regulatory vulnerabilities previously unknown to the market, prompting creditors to price in these newly exposed threats (Verrecchia 1983).",pdf-2,Verrecchia 1983,proprietary-cost anchor for the disclosure-raises-cost counter-hypothesis
Tan et al (2026),key_citation,,"These results are consistent with stakeholder theory, which posits that enhanced climate risk disclosure improves firms' engagement with multiple stakeholders by reducing uncertainty surrounding climate-­related physical and transition risks, thereby facilitating creditors' risk assessments and lowering borrowing costs (Sautner et al. 2023).",2,Sautner et al. 2023,cited as stakeholder-theory anchor for disclosure lowering borrowing costs
Tan et al (2026),status,,,,,"International Review of Finance empirical study of Chinese A-share firms; theory framed as uncertainty-reduction vs proprietary-cost; no Paris Agreement mention, climate policy enters as China's carbon peak/neutrality targets."
Tang et al (2023),frame_use,SIG,"information asymmetry may be much severer, given the long maturities and unfamiliar features of the bonds. In this case, investors may increase the risk premium, which in turn increases the cost of debt for green bond issuers.",3,,"author's own H1 argument: information asymmetry raises risk premium, EID lowers it"
Tang et al (2023),frame_use,RISK,"Investor expectations of risk are a key factor which determines the cost of bond financing, and CSR performance has a significant impact on corporate risk taking.",11,,"expected-risk channel: disclosure lowers issuer risk-taking, hence financing cost"
Tang et al (2023),frame_use,STAKE,"A firm's investment in corporate social responsibility (CSR) builds a positive image and provide potential economic benefits to the firm due to a positive reputation effect (Verschoor, 2005).",11,,reputation effect as moderator of EID-spread link; cited premise
Tang et al (2023),mechanism_extra,,"Therefore, green bonds with high-quality EID can attract more socially responsible investors. Given the greenness of green bonds and their associated projects, socially responsible investors may trade off the financial dimensions and the non-financial dimensions of performance.",3,,investor-base/clientele channel: SRI investors accept lower financial returns
Tang et al (2023),mechanism_extra,,The certification may signal the greenness of the projects for which the bond proceeds are used in a more transparent way. It also alleviates information asymmetry for investors and lowers the greenwashing risk,11,,external third-party verification/assurance channel; author's own claim
Tang et al (2023),counter,,Greenwashing may be an important concern for green bond financing. Issuers may try to create an image of sustainable performance but poorly performing in environmental behaviors,2,,greenwashing noise weakens disclosure credibility; author's own framing
Tang et al (2023),counter,,"This supports the arguments that investors would not invest in green bonds if the returns are not competitive and green bond issuers would not benefit from a cheaper source of financing by issuing green bonds (e.g., Chiang, 2017).",9,,no green premium found; rationalizes null pricing benefit of greenness
Tang et al (2023),counter,,One possible reason for these finding is that it may be more difficult for financial institutions to signal the greenness of issued bonds by improving the EID quality than non-financial companies.,7,,conditional: signalling value of disclosure absent for financial issuers
Tang et al (2023),key_citation,,"The signaling argument suggests that green bond issuance provides a credible signal of an issuer's commitment to the environment, and is expected to elicit a stronger response when the green bond signal is provided to the market for the first time, as seen in Flammer (2021)",11,Flammer (2021),"central signaling anchor, used across hypotheses and moderators"
Tang et al (2023),key_citation,,"Based on a study of Chinese energy companies between 2008 and 2014, Fonseka et al. (2019) find that EID exerted a negative impact on the cost of debt.",2,Fonseka et al. (2019),direct environmental-disclosure-to-cost-of-debt anchor
Tang et al (2023),key_citation,,"Prior literature documents that hard environmental disclosure based on clear and verifiable data can effectively mitigate greenwashing risk (Clarkson et al., 2008).",2,"Clarkson et al., 2008",hard-disclosure anchor justifying green bonds as low-greenwashing setting
Tang et al (2023),status,,,,,"Energy Economics empirical paper on Chinese green bonds; unit is bond-level EID quality vs primary-market yield spread, not firm-level carbon performance."
Temiz (2022),frame_use,RISK,this study argues that superior EP should lower COF by reducing risk of ﬁrms which is one of the main drivers of cost of ﬁnance. Multiple theories support the risk reducing effects of EP.,pdf-5,,core claim: EP lowers cost of finance via firm risk reduction
Temiz (2022),frame_use,STAKE,"according to stakeholder theory (Jones, 1995), ﬁrms that present pro-environmental behavior and associated positive outcomes facilitate them to meet stakeholder expectations, strengthen corporate image and increase the reputation of the ﬁrms.",pdf-5,,"stakeholder expectations, corporate image and reputation channel"
Temiz (2022),frame_use,SIG,"Firms with better EP also tend to disclose their environmental information (Dhaliwal et al., 2011), leading to increased transparency for the ﬁrms. Increasing transparency reduces information asymmetries between the ﬁrm and the market and hence reduces ﬁrm risk.",pdf-6,,disclosure/transparency lowers information asymmetry and firm risk
Temiz (2022),frame_use,OTHER:RBV,"The natural resource-based perspective also provides useful insights about the risk reducing effects of environmentally responsible activities of ﬁrms (Hart, 1995). According to this view, superior environmental performance may provide moral capital and goodwill for ﬁrms",pdf-4,,natural-resource-based view; moral capital and goodwill reduce risk
Temiz (2022),mechanism_extra,,ﬁrms with poor EP may be exposed to the risk of bearing environmental costs (e.g. cleanup and compliance costs) in the future and thereby may not be able to fulﬁll their ﬁnancial obligations.,pdf-6,,future cleanup/compliance liabilities impair debt servicing; via Schneider
Temiz (2022),mechanism_extra,,"many studies argue that banks are becoming more sensitive to environmental issues and EP and the EP of ﬁrms is a signiﬁcant factor in lending decisions of banks (Herbohn et al., 2019; Jung et al., 2018).",pdf-6,,lender screening channel: banks price EP in lending decisions
Temiz (2022),counter,,"as stated in Wang et al. (2020), the transformative impact of social pressure on environmental strategies of ﬁrms is stronger in developed markets than in emerging markets. Therefore, results obtained from developed countries or from a single country may not be conﬁrmed by emerging markets.",pdf-3,,conditionality: weaker social pressure in emerging markets may attenuate link
Temiz (2022),paris_policy,,Palea and Drogo. (2020) found positive association between carbon emission and cost of debt ﬁnancing for ﬁrms operating in Eurozone. They also found that ﬁrms operating in less polluting industries have been penalized after the Paris Agreement.,pdf-5,,cited finding: post-Paris repricing of carbon in eurozone cost of debt
Temiz (2022),key_citation,,"Sharfman and Fernando (2008) argue that analysts and investors take into consideration the effective management of environmental risks, and thus ﬁrms with better environmental risk management would present lower capital costs.",pdf-3,Sharfman and Fernando (2008),central anchor: environmental risk management lowers cost of capital
Temiz (2022),key_citation,,"suppliers, local communities and the society (Jones, 1995). Firms can fulﬁll the stakeholders’ expectations by having superior environmental performance which in turn enhances their corporate image and reputation.",pdf-4,"Jones, 1995","instrumental stakeholder theory anchor, reused in hypothesis and discussion"
Temiz (2022),key_citation,,Bansal and Clelland (2004) argue that corporate environmental legitimacy is the environmental performance of the ﬁrm that is perceived by the society and meets the expectations in an appropriate manner.,pdf-6,Bansal and Clelland (2004),legitimacy anchor: corporate environmental legitimacy construct
Temiz (2022),status,,,,,"Emerald SAMPJ empirical archival paper (17 emerging markets); accepted manuscript, no printed folios so pages are pdf-N."
Trinh et al (2024),frame_use,OTHER:neo-institutional,"The theoretical framework of neo-institution (Meyer & Rowan, 1977) illustrates the effect of eco-innovation on a firm’s borrowing cost from two perspectives: legitimisation (moral and social view) and efficiency (economic view).",4,,core frame; NIT legitimisation vs efficiency routes to borrowing cost
Trinh et al (2024),frame_use,SIG,"Although lenders cannot observe the intrinsic corporate quality, a better firm could always formulate signalling mechanisms/devices (e.g., environmental policy transparency represented by eco-innovation scores) to reduce information asymmetry and minimise losses to debtholders (Derrien et al., 2016), thus obtaining better borrowing deals.",5,,eco-innovation score as signalling device cutting information asymmetry
Trinh et al (2024),frame_use,STAKE,"On the one hand, the legitimisation perspective suggests that firms may respond to the institutional pressure of climate change from government (coercive pressure) by symbolically following and complying with climate change regulations to gain or maintain organisational legitimacy (Suchman, 1995).",10,,"legitimacy arm; coercive climate pressure, symbolic compliance"
Trinh et al (2024),frame_use,RISK,"Therefore, we expect that eco-innovation can help decrease environment-related risks and provide new opportunities (Zeidan et al., 2015), leading to a better credit rating and, hence, a lower cost of debt (Driss et al., 2019).",13,,authors' H1 logic: risk reduction to better rating to lower debt cost
Trinh et al (2024),frame_use,OTHER:RBV,Resource-based view argues that board independence can influence long-term financial and other resources in carbon mitigation and environmental policies.,31,,"RBV named once, in climate-governance moderation argument"
Trinh et al (2024),mechanism_extra,,"In addition, debt providers may also face ""reputational downturns with financing environmentally irresponsible companies, thus impairing their future operations, their market competitive position and their long-term ability to retain existing customers and attract new ones"" (Caragnano et al., 2020, p. 2).",13,,lender reputation/liability channel; quoted from Caragnano et al.
Trinh et al (2024),counter,,"In contrast, the extreme level of financial distress may put debtholders at higher risks when lending money, and eco-innovation investment of those firms may even add more risks to the current extreme risks rather than being beneficial.",16,,cost-burden counter; eco-innovation may add risk for distressed borrowers
Trinh et al (2024),paris_policy,,"Therefore, we argue that the COP21 is an exogenous event that enhances the impact of eco-innovation on the cost of debt. It has ‘forced’ firms to engage more in environmental protection activities driven by the international agreement of their government(s)",35,,authors' amplification claim; COP21 strengthens eco-innovation-COD link
Trinh et al (2024),key_citation,,"Specifically, firms tend to respond to institutional pressure (such as government regulations, global standards, or social expectations) based on two motives: legitimisation (moral and social view) and efficiency (economic standpoint) (Meyer & Rowan, 1977).",10,"Meyer & Rowan, 1977",neo-institutional foundation carrying the paper's two-motive logic
Trinh et al (2024),key_citation,,"The NIT is a multi-dimensional theory that explains the behaviour of a business in response to institutional pressure from legitimacy and efficiency perspectives (Haque & Ntim, 2020).",10,"Haque & Ntim, 2020",NIT operationalisation for environmental policy; cited throughout
Trinh et al (2024),key_citation,,"Eliwa et al. (2021) find that lending institutions incorporate firms' environmental (E), social (S), and governance (G) information to evaluate the default risk and reputation risk of the borrowers in their lending decision.",3,Eliwa et al. (2021),ESG-cost-of-debt anchor; source of lender default/reputation-risk logic
Trinh et al (2024),status,,,,,"Working paper (Responsible Banking & Finance WP 24-019), G7 eco-innovation and cost of debt; theory rests on neo-institutional theory (legitimisation vs efficiency), RBV named only in the climate-governance moderation section."
"Truong, Kim (2019)",frame_use,RISK,"A good image with corporate social responsibility will reduce a negative impact as well as punishment of external shareholders and consumers when negative events occur. Thereby, CSR firms can stabilize their future cash flows or firm values and prevent the firm from falling into default",4,,risk mitigation: CSR stabilises cash flows and prevents default
"Truong, Kim (2019)",frame_use,STAKE,"Furthermore, good CSR reputation can enhance relations with firm stakeholders such as increasing customer loyalty, attracting high-quality employees [36,37]. Therefore, building good relations with stakeholders may reduce future uncertainty, especially to improve long-term sustainability and reduce long-term the probability of default.",4,,stakeholder relations cut future uncertainty and long-run default probability
"Truong, Kim (2019)",frame_use,SIG,"scholars argue that investments in CSR are likely to be financed by internal resources [38,39]. Hence, investing in CSR is considered as a signal of an efficient allocation of internal resources, this may in turn increase the firm’s credit rating.",4,,"signalling: CSR signals efficient internal resource allocation, lifts rating"
"Truong, Kim (2019)",frame_use,OTHER:option pricing,"As shown in Friewald et al. [44], CDS spread can be seen as a put option on the firm value. Therefore, the BS option vega measures the effect of the uncertainty change on the credit spread.",4,,contingent-claims frame: CDS as put option; vega links uncertainty to spread
"Truong, Kim (2019)",mechanism_extra,,"First, a large number of studies have shown that the CSR can enhance firm values through a mediator such as customer satisfaction [26] and consumer preference [2,27], which increases business performance (or cash flows).",3,,customer-satisfaction channel raising cash flows and firm value; cited literature
"Truong, Kim (2019)",mechanism_extra,,An impact on uncertainty of future firm values causes a change in discount rate within the present value framework [33]. The effect of discount rate changes is much more significant for long-term cash flows.,4,,maturity channel: discount-rate effects bite harder on long-horizon cash flows
"Truong, Kim (2019)",counter,,"An investment in CSR activities may induce insolvency of a company, and raise short-term credit risk even if such activities can reduce its credit risk in the long-run.",2,,cost burden: CSR outlay can raise short-run credit risk; horizon-conditional
"Truong, Kim (2019)",counter,,Hypothesis 2. The type of CSR activities differently affect the credit risk. While some categories of CSR activities may increase or decrease credit risk.,6,,heterogeneity: some CSR categories raise credit risk; authors' hypothesis
"Truong, Kim (2019)",key_citation,,"Merton [22], which is the most frequently cited literature on credit risk, suggests a structural model that explains the determinants of corporate default risk. The Merton model finds that default probability is negatively associated with (present) firm value and positively associated with volatility of firm value.",3,Merton [22],structural credit-risk anchor for firm-value and volatility channels
"Truong, Kim (2019)",key_citation,,The option pricing theory by Merton [22] and Black and Scholes (BS) [43] can provide a good explanation about the reason why the uncertainty of future firm values has a stronger impact on the long-term credit risk,4,Black and Scholes (BS) [43],option pricing theory anchor for maturity-dependent uncertainty effect
"Truong, Kim (2019)",key_citation,,"Attig et al. [14] suggest that in the valuation of firms’ creditworthiness, rating agencies give high ratings to firms that engage in good CSR activities.",1,Attig et al. [14],CSR-creditworthiness anchor via rating-agency assessment
"Truong, Kim (2019)",status,,,,,"Sustainability (MDPI) empirical CDS term-structure study; CSR broadly, not carbon-specific; no Paris/climate-policy claims; page 5 text is OCR-garbled."
Wang & Wijethilake (2026),frame_use,SIG,"Signalling theory offers a valuable framework for examining carbon disclosure (e.g., L. Luo and Tang 2014). From this perspective, a firm's actions and choices serve as signals to the market about its underlying value and future potential",pdf-4,,signalling theory framing: disclosure as market signal of firm value
Wang & Wijethilake (2026),frame_use,RISK,"Research has shown that high-­quality disclosure entities are more likely to be perceived by investors as having a lower risk of default (Martin and Moser 2016). Additionally, their green bonds are more likely to carry a lower risk premium than those with lower quality disclosures",pdf-4,,"risk frame: high-quality disclosure -> lower perceived default risk, lower risk premium"
Wang & Wijethilake (2026),frame_use,OTHER:social responsibility investment,"The significance of information asymmetry theory, signal transmission theory and social responsibility investment theory in the context of green bond pricing is further underscored. The empirical findings also support green finance theory, demonstrating broad credibility and explanatory power.",pdf-12,,authors name SRI and green finance theory alongside asymmetry/signalling
Wang & Wijethilake (2026),mechanism_extra,,"Simultaneously, these institutions strengthen their competitive position in the green finance market through issuing green bonds and gradually reducing credit support for highly polluting enterprises in their asset allocation, thereby attracting many investors to green investments (Fatica et al. 2021).",pdf-7,,"credit-supply channel: banks cut lending to high polluters, fund green issuers"
Wang & Wijethilake (2026),counter,,Greenwashing involves falsely claiming that green bond funds are used for environmental projects or exaggerating environmental commitments without implementing meaningful measures to achieve environmental benefits (X. Shi et al. 2023).,pdf-1,,greenwashing: false or exaggerated green claims undermine disclosure credibility
Wang & Wijethilake (2026),counter,,"Rather than signalling operational efficiency, it may raise concerns about adverse selection risk, as investors question whether the firm is over-­investing in visibility rather than fundamentals (Henide 2022).",pdf-10,,"counter: high disclosure read as over-signalling, adverse selection in low-carbon firms"
Wang & Wijethilake (2026),counter,,"The mandatory disclosures required for green bonds impose tangible verification and communication expenses. As Dutordoir et al. (2024) note, these costs can exceed the financing advantages gained from a greener profile, leading investors to price in these burdens via higher spreads.",pdf-10,,cost-burden counter: disclosure and transition costs priced as wider spreads
Wang & Wijethilake (2026),paris_policy,,China's initiatives to reduce carbon emissions and support green bonds have heightened the importance of carbon disclosure for financing costs.,pdf-1,,authors' claim: China's carbon-reduction policy amplifies disclosure pricing
Wang & Wijethilake (2026),key_citation,,"According to signalling theory, businesses can directly provide investors with information on their carbon emissions to demonstrate their genuine commitment to environmental sustainability (Guenther et al. 2016; L. Luo and Tang 2014).",pdf-2,L. Luo and Tang 2014,signalling theory anchor for carbon disclosure
Wang & Wijethilake (2026),key_citation,,"By constructing a voluntary disclosure index, Botosan (1997) found a negative correlation between corporate disclosure levels and equity capital costs. Building on this, Rehman et al. (2023) further confirmed that companies with higher levels of voluntary disclosure have lower capital costs.",pdf-3,Rehman et al. (2023),"disclosure-to-cost-of-capital anchor, invoked repeatedly"
Wang & Wijethilake (2026),key_citation,,"Using data from the United States, Sengupta (1998) reports a significant negative relationship between the quality of corporate disclosure and debt costs.",pdf-3,Sengupta (1998),core disclosure quality -> cost of debt anchor
Wang & Wijethilake (2026),status,,,,,"Business Strategy and the Environment research article; China green bonds, carbon disclosure quality vs primary-market yield spread; no printed folios (pdf-N pages); strong greenwashing and adverse-selection discussion."
Wang et al (2020),frame_use,RISK,Our empirical evidence suggests that corporate environment risk may raise default risk and ultimately provoke credi,56,,"authors' own frame: environment risk raises default risk, creditors lift required returns"
Wang et al (2020),frame_use,STAKE,"In conclusion, our results provide supportive evidence for stakeholder theory, in that the interests of related stakeholders are positively related to the value of a firm.",67,,explicit stakeholder-theory frame; stakeholder interests tied to firm value
Wang et al (2020),frame_use,OTHER:natural-resource-based,"Furthermore, the perception of natural resourcebased theory also shows that if firms do not consider climate change",58,,NRBV invoked in H1 development: ignoring climate risk lowers outsider value expectations
Wang et al (2020),frame_use,OTHER:ethical,"(c) From the perspectives of ethical theory, firms' and managers' ethical behaviors are beneficial to companies",56,,"third rationale: ethical behaviour rewarded, low-carbon firms get cheaper debt"
Wang et al (2020),mechanism_extra,,"carbon-related regulations and policies in recent years,3 so firms in those countries must internalize the related costs of carbon emissions,",56,,cost-internalisation channel: carbon tax and emission certificates raise firm costs
Wang et al (2020),mechanism_extra,,Qian and Strahan (2007) found that loans in countries with better creditor rights usually have a longer duration and charge lower interest rates.,58,,creditor-rights channel shaping loan terms; basis of H4 moderation
Wang et al (2020),paris_policy,,"Accompanying an increasing consciousness associated with the fight against global warming, the Paris Agreement demands each member nation to regulate specific targets to reduce greenhouse gas emissions.",66,,"author claim: Paris obliges national emission targets, raising pressure on tourism firms"
Wang et al (2020),counter,,"sophisticated system to monitor actual emissions; however, many other countries still debate the reality of climate change",58,,"attenuation outside EU: climate-change reality contested, so carbon less priced"
Wang et al (2020),key_citation,,"an uncertainty of the firm's future cash flows and, in turn, affects default risk; hence, the lenders may consider including the firm's car-",58,Jung et al. (2018),closest antecedent; supplies carbon risk to cash-flow uncertainty to default risk logic
Wang et al (2020),key_citation,,"risk into their operation strategies, they are highly likely to decrease outsiders' market value expectations relative to firms that do (Hart,",58,"Hart, 1995",natural-resource-based view anchor used to derive H1
Wang et al (2020),key_citation,,"Clarkson, Li, Pinnuck, and Richardson (2015), while examining the value relevance of GHG emissions under the European Union Carbon Emissions Trading Scheme, indicated that the valuation impact of a",58,"Clarkson, Li, Pinnuck, and Richardson (2015)",EU ETS valuation anchor underpinning the EU-versus-non-EU prediction H2
Wang et al (2020),status,,,,,"International Journal of Tourism Research empirical article on global tourism firms; short literature-review/hypothesis section (H1-H4) built on stakeholder, ethical and natural-resource-based theory plus a default-risk channel; text dump is heavily two-column interleaved."
Wang et al (2022a),frame_use,RISK,"The financial losses of environmental violation risk for firms are quite serious, which may increase the uncertainty of their future cash flows [10,12,26,27], threaten viability [28], and even increase the default risk or bankruptcy risk of firms [12,18].",3,,core risk frame: violation risk raises cash-flow uncertainty and default risk
Wang et al (2022a),frame_use,SIG,"areas with serious air pollution [11], which is a crucial risk signal to creditors and other stakeholders in circumstances of asymmetric environmental information",3,,signaling/asymmetry: pollution exposure as risk signal to creditors
Wang et al (2022a),frame_use,STAKE,"The original pressure for firms to carry out environmental management comes from strict governmental regulations, and its purpose is to maintain legitimacy [31–33]. Strict environmental policies threaten the legitimacy of polluting firms and bring administrative penalties or legal proceedings against polluting firms [34,35]",4,,"legitimacy frame; env management as legitimacy maintenance, penalties as legitimacy threat"
Wang et al (2022a),mechanism_extra,,"prevent the air pollution-related default loss by revising debt contracts, such as raising the bond yields and interest rate as a response [10,12,30].",3,,contract-revision/repricing channel: lenders raise yields and rates; authors' claim
Wang et al (2022a),mechanism_extra,,"We speculate that the environmental violation risk related to air pollution is higher for firms located in these regions with strict environmental supervision. Creditors are more sensitive to environmental regulatory compliance, environmental violation risk, and the legitimacy status of firms subject to strict environmental supervision.",4,,enforcement-intensity channel amplifies creditor sensitivity; authors' own H2 argument
Wang et al (2022a),paris_policy,,"which has prompted them to adopt strict environmental regulations in response to the threat of climate change [39]. Firms in OECD countries may face a higher environmental violation risk related to air pollution, which results in higher costs of debt.",4,,climate-risk awareness drives regulation; amplification of COD in OECD settings
Wang et al (2022a),counter,,"We expect that when air pollution occurs, political connection can play a role as an umbrella to minimize the penalties for environmental violations doled out to state-owned firms, reducing the sensitivity of creditors to the environmental risk of state-owned firms.",5,,attenuation: political protection of SOEs mutes creditor pricing of env risk
Wang et al (2022a),counter,,"We expect that an economically important firm has stronger negotiating abilities when it comes to environmental supervision, effectively reducing the administrative penalty they may suffer in air pollution events and reducing the sensitivity of creditors to the environmental violation risk.",5,,attenuation: economic-contribution bargaining power lowers enforcement and creditor sensitivity
Wang et al (2022a),key_citation,,Tan et al. [16] and Tan et al. [15] also confirmed that firms in areas with serious air pollution face more significant debt financing constraints in the process of negotiation with banks due to a higher credit risk and financial uncertainty,3,Tan et al. [16] and Tan et al. [15],closest prior anchor: air pollution to credit risk to debt financing constraints
Wang et al (2022a),key_citation,,Zhou et al. [18] also demonstrated that creditors more carefully assess the carbon risk of private firms and adopt stricter approval standards in the process of reviewing loans.,5,Zhou et al. [18],carbon-risk/COD anchor for ownership-moderation argument
Wang et al (2022a),key_citation,,"Konar and Cohen [40] demonstrated that, driven by environmental responsibility, some investors have consciously penalized heavily polluting firms by raising the cost of capital.",4,Konar and Cohen [40],anchor for capital-cost penalty on heavy polluters
Wang et al (2022a),status,,,,,"Int. J. Environ. Res. Public Health (MDPI) empirical paper on Chinese listed firms; air pollution to environmental violation risk to cost of debt, with four moderators; references are numbered, not author-year."
Wang et al (2025a),frame_use,SIG,"Overall, good environmental performance acts as a positive signal that contributes to lowering bond financing costs.",3,,author claim: env performance as positive signal lowering bond cost (H1)
Wang et al (2025a),frame_use,STAKE,"Stakeholder theory posits that a corporate’s existence is inseparable from diverse stakeholders such as investors, shareholders, suppliers, and consumers (Parmar et al., 2010).",2,,explicit stakeholder-theory invocation grounding multi-stakeholder signalling
Wang et al (2025a),frame_use,RISK,"firms with robust environ­ mental management systems are less likely to face regulatory penalties and litigation costs (Hsu et al., 2023; Sharfman & Fernando, 2008), reducing cash flow volatility and default risks.",3,,author claim: penalty/litigation avoidance lowers cash-flow volatility and default risk
Wang et al (2025a),mechanism_extra,,"Proactive environmental performers mitigate escalating compliance costs and stranded asset risks, which investors increasingly price into bond yields (Bolton & Kacperczyk, 2021; Garel & Petit-Romec, 2021).",3,,stranded-asset and compliance-cost channel priced into bond yields; cited finding
Wang et al (2025a),counter,,"There may be opposing concerns that environmental upgrades often involve substantial upfront capital expenditures, which could constrain a firm’s debt repayment capacity in the short term. Too little or too much environmental effort can be detrimental to a firm’s economic performance (Pekovic et al., 2018).",3,,cost-burden/overinvestment attenuation; author raises then rejects short-term view
Wang et al (2025a),counter,,"Concentrated institutional investor ownership can substi­ tute for the signaling role of environmental performance, as bondholders perceive institutional investors’ oversight as a sufficient safeguard against operational risks (Coffee, 1991; Kang et al., 2018), thereby diminishing the added value of environmental signals.",3,,signal substitution by institutional monitoring weakens link (H4)
Wang et al (2025a),counter,,"Such government-enterprise relationships strengthen financial sta­ bility, reducing concerns about default risks. Thus, bondholders place less emphasis on environmental performance when government re­ lationships signal preferential access to resources.",4,,"state backing substitutes for env signal, weakening link (H5)"
Wang et al (2025a),counter,,"fragmented governance structures (non-duality) may weaken the effectiveness of environmental performance signals, as bondholders may discount environmental achievements due to concerns over managerial short-termism (Ladika & Sautner, 2020; Narayanan, 1985).",3,,credibility/greenwashing discount: weak governance makes bondholders discount signal
Wang et al (2025a),key_citation,,"By synthesizing stakeholder theory (Parmar et al., 2010) and signal credi­ bility frameworks (Connelly et al., 2011), we develop an integrated model that explains how multiple stakeholders shape the impact of environmental signals in debt markets.",2,"Connelly et al., 2011",signalling-theory and signal-credibility anchor
Wang et al (2025a),key_citation,,"Drawing on signaling theory and stakeholder perspective (Connelly et al., 2011; Parmar et al., 2010), this study reveals the signaling effect of corporate environmental performance in reducing bond financing costs.",10,"Parmar et al., 2010",stakeholder-theory anchor for the multi-stakeholder frame
Wang et al (2025a),key_citation,,"An exception is Lian et al. (2023), who introduces stakeholder theory to explain the signaling mechanism (Parmar et al., 2010). However, Lian et al. (2023) focus solely on a single group of stakeholders (i.e., credi­ tors)",2,Lian et al. (2023),theoretical point of departure: single-stakeholder signalling in bond market
Wang et al (2025a),status,,,,,"gate2_flag:suffix_ambiguous; author-confirmed per v12 provenance (...2025_bond.csv = a): Int Rev Financial Analysis 106 (2025) 104479, bond financing cost | International Review of Financial Analysis empirical paper (Chinese listed firms, 2012-2022); multi-stakeholder signalling frame; moderator hypotheses carry most of the theory."
Wang et al (2025b),frame_use,STAKE,"stability, as carbon risk management proactively mitigates potential regulatory compliance costs, reputational damages, and litigation events (Zhou et al., 2018).",467,,stakeholder theory: better CCP meets stakeholder demand for stability; legitimacy/risk channel
Wang et al (2025b),frame_use,AGENCY,"In contrast, other studies, which are also in line with the agency theory, argue GHG reduction increases the level of COD.",467,,"agency theory: CCP diverts resources, lenders demand premium; author framing"
Wang et al (2025b),frame_use,SIG,"A notable inverse correlation exists between voluntary disclosure and IA, which reduces trading frictions and lowers cost of capital by facilitating estimation accuracy",471,,information asymmetry/voluntary disclosure channel lowering cost of capital
Wang et al (2025b),counter,,"identification of a U-shaped CCP–COD relationship elucidates the potential negatives of CCP investments, where excessive emphasis on CCP could undermine a firm's competitiveness.",476,,turning point: excessive CCP raises COD; author's own double-edged claim
Wang et al (2025b),counter,,"Research results show that IA flattens the U-shaped curve; that is, IA weakens the negative effect of the CCP–COD nexus.",474,,conditional: information asymmetry flattens the U and weakens the negative effect
Wang et al (2025b),counter,,"Green projects may also increase agency costs when creditors bear more risks (Hatakeda et al., 2012).",467,,creditors bear more risk from green projects; agency-cost burden raises COD
Wang et al (2025b),counter,,Damert et al. (2017) demonstrate that decarbonization practices have limited benefits which may not,468,,cost burden: decarbonization benefits may not outweigh costs; cited finding
Wang et al (2025b),key_citation,,"This article, to our best knowledge, is the first to focus on the three-step U-shaped procedure (Haans et al., 2016, Lind & Mehlum, 2010) to substantiate the curvilinear CCP–COD relationship using true emission data.",466,"Haans et al., 2016",U-shape theorizing/testing framework; paper's core methodological-theoretical anchor
Wang et al (2025b),key_citation,,"proxy carbon risk, Zhou et al. (2018) evidence a U-shaped association",468,Zhou et al. (2018),prior U-shaped carbon-risk–COD result; direct theoretical predecessor
Wang et al (2025b),key_citation,,further support Lahouel et al.'s (2022) double-edged effect,466,Lahouel et al.'s (2022),double-edged-effect anchor for the non-monotonic CCP–COD claim
Wang et al (2025b),status,,,,,"gate2_flag:suffix_ambiguous; author-confirmed per v12 provenance (...2025_ushaped.csv = b): CSR & Env Mgmt csr.2953, U-shaped relationships | Corp Soc Responsib Environ Manag research article, China A-share 2018-2022; stakeholder-vs-agency U-shaped CCP-COD with IA moderation; no Paris/climate-policy theory claim; heavily interleaved two-column text dump."
Wu et al (2020),frame_use,SIG,"That is probably because meeting ISO 14001 standards signals that enterprises can reduce environmental risks in the future through cleaner production, which can also alleviate the information asymmetry between investors and enterprises.",8,,core signalling/information-asymmetry frame; certification signals lower future env risk
Wu et al (2020),frame_use,RISK,"Borrowing is an important source of funds for such enterprises, but the high environmental risks are deleterious to the ﬁnancing of external funds, which directly affects the operation and development of metallurgical enterprises.",3,,risk frame: high environmental risk impedes external debt funding
Wu et al (2020),frame_use,STAKE,"The public is willing to lend money to such companies with high reputation and low risk, so that certiﬁcation is likely to contribute to the reduction of debt ﬁnancing costs.",3,,reputation/legitimacy channel: high reputation raises willingness to lend
Wu et al (2020),mechanism_extra,,This behavior of energy-saving and emission reduction may also effectively reduce production costs and improve the company’s performance.,3,,"operating-efficiency channel: energy saving cuts production cost, improves performance"
Wu et al (2020),mechanism_extra,,Wang et al. (2012) stated that ﬁnancing constraints risk led by an incomplete market cannot be dispersed and enables investors to request more excess returns.,4,,financing-constraint channel underpinning H3; undiversifiable risk raises required return
Wu et al (2020),counter,,"quite a few scholars have considered that EMS certiﬁcation has no obvious effect on performance, and some have even showed that ISO 14001 certiﬁcation increases company costs and decreases performance",2,,"cost-burden counter: certification raises costs, no or negative performance effect"
Wu et al (2020),counter,,"Miroshnychenko et al. (2017) considered EMS certiﬁcation to be an unreliable measure to stimulate environmental management, with the company facing the risk of future credit loss.",2,,symbolic/unreliable-certification counter; cited claim of future credit loss risk
Wu et al (2020),counter,,"State-owned enterprises have national credit as a guarantee, with low risk of default and high credit rating. Therefore, they can often operate at relatively low cost. However, non-state-owned enterprises do not have this advantage.",3,,conditionality: state credit guarantee substitutes for certification signal in SOEs
Wu et al (2020),key_citation,,"However, this information asymmetry can be mitigated by transmitting signals between the enterprise and the market (Spence, 2002).",8,"Spence, 2002",named signalling-theory anchor for the paper's core mechanism
Wu et al (2020),key_citation,,"Schneider (2008) took the attitude that lending money to polluting companies was a risky investment in the debt capital market, and creditors would demand higher returns to compensate for environmental risks.",3,Schneider (2008),closest CER-COD anchor: env risk premium demanded by creditors
Wu et al (2020),key_citation,,Iatridis and Kesidou (2016) proposed that substantial implementation of ISO 14001 brings reputational beneﬁts to the organization.,3,Iatridis and Kesidou (2016),reputation anchor carrying H1 and H2 development
Wu et al (2020),status,,,,,"Journal of Cleaner Production empirical DID/PSM study of ISO 14001 certification and debt financing cost in Chinese metallurgical firms; theory is signalling/reputation, no Paris or climate-policy claims."
Xiang & Gong (2026),frame_use,SIG,"According to signaling theory, voluntary climate information disclosure allows firms to send extra signals about the extent of their climate risk exposure and its potential financial impacts (Zhao et al., 2025). Such improvements in climate transparency enable more precise risk pricing and lower the risk premium required by creditors.",2,,"signaling theory named; disclosure signal enables precise pricing, lowers creditor risk premium"
Xiang & Gong (2026),frame_use,RISK,"Voluntary climate disclosure reduces investors’ uncertainty about firms’ exposure to climate-related risks. In the presence of in­ formation opacity, such disclosure improves the precision of information about a firm’s asset value and default risk, thereby lowering investors’ perceived probability of default.",5,,credit-risk channel: disclosure lowers perceived default probability and risk premium
Xiang & Gong (2026),mechanism_extra,,"strengthens managerial accountability and integrates climate factors into corporate decision-making (Agoraki et al., 2024; Jia et al., 2025), which improves overall risk management and reduces actual default risk.",2,,"real-risk channel: accountability/decision integration cuts actual, not just perceived, default risk"
Xiang & Gong (2026),mechanism_extra,,"higher climate transparency can reduce the informational uncertainty faced by creditors, thus decreasing the ambiguity premium contained in debt costs.",1,,ambiguity-premium channel; authors' own framing of the paper's gap
Xiang & Gong (2026),counter,,"extant studies mostly focus on single-dimensional climate information such as physical risk and transition risk in­ formation (Feng et al., 2024; Song and Xian, 2024), which can hardly comprehensively and accurately reflect the genuine quality of firms’ climate disclosure.",2,,"measurement counter: single-dimension proxies mismeasure disclosure, obscuring true effect"
Xiang & Gong (2026),counter,,"Such signals are interpreted as evidence of risk mitigation and value enhancement, rather than as sources of additional risk as suggested in recent literature (e.g., Cang and Li, 2024; He et al., 2025)",6,,"rival positive-direction view (disclosure as risk revelation) acknowledged, then rejected"
Xiang & Gong (2026),paris_policy,,"we use the impact of the Paris Agreement (2016) on high-carbon firms as an instrumental variable (IV), exploiting it as an exogenous policy shock. As a multilateral climate agreement implemented by governments and in­ ternational institutions, the Paris Agreement is plausibly exogenous to firm-level characteristics.",4,,"Paris as exogenous climate-policy shock to high-carbon firms; identification framing, drives disclosure"
Xiang & Gong (2026),key_citation,,"According to signaling theory, voluntary climate information disclosure allows firms to send extra signals about the extent of their climate risk exposure and its potential financial impacts (Zhao et al., 2025).",2,"Zhao et al., 2025",signaling-theory anchor for climate disclosure
Xiang & Gong (2026),key_citation,,"given the high uncertainty and systemic nature of climate risks, creditors may overestimate the likelihood of default and require a higher risk premium when information is insufficient (Bao, 2022).",2,"Bao, 2022",anchor for default overestimation under insufficient information
Xiang & Gong (2026),key_citation,,"climate disclosure serves as an important incremental source of information through which firms communicate with stakeholders, playing a key role in mitigating information asymmetry (Lei et al., 2025).",2,"Lei et al., 2025",anchor for information-asymmetry mitigation premise
Xiang & Gong (2026),status,,,,,"Finance Research Letters short letter, China corporate bonds, TCFD-based climate disclosure index; thin theory, Paris Agreement appears only as an IV."
Yang et al (2024),frame_use,SIG,"Signaling theory posits that positive signals can help high-quality firms distinguish themselves from low-quality firms (Connelly et al., 2010). During EID, borrowing firms generally hold a superior information position, while banks and other lending institu­ tions hold an inferior information position.",4,,signaling frame: EID as positive signal closing borrower-lender information gap
Yang et al (2024),frame_use,STAKE,"According to stakeholder theory, stockholders and managers can interact to create value (Freeman, 1984). Stakeholders can contribute to the firm, and in return the firm meets the needs of the stakeholders",3,,stakeholder frame: reciprocal value creation via meeting stakeholder needs
Yang et al (2024),frame_use,RISK,"EID can lead to increasing valuation during the lending process by improving reputation and reducing the default risk of firms (Weber et al., 2014).",5,,"risk frame: disclosure lowers default risk, raises lending-process valuation"
Yang et al (2024),frame_use,AGENCY,"Agency theory posits that in regard to debt financing, information asymmetry exists between lenders and firms (Jensen & Meckling, 1976). In this regard, disclosing environmental information is a potential approach to mitigating information asymmetry.",10,,agency frame: lender-firm information asymmetry mitigated by EID
Yang et al (2024),frame_use,OTHER:legitimacy,"Legitimacy theory posits that organizations should ensure that they operate within the bounds and norms of their respective societies (Brown & Deegan, 1998; Shocker & Sethi, 1973).",3,,legitimacy frame; EID as response to public/social pressure
Yang et al (2024),mechanism_extra,,"The second is direct risk, which occurs when a creditor takes over mortgage assets that have lost their market value due to environmental pollution (Boyer & Laffont, 1997). The third type of risk is credit risk. Enterprises’ destructive environmental behaviors may lead to reputation losses",4,,collateral devaluation and reputation-loss credit risk on lender side
Yang et al (2024),counter,,"However, some scholars believe that firms disclose their environmental information to affect stakeholder attitudes toward the firms’ financial positions and prospects rather than to reduce environmental damage. Thus, these reports lack credibility and reliability (Cohen & Simnett, 2014).",3,,greenwashing counter: impression management makes disclosure non-credible
Yang et al (2024),counter,,"In addition, because of the stringent time and economic costs, managers are often uncertain about whether these reports achieve the expected outcomes (García‐Sánchez et al., 2019). In this case, firms cannot maximize their profits and EID may negatively impact CFP",3,,"cost-burden counter: disclosure costs cut profits, EID may hurt performance"
Yang et al (2024),key_citation,,"According to stakeholder theory, stakeholders can contribute to the firm, and in turn, the firm needs to meet the needs of the stakeholders (Freeman, 1984; Ioannou & Serafeim, 2015).",14,"Freeman, 1984","stakeholder theory anchor, carries the paper's first conclusion"
Yang et al (2024),key_citation,,"Moreover, signaling theory posits that positive signals are conducive to high-quality firms (Connelly et al., 2010). In this regard, firms that disclose environmental informa­ tion release positive signals to lending institutions and hold a superior position.",14,"Connelly et al., 2010",signaling theory anchor for EID-as-signal to lenders
Yang et al (2024),key_citation,,"Second, as nonfinancial information, environmental information can be a key element in measuring a firm’s reputation and evaluating a firm’s default and reputational risk (Weber et al., 2010, 2014).",2,"Weber et al., 2010, 2014",repeatedly used anchor for default and reputational risk channel
Yang et al (2024),status,,,,,Journal of Applied Economics empirical study of EID and cost of debt in Chinese listed firms; theory in Section 2 plus mechanism section; no Paris/climate-policy claims.
Yilmaz (2022),frame_use,STAKE,"A good level of ESG performance produces positive synergies between the firm and its stakeholders, resulting in improved social capital and increased stakeholder loyalty",22,,stakeholder frame: ESG builds social capital and stakeholder loyalty
Yilmaz (2022),frame_use,RISK,It has been argued that lending institutions consider firms’ ESG information when making lending decisions to help them evaluate firms’ default risk and reputational risk,22,,risk frame: lenders read ESG as default and reputational risk signal
Yilmaz (2022),frame_use,SIG,"Information asymmetry between insiders and external parties is not an important reason for market inefficiencies and affects the cost of capital, yet several studies have reported that reducing information asymmetry is one of the driving factors for firms to engage in CSR activities",22,,information-asymmetry frame; sentence contains an apparent 'not' typo
Yilmaz (2022),mechanism_extra,,"Debt markets are mostly larger, more active, and dynamic, and firms need to refinance in the debt market more frequently; hence, socially aware groups can more effectively exercise their stakeholder activism through the debt market.",22,,refinancing/rollover frequency plus creditor activism channel; own claim
Yilmaz (2022),mechanism_extra,,"From the perspective of lending institutions, if they do not pay attention to borrowing firms’ ESG performance, they risk being perceived as supporting those firms’ negative ESG practices, which may result in adverse stakeholder reactions.",23,,lender-liability/reputational-contagion channel on the bank side
Yilmaz (2022),mechanism_extra,,"the use of non-financial information, including ESG dimensions, may enable lending institutions to make more accurate predictions of borrowers’ credit quality (Grunert, Norden, & Weber, 2005).",23,,non-financial info improves credit-quality prediction in internal ratings
Yilmaz (2022),counter,,"The prior literature on the relationship between ESG performance and cost debt has reported mixed results; some studies found a negative relationship (Crifo et al., 2017; Ge & Liu, 2015; Hasan, Hoi, Wu, & Zhang, 2017), while others found a positive relationship",23,,direction ambiguity: cited literature also finds positive ESG-COD link
Yilmaz (2022),counter,,"found that borrowers’ profiles matter; low-quality borrowers who engage in CSR activities have higher loan spreads and shorter maturities, whereas banks are indifferent toward whether high-quality borrowers engage in CSR or not.",23,,conditional on borrower quality; cited Goss and Roberts finding
Yilmaz (2022),key_citation,,"the opposing argument claims that firms have responsibilities toward stakeholders and must have objectives other than profit and the maximization of shareholder wealth (Freeman, 1984).",22,"Freeman, 1984",stakeholder-theory anchor for the whole framing
Yilmaz (2022),key_citation,,"the credit market is also composed of mostly institutional players, who are more conscious of CSR issues (Oikonomou et al., 2014).",22,"Oikonomou et al., 2014",anchor for why debt/credit markets price CSR
Yilmaz (2022),key_citation,,"Thus, this risk encourages lending institutions to consider ESG information in their credit decisions (Eliwa et al., 2019)",23,"Eliwa et al., 2019","anchor for lender-side ESG risk argument, cited repeatedly"
Yilmaz (2022),status,,,,,"International Journal of Applied Economics, Finance and Accounting; empirical ESG-cost of capital paper on 125 energy firms; theory is confined to a short literature review, no hypotheses section and no Paris/climate-policy claims; the information-asymmetry sentence on p.22 contains an apparent 'not' typo, quoted verbatim."
Zhang et al (2023),frame_use,RISK,"according to the risk mitigation theory, a company’s environmental commitment can create value by promoting good relationships with various stakeholders, thus lowering default risk.",pdf-3,,risk mitigation theory named; env commitment lowers default risk
Zhang et al (2023),frame_use,AGENCY,"company green transition may be regarded as a misallocation of scarce corporate resources at the expense of shareholder wealth (Stellner et al. 2015), unless such engagement can serve to achieve the final goal: improving the profitability of the company.",pdf-3,,agency theory / cost-burden view; opposing argument to risk mitigation
Zhang et al (2023),frame_use,SIG,"due to the reduction of problems such as adverse selection and moral risk induced by inherent information asymmetries (Berger and Udell 1990), lenders can better understand these problems and take this into account in credit assessment decisions.",pdf-5,,information asymmetry channel feeding lender credit assessment
Zhang et al (2023),frame_use,STAKE,"meeting emission reduction commitments can help companies build long-term relationships with stakeholders and a good social image (Ginesti et al. 2020). A good image can improve the government’s and investors’ evaluation, effectively reduce corporate risk",pdf-4,,stakeholder relations and social image reduce corporate risk
Zhang et al (2023),mechanism_extra,,"a firm’s willingness to reduce carbon emissions may also effectively reduce creditor-shareholder conflicts through commitments to future debt and investment policies, for example, by convincing creditors that the firm will not gain the benefit at creditors expense through signing/with long-term lending contracts (Johnson 2003)",pdf-4,,"covenant / creditor-shareholder conflict channel, author's own claim"
Zhang et al (2023),mechanism_extra,,"Therefore, we expect that the positive correlation between corporate carbon risk and CDS spreads is through the impact of carbon risk on credit rating.",pdf-14,,credit rating as mediating channel from carbon risk to spreads
Zhang et al (2023),counter,,"This finding also suggests that compared with traditional determinants of credit risks, such as fundamental information, carbon risk’s impact is quite limited and not fully incorporated within credit assessment yet.",pdf-3,,"attenuation: fundamentals dominate, carbon risk not fully priced"
Zhang et al (2023),paris_policy,,"Given that their government gave up international climate protection initiative, it is natural for investors to be less likely to take carbon risk into account.",pdf-12,,US Paris withdrawal predicted to weaken credit pricing of carbon
Zhang et al (2023),key_citation,,"The first one is based on agency theory, which holds that the primary goal of a company is to maximize the wealth of shareholders (Jensen 1994).",pdf-3,Jensen 1994,agency theory anchor for the shareholder-wealth counter-view
Zhang et al (2023),key_citation,,Such disclosures that reduce information asymmetries directly lead to lower risk premiums and lower costs of debt (Sharfman and Fernando 2008).,pdf-5,Sharfman and Fernando 2008,anchor for disclosure-to-cost-of-debt information mechanism
Zhang et al (2023),key_citation,,"from the perspective of regulatory risk, i.e., stricter environment restrictions and higher transaction costs that firms face in obtaining credit (Amore et al. 2013), which may lead to increased default risk.",pdf-2,Amore et al. 2013,"anchor for regulatory-risk / credit-access mechanism, cited twice"
Zhang et al (2023),status,,,,,"Environmental Science and Pollution Research research article; empirical carbon-emission/CDS-spread study with an explicit two-opposing-theories hypothesis section; no printed folios, pages cited as pdf-N."
Zheng (2021),frame_use,SIG,"The signalling theory offers an explanation to this phenomenon. To reduce the information asymmetry, which could cause adverse selection and moral hazard issues, firms signal to creditors with CSR performance and project a financially sound image (Yeh et al., 2019).",pdf-6,,"signalling frame: CSR signal cuts information asymmetry, adverse selection, moral hazard"
Zheng (2021),frame_use,STAKE,"Cooper & Uzun (2015) suggested that the strategic motive of CSR is in line with stakeholder theory from both the resource-based and the market-based view, that is, firms gain competitive advantage and benefit from reduced cost of capital, thereby enhancing firm value.",pdf-3,,"stakeholder theory, resource- and market-based view; lower cost of capital"
Zheng (2021),frame_use,RISK,The general literature consensus is that CSR has a negative correlation to cost of debt through risk reduction irrespective of the countries the firms operate.,pdf-7,,author's stated consensus: CSR lowers COD through risk reduction
Zheng (2021),frame_use,AGENCY,"Because of the agency cost of debt, and that creditors and shareholders have different claims on firms’ assets, the two parties may have very different views on decisions made by management.",pdf-6,,agency cost of debt; creditor-shareholder divergence over CSR spending
Zheng (2021),mechanism_extra,,"As a result, firms with better CSR performance are also considered to be creditworthy, thereby improving or maintaining their credit ratings and reducing the cost of debt.",pdf-6,,"credit-rating channel: CSR raises perceived creditworthiness, ratings, then cuts COD"
Zheng (2021),mechanism_extra,,"Thirdly, the number of institutional ownership could act as the bridge between CSR performance and cost of capital, as it is shown to have strong positive correlation with CSR performance while a negative correlation with cost of capital (Attig et al., 2013).",pdf-4,,institutional-ownership/investor-base bridge between CSR and cost of capital; cited
Zheng (2021),counter,,"Yet overinvesting on CSR initiatives may have adverse effects and result in higher cost of debt overall (Goss & Roberts, 2011). Izzo & Magnanelli (2012) argued that CSR investments are “waste of resources” that can negatively impact a firm's performance.",pdf-4,,cost-burden/overinvestment: CSR as waste of resources raising COD; cited views
Zheng (2021),counter,,"On the other hand, if firms that are socially responsible do not have significant cost differences relative to those that are socially irresponsible, then these firms are merely “greenwashing”.",pdf-3,,greenwashing if responsible firms show no cost-of-capital difference
Zheng (2021),key_citation,,"More specifically, according to Bhuiyan & Nguyen (2020) CSR may influence cost of capital through at least four mechanisms.",pdf-3,Bhuiyan & Nguyen (2020),source of the paper's four-mechanism cost-of-capital framework
Zheng (2021),key_citation,,Attig et al. (2013) have shown that CSR performance is used as means by firms to convey important non-financial information to credit agencies.,pdf-6,Attig et al. (2013),anchor for ratings and institutional-ownership channels
Zheng (2021),key_citation,,"CSR expenditures may be deemed futile by shareholders, but not by creditors (Kordsachia 2020).",pdf-6,Kordsachia (2020),anchor for agency-cost-of-debt creditor perspective
Zheng (2021),status,,,,,"SSRN working paper, graduate course final project report on CSR and cost of debt; no printed folios; no climate- or carbon-specific theory."
Zhou et al (2018),frame_use,RISK,"which are referred to as counterparty credit risks and are a main influence on default risk (Saunders & Allen, 2002; Weber, 2012). We argue that a firm's carbon risk exposure influences default",1132,,author's own: carbon risk raises default risk via cash-flow uncertainty
Zhou et al (2018),frame_use,AGENCY,Research on carbon risk is mostly based on agency theory,1133,,agency theory named as the paper's base frame
Zhou et al (2018),frame_use,OTHER:regulatory,Regulatory theory also holds the view that carbon risk is positively,1133,,"explicitly named regulatory theory; regulatory pressure channel, positive sign"
Zhou et al (2018),frame_use,SIG,"increase in carbon transparency mitigates information asymmetry between firms and lenders, which directly results in a decrease in the cost of debt financing.",1134,,"carbon transparency reduces information asymmetry, lowering COD"
Zhou et al (2018),frame_use,STAKE,"By contrast, positive carbon‐related news helps a firm to publicize its environmental responsibility and build a good image of being environmentally friendly.",1134,,reputation/legitimacy channel: green image shapes lender approval
Zhou et al (2018),counter,,Firms with more positive media attention are likely to be able to communicate effectively with lenders during the lending process about their carbon management strategies.,1134,,author's H2 attenuation: positive media coverage weakens carbon risk premium
Zhou et al (2018),counter,,"their economic benefits of carbon reductions would be less than their investment costs. Thus, lenders will punish their carbon risk manage-",1141,,cost-burden/benefit-transfer counter explaining negative left arm of U
Zhou et al (2018),paris_policy,,China's carbon policies are still insufficient at the present stage.,1141,,climate-policy attenuation: immature carbon policy limits pricing of carbon risk
Zhou et al (2018),key_citation,,"rates (Armstrong et al., 2010). Consequently, firms with increased car-",1133,"Armstrong, Guay, & Weber, 2010",agency-theory anchor; debt contracting raises interest rates
Zhou et al (2018),key_citation,,"credits (Labatt & White, 2007). Physical risk refers to the risk related",1133,"Labatt & White, 2007","carbon risk taxonomy: regulatory, physical, business risk"
Zhou et al (2018),key_citation,,"information dissemination is dominated by positive media coverage (Deboskey & Gillett, 2013).",1142,"Deboskey & Gillett, 2013",media-attention construct; information-dissemination leg of carbon transparency
Zhou et al (2018),status,,,,,Business Strategy and the Environment research article; Chinese A-share high-carbon firms; finds U-shaped carbon risk-COD link; two-column dump is line-interleaved so contiguous verbatim spans are short.
Zhou et al (2024),frame_use,RISK,"Investors require compensation for exposure to such risks, which is reflected in discount rates applied to future cash flows. Higher perceived transition risk leads to increased capital costs, particularly for firms with high carbon footprints",4,,authors' transition-risk pricing frame; risk premium raises capital cost
Zhou et al (2024),frame_use,STAKE,"Legitimacy theory suggests that organisations may align with societal norms or actively seek to shape perceptions, expectations, or values through legitimation strategies (Suchman, 1995).",5,,explicitly named legitimacy theory; paper's only formal theory frame
Zhou et al (2024),frame_use,SIG,"Firms that engage in carbon disclosure, a widely recognised legitimisation tool, tend to be rewarded by investors, as it signals their commitment to environmental responsibility and transparency (Haque & Ntim, 2020; Kim & Lyon, 2011).",5,,"authors' signalling claim; disclosure signals commitment, investors reward"
Zhou et al (2024),counter,,"However, there is concern that these voluntary commitments often lack credibility. Van Benthem et al. (2022) highlight that many corporate emissions reduction plans are nonbinding and sometimes misaligned with scientific benchmarks.",2,,"greenwashing/credibility counter; pledges nonbinding, so may not be priced"
Zhou et al (2024),counter,,"Corporations often perceive social and environmental regulations and the expectations of powerful stakeholder groups as economic constraints in their pursuit of profit maximisation, as compliance requires resources to maintain legitimacy.",5,,"cost-burden counter; compliance consumes resources, constrains profit"
Zhou et al (2024),paris_policy,,The Paris Agreement serves as a critical catalyst for the global transition to net-zero emissions. It sets a clear goal for global emission reductions and provides a comprehensive international framework for climate action.,7,,"amplification: Paris as policy catalyst, basis for DiD shock"
Zhou et al (2024),paris_policy,,"Zhou, Caldecot, Shrimali and Zhang (2024) find that climate change policy is an important transition risk that determines the cost of the loan. Higher levels of climate and environmental policy stringency can reduce uncertainties associated with loan investments in the energy and utilities sectors.",10,,amplification: climate-policy stringency lowers lending uncertainty
Zhou et al (2024),paris_policy,,"However, the same relationship is not observed in North America or emerging markets, suggesting that regional variations in environmental policy stringency and financial market responses impact the pricing of transition risks.",13,,attenuation: no pricing where climate-policy stringency is lower
Zhou et al (2024),key_citation,,"Investors increasingly incorporate climate factors into their investment strategies and decision-making for two reasons (van Benthem et al., 2022a). First, growing societal and regulatory pressures compel investors to integrate environmental and social impacts alongside financial returns.",2,"van Benthem et al., 2022a",opening premise anchor: why investors price climate factors
Zhou et al (2024),key_citation,,"The Central Banks and Supervisors’ Network for Greening the Financial System (NGFS,2019) has identified three primary sources of transition risk that are financially material: regulatory changes, shifts in market preferences, and technological disruptions.",4,"NGFS,2019",transition-risk taxonomy structuring the paper's risk construct
Zhou et al (2024),key_citation,,"Delis et al. (2024) provide further evidence of the pricing of transition risk in bank loans, showing that banks price climate policy exposure, especially after 2015 but not before.",5,Delis et al. (2024),anchor for post-2015 climate-policy pricing in bank loans
Zhou et al (2024),status,,,,,"Working paper (Feb 2025, Oxford/Santander funded) on syndicated loans to global energy and utilities; thin explicit theory - legitimacy theory plus transition-risk pricing - with the Paris Agreement used as a DiD shock."
"Zhu, Zhao (2022)",frame_use,RISK,"Increased costs can reduce future cash flows, making it difficult for firms to repay their debts on time (Jung et al., 2016; Subramaniam et al., 2015). Banks raise interest rates to cope with the increased default risk.",2,,author prediction: carbon-driven cash-flow/default risk priced by banks
"Zhu, Zhao (2022)",frame_use,AGENCY,"find it difficult to obtain more benefits from high-carbon risk projects, but they have to bear more capital losses when firms fail (Jung et al., 2016). This asymmetry exacerbates the agency problem between banks and firms with a high carbon risk.",2,,author claim: fixed-payoff asymmetry worsens bank-firm agency problem
"Zhu, Zhao (2022)",frame_use,SIG,The information asymmetry theory suggests that unbalanced infor­ mation between two parties can lead to adverse selection problems.,5,,named frame: information asymmetry/adverse selection behind env signalling
"Zhu, Zhao (2022)",frame_use,STAKE,"The stakeholder theory suggests that firms can obtain the resources they need from stakeholders by meeting the latter’s demands (Brammer and Millington, 2008; EI-Kassar and Singh, 2019). Banks are generally the largest creditors and, therefore, the most important stakeholders for lending.",5,,named frame: banks as key stakeholders granting resources
"Zhu, Zhao (2022)",mechanism_extra,,"They tend to reduce or withdraw investments in firms with a high carbon risk (Jiang et al., 2020; Matsumura et al., 2014). This may disrupt a firm’s normal operations or lead to bank­ ruptcy, thereby increasing the probability of credit defaults.",2,,investor-base/equity exit channel raising credit default probability
"Zhu, Zhao (2022)",paris_policy,,"Banks perceive high carbon risk as an increasing credit risk factor, resulting in higher interest rates following the mandatory credit policy in China.",4,,amplification: 2012 China Green Credit Guidelines make banks price carbon
"Zhu, Zhao (2022)",counter,,"Therefore, firms with high green innovation have stable profitability and fewer fluctuations in future cash flows. Consequently, banks reduce credit risk and possible bad loans. Thus, we predict that firms’ green innovation performance mitigates the impact of carbon risk on the cost of bank loans.",5,,attenuation: green innovation moderates carbon risk-loan cost link
"Zhu, Zhao (2022)",counter,,Asymmetric information in the capital market may cause the phenomenon of “bad money drives out good.” It is difficult to accurately identify and investigate green projects using a mixture of carbon information.,9,,author claim: mixed carbon information blocks accurate pricing of green projects
"Zhu, Zhao (2022)",key_citation,,"Jung et al. (2016) documented a positive relationship between carbon risk and the cost of debt based on 255 firms in eight industries in Australia, and carbon risk awareness mitigates this relationship.",1,Jung et al. (2016),"closest prior carbon risk-cost of debt anchor, reused in theory section"
"Zhu, Zhao (2022)",key_citation,,"Several studies indicate that the increased cost of debt is due to agency problems (Armstrong et al., 2010).",2,"Armstrong et al., 2010",agency-theory anchor for the paper's core debt-pricing argument
"Zhu, Zhao (2022)",key_citation,,"An entity with less private information is more likely to make unwise de­ cisions (Akerlof, 1970; Strausz, 2017). When firms receive government recognition of their environmental excellence, they send a positive signal to stakeholders.",5,"Akerlof, 1970",information asymmetry anchor for env performance moderator
"Zhu, Zhao (2022)",status,,,,,"Technological Forecasting & Social Change empirical paper on Chinese listed industrial firms; compact theory section combining agency, information asymmetry and stakeholder arguments, with the 2012 China Green Credit Guidelines as policy shock."
Ben Slimane et al (2019),status,,,,,duplicate_file:Ben Slimane et al (2019) - ESG investing in corp bonds.pdf; byte-identical library copy 'Ben Slimane et al (2019) - ESG investing in corp bonds (1).pdf' not processed (rule 6)
Kozak (2021),status,,,,,duplicate_file:Kozak (2021) - will the reduction of co2 emission lower the cost of debt.pdf; byte-identical library copy 'Kozak (2021) - Will the reduction of co emissions lower the cost of debt financing.pdf' not processed (rule 6)
"EXTRA: Cumming et al (2025) - dynamics of carbon risk, cost of debtand leverage adjustments",frame_use,RISK,"Pizzutilo et al. (2020) show that carbon intensity firms tend to have a higher cost of debt. They proposed that carbon risk significantly affects the lenders’ overall risk assessment, leading to higher lending costs.",4,,"carbon risk enters lenders' risk assessment, raising lending cost; cited finding"
"EXTRA: Cumming et al (2025) - dynamics of carbon risk, cost of debtand leverage adjustments",frame_use,STAKE,"According to Stakeholder Theory, a corporation that prioritizes stakeholder needs will have an advantage over competitors who pay insufficient attention to stakeholder needs. The competitive advantage may manifest itself in the shape of financial capabilities acquired at the firm’s expense.",5,,Stakeholder Theory named; competitive edge as financial capability
"EXTRA: Cumming et al (2025) - dynamics of carbon risk, cost of debtand leverage adjustments",frame_use,SIG,"The Signalling Theory suggests that firms which issue short term debts are considered as high earnings, or high credit quality, companies irrespective of the high transaction cost in the short run (Flannery, 1986).",4,,Signalling Theory named; debt issuance signals credit quality
"EXTRA: Cumming et al (2025) - dynamics of carbon risk, cost of debtand leverage adjustments",frame_use,AGENCY,"Zhou, Zihan and Wu, Kai (2022) show that climate risk exposure positively affects the speed of adjustments. They suggest that climate risk exposure can reduce agency costs and increase information disclosures and enable them to reduce adjustment costs to have faster adjustment of their leverage.",4,,climate risk exposure lowers agency costs and raises disclosure; cited finding
"EXTRA: Cumming et al (2025) - dynamics of carbon risk, cost of debtand leverage adjustments",mechanism_extra,,"Carbon-intensive companies may face increased financing costs if banks restrict lending and institutional investors avoid such enterprises due to climate-related capital requirements and general tendencies toward sustainable investing in financial markets (Heo, 2024; Giacchetta & Giacometti, 2024).",2,,investor-exclusion and bank credit-rationing channel raises financing cost
"EXTRA: Cumming et al (2025) - dynamics of carbon risk, cost of debtand leverage adjustments",mechanism_extra,,Climate change mitigation initiatives may have different consequences on different firms. Regulations that limit carbon emissions might lead to stranded assets or a considerable rise in carbon-intensive firms’ operating costs.,4,,stranded-asset and operating-cost channel from emission-limiting regulation
"EXTRA: Cumming et al (2025) - dynamics of carbon risk, cost of debtand leverage adjustments",counter,,"From the alternative perspective, committing to low-carbon procedures and technology adaptation incurs expenses when essential criteria such as carbon mitigation costs are uncertain (Brunner et al., 2012).",4,,cost-burden counter: low-carbon commitment is costly under uncertainty
"EXTRA: Cumming et al (2025) - dynamics of carbon risk, cost of debtand leverage adjustments",paris_policy,,"Carbon prices will be integrated into investment decisions if a government levies them unilaterally. Reasonable participants, on the other hand, will discount the expected carbon price even if the government does not adhere to its self-imposed pledge.",4,,carbon-price policy anticipated and discounted by rational participants
"EXTRA: Cumming et al (2025) - dynamics of carbon risk, cost of debtand leverage adjustments",key_citation,,Pizzutilo et al. (2020) found a positive relationship between carbon risk and cost of debt.,5,Pizzutilo et al. (2020),core anchor for positive carbon risk-cost of debt link
"EXTRA: Cumming et al (2025) - dynamics of carbon risk, cost of debtand leverage adjustments",key_citation,,"In addition, Sharfman and Fernando (2008) argued that environmental risk management causes a reduction in the cost of capital.",4,Sharfman and Fernando (2008),anchor for environmental risk management lowering cost of capital
"EXTRA: Cumming et al (2025) - dynamics of carbon risk, cost of debtand leverage adjustments",key_citation,,Jung et al. (2018) document a positive association between cost of debt and carbon risk for firms failing to respond to the Carbon Disclosure Project (CDP).,4,Jung et al. (2018),anchor for carbon risk-cost of debt and disclosure non-response
"EXTRA: Cumming et al (2025) - dynamics of carbon risk, cost of debtand leverage adjustments",status,,,,,"non_corpus_pdf; Douglas Cumming, Geeta Duppati, Ruwani Fernando, Shivendu Pratap Singh, Aviral Kumar Tiwari (2025), “Dynamics of carbon risk, cost of debt and leverage adjustments”, The British Accounting Review 57 (2025) 101353; original research article; outcome is leverage speed of adjustment with cost of debt as a splitting variable, so CER-COD theory is background (Sec. 2.1-2.3); Trade-Off and Pecking Order also invoked but not extracted as CER-COD frames."
"EXTRA: Dorfleitner, Grebler (2020) - The social and env dirvers of corp credit ratings",frame_use,RISK,"In contrast, the risk mitigation view is based on the idea that sustainable companies face lower risks.",1345,,"named risk mitigation view, the paper's central frame, own claim"
"EXTRA: Dorfleitner, Grebler (2020) - The social and env dirvers of corp credit ratings",frame_use,AGENCY,"The overinvestment view regards CSP as being a waste of scarce resources, but there is little evidence of this perspective.",1345,,"named overinvestment view as competing cost-burden frame, own claim"
"EXTRA: Dorfleitner, Grebler (2020) - The social and env dirvers of corp credit ratings",frame_use,STAKE,"In general, we support the argumentation of Attig et al. (2013) that CSP helps to generate intangible assets such as reputation and relationships with stakeholders, which again improve a firm’s competitiveness (Orlitzky et al. 2003).",1367,,reputation/stakeholder intangibles to competitiveness; endorsed by authors
"EXTRA: Dorfleitner, Grebler (2020) - The social and env dirvers of corp credit ratings",mechanism_extra,,"First, we argue that CSP aims to measure future long-term development while the accounting ratios included in controls represent solely the status quo. Second, CSP also catches intangible assets which are likely not (fully) reflected in accounting ratios.",1359,,"information channel: CSP carries forward-looking, intangible content beyond financials"
"EXTRA: Dorfleitner, Grebler (2020) - The social and env dirvers of corp credit ratings",mechanism_extra,,"Environmental innovation may increase efficiency and hence decrease total material cost (Porter and Van der Linde 1995). Additionally, businesses can gain competitive advantages through green product and green process innovation (Chen et al. 2006).",1359,,eco-efficiency/competitive-advantage channel behind env innovation effect; cited
"EXTRA: Dorfleitner, Grebler (2020) - The social and env dirvers of corp credit ratings",counter,,"On the other hand, though, the opposite direction of impact is also conceivable, in the way that firms with better credit ratings save financing costs and are therefore able to increase their spending on CSP.",1344,,"reverse causality: cheaper debt funds CSP, so link may not be causal"
"EXTRA: Dorfleitner, Grebler (2020) - The social and env dirvers of corp credit ratings",counter,,"However, besides environmental innovation and diversity no further CSP component is significant on the 1% level, which is likely caused by the comparably high mean levels and low variation of CSP of European firms.",1367,,convergence/low cross-sectional variance attenuates link in Europe; own claim
"EXTRA: Dorfleitner, Grebler (2020) - The social and env dirvers of corp credit ratings",paris_policy,,"During recent years, there have been several changes in the political alignment of some countries, e.g., since 2017, US climate politics have shifted from renewable",1389,,climate-policy shift motivates test of time-dependence; sentence ends p.1411
"EXTRA: Dorfleitner, Grebler (2020) - The social and env dirvers of corp credit ratings",key_citation,,"Environmental practices affect the solvency of borrowing firms by determining their exposure to potentially costly legal, reputational, and regulatory risks according to Bauer and Hann (2010).",1345,Bauer and Hann (2010),anchor for environmental risk channel to solvency
"EXTRA: Dorfleitner, Grebler (2020) - The social and env dirvers of corp credit ratings",key_citation,,"Attig et al. (2013) find that KLD social strengths and concerns correlate with credit ratings of US firms and that the individual components of CSP related to primary stakeholder management (i.e., community relations, diversity, and employee relations) matter most in explaining a firm’s creditworthiness.",1346,Attig et al. (2013),anchor for stakeholder-management components driving creditworthiness
"EXTRA: Dorfleitner, Grebler (2020) - The social and env dirvers of corp credit ratings",key_citation,,"Utz (2018) finds evidence for the risk mitigation view on the impact of CSP on idiosyncratic risk, while the overinvestment view seems to apply in Asia-Pacific.",1346,Utz (2018),anchor for regional contingency of risk mitigation vs overinvestment
"EXTRA: Dorfleitner, Grebler (2020) - The social and env dirvers of corp credit ratings",status,,,,,"non_corpus_pdf; Gregor Dorfleitner, Johannes Grebler (2020), 'The social and environmental drivers of corporate credit ratings: international evidence', Business Research 13:1343-1415; ratings (not spreads) outcome, theory confined to risk mitigation vs overinvestment; no Paris-specific theory."
EXTRA: Fard et al (2020) - Env regulation and the cost of bank loans,frame_use,RISK,"Therefore, to the extent that environmental liabilities represent a meaningful risk factor to lenders, we expect them to charge higher interest rates on loans issued to ﬁrms facing strong environmental regulations.",2,,core frame: env liabilities as lender risk factor -> higher loan rates
EXTRA: Fard et al (2020) - Env regulation and the cost of bank loans,frame_use,AGENCY,"They view these costs as a manifestation of the agency conﬂict similar to the self-dealing problem, as in Yermack (2006). They argue that the costs associated with these policies is a diversion of ﬁrm resources, does not beneﬁt investors or lenders",2,,critics' cost-burden/agency view: compliance costs divert firm resources
EXTRA: Fard et al (2020) - Env regulation and the cost of bank loans,frame_use,SIG,"Third, given the fact that banks have access to ﬁrms’ private information, the banking literature views them as delegated monitors. These monitors, therefore, have the unique ability to have a more accurate assessment of the risks and exposures of their borrowers.",4,,delegated monitoring / private information: banks best placed to price env risk
EXTRA: Fard et al (2020) - Env regulation and the cost of bank loans,frame_use,STAKE,"increasing litigation risk and compliance costs to their borrowers, which increases the borrowers’ credit risk; through lender reputation risk, which emanates from lending to a borrower with environmental concerns (Chava, 2014)",12,,lender reputation risk from association with polluting borrower; author's claim
EXTRA: Fard et al (2020) - Env regulation and the cost of bank loans,mechanism_extra,,"According to the Comprehensive Environmental Response, Compensation, and Liability Act in the United States (CERCLA, commonly referred to as Superfund) and Environmental Liability Directive in Europe, lenders can be directly responsible for polluting activities of their borrowers.",12,,lender liability channel via CERCLA and EU Environmental Liability Directive
EXTRA: Fard et al (2020) - Env regulation and the cost of bank loans,mechanism_extra,,"This result implies that as stronger regulations increase ﬁrms’ environmental liabilities, banks tend to avoid lending to these ﬁrms; consequently, these ﬁrms have to pay higher interest rates on their loans.",2,,"supply-side exclusion: banks avoid such borrowers, narrower lender base raises price"
EXTRA: Fard et al (2020) - Env regulation and the cost of bank loans,counter,,"in the Porter Hypothesis (Porter and van der Linde, 1995), it can be argued that as these regulations become more stringent, ﬁrms innovate, adapt, or update their production technology. This may be costly in the short-term, but it may beneﬁt the ﬁrm in the longterm.",15,,"attenuation: innovation offset, costs short-lived and possibly reversed long-term"
EXTRA: Fard et al (2020) - Env regulation and the cost of bank loans,paris_policy,,"When regulated ﬁrms are faced with a higher price of emissions relative to all the other costs of production, they are then expected to make operational changes and investments to reduce their emissions.",9,,climate policy: EU ETS emission price expected to force operational change/investment
EXTRA: Fard et al (2020) - Env regulation and the cost of bank loans,key_citation,,"In particular, Chang et al. (2018) ﬁnd a negative relationship between environmental liabilities and ﬁnancial leverage and conclude that environmental liability is a (an imperfect) substitute for ﬁnancial liability and that ﬁrms with better environmental proﬁles have enhanced debt capacity and better access to bank loans.",2,Chang et al. (2018),"core anchor: env liability substitutes for financial liability, cuts debt capacity"
EXTRA: Fard et al (2020) - Env regulation and the cost of bank loans,key_citation,,"this ﬁrm would have fewer participants in its loan syndicate and, as demonstrated in prior research (Chava, 2014; Heinkel et al., 2001; Merton, 1987), would have to pay a higher spread on its loan.",12,"Heinkel et al., 2001; Merton, 1987",exclusion/incomplete-information anchor for narrow lender base raising spread
EXTRA: Fard et al (2020) - Env regulation and the cost of bank loans,key_citation,,"First, as reported by Chava (2014), similar to socially responsible investing, there has been a dramatic shift towards environmentally sensitive lending practices by a considerable number of lenders.",4,Chava (2014),environmentally sensitive lending anchor; motivates bank-loan focus
EXTRA: Fard et al (2020) - Env regulation and the cost of bank loans,status,,,,,"non_corpus_pdf; Amirhossein Fard, Siamak Javadi, Incheol Kim (2020), Environmental regulation and the cost of bank loans: International evidence, Journal of Financial Stability 51, 100797; theory in Sec. 2 and mechanism Sec. 4.5."
EXTRA: Gangi et al (2020) - The impact of corp gov on scoial and env engagement,frame_use,STAKE,"Firms that properly address stakeholder claims benefit from trustworthy relationships with stakeholders. Consequently, financial markets reward CSERoriented firms, whereas CSER irresponsibility may penalize the access to capital markets due to a higher exposure to environmental and social threats and unexpected cash out-flows",615,,"stakeholder-claims frame: responsible firms rewarded, irresponsible penalised in capital access"
EXTRA: Gangi et al (2020) - The impact of corp gov on scoial and env engagement,frame_use,SIG,This evidence confirms the CSER as a driver of mitigation of information asymmetries between lenders and borrowers.,615,,author claim: CSER reduces lender-borrower information asymmetry
EXTRA: Gangi et al (2020) - The impact of corp gov on scoial and env engagement,frame_use,RISK,"Consistent with this background, we argue that CSER engagement mitigates the risk of extra costs incurred by environmental and social irresponsibility while contributing to sustainable competitive advantage. In turn, these effects optimize the cost of the financial resources.",615,,authors' own H2b rationale: risk mitigation lowers cost of financial resources
EXTRA: Gangi et al (2020) - The impact of corp gov on scoial and env engagement,frame_use,AGENCY,"Based on agency theory (Jensen and Meckling, 1976), the narrow view of CG is strictly formulated on the regulation of the fiduciary duties binding managers to shareholders.",612,,narrow agency view invoked as the antagonistic frame restricting CSER
EXTRA: Gangi et al (2020) - The impact of corp gov on scoial and env engagement,frame_use,OTHER:RBV,"Consistent with a natural RBV (Barney, 1991), environmental engagement enables firms to achieve twofold results. Specifically, green innovation limits natural environmental constraints, while an environmentally friendly approach to business induces a sustainable competitive advantage.",614,,natural-RBV frame: green innovation yields sustainable competitive advantage
EXTRA: Gangi et al (2020) - The impact of corp gov on scoial and env engagement,counter,,"From the agency perspective, a manager’s decision to invest in socially and environmentally responsible actions is costly. These costs could expose firms to greater risk than that of their competitors who pursue shareholder value maximization (Friedman, 1970).",614,,cost-burden counter: CSER spending is costly and raises relative risk
EXTRA: Gangi et al (2020) - The impact of corp gov on scoial and env engagement,mechanism_extra,,The negative impact of CSER engagement on the COD may also reflect the risk management of innovation.,615,,distinct channel: CSER lowers innovation risk perceived by financial stakeholders
EXTRA: Gangi et al (2020) - The impact of corp gov on scoial and env engagement,mechanism_extra,,"socially and environmentally friendly food firms may optimize the positive effect of financial leverage, thanks to improved reputation and the perception of greater reliability by lenders",622,,reputation raises lender-perceived reliability; authors' implication for COD
EXTRA: Gangi et al (2020) - The impact of corp gov on scoial and env engagement,key_citation,,"In contrast to the above perspective, the stakeholder’s view (Freeman, 1984) and the conflict resolution hypothesis (Jo and Harjoto, 2012) provide counterarguments regarding effective CG mechanisms in support of CSER.",612,"Freeman, 1984","primary stakeholder-theory anchor, carried through theory, methods and discussion"
EXTRA: Gangi et al (2020) - The impact of corp gov on scoial and env engagement,key_citation,,"From the RBV (Barney, 1991), more converging positive evaluations of CSER activities increase corporate reputations (Surroca et al., 2010)",614,"Barney, 1991",RBV anchor for reputation and sustainable competitive advantage argument
EXTRA: Gangi et al (2020) - The impact of corp gov on scoial and env engagement,key_citation,,"In the conflict-resolution explanation, CG mechanisms are solutions to resolve conflicts between managers and non-investing stakeholders (Jo and Harjoto, 2012).",612,"Jo and Harjoto, 2012",conflict-resolution hypothesis anchor framing H1 and endogeneity design
EXTRA: Gangi et al (2020) - The impact of corp gov on scoial and env engagement,status,,,,,"non_corpus_pdf; Francesco Gangi, Eugenio D'Angelo, Lucia Michela Daniele and Nicola Varrone, ""The impact of corporate governance on social and environmental engagement: what effect on firm performance in the food industry?"", British Food Journal Vol. 123 No. 2, 2021, pp. 610-626 (accepted 1 September 2020); empirical research paper. Theory is CG->CSER->CFP for food firms; CER->COD theory is limited to the short H2b subsection on p.615 plus discussion on p.622, is about combined social+environmental engagement rather than carbon, and contains no Paris/climate-policy claims."
"EXTRA: Hachenberg, Schiereck (2018) - Are green bonds priced differently from convential bonds",frame_use,SIG,"To avoid information asymmetry between issuers and investors, green bond issues are not only accompanied by regular reporting about use of proceeds. Around 60% are also certified through an external party in the form of a second-party opinion",372,,green label reduces issuer-investor information asymmetry via reporting and second-party opinion
"EXTRA: Hachenberg, Schiereck (2018) - Are green bonds priced differently from convential bonds",frame_use,AGENCY,Research has been conducted to analyze if increased fixed costs for CSR (called ‘‘overinvestment’’ by Goss and Roberts 2011) harm corporate financial performance and thus increase bondholders default risk.,373,,overinvestment/fixed-cost view: CSR spending raises bondholder default risk
"EXTRA: Hachenberg, Schiereck (2018) - Are green bonds priced differently from convential bonds",frame_use,RISK,Frooman et al. (2008) investigate bonds and stocks and come to the conclusion that positive corporate social performance reduces risk for long-term bondholders without harming stockholders through the addition of fixed costs.,373,,"risk-mitigation framing, cited finding: CSP lowers bondholder risk"
"EXTRA: Hachenberg, Schiereck (2018) - Are green bonds priced differently from convential bonds",mechanism_extra,,"We hypothesize that the green component of the bond is an additional feature for the investor, which leads to higher demand and thus justifies tighter pricing of a green bond.",373,,"authors' own claim: green feature raises investor demand, tightens spread"
"EXTRA: Hachenberg, Schiereck (2018) - Are green bonds priced differently from convential bonds",mechanism_extra,,"In contrast to conventional (non-project) bonds, he is able to follow the exact use of his proceeds, choose projects which fulfill his requirements and has a complementary source of analysis in addition to his usual credit analysis.",373,,use-of-proceeds transparency as complementary information for credit analysis
"EXTRA: Hachenberg, Schiereck (2018) - Are green bonds priced differently from convential bonds",counter,,"the investor is exposed to risk of ‘‘green-washing,’’ i.e., incorrectly labeled green bonds. Since the issuer still has the power to choose if his bond is labeled green and no sanctions are put in place if this labeling is incorrect",373,,greenwashing: unsanctioned mislabeling makes the green signal noisy
"EXTRA: Hachenberg, Schiereck (2018) - Are green bonds priced differently from convential bonds",counter,,"A second-party opinion, regular reporting, possibly a sustainability consultant or certification and holding proceeds in separate accounts makes the issuance of green bonds more expensive than issuing conventional, non-green bonds.",373,,cost burden: certification and reporting make green issuance more expensive
"EXTRA: Hachenberg, Schiereck (2018) - Are green bonds priced differently from convential bonds",counter,,"This could mean that if an issuer has an ESG rating, dedicated ESG investors might not be ‘‘forced’’ to buy a (often smaller) green bond issue but can instead also buy the comparable non-green bonds, since the issuer and thus all issues may be considered ESG conform.",381,,substitution: issuer-level ESG rating lets investors buy the non-green bond instead
"EXTRA: Hachenberg, Schiereck (2018) - Are green bonds priced differently from convential bonds",key_citation,,"Goss and Roberts (2011), e.g., state that companies with superior corporate social performance have a more favorable risk profile.",373,Goss and Roberts (2011),"risk-profile anchor, also source of the overinvestment label"
"EXTRA: Hachenberg, Schiereck (2018) - Are green bonds priced differently from convential bonds",key_citation,,"Likewise, investors demand significantly higher stock returns and lenders demand significantly higher interest rates for loans of companies with environmental concerns (Chava 2014).",372,Chava 2014,anchor for lenders pricing environmental concerns
"EXTRA: Hachenberg, Schiereck (2018) - Are green bonds priced differently from convential bonds",key_citation,,"Oikonomou et al. (2011) not only argue from an issuer level, but also state that research has shown that not all components of a bond spread can be explained; thus, corporate social performance could be one of the missing pieces to the empirical asset pricing puzzle.",373,Oikonomou et al. (2011),CSP as missing component of unexplained bond spread
"EXTRA: Hachenberg, Schiereck (2018) - Are green bonds priced differently from convential bonds",status,,,,,"non_corpus_pdf; Britta Hachenberg, Dirk Schiereck (2018), Are green bonds priced differently from conventional bonds?, J Asset Manag 19:371-383; green-bond i-spread matching study, theory sits in the literature-review/hypotheses section; no Paris/climate-policy claims."
"EXTRA: Kacperczyk, Peydro (2026) - carbon emissions and the bank lending",frame_use,SIG,"Banks screening borrowers on carbon exposure would therefore find Scope 1 the most actionable metric, which is also consistent with the greater prevalence of Scope 1 disclosure during our sample period relative to Scope 2 and especially Scope 3.",20,,information/observability: banks screen on the most verifiable emission metric
"EXTRA: Kacperczyk, Peydro (2026) - carbon emissions and the bank lending",frame_use,RISK,"First, risk-averse banks cut credit to high-emission firms and channel credit to low-emission firms if they recognize that financial risk associated with their operations positively correlates with their emission activity.",21,,authors' first hypothesis: risk-based credit rationing of high-emission borrowers
"EXTRA: Kacperczyk, Peydro (2026) - carbon emissions and the bank lending",frame_use,STAKE,"An alternative hypothesis is that committing banks make their credit decisions strictly based on their non-risk considerations, such as reputational concerns or stakeholder pressure.",21,,authors' rival hypothesis: non-risk reputational/stakeholder motive
"EXTRA: Kacperczyk, Peydro (2026) - carbon emissions and the bank lending",mechanism_extra,,"In the context of lending, the primary source of the latter, firm-level risk of concern to lenders would be default risk due to stranded assets or costly transition.",22,,stranded-asset/transition default-risk channel as lender concern
"EXTRA: Kacperczyk, Peydro (2026) - carbon emissions and the bank lending",counter,,"Since such communication efforts need not lead to any changes in real emissions or plans to reduce them, they are consistent with a form of greenwashing by the affected companies. Importantly, committed banks do not appear to treat these improvements as credible",5,,"greenwashing: disclosure improves, real emissions do not; banks discount signal"
"EXTRA: Kacperczyk, Peydro (2026) - carbon emissions and the bank lending",counter,,"The price effect, however, is economically weaker than the quantity effect, which is consistent with the quantity-based net-zero alignment objectives of bank commitments.",4,,price/COD channel weak because commitments are quantity-based
"EXTRA: Kacperczyk, Peydro (2026) - carbon emissions and the bank lending",paris_policy,,joining the Science Based Targets initiative constitutes a public commitment by banks to align their activities with the goals of the Paris Agreement. The Agreement increased stakeholder scrutiny and public expectations regarding climate alignment,9,,Paris alignment via SBTi raises stakeholder scrutiny on banks; amplification
"EXTRA: Kacperczyk, Peydro (2026) - carbon emissions and the bank lending",paris_policy,,"However, as climate commitments scale and become more diffuse, their equilibrium effects may change. In particular, broader and later initiatives may be less effective in generating differential lending behavior, either because commitments become less binding or because widespread adoption compresses cross-bank variation in lending standards.",33,,attenuation: diffusion of climate commitments erodes differential lending effect
"EXTRA: Kacperczyk, Peydro (2026) - carbon emissions and the bank lending",key_citation,,"In particular, the model of Bolton et al. (2019) in which firms face costly access to external financing predicts the following outcomes: (1) firms should reduce their reliance on external finance and their leverage should go down",26,Bolton et al. (2019),structural model of costly external finance generating the paper's predictions
"EXTRA: Kacperczyk, Peydro (2026) - carbon emissions and the bank lending",key_citation,,"Several papers document that banks price climate risk by charging higher interest rates to firms with greater carbon exposure (e.g., Delis et al., 2024; Degryse et al., 2023; Ehlers et al., 2022).",6,"Delis et al., 2024; Degryse et al., 2023; Ehlers et al., 2022",anchor for carbon-risk pricing in bank loan spreads
"EXTRA: Kacperczyk, Peydro (2026) - carbon emissions and the bank lending",key_citation,,"documenting that firms with higher carbon exposure face higher required returns and lower valuations, particularly during periods of heightened climate concern (e.g., Bolton and Kacperczyk, 2021, 2023; Choi et al., 2020; Engle et al., 2020).",5,"Bolton and Kacperczyk, 2021, 2023",anchor for carbon risk premium in asset prices
"EXTRA: Kacperczyk, Peydro (2026) - carbon emissions and the bank lending",status,,,,,"non_corpus_pdf; Marcin Kacperczyk, José-Luis Peydró (March 30, 2026), “Carbon Emissions and the Bank-Lending Channel”; unpublished working paper, no journal; theory confined to intro and mechanism sections, pages 38+ are tables"
"EXTRA: Kleimeier, Viehs (2018) - carbon disc, emission levels and the cost of debt",status,,,,,"duplicate_version:Kleimeier, Viehs (2021); working-paper ancestor of the coded study - no content records, theory harvested under the worklist label (author ruling)"
"EXTRA: Lee, Choi ( 2021) - Does corp carbon risk mgmt mitigate the cost of debt capital",frame_use,RISK,"A firm’s exposure to carbon risk intensifies the uncertainty of its competitive environment and weakens its ability to quickly respond to known and currently unknown regulatory, physical, and business hazards, and thus negatively affects its future cash flows",2141,,"image_transcribed; authors' carbon-risk definition: regulatory/physical hazards raise uncertainty, hit cash flows"
"EXTRA: Lee, Choi ( 2021) - Does corp carbon risk mgmt mitigate the cost of debt capital",frame_use,AGENCY,"Lenders (e.g., banks and investors) will most likely expect borrowers (i.e., firms) to undertake actions to mitigate their carbon risks while firms tend to be reluctant to take a proactive stance because of their concern about rising costs. This misalignment can result in agency problems.",2141,,image_transcribed; own claim: lender-borrower misalignment over carbon action creates agency problem
"EXTRA: Lee, Choi ( 2021) - Does corp carbon risk mgmt mitigate the cost of debt capital",frame_use,SIG,"Collectively, a firm’s carbon risk management, undertaken in conjunction with governments, is observable and costly to imitate and can signal lenders positively by reducing uncertainty in future cash flows, particularly when asymmetric carbon information prevails.",2142,,image_transcribed; signaling frame: credible costly signal to lenders under carbon information asymmetry
"EXTRA: Lee, Choi ( 2021) - Does corp carbon risk mgmt mitigate the cost of debt capital",frame_use,OTHER:strategic environmental management,"By combining related research streams including the cost of capital, agency problem, signaling theory, and strategic environmental management, we present a hypothesis on the effects of carbon risk management in conjunction with government carbon policies on the cost of debt capital.",2138,,image_transcribed; abstract naming the four combined streams; only explicit SEM label in paper
"EXTRA: Lee, Choi ( 2021) - Does corp carbon risk mgmt mitigate the cost of debt capital",mechanism_extra,,"Collectively, firms’ carbon risk engendered by climate change intensifies business uncertainty and impairs corporate credit, which in turn raises the cost of debt capital.",2142,,image_transcribed; own summary of full chain: carbon risk to impaired credit to higher COD
"EXTRA: Lee, Choi ( 2021) - Does corp carbon risk mgmt mitigate the cost of debt capital",counter,,"Whereas the conventional view argues that such environmental activities undermine a firm’s competitiveness by causing unnecessary costs to the firm (Palmer, Oates, and Portney 1995)",2138,,image_transcribed; cost-burden counterview attributed to conventional economics literature
"EXTRA: Lee, Choi ( 2021) - Does corp carbon risk mgmt mitigate the cost of debt capital",paris_policy,,Being engaged in carbon policies such as ETS can be a critical turning point in carbon risk management because firms subject to such new regulations are more likely to be aware of and integrate carbon risks into formal risk management systems,2141,,image_transcribed; amplification: Korean ETS participation upgrades formal carbon risk management
"EXTRA: Lee, Choi ( 2021) - Does corp carbon risk mgmt mitigate the cost of debt capital",paris_policy,,"Carbon policies such as TMS and ETS require regulated firms to invest in carbon risk management, which are usually long-term in nature and cannot be easily reversed. Such stability might make them more credible from the standpoint of the firm’s future debt holders.",2142,,image_transcribed; amplification: TMS/ETS lock-in makes carbon commitment credible to debt holders
"EXTRA: Lee, Choi ( 2021) - Does corp carbon risk mgmt mitigate the cost of debt capital",key_citation,,Signaling theory is fundamentally concerned with reducing information asymmetry between two parties (Spencer 1973).,2142,Spencer 1973,image_transcribed; signaling-theory anchor (Spence misspelled in original)
"EXTRA: Lee, Choi ( 2021) - Does corp carbon risk mgmt mitigate the cost of debt capital",key_citation,,"Using KLD environmental performance scores as a proxy measure, Sharfman and Fernando (2008) provided evidence that environmental risk management lowered the cost of debt capital.",2142,Sharfman and Fernando (2008),image_transcribed; cost-of-capital anchor for env risk management lowering COD
"EXTRA: Lee, Choi ( 2021) - Does corp carbon risk mgmt mitigate the cost of debt capital",key_citation,,"Jung, Herbohn, and Clarkson (2018) also present evidence that awareness of carbon risk exposure as a proxy for carbon risk management mitigates the negative effect of carbon risk on the cost of debt capital based on the Australian CDP data.",2142,"Jung, Herbohn, and Clarkson (2018)",image_transcribed; closest antecedent: carbon risk awareness attenuates carbon-risk COD penalty
"EXTRA: Lee, Choi ( 2021) - Does corp carbon risk mgmt mitigate the cost of debt capital",status,,,,,"image_transcribed; quotes transcribed from rendered page images (rule 10); verified by token coverage >=0.75 against fresh OCR of re-rendered pages (rule 11) | non_corpus_pdf; Su-Yol Lee and Dong-Kwon Choi (2021), Does Corporate Carbon Risk Management Mitigate the Cost of Debt Capital? Evidence from South Korean Climate Change Policies, Emerging Markets Finance & Trade, 57:2138-2151. Scanned PDF with no text layer; all quotes transcribed from rendered page images. Explicit Section 2 Theoretical Framework combining cost of capital, agency, signaling and strategic environmental management; climate policy is the Korean TMS and ETS, not Paris."
EXTRA: Maaloul et al (2021) - The effect of ESG perf and disclosure on cost of debt,frame_use,STAKE,"firms that are lax in decarbonizing the environment or fails to combat corruption or treat employees fairly, etc. are perceived by stakeholders (investors, lenders, etc.) to be acting in ways that are inconsistent with the values underlying the social contract (Deegan 2002).",pdf-4,,social contract/legitimacy: lax decarbonizing breaches contract in lenders' eyes
EXTRA: Maaloul et al (2021) - The effect of ESG perf and disclosure on cost of debt,frame_use,SIG,"According to the signalling theory, the reputation of a firm acts as an important signal of the firm's organizational effectiveness (Landgraf and Riahi-Belkaoui 2003; RiahiBelkaoui 2004; Hsu 2012).",pdf-3,,signalling theory named: reputation signals organizational effectiveness
EXTRA: Maaloul et al (2021) - The effect of ESG perf and disclosure on cost of debt,frame_use,RISK,"According to Hammond and Slocum (1996), socially responsible firms may have lower perceived market risk because they are able to anticipate and ‘control’ their changing environment.",pdf-6,,risk channel: responsible firms have lower perceived market risk
EXTRA: Maaloul et al (2021) - The effect of ESG perf and disclosure on cost of debt,frame_use,OTHER:RBV,The resource-based theory of the firm views corporate reputation as an intangible asset that is built up over time and that represents the value and trust that stakeholders have in the company (Fombrun and Shanley 1990; Deephouse 2000; Warin and Teodoresco 2012).,pdf-3,,resource-based view: reputation as intangible asset of stakeholder trust
EXTRA: Maaloul et al (2021) - The effect of ESG perf and disclosure on cost of debt,mechanism_extra,,"corporate reputation may represent soft information not captured by financial statements, which is nonetheless valuable to lenders (Anginer et al. 2019).",pdf-6,,soft-information/relationship-lending channel valuable to lenders
EXTRA: Maaloul et al (2021) - The effect of ESG perf and disclosure on cost of debt,mechanism_extra,,"Inversely, a positive reputation can improve creditor trust and increase the company’s ability to obtain financing at consistently favourable rates (Armitage and Marston 2008), therefore lowering financial costs (Stuebs and Sun 2011).",pdf-6,,creditor-trust channel: reputation eases access and lowers rates
EXTRA: Maaloul et al (2021) - The effect of ESG perf and disclosure on cost of debt,counter,,"Other studies revealed a positive relation between CSR performance and cost of debt, demonstrating that CSR is not a value driver with an impact on the firm’s risk profile (e.g., Magnanelli and Izzo 2017).",pdf-4,,"cited counter: positive CSR-COD relation, CSR not a risk-profile value driver"
EXTRA: Maaloul et al (2021) - The effect of ESG perf and disclosure on cost of debt,counter,,These inconsistent findings imply that the effect of ESG (or CSR) on the cost of debt may rather be indirect through the other characteristics and attributes of the company.,pdf-4,,"authors' attenuation claim: direct ESG-COD effect null, only indirect"
EXTRA: Maaloul et al (2021) - The effect of ESG perf and disclosure on cost of debt,key_citation,,"According to this theory, there is an implicit contract between firms and society, which specifies that business entities follow socially accepted and prescribed values and norms (Farache and Perks 2010).",pdf-4,Farache and Perks 2010,social contract theory anchor framing the whole ESG-COD literature
EXTRA: Maaloul et al (2021) - The effect of ESG perf and disclosure on cost of debt,key_citation,,"Fombrun (1996, p. 72) contends that corporate reputation is “a perceptual representation of a company’s past actions and future prospects that describe the firm’s overall appeal to all its key stakeholders when compared to other leading rivals”.",pdf-3,"Fombrun (1996, p. 72)","definition of corporate reputation, the paper's central construct"
EXTRA: Maaloul et al (2021) - The effect of ESG perf and disclosure on cost of debt,key_citation,,"However, Stein (2002) suggests that other “soft” information can also play a valuable role in screening loan applicants and determining borrowing costs.",pdf-6,Stein (2002),"soft vs hard information in loan screening, underpins H2"
EXTRA: Maaloul et al (2021) - The effect of ESG perf and disclosure on cost of debt,status,,,,,"non_corpus_pdf; Anis Maaloul, Daniel Zeghal, Walid Ben Amar, Sari Mansour (2021), ""The Effect of Environmental, Social, and Governance (ESG) Performance and Disclosure on Cost of Debt: The Mediating Effect of Corporate Reputation"", Corporate Reputation Review; no printed folios (pdf-N pages); ESG->reputation->cost of debt mediation study, no Paris Agreement or climate-policy theory content."
"EXTRA: Nemoto, Liu (2020) - Measuring the effect ESG on sov funding costs",frame_use,RISK,"The third group is another strand of academic studies that notes that extra-financial performance should be a potential determinant of sovereign credit risk, and in turn the cost of capital as well.",4,,extra-financial performance as determinant of sovereign credit risk and cost of capital
"EXTRA: Nemoto, Liu (2020) - Measuring the effect ESG on sov funding costs",mechanism_extra,,"a country with good access and effective management of its natural, human and financial resources is able to implement economic policies that will help to generate more revenue, in turn affecting its ability to repay its sovereign debts (Margaretic and Pouget 2018).",1,,resource management -> fiscal revenue -> repayment capacity channel; cited
"EXTRA: Nemoto, Liu (2020) - Measuring the effect ESG on sov funding costs",mechanism_extra,,"Certain investors are willing to sacrifice some or all of their financial returns in order to achieve other social or environmental benefits (Kitzmueller and Shinmshack 2012; Crifo, Diaye, and Oueghlissi 2017).",1,,non-pecuniary investor preference channel: returns sacrificed for E/S benefits
"EXTRA: Nemoto, Liu (2020) - Measuring the effect ESG on sov funding costs",mechanism_extra,,"Given that ESG policy and performance are generally oriented toward the long term and thus act as a credible commitment to repay a debt in the future, we employ 10-year sovereign bond yields in this analysis.",5,,authors' methods-section claim: ESG as credible long-horizon repayment commitment
"EXTRA: Nemoto, Liu (2020) - Measuring the effect ESG on sov funding costs",counter,,"Their results reveal that better sovereign ESG ratings can reduce sovereign funding costs, but this effect is three times weaker than that of financial ratings measured by Standard & Poor’s (S&P) sovereign ratings.",5,,attenuation: ESG effect three times weaker than financial ratings; cited finding
"EXTRA: Nemoto, Liu (2020) - Measuring the effect ESG on sov funding costs",counter,,"In Asia and the Pacific, the environmental score shows negative signs, albeit not significantly. This might indicate that the social factor has a more immediate impact on sovereign default risk, while an environmental factor such as climate risk will emerge in the long term.",12,,"horizon attenuation: environmental/climate effect only long term, social immediate"
"EXTRA: Nemoto, Liu (2020) - Measuring the effect ESG on sov funding costs",counter,,"This report commented that governance effectiveness is the most prevalent ESG factor for sovereign ratings, while the environmental consideration is less considered in the methodology, with potential rating implications in the longer term.",13,,ratings subsumption: environment barely used in S&P sovereign rating methodology
"EXTRA: Nemoto, Liu (2020) - Measuring the effect ESG on sov funding costs",counter,,"Considering the potential trade-off between certain environmental and social factors, policy makers need to find the right balance between economic development and environment protection or energy consumption.",14,,cost-burden trade-off: environmental protection versus economic development
"EXTRA: Nemoto, Liu (2020) - Measuring the effect ESG on sov funding costs",key_citation,,"Crifo, Diaye, and Oueghlissi (2017) have used the Vigeo ESG index to estimate the impact of a country’s ESG ratings on sovereign funding costs.",5,"Crifo, Diaye, and Oueghlissi (2017)",core anchor: country ESG rating -> sovereign funding cost; methodology followed
"EXTRA: Nemoto, Liu (2020) - Measuring the effect ESG on sov funding costs",key_citation,,"Margaretic and Pouget (2018) have examined how the environmental, social, and governance factors each affect sovereign bond spreads, and demonstrate that good social and governance performance is associated with a lower cost of debt among emerging economies.",5,Margaretic and Pouget (2018),anchor for component-wise ESG effect on emerging-market cost of debt
"EXTRA: Nemoto, Liu (2020) - Measuring the effect ESG on sov funding costs",key_citation,,"Capelle-Blancard et al. (2016) have also analyzed OECD countries, finding a strong link between ESG performance and sovereign bond spread, especially for long-term bonds.",5,Capelle-Blancard et al. (2016),"anchor: ESG-spread link in OECD, strongest at long maturities"
"EXTRA: Nemoto, Liu (2020) - Measuring the effect ESG on sov funding costs",status,,,,,"non_corpus_pdf; Naoko Nemoto and Lian Liu, “MEASURING THE EFFECT OF ENVIRONMENTAL, SOCIAL, AND GOVERNANCE ON SOVEREIGN FUNDING COSTS”, ADBI Working Paper Series No. 1088, March 2020, Asian Development Bank Institute; sovereign/country-level ESG vs bond spreads, CDS and S&P ratings, not corporate cost of debt, so corporate CER->COD theory (signalling, stakeholder, agency, greenwashing) is absent - only a risk/default-and-fiscal-capacity channel is developed; no Paris-Agreement or climate-policy claim anywhere, hence no paris_policy record; theory confined to a short introduction and a ~2-page Related Literature section, rest is data, tables and results."
EXTRA: Weber et al (2010) - Incorporating Sustainability Criteria into Credit risk mgmt,frame_use,RISK,"Thus sustainability risk – the uncertainty about the future outcome of loans for a lender emerging from environmental, economic and social sustainability risks of a ﬁrm being a borrower – could inﬂuence its economic performance, i.e. its solvency or future earnings.",41,,defines sustainability risk as lender uncertainty via solvency/earnings; authors own frame
EXTRA: Weber et al (2010) - Incorporating Sustainability Criteria into Credit risk mgmt,frame_use,STAKE,"There can also be indirect inﬂuences that affect a borrower’s earnings; non-adequate wages in developing countries, for example, can result in consumer boycotts, putting a borrower’s reputation at risk.",41,,"stakeholder/reputation channel: boycotts hit borrower earnings, then credit risk"
EXTRA: Weber et al (2010) - Incorporating Sustainability Criteria into Credit risk mgmt,frame_use,AGENCY,"Thus a debtor’s earnings could be inﬂuenced by increased costs of prescribed investments into environmental technologies. These investments, in turn, decrease the debtor’s liquidity and therefore the ability to repay the loan.",41,,compliance cost-burden lowers liquidity and repayment ability; frame not named by authors
EXTRA: Weber et al (2010) - Incorporating Sustainability Criteria into Credit risk mgmt,mechanism_extra,,"If a lender accepts real estate collateral as loan security without checking that site or building for contamination, the calculated value of the security could be higher than the market value in case of soil contamination.",40,,collateral mispricing channel: contamination makes security worth less than booked
EXTRA: Weber et al (2010) - Incorporating Sustainability Criteria into Credit risk mgmt,mechanism_extra,,Market changes: environmental attitudes of consumers or industries may change so that some products cannot be produced or sold anymore.,40,,product-market/transition channel: shifting attitudes strand outputs
EXTRA: Weber et al (2010) - Incorporating Sustainability Criteria into Credit risk mgmt,counter,,"In spite of this, most banks manage sustainability risks separately from traditional credit risks, because they do not perceive them as being that inﬂuential (Weber et al., 2008a), instead of integrating them into their general risk management",41,,"attenuation: lenders silo sustainability risk, so it may not enter pricing"
EXTRA: Weber et al (2010) - Incorporating Sustainability Criteria into Credit risk mgmt,counter,,A debtor with a good capital basis and liquidity is able to negate environmental risk by reversing the effect of environmental damage – such as decontaminating a contaminated site – more easily than a debtor with little capital.,41,,conditionality: financial slack lets borrowers absorb environmental damage
EXTRA: Weber et al (2010) - Incorporating Sustainability Criteria into Credit risk mgmt,counter,,The reason for this effect could be that integrating the environmental performance only had a positive effect on a ﬁrm’s performance when it was possible to implement complementary assets that moderate the relationship to ﬁnancial performance,47,,attenuation: env performance pays only with complementary assets; authors rationalizing result
EXTRA: Weber et al (2010) - Incorporating Sustainability Criteria into Credit risk mgmt,key_citation,,"In our study, we concentrated on the so-called counterparty credit risks, which are mainly inﬂuenced by the reputation of the debtor, the ability to repay, future earnings, the debtor’s capital and its ratio to debt and the value of the collateral (Saunders, 1999).",41,"Saunders, 1999",anchor for counterparty credit risk construct; cited 4x in text
EXTRA: Weber et al (2010) - Incorporating Sustainability Criteria into Credit risk mgmt,key_citation,,"We used the Brundtland deﬁnition of sustainable development as our basic deﬁnition (Brundtland, 1987) and tried to apply this deﬁnition to the level of credit management in the banking business",40,"Brundtland, 1987",explicit basic definition of sustainability adopted by the paper
EXTRA: Weber et al (2010) - Incorporating Sustainability Criteria into Credit risk mgmt,key_citation,,"when it was possible to implement complementary assets that moderate the relationship to ﬁnancial performance (Christmann, 2000; Coulson and Monks, 1999; Sharma and Vredenburg, 1998)",47,"Christmann, 2000",complementary-assets moderation anchor explaining negative environmental weight
EXTRA: Weber et al (2010) - Incorporating Sustainability Criteria into Credit risk mgmt,status,,,,,"non_corpus_pdf; Olaf Weber, Roland W. Scholz and Georg Michalik (2010), ‘Incorporating Sustainability Criteria into Credit Risk Management’, Bus. Strat. Env. 19, 39–50; short empirical bank-rating survey, thin pre-Paris theory, no climate-policy claims"
EXTRA: Zhou et al (2016) - CSR and credit spread,frame_use,OTHER:investor base,"To sum up, investor base theory suggests that firms actively undertaking social responsibility are likely to attract more investors and have relatively larger investor bases, which will ultimately lead to lower credit spreads.",83,,"paper's headline frame (Merton/Heinkel): CSR widens investor base, lowers spreads"
EXTRA: Zhou et al (2016) - CSR and credit spread,frame_use,RISK,"firms are thus perceived to be less risky and the demand for their bonds will likely to be greater, which will lead to smaller credit spreads. In other words, CSR can mitigate investors’ perceived risks of firms and thus lower credit spreads.",84,,"authors' 'perceived risks' channel: CSR lowers perceived riskiness, raises bond demand"
EXTRA: Zhou et al (2016) - CSR and credit spread,frame_use,SIG,One of the mechanisms by which CSR may help firms reduce credit spreads is that CSR can reduce informational asymmetries between firm managers and investors.,84,,authors' own information-asymmetry channel; basis of H1a/H1b
EXTRA: Zhou et al (2016) - CSR and credit spread,frame_use,STAKE,"good CSR performance can foster better mutual trust and cooperation between firms and their stakeholders (e.g., employees, customers, consumers and creditors), enhance external governance and thus curb managerial opportunism.",82,,stakeholder trust/cooperation as external governance; cited-literature summary
EXTRA: Zhou et al (2016) - CSR and credit spread,frame_use,AGENCY,"Second, CSR can help reduce agency costs due to enhanced stakeholder engagement in corporate affairs.",82,,agency-cost reduction listed as second cost-of-capital mechanism
EXTRA: Zhou et al (2016) - CSR and credit spread,frame_use,OTHER:social norms,"The literature on social norms has showed that social norms are important determinants of economic behavior and market outcomes, and that economic agents may be sanctioned by loss of reputation for disregarding norms (e.g., Akerlof, 1980; Romer, 1984).",84,,"social-norm sanctioning frame; CSR treated as norm compliance, derives H2"
EXTRA: Zhou et al (2016) - CSR and credit spread,mechanism_extra,,"Studies (e.g., Merton, 1987; Fu, 2009) find that idiosyncratic risks are positively correlated with expected returns when investors do not diversify their portfolios. Reduction in idiosyncratic risks can thus lead to lower cost of capital.",82,,idiosyncratic-risk pricing under undiversified investors; cited finding used as mechanism
EXTRA: Zhou et al (2016) - CSR and credit spread,counter,,"trading activities by informed institutional investors will cause information to be disseminated into the market and thus reduce informational asymmetry between firm managers and investors. As a result, the financial benefits of CSR for public firms will become less significant.",86,,attenuation: informed institutional owners substitute for CSR information; H3
EXTRA: Zhou et al (2016) - CSR and credit spread,key_citation,,Investor base theoy which was first proposed in Merton (1987) reasons as follows: investors usually make investments only in firms of which they have good knowledge.,83,Merton (1987),"investor base theory, the paper's stated theoretical framework"
EXTRA: Zhou et al (2016) - CSR and credit spread,key_citation,,"Heinkel, et al. (2001) extends investor base theory of Merton (1987) to bond markets and proposes that as the investor base of a firm’s bonds expands, the risks of the bonds will decrease and investors will be satisfied with lower expected returns.",83,"Heinkel, et al. (2001)",extends investor base to bonds; direct investor-base-to-credit-spread link
EXTRA: Zhou et al (2016) - CSR and credit spread,key_citation,,"Hong and Kacperczyk (2009) attests to Merton (1987) and Heinkel, et al. (2001) by finding that institutional investors subject to social norm pressures are inclined to exclude socially irresponsible firms from their portfolios",83,Hong and Kacperczyk (2009),social-norm exclusion of irresponsible firms; load-bearing across all three theory strands
EXTRA: Zhou et al (2016) - CSR and credit spread,status,,,,,"non_corpus_pdf; Hong Zhou, Guoping Li and Wanfa Lin (2016), 'Corporate Social Responsibility and Credit Spreads—An Empirical Study in Chinese Context', Annals of Economics and Finance 17-1, 79–103; journal article on Chinese exchange-traded corporate bonds; explicit Section 2.2 theory block (investor base, perceived risks, informational asymmetry); no climate/Paris content — environment is only one of five CSR components."
